path,label,classification,prob_class_0,prob_class_1,prob_class_2,prob_class_3,prob_class_4
weasel_0628.jpg,weasel,4,0.0070581198669970036,5.118107219459489e-05,1.1995849646950774e-08,0.3918432295322418,0.6010474562644958
weasel_0868.jpg,weasel,4,5.5359476391458884e-05,1.4564630873792339e-05,0.001568959909491241,0.24086357653141022,0.7574975490570068
weasel_0844.jpg,weasel,4,9.280847734771669e-05,2.218406223164493e-07,2.132841636637295e-08,0.09220770001411438,0.9076992869377136
pinemarten_0788.jpg,pinemarten,1,0.00013052861322648823,0.9993032217025757,4.00926910515409e-06,0.0005572387017309666,4.959272700943984e-06
pinemarten_0069.jpg,pinemarten,1,0.02765066735446453,0.9721670746803284,0.00017360574565827847,8.690723916515708e-06,2.1923959536707116e-08
pinemarten_0319.jpg,pinemarten,1,0.0402858629822731,0.9569411277770996,0.0003862133016809821,0.002366456901654601,2.0294319256208837e-05
mink_0496.jpg,mink,0,0.998702883720398,0.001224755309522152,1.8309639926883392e-05,1.3993400898471009e-05,3.996321902377531e-05
stoat_0458.jpg,stoat,3,3.60698955148564e-08,1.917789944627657e-07,4.3913846070608997e-07,0.9996191263198853,0.00038014911115169525
polecat_0265.jpg,polecat,2,1.9422841432970017e-06,1.5576884493384568e-07,0.9999978542327881,7.383417965911576e-08,8.381720872918663e-10
pinemarten_0099.jpg,pinemarten,1,0.013024453073740005,0.9257470965385437,0.00739758275449276,0.012230225838720798,0.04160057753324509
pinemarten_0733.jpg,pinemarten,1,7.42387010177481e-06,0.9997063279151917,2.4134334353220765e-07,0.0002657491422723979,2.024860805249773e-05
pinemarten_0683.jpg,pinemarten,1,1.3033725736022461e-05,0.999843955039978,7.351190288318321e-05,6.885464244987816e-05,5.730657335334399e-07
mink_0465.jpg,mink,0,0.9999970197677612,1.5823967203232314e-07,2.3065427967594587e-07,2.0883405795757426e-06,5.015062924940139e-07
polecat_0102.jpg,polecat,2,8.734655807529634e-07,3.621996029323782e-06,0.9999923706054688,3.0263543067121645e-06,1.063277252910666e-07
polecat_0569.jpg,polecat,2,0.00022305818856693804,1.0694765251173521e-06,0.9997056126594543,5.978675471851602e-05,1.0373430995969102e-05
mink_0686.jpg,mink,0,0.999998927116394,1.3185834291107312e-07,4.241402393745375e-07,9.542823420360946e-08,3.698048374189966e-07
stoat_0245.jpg,stoat,3,6.877730385212999e-08,2.4189208147618046e-07,3.0425687214119534e-07,0.9999690055847168,3.0360009986907244e-05
weasel_0281.jpg,weasel,4,5.96486461290624e-06,9.63227194006322e-06,1.3414054365057382e-06,0.006643546279519796,0.9933395981788635
pinemarten_0575.jpg,pinemarten,1,3.2720337550529166e-10,0.9999958276748657,3.0362602956302e-06,1.1250032230236684e-06,1.0847776366063044e-07
weasel_0966.jpg,weasel,4,1.321651325270068e-06,3.641627699835226e-06,1.1307200509236282e-07,0.006422852631658316,0.9935721158981323
weasel_0554.jpg,weasel,4,0.0012980061583220959,0.010052300989627838,9.526330541120842e-05,0.5527347922325134,0.4358195960521698
stoat_0325.jpg,stoat,3,9.489976946497336e-06,4.420150798978284e-05,9.799002327781636e-06,0.9991924166679382,0.0007441455381922424
mink_0319.jpg,mink,0,0.6073636412620544,0.024396121501922607,0.36623644828796387,0.0009064314654096961,0.0010973351309075952
polecat_0944.jpg,polecat,2,0.002541979542002082,2.6048724066640716e-06,0.9974424839019775,1.2589309335453436e-05,2.9218335839686915e-07
stoat_0300.jpg,stoat,3,2.4931914595072158e-06,1.463232450760188e-07,2.0599907657015137e-05,0.9991821646690369,0.0007945847464725375
polecat_0348.jpg,polecat,2,2.598212347493245e-07,2.4732102247071452e-05,0.9999685287475586,2.077691078739008e-06,4.374239324533846e-06
pinemarten_0506.jpg,pinemarten,1,2.168195806007134e-06,0.9999840259552002,1.1225823982385918e-05,2.5306094357802067e-06,2.6444688216997747e-08
mink_0601.jpg,mink,0,0.9999560117721558,1.5709811407305097e-07,3.8879858038853854e-05,3.446471964707598e-06,1.5760074347781483e-06
weasel_0722.jpg,weasel,4,5.349763299022925e-08,3.115948055132378e-10,3.952200984258525e-07,0.0021020923741161823,0.9978975057601929
pinemarten_0160.jpg,pinemarten,1,7.706899007864365e-10,0.9999991655349731,1.7667802776344388e-09,8.340966246578319e-07,2.944219756884081e-09
pinemarten_0345.jpg,pinemarten,1,2.68573171524622e-06,0.9999934434890747,3.53672339770128e-06,3.147176528273121e-07,5.985817175258035e-09
weasel_0125.jpg,weasel,4,2.6813145836968033e-07,6.739731475136068e-07,2.500011087036569e-09,0.0064765228889882565,0.993522584438324
mink_0596.jpg,mink,0,0.9999979734420776,1.3618763432532432e-06,1.5643184525515608e-08,2.3725360165371967e-07,4.338213557275594e-07
stoat_0322.jpg,stoat,3,0.0009800860425457358,0.009652226231992245,0.00017584941815584898,0.982566237449646,0.00662562670186162
stoat_0470.jpg,stoat,3,3.78598929984264e-09,1.0821227078849915e-06,1.305506902582465e-08,0.9999195337295532,7.940147042972967e-05
polecat_0831.jpg,polecat,2,0.0035066278651356697,0.03762025013566017,0.9586382508277893,0.00020836034673266113,2.6568124667392112e-05
mink_0718.jpg,mink,0,0.9999785423278809,1.7962751371669583e-05,2.78748325399647e-06,1.8320055517051514e-07,5.406174636846117e-07
pinemarten_0843.jpg,pinemarten,1,2.930628397734836e-07,0.9998962879180908,9.859096462605521e-05,4.786903446074575e-06,2.485950290065375e-08
weasel_0930.jpg,weasel,4,4.183904889210055e-10,1.744723254759606e-10,2.7485873577148823e-09,0.00045911179040558636,0.9995409250259399
mink_0410.jpg,mink,0,0.8179156184196472,0.1803153157234192,0.0014911559410393238,7.905818347353488e-05,0.00019886410154867917
weasel_0146.jpg,weasel,4,6.881485936638398e-10,3.236105428072733e-08,4.773838213623094e-09,2.756524736469146e-05,0.9999723434448242
pinemarten_0643.jpg,pinemarten,1,0.0004368143854662776,0.9967415928840637,0.002762221498414874,2.1026780814281665e-05,3.840999852400273e-05
weasel_0463.jpg,weasel,4,0.016292531043291092,0.03808276355266571,0.07855358719825745,0.02596871554851532,0.8411024212837219
weasel_0103.jpg,weasel,4,4.4697253542835824e-07,4.868643266320305e-09,9.202572925914865e-08,2.9023518436588347e-05,0.9999703168869019
mink_0014.jpg,mink,0,0.9998636245727539,0.00011115831875940785,2.47995340032503e-05,2.2051122527955158e-07,2.2551240874690848e-07
weasel_0272.jpg,weasel,4,0.003206731053069234,0.015621097758412361,2.319221675861627e-05,0.3133631646633148,0.6677858829498291
stoat_0589.jpg,stoat,3,4.1015557172841e-08,1.3311753264133586e-06,1.0558333087828942e-05,0.9676974415779114,0.03229055926203728
mink_0692.jpg,mink,0,0.9998112320899963,0.00017038366058841348,1.7146103346021846e-05,8.874263244251779e-07,3.7657105167454574e-07
polecat_0285.jpg,polecat,2,1.3694693734578323e-06,1.1294624790991747e-08,0.9999979734420776,5.823558240081184e-07,1.595911491847346e-08
mink_0549.jpg,mink,0,0.9999897480010986,5.575616341957357e-06,1.1514002835610881e-06,2.3365173547063023e-06,1.1975283769061207e-06
stoat_0234.jpg,stoat,3,1.2096586488041794e-06,7.75521584728267e-06,2.4786568246781826e-06,0.9993566870689392,0.0006318501546047628
pinemarten_0141.jpg,pinemarten,1,0.00013550964649766684,0.9964869022369385,0.0033766941633075476,3.624571149885014e-07,5.513759901987214e-07
polecat_0894.jpg,polecat,2,0.0005218551377765834,0.00734205637127161,0.9920974969863892,3.807403481914662e-05,4.926262704429973e-07
weasel_0829.jpg,weasel,4,1.1021423063084512e-07,1.35068400908267e-08,2.17974888983008e-06,0.04129071161150932,0.9587070345878601
weasel_0230.jpg,weasel,4,4.3160423501831247e-07,1.2195559975225478e-05,5.282138226903044e-05,0.000160365947522223,0.999774158000946
mink_0126.jpg,mink,0,0.6656346917152405,0.32408639788627625,3.6056742828805e-05,0.009920908138155937,0.0003219441859982908
weasel_0970.jpg,weasel,4,9.124760254053399e-07,3.603452967126941e-07,6.785086270610918e-07,0.004266607109457254,0.9957314133644104
stoat_0745.jpg,stoat,3,1.6028216123231687e-05,4.1205355955753475e-05,5.227232122706482e-07,0.5429131984710693,0.4570290148258209
pinemarten_0876.jpg,pinemarten,1,1.7740190742188133e-05,0.9997982382774353,1.6510368368471973e-05,0.0001644428411964327,2.9972625270602293e-06
mink_0802.jpg,mink,0,0.9999430179595947,4.669466579798609e-05,1.0281598406436387e-05,5.1570349768326196e-08,2.983774649578663e-08
polecat_0027.jpg,polecat,2,7.400802815027419e-08,2.7349320586012027e-09,0.9999998807907104,2.0733539329853556e-08,7.71112862452128e-09
mink_0685.jpg,mink,0,0.9957608580589294,0.0009628950501792133,0.003215524833649397,5.747526665800251e-05,3.234690666431561e-06
weasel_0677.jpg,weasel,4,2.4483708784828195e-06,2.2433698177337646e-05,2.6245622564147197e-08,0.06765919923782349,0.9323159456253052
weasel_0637.jpg,weasel,4,5.792015599581646e-06,2.6018857170129195e-05,1.61979784252253e-07,0.423298180103302,0.5766698718070984
polecat_0522.jpg,polecat,2,5.856698044226505e-05,0.0009097970905713737,0.9990180730819702,9.126901204581372e-06,4.4881417124997824e-06
pinemarten_0117.jpg,pinemarten,1,0.8768969178199768,0.12169519066810608,0.0008662315085530281,0.0005306539824232459,1.098251868825173e-05
pinemarten_0387.jpg,pinemarten,1,1.3609311899642762e-08,0.999995231628418,1.2734386878321402e-08,4.625209385267226e-06,1.4934515490949707e-07
mink_0888.jpg,mink,0,0.9999991655349731,2.7278474590275437e-07,2.8233783311293337e-08,1.825383009190773e-07,3.5973499734609504e-07
stoat_0567.jpg,stoat,3,3.649822610896081e-05,1.0168714652536437e-06,3.361492417752743e-07,0.4007558524608612,0.5992063283920288
stoat_0935.jpg,stoat,3,1.6094473949124222e-06,8.815080036583822e-06,0.0025382961612194777,0.9921298623085022,0.005321372766047716
mink_0020.jpg,mink,0,0.9980393052101135,0.00020656002743635327,0.0006878629792481661,0.0010596498614177108,6.552092145284405e-06
polecat_0481.jpg,polecat,2,8.800956265986315e-07,1.1399889032759347e-08,0.9999991655349731,2.262234621852599e-09,1.0140498857280633e-10
mink_0497.jpg,mink,0,0.9999887943267822,2.5793058284762083e-06,5.304141836859344e-07,3.732501454578596e-06,4.466801783564733e-06
weasel_0689.jpg,weasel,4,5.899893267269363e-07,1.1525697374281663e-07,7.103285497578327e-07,0.002511038212105632,0.9974875450134277
weasel_0571.jpg,weasel,4,2.3713131724889536e-07,1.0640559544583539e-08,3.4214546751343278e-09,0.0008251036633737385,0.9991746544837952
stoat_0343.jpg,stoat,3,3.1116881018533604e-06,0.00036531410296447575,1.6046840755734593e-05,0.9963716268539429,0.003243884304538369
polecat_0503.jpg,polecat,2,0.004666562657803297,0.002857283689081669,0.9924370646476746,3.851780274999328e-05,6.088362738410069e-07
stoat_0955.jpg,stoat,3,3.7208526038057244e-08,1.1592499404855516e-08,4.848607204621658e-05,0.9998108744621277,0.00014061857655178756
polecat_0634.jpg,polecat,2,0.0003308064478915185,6.819175268901745e-08,0.9996681213378906,8.801021635918005e-07,7.767848586581749e-08
mink_0965.jpg,mink,0,0.991346538066864,0.00147790159098804,0.0001515355397714302,0.001021542469970882,0.006002424284815788
polecat_0079.jpg,polecat,2,0.33539095520973206,0.2752133309841156,0.3871691823005676,0.0021686824038624763,5.786125620943494e-05
polecat_0543.jpg,polecat,2,2.3773908708335512e-07,4.153503496695521e-08,0.9999984502792358,1.2448716688595596e-06,1.6305548911077494e-08
mink_0206.jpg,mink,0,0.9973248243331909,0.00019423554476816207,0.00010286691394867375,0.0023622866719961166,1.586861617397517e-05
mink_0545.jpg,mink,0,0.9999938011169434,5.873635473108152e-06,1.2342532329512323e-07,8.76610073419215e-08,8.107100057941352e-08
weasel_0563.jpg,weasel,4,0.04299706593155861,0.0017208124045282602,0.002528355922549963,0.004400523845106363,0.9483532905578613
stoat_0016.jpg,stoat,3,0.00044715116382576525,3.0841481930110604e-05,1.2991300764042535e-06,0.9187532663345337,0.08076735585927963
weasel_0617.jpg,weasel,4,7.723492103650642e-07,2.3162067819271215e-08,1.9712507182134686e-08,0.0022973574232310057,0.9977019429206848
pinemarten_0426.jpg,pinemarten,1,4.823265840059321e-07,0.9999990463256836,2.0277059198381409e-10,4.441388341547281e-07,4.7588404328280376e-08
pinemarten_0518.jpg,pinemarten,1,2.066317950077945e-10,0.9999814033508301,1.5595699176529365e-09,1.863633224274963e-05,5.776312050898014e-08
stoat_0069.jpg,stoat,3,8.246447578130756e-06,1.7022991869453108e-06,1.0667557717169984e-06,0.988772451877594,0.011216629296541214
mink_0481.jpg,mink,0,0.9999771118164062,1.2995028164652922e-08,7.586796755276737e-07,1.4746559600098408e-06,2.078998295473866e-05
polecat_0856.jpg,polecat,2,7.607055158587173e-05,1.0291175840393407e-06,0.9999228715896606,1.9179765331500676e-08,1.1157362811431426e-09
mink_0314.jpg,mink,0,0.9999778270721436,2.8445801945053972e-06,1.0267650395689998e-05,4.387741682876367e-06,4.629634076991351e-06
weasel_0643.jpg,weasel,4,8.726788536250751e-08,1.219401752905469e-07,6.108873407129067e-08,0.0016075319144874811,0.9983920454978943
polecat_0139.jpg,polecat,2,0.00023065537970978767,0.09757063537836075,0.9021919965744019,6.5391091084165964e-06,1.5127244523682748e-07
pinemarten_0253.jpg,pinemarten,1,1.5480711823556703e-08,0.9999009370803833,3.289279391083255e-07,9.845574822975323e-05,2.149541273865907e-07
polecat_0951.jpg,polecat,2,2.3586395400343463e-05,1.6500224830906518e-07,0.9999732971191406,2.910250032073236e-06,6.64941595118762e-08
pinemarten_0486.jpg,pinemarten,1,5.434982464080917e-10,0.9999998807907104,1.2662012238706666e-07,3.695370764944528e-08,1.2218749623205127e-10
pinemarten_0859.jpg,pinemarten,1,0.00010963698150590062,0.9997214674949646,0.00013497158943209797,2.8170106816105545e-05,5.787584541394608e-06
pinemarten_0126.jpg,pinemarten,1,9.425988878319913e-10,0.9998501539230347,1.5349990167834449e-09,0.00014944224676582962,4.141025442550017e-07
polecat_0629.jpg,polecat,2,3.354307045810856e-05,9.85775159279001e-08,0.9999663829803467,2.1576726183525352e-08,6.392914198016797e-09
stoat_0212.jpg,stoat,3,4.872077170148259e-06,0.00023089513706509024,1.3700021099793958e-06,0.913753867149353,0.08600897341966629
pinemarten_0598.jpg,pinemarten,1,2.3829999085123177e-10,0.999998927116394,5.810025527352991e-08,9.115414059124305e-07,2.3170535712324636e-08
mink_0235.jpg,mink,0,0.9999139308929443,2.067814057227224e-05,4.057755722897127e-05,1.1597885531955399e-06,2.3777796741342172e-05
pinemarten_0321.jpg,pinemarten,1,2.545459665270755e-07,0.9937484264373779,4.817277658730745e-05,0.0062018269672989845,1.2912446436530445e-06
weasel_0361.jpg,weasel,4,2.6884054982190264e-09,1.3838183203496168e-11,6.16829226585125e-11,0.03754217550158501,0.9624577760696411
mink_0800.jpg,mink,0,0.9997872710227966,4.036817335872911e-05,0.00016985004185698926,3.014858975802781e-07,2.255776735182735e-06
weasel_0936.jpg,weasel,4,4.2179422621302365e-07,2.0937876854532078e-07,7.947356106541292e-10,3.857019328279421e-05,0.9999607801437378
pinemarten_0651.jpg,pinemarten,1,0.0006875190883874893,0.9968627691268921,0.0023557862732559443,9.091291576623917e-05,3.0736905500816647e-06
pinemarten_0043.jpg,pinemarten,1,1.0819514500326477e-05,0.9931344985961914,0.00666958000510931,0.00018420095148030668,8.902093213691842e-07
weasel_0161.jpg,weasel,4,1.1154123740197974e-06,1.1459287918569316e-07,3.552763416792004e-08,0.0010309998178854585,0.9989677667617798
weasel_0036.jpg,weasel,4,5.655623454003944e-07,1.2832255258388159e-09,3.509548762714587e-10,0.0010866490192711353,0.9989128112792969
polecat_0784.jpg,polecat,2,3.875465210967377e-07,3.855995522883404e-09,0.9999996423721313,2.7489690523907484e-08,8.27414226023393e-09
polecat_0113.jpg,polecat,2,0.0025607412680983543,1.6590612403888372e-06,0.9974167346954346,2.066599699901417e-05,1.3147133870461403e-07
polecat_0918.jpg,polecat,2,5.007637810194865e-05,2.8208955882291775e-07,0.9999476671218872,2.0227773802616866e-06,6.027944809972041e-09
pinemarten_0638.jpg,pinemarten,1,6.721376848872751e-06,0.9996565580368042,2.0442582808755105e-06,0.00033455618540756404,1.723722391488991e-07
weasel_0209.jpg,weasel,4,2.8319288958300604e-07,3.33878546143751e-07,2.1135001588845626e-06,0.020892780274152756,0.9791045188903809
stoat_0333.jpg,stoat,3,3.7209531011939134e-09,9.813119561385975e-08,4.7754866727700573e-08,0.9989328980445862,0.001066867378540337
stoat_0191.jpg,stoat,3,7.576895200145373e-08,4.901730335404864e-06,1.1433348845457658e-06,0.9987603425979614,0.001233561895787716
mink_0115.jpg,mink,0,0.9936326146125793,0.0020604562014341354,1.5127955066418508e-06,7.533479220001027e-05,0.004230041988193989
pinemarten_0271.jpg,pinemarten,1,9.257772944692988e-06,0.9999215602874756,6.037004277459346e-05,8.769137821218465e-06,4.173592671463666e-08
stoat_0696.jpg,stoat,3,6.852865044493228e-05,0.9985210299491882,2.6160735160374315e-06,0.0013903824146836996,1.740794505167287e-05
polecat_0363.jpg,polecat,2,4.050887218909338e-05,0.07890753448009491,0.9183031320571899,0.0026580735575407743,9.0747547801584e-05
mink_0638.jpg,mink,0,0.9988730549812317,0.00014216519775800407,0.0009837935212999582,8.102792321551533e-07,8.293658737557053e-08
mink_0528.jpg,mink,0,0.9997326731681824,4.5948527258588e-05,1.221338948198536e-06,6.398654659278691e-05,0.0001562207326060161
weasel_0180.jpg,weasel,4,2.894316175616751e-10,1.627075731092109e-11,7.914929128771675e-11,5.6924625823739916e-05,0.9999430179595947
stoat_0436.jpg,stoat,3,3.4352746297372505e-05,4.475440164242173e-06,4.7843418116144676e-08,0.9978119134902954,0.0021491008810698986
mink_0079.jpg,mink,0,0.20136260986328125,0.7985294461250305,8.304729999508709e-05,1.8812997950590216e-05,6.066851710784249e-06
mink_0710.jpg,mink,0,0.9999996423721313,2.6551001042207645e-07,4.0040832871568455e-09,3.5921612351330623e-09,1.342687170335921e-07
stoat_0331.jpg,stoat,3,6.407582259271294e-05,0.00016260723350569606,0.0001306894700974226,0.9996411800384521,1.4325083839139552e-06
pinemarten_0640.jpg,pinemarten,1,0.009769522584974766,0.9775151610374451,0.0009452375816181302,0.01123795099556446,0.0005321044591255486
pinemarten_0735.jpg,pinemarten,1,3.6478568290476687e-06,0.9999934434890747,1.6755601564000244e-06,1.2096884347556625e-06,7.167984250600057e-08
pinemarten_0258.jpg,pinemarten,1,1.4095356164034456e-05,0.9999334812164307,4.648283720598556e-06,4.7753059334354475e-05,1.7689142595145313e-08
stoat_0209.jpg,stoat,3,7.029012749626418e-08,1.3322057384357322e-05,7.106814337021206e-07,0.9995003938674927,0.00048543509910814464
weasel_0746.jpg,weasel,4,0.001915451604872942,9.392925903739524e-07,4.319216984072227e-08,0.010973016731441021,0.9871106147766113
stoat_0421.jpg,stoat,3,5.958668669592271e-09,1.1244710549362935e-06,3.4801832953235134e-06,0.9999947547912598,7.135796522561577e-07
pinemarten_0155.jpg,pinemarten,1,0.001935875159688294,0.9980577826499939,1.5290711985471717e-07,1.017610543385672e-06,5.090431386634009e-06
stoat_0678.jpg,stoat,3,3.069679976874795e-08,6.180166110425489e-06,4.133292748065287e-07,0.9869886636734009,0.01300471369177103
weasel_0983.jpg,weasel,4,1.3236827953733155e-06,5.172435812994536e-09,1.478787647890556e-09,0.055732108652591705,0.9442665576934814
pinemarten_0346.jpg,pinemarten,1,1.9611299251209857e-09,0.9999985694885254,7.678642788278012e-08,1.2728153251373442e-06,3.1159541613590136e-09
stoat_0636.jpg,stoat,3,1.9909682578145294e-06,1.1738810826500412e-05,4.610682935890509e-06,0.8706129193305969,0.12936878204345703
pinemarten_0381.jpg,pinemarten,1,3.6750873277924256e-07,0.9997969269752502,0.0001735045952955261,2.8702739655273035e-05,5.42706231954071e-07
polecat_0169.jpg,polecat,2,0.0025621952954679728,4.19290451247889e-08,0.9974250793457031,3.732742470674566e-07,1.2432600669853855e-05
pinemarten_0915.jpg,pinemarten,1,0.00020219016005285084,0.8929998874664307,0.06499730050563812,0.0415436215698719,0.00025694575742818415
weasel_0364.jpg,weasel,4,0.1582682728767395,0.1477491557598114,0.0011347074760124087,0.3125905692577362,0.380257248878479
stoat_0900.jpg,stoat,3,2.3563097784062847e-05,0.02382170781493187,7.347513019340113e-05,0.9753016829490662,0.0007795551791787148
mink_0690.jpg,mink,0,0.9999758005142212,3.2024283882492455e-06,3.517962454679946e-07,1.0220007879979676e-06,1.9702523786691017e-05
pinemarten_0442.jpg,pinemarten,1,4.834790274799161e-07,0.9999889135360718,5.417517989769749e-09,1.061108832800528e-05,1.0629850777377214e-08
polecat_0808.jpg,polecat,2,0.0006497976719401777,0.0033995425328612328,0.965816080570221,0.018470104783773422,0.011664539575576782
pinemarten_0236.jpg,pinemarten,1,0.000882855209056288,0.9983807802200317,0.000735183188226074,1.0216793953077286e-06,7.452383954387187e-08
mink_0914.jpg,mink,0,0.6811658143997192,0.0005667215446010232,0.3179493248462677,0.0002772712323348969,4.0814924432197586e-05
mink_0824.jpg,mink,0,0.9999970197677612,8.229279480076457e-09,2.9916793486961524e-09,8.276585816702209e-08,2.862587507479475e-06
stoat_0155.jpg,stoat,3,9.331638933796071e-11,1.1845233984786319e-06,8.060852252356199e-08,0.999977707862854,2.1074698452139273e-05
pinemarten_0397.jpg,pinemarten,1,3.401357025722973e-05,0.9999634027481079,1.6395649709011195e-06,8.968580686996575e-07,2.9441830307064265e-08
weasel_0283.jpg,weasel,4,7.793114491505548e-07,8.796726433502045e-06,2.71998771950166e-07,0.0002890477771870792,0.9997010827064514
weasel_0770.jpg,weasel,4,2.5841574213814056e-08,3.6806666603439453e-09,4.067604475466169e-09,0.000501785718370229,0.9994982481002808
mink_0286.jpg,mink,0,0.8908828496932983,0.09998626261949539,0.0012168256798759103,0.005945072043687105,0.0019689740147441626
pinemarten_0695.jpg,pinemarten,1,0.00013458254397846758,0.9935692548751831,1.734813668008428e-05,0.0057831862941384315,0.0004956391640007496
polecat_0206.jpg,polecat,2,2.5490217581136676e-07,9.909670916385949e-05,0.9998992681503296,1.3672749901161296e-06,1.3543884902489367e-09
mink_0178.jpg,mink,0,0.9818644523620605,0.01669405773282051,0.0011306909145787358,0.0002573801320977509,5.3479194320971146e-05
pinemarten_0897.jpg,pinemarten,1,7.717122934991494e-05,0.9997945427894592,5.946886005858687e-08,5.202390457270667e-05,7.630715845152736e-05
polecat_0582.jpg,polecat,2,0.00027218135073781013,1.842554866016144e-06,0.9997231364250183,2.7112771476822672e-06,1.3249274388726917e-07
stoat_0108.jpg,stoat,3,1.5045372725452921e-09,7.507628652092535e-07,3.172010281105031e-07,0.9999206066131592,7.840266334824264e-05
weasel_0411.jpg,weasel,4,2.473831557381345e-07,7.048819838928466e-08,2.0854571403106092e-07,0.006049726624041796,0.9939497709274292
weasel_0567.jpg,weasel,4,1.103224008147663e-06,2.5193236069753766e-05,2.1787963078168104e-07,0.7764245867729187,0.22354887425899506
weasel_0961.jpg,weasel,4,0.015439783222973347,0.024493902921676636,0.0027778835501521826,0.9392701983451843,0.018018247559666634
mink_0852.jpg,mink,0,0.9857024550437927,0.010545659810304642,0.0037358831614255905,1.2982482985535171e-05,3.033736902580131e-06
pinemarten_0562.jpg,pinemarten,1,8.035075006773695e-05,0.9997772574424744,0.0001423675857950002,2.1605544020530942e-08,5.54727874746419e-10
polecat_0198.jpg,polecat,2,7.9496539910906e-06,0.00010142452811123803,0.9998902082443237,4.0372248122366727e-07,3.9960863063015495e-08
weasel_0278.jpg,weasel,4,1.7188312995131128e-07,3.486987623091409e-07,6.089852604418411e-07,0.021678628399968147,0.9783203601837158
polecat_0558.jpg,polecat,2,0.0005491672200150788,1.211347466778534e-06,0.9994490742683411,4.5420978267429746e-07,4.272225950785469e-08
stoat_0312.jpg,stoat,3,7.855668116008019e-08,8.513547555821788e-08,3.739888825293747e-07,0.9999943971633911,5.086566034151474e-06
weasel_0350.jpg,weasel,4,1.722335127851693e-07,7.080067376818988e-08,1.4205215848051012e-06,0.0018804915016517043,0.9981179237365723
mink_0112.jpg,mink,0,0.9992800354957581,8.960574632510543e-06,0.0001987070427276194,0.00013135750486981124,0.00038098354707472026
stoat_0330.jpg,stoat,3,0.035359472036361694,0.10687127709388733,0.004615688696503639,0.7692690491676331,0.08388444781303406
stoat_0959.jpg,stoat,3,1.531023752221472e-09,1.055296365848335e-07,7.760645459597981e-09,0.9998205304145813,0.0001793224801076576
weasel_0663.jpg,weasel,4,1.9623852542949294e-10,4.552238763722016e-08,2.4744628035477945e-07,0.03927888721227646,0.9607208371162415
pinemarten_0868.jpg,pinemarten,1,7.489985023312329e-07,0.9993360638618469,2.8474663849920034e-05,0.0006192754372023046,1.5479839930776507e-05
weasel_0012.jpg,weasel,4,4.522465246736829e-08,6.19052276107368e-09,5.995538510106257e-10,0.0026578661054372787,0.9973421692848206
mink_0092.jpg,mink,0,0.9941779375076294,9.480994049226865e-05,0.005633752327412367,8.919779793359339e-05,4.296529368730262e-06
stoat_0830.jpg,stoat,3,6.511807981723905e-08,1.8618571857587085e-06,2.0393494196468964e-05,0.9999563694000244,2.1271847799653187e-05
pinemarten_0019.jpg,pinemarten,1,0.00020964088616892695,0.9995081424713135,2.77167555395863e-06,0.00015252134471666068,0.00012688434799201787
mink_0862.jpg,mink,0,0.9999971389770508,7.906078849373444e-07,1.5664193142583827e-06,3.47160749925024e-07,6.696004106743203e-08
pinemarten_0944.jpg,pinemarten,1,2.0384148228913546e-05,0.9997612833976746,1.4566116135483753e-07,0.0002168237988371402,1.3473633089233772e-06
polecat_0983.jpg,polecat,2,4.975330375600606e-05,7.555259458058572e-07,0.9995139837265015,0.00012812366185244173,0.00030738580971956253
polecat_0802.jpg,polecat,2,0.00024379802925977856,1.4457322322414257e-05,0.99973064661026,1.0952267075481359e-05,1.5665686703414394e-07
mink_0068.jpg,mink,0,0.9999918937683105,8.134098607115448e-06,5.7212517390325957e-08,2.8876695479240766e-10,1.5425487553955008e-09
polecat_0005.jpg,polecat,2,9.288973146226454e-09,9.18830482987687e-05,0.999904990196228,3.1265494726540055e-06,5.965001381724733e-09
polecat_0300.jpg,polecat,2,0.002008352428674698,0.0005677437875419855,0.9416387677192688,0.0006638591876253486,0.05512126535177231
polecat_0015.jpg,polecat,2,4.143512705923058e-05,0.00046071666292846203,0.989678144454956,0.0010214907815679908,0.008798292838037014
mink_0607.jpg,mink,0,0.9999815225601196,1.0082794688059948e-05,2.362515232334772e-07,3.1503086574957706e-06,5.005426828574855e-06
pinemarten_0644.jpg,pinemarten,1,2.3290046158308542e-07,0.999998927116394,5.094397579341603e-07,3.1523003940492345e-07,6.502723248758002e-09
polecat_0147.jpg,polecat,2,2.6782952318171738e-06,0.00020705997303593904,0.999618411064148,0.00016649560711812228,5.264647825242719e-06
polecat_0201.jpg,polecat,2,0.0006182463257573545,4.227122474276257e-07,0.9993808269500732,3.164923612075654e-07,2.3635244872366457e-07
polecat_0504.jpg,polecat,2,1.5414219660669914e-06,6.717227165609074e-07,0.9999967813491821,3.231291429983685e-07,7.277072882061475e-07
mink_0542.jpg,mink,0,0.9997410178184509,5.9455560403876007e-05,0.00019555393373593688,2.235565261798911e-06,1.676128022154444e-06
polecat_0494.jpg,polecat,2,1.489216288064199e-07,3.4638974284462165e-06,0.9999963045120239,8.881811908167947e-08,3.22408699737764e-09
mink_0099.jpg,mink,0,0.976024329662323,2.591730890344479e-06,2.331153837076272e-06,0.01339420024305582,0.010576541535556316
polecat_0033.jpg,polecat,2,0.00035309107624925673,3.876415576087311e-05,0.99950110912323,0.00010214310168521479,4.8551569307164755e-06
stoat_0306.jpg,stoat,3,6.451415970332164e-07,0.0002962200087495148,2.9028842618572526e-06,0.9996181726455688,8.20416389615275e-05
weasel_0849.jpg,weasel,4,0.0017685159109532833,0.00031484614009968936,7.739598004263826e-06,0.30894190073013306,0.6889669299125671
stoat_0360.jpg,stoat,3,1.6320407667080872e-05,9.313693590229377e-05,1.0721528269641567e-06,0.9998893737792969,9.907091680361191e-08
polecat_0397.jpg,polecat,2,5.036728794038936e-07,0.013482571579515934,0.9758257269859314,0.010676074773073196,1.5099525626283139e-05
weasel_0212.jpg,weasel,4,3.497082434478216e-05,1.8999999440438842e-07,6.257160566747189e-05,0.0064456770196557045,0.9934566617012024
mink_0990.jpg,mink,0,0.3886660635471344,0.6032662391662598,0.008051236160099506,1.5270672520273365e-05,1.19528749564779e-06
polecat_0099.jpg,polecat,2,0.005277547519654036,5.813351222627716e-08,0.9946631193161011,5.313679503160529e-05,6.011097866576165e-06
weasel_0531.jpg,weasel,4,6.269577170314733e-06,4.915325462206965e-06,5.1194715524616186e-06,0.00046274333726614714,0.9995208978652954
mink_0903.jpg,mink,0,0.9999352693557739,3.3990061183430953e-06,6.019747888785787e-05,1.881998343833402e-07,9.448893933949876e-07
weasel_0415.jpg,weasel,4,1.8316437490284443e-05,1.3870113662051153e-06,1.1542417155396834e-07,0.4178771376609802,0.5821029543876648
stoat_0653.jpg,stoat,3,3.5703109801943356e-08,3.472702658768867e-08,7.592357178509701e-07,0.9961519837379456,0.0038472437299788
mink_0463.jpg,mink,0,0.9999215602874756,4.308905408834107e-05,3.44138934451621e-05,2.6828647037291375e-07,5.396934170676104e-07
pinemarten_0991.jpg,pinemarten,1,7.252417333347694e-08,0.9997010231018066,0.00024852564092725515,4.537758741207654e-06,4.592131153913215e-05
pinemarten_0365.jpg,pinemarten,1,4.1361442049137054e-10,0.9999997615814209,4.020999710974138e-08,2.0757961749495735e-07,1.3994077008305794e-09
stoat_0225.jpg,stoat,3,1.6062817564943543e-07,3.044067966584407e-07,1.0393026883548373e-08,0.9992363452911377,0.0007631868356838822
polecat_0925.jpg,polecat,2,1.814210736483801e-05,9.38942248467356e-05,0.9998879432678223,6.012936637489474e-08,4.660215546792301e-10
pinemarten_0427.jpg,pinemarten,1,1.12862368339961e-08,0.9999951124191284,1.262971949245184e-08,4.905516107100993e-06,2.4604480231005255e-08
stoat_0628.jpg,stoat,3,2.0758321625180542e-05,0.0028612068854272366,0.0004919819766655564,0.9947369694709778,0.0018890555948019028
stoat_0823.jpg,stoat,3,7.640998956048861e-05,0.009673453867435455,6.004918031976558e-05,0.9588642120361328,0.03132593259215355
mink_0375.jpg,mink,0,0.9990286827087402,4.362790605227929e-06,0.0004417145100887865,2.5930889023584314e-05,0.0004994042101316154
polecat_0646.jpg,polecat,2,4.4057924242224544e-05,0.699146568775177,0.30074724555015564,6.177482282510027e-05,4.005054847766587e-07
polecat_0713.jpg,polecat,2,3.2301627470587846e-06,9.319943927721397e-09,0.9999967813491821,1.824244932890906e-08,2.289784334363887e-11
weasel_0526.jpg,weasel,4,0.002625421853736043,0.004581372253596783,1.6430511095677502e-05,0.7888361215591431,0.20394068956375122
weasel_0633.jpg,weasel,4,3.390992153740058e-09,5.622926568804587e-09,6.048661571611547e-09,0.0012593953870236874,0.9987406134605408
weasel_0401.jpg,weasel,4,0.06674633175134659,0.08239111304283142,0.0038125794380903244,0.11510483175516129,0.7319451570510864
polecat_0803.jpg,polecat,2,7.00379914064797e-08,0.00023750390391796827,0.9993516802787781,0.0003723763220477849,3.8404516089940444e-05
pinemarten_0744.jpg,pinemarten,1,0.0001698585692793131,0.9779902696609497,0.01922919601202011,0.001638543326407671,0.0009721735841594636
stoat_0765.jpg,stoat,3,1.7086708936631112e-08,3.1251711334334686e-06,0.000136835195007734,0.9998121857643127,4.785631244885735e-05
mink_0500.jpg,mink,0,0.9824795722961426,0.010794177651405334,0.006693477742373943,1.0454495168232825e-05,2.2341155272442847e-05
mink_0271.jpg,mink,0,0.9842188954353333,0.0005568215856328607,0.012239722535014153,0.0018336537759751081,0.0011508928146213293
polecat_0325.jpg,polecat,2,4.0745737351244316e-05,6.178607625528798e-10,0.9999158382415771,8.945700358253816e-08,4.3300213292241096e-05
weasel_0294.jpg,weasel,4,3.978060703957453e-06,0.0009497295832261443,2.0757057939135848e-07,0.018212782219052315,0.9808332920074463
pinemarten_0675.jpg,pinemarten,1,0.0004609409661497921,0.9981533885002136,0.0011782068759202957,0.00017743204080034047,2.9997017918503843e-05
weasel_0370.jpg,weasel,4,1.410411556435065e-07,1.1551748446692045e-09,1.5034428146876166e-09,0.002461401978507638,0.9975384473800659
pinemarten_0403.jpg,pinemarten,1,5.769993904891635e-08,0.9999990463256836,1.2139960858803533e-07,6.866804937999405e-07,1.4469279108197952e-08
pinemarten_0204.jpg,pinemarten,1,0.00013575854245573282,0.9994783997535706,1.432221779396059e-06,0.00038306391797959805,1.3651180097440374e-06
stoat_0697.jpg,stoat,3,0.00015899357094895095,0.04060073569417,4.76620152767282e-05,0.9591838121414185,8.728616194275673e-06
stoat_0247.jpg,stoat,3,4.858654847339494e-07,7.841938349884003e-05,9.344438467451255e-08,0.9689156413078308,0.031005341559648514
stoat_0669.jpg,stoat,3,1.4476492893322757e-08,7.373677846089777e-08,1.6072281994183868e-07,0.998722493648529,0.0012772446498274803
polecat_0041.jpg,polecat,2,5.181691449251957e-05,0.0027984431944787502,0.997000515460968,1.2229578715050593e-05,0.00013689252955373377
pinemarten_0051.jpg,pinemarten,1,0.00045229456736706197,0.9955493211746216,0.00399839086458087,5.8192298979520274e-08,2.5276460036138815e-08
weasel_0257.jpg,weasel,4,3.482050914271895e-08,7.690740858379286e-06,2.533619465339143e-07,0.9175117611885071,0.08248031139373779
weasel_0905.jpg,weasel,4,0.00019002916815225035,0.0004159380041528493,0.7693787217140198,0.008277802728116512,0.22173744440078735
pinemarten_0526.jpg,pinemarten,1,3.0101969969109632e-05,0.9488728046417236,3.3191474813065724e-06,0.05094381049275398,0.00014996669779065996
pinemarten_0723.jpg,pinemarten,1,1.3195483594685697e-09,1.0,4.483421189860337e-09,1.0287013907372966e-08,5.900958055526928e-10
mink_0684.jpg,mink,0,0.999993085861206,3.33982484335138e-07,3.818743607553188e-06,1.8653985307537368e-06,9.855895086730015e-07
weasel_0749.jpg,weasel,4,7.414408287331753e-07,0.0007097750785760581,1.526160708920088e-08,0.9982384443283081,0.0010510083520784974
mink_0164.jpg,mink,0,0.8806445002555847,0.11767235398292542,0.0011404338292777538,0.0005208691582083702,2.1954154362902045e-05
weasel_0061.jpg,weasel,4,5.012832389184041e-07,2.276976010762155e-05,8.860402886057273e-06,0.23605087399482727,0.7639169692993164
polecat_0496.jpg,polecat,2,0.0014328474644571543,1.3350212611840107e-05,0.9985426664352417,6.228445727174403e-06,5.034093192080036e-06
mink_0754.jpg,mink,0,0.9766802191734314,0.02157338708639145,3.705716267177195e-07,0.0010726231848821044,0.0006733924383297563
stoat_0229.jpg,stoat,3,0.0002050179900834337,0.00038530942401848733,4.263382652425207e-05,0.981722891330719,0.017644252628087997
weasel_0163.jpg,weasel,4,0.0001247852633241564,6.968419370423362e-07,3.612785349105252e-06,0.0003047384088858962,0.9995662569999695
pinemarten_0316.jpg,pinemarten,1,1.1914575992477694e-08,0.9999972581863403,3.5342076487587804e-10,2.6398552108730655e-06,5.3695348611881855e-08
pinemarten_0540.jpg,pinemarten,1,4.4909893404110335e-07,0.9999765157699585,9.16433933184635e-08,2.2302085199044086e-05,6.867527417853125e-07
mink_0342.jpg,mink,0,0.9999990463256836,8.84663165834354e-07,3.744465715271872e-08,1.3578197233243827e-08,8.5236678826206e-10
mink_0392.jpg,mink,0,0.9999969005584717,2.5472959350736346e-06,6.007460342516424e-07,3.0020477215231267e-09,9.724515637188347e-10
stoat_0060.jpg,stoat,3,1.1126034138442265e-07,8.681176041136496e-06,1.2766029612976126e-05,0.9999614953994751,1.687130679783877e-05
stoat_0460.jpg,stoat,3,6.039517029421404e-05,3.457652610450168e-06,9.814805252972292e-07,0.9938430786132812,0.006092170253396034
weasel_0842.jpg,weasel,4,4.551307664080184e-10,3.1535279276795336e-08,3.9239799320966995e-07,0.0015236573526635766,0.998475968837738
polecat_0525.jpg,polecat,2,6.423735158023192e-06,4.703814920503646e-05,0.9961776733398438,0.003024239558726549,0.0007446293602697551
pinemarten_0038.jpg,pinemarten,1,0.0008186274208128452,0.17261724174022675,0.8265589475631714,5.025460268370807e-06,1.651127519153306e-07
weasel_0495.jpg,weasel,4,0.00029606124735437334,0.9651991128921509,0.0024436472449451685,0.009337084367871284,0.02272413857281208
pinemarten_0672.jpg,pinemarten,1,0.8475664854049683,0.06666750460863113,0.000340852391673252,0.0725921019911766,0.0128330634906888
weasel_0024.jpg,weasel,4,2.653803221619455e-08,4.936644426578596e-10,3.812415938497793e-10,0.0004768376238644123,0.9995231628417969
polecat_0562.jpg,polecat,2,8.895226346794516e-05,2.209981744272227e-07,0.9999103546142578,1.742676403182486e-07,3.310682359369821e-07
polecat_0234.jpg,polecat,2,0.0017643407918512821,0.16964708268642426,0.82832932472229,0.00025672841002233326,2.453378328937106e-06
pinemarten_0702.jpg,pinemarten,1,6.602446092074388e-07,0.9934926629066467,0.0050924913957715034,0.0014035948552191257,1.0605504030536395e-05
polecat_0035.jpg,polecat,2,0.001658785855397582,8.481027180096135e-06,0.9782307147979736,0.020066941156983376,3.502738763927482e-05
mink_0385.jpg,mink,0,0.9564152359962463,3.7287034501787275e-05,0.04345259070396423,4.2154064431088045e-05,5.268529275781475e-05
mink_0801.jpg,mink,0,0.999505877494812,6.755410140613094e-06,0.00048634293489158154,7.062477038743964e-07,2.968782553125493e-07
stoat_0953.jpg,stoat,3,3.843069862341508e-06,0.001621399656869471,0.00015078340948093683,0.6681497693061829,0.33007416129112244
weasel_0734.jpg,weasel,4,0.004266840405762196,0.00035080150701105595,0.0005143170128576458,0.9908017516136169,0.004066329449415207
pinemarten_0060.jpg,pinemarten,1,9.862209253697074e-07,0.9761536717414856,3.1611922167940065e-05,0.02357553318142891,0.00023814359155949205
stoat_0581.jpg,stoat,3,5.945061047896161e-07,1.7654583643889055e-05,1.1912962918358971e-06,0.9818805456161499,0.018100004643201828
polecat_0025.jpg,polecat,2,8.115805627539885e-08,4.7635501687182114e-05,0.9999492168426514,2.169344497815473e-06,8.16959243366e-07
pinemarten_0310.jpg,pinemarten,1,0.00039756405749358237,0.995466947555542,0.0031367819756269455,0.0009974773274734616,1.2055112392772571e-06
weasel_0352.jpg,weasel,4,5.774242026745924e-07,1.0229033478026395e-06,1.245218186340935e-06,0.005027273669838905,0.99496990442276
stoat_0392.jpg,stoat,3,1.077423590345461e-07,6.986261269048555e-06,6.885480274831934e-07,0.9536179304122925,0.04637432470917702
polecat_0819.jpg,polecat,2,5.8433928643353283e-05,0.001480323844589293,0.9984610080718994,2.7452225026536325e-07,3.9364529413887794e-08
pinemarten_0811.jpg,pinemarten,1,6.444509370595597e-10,1.0,4.820773114033727e-09,2.2016628520304948e-08,3.082001098775322e-09
weasel_0170.jpg,weasel,4,1.4124699418971431e-06,0.00021516595734283328,2.3159776674219756e-07,0.009990056045353413,0.9897931814193726
mink_0560.jpg,mink,0,0.9999265670776367,7.078568887664005e-05,2.580651198513806e-06,3.1879445749893875e-09,3.4153218031462984e-09
weasel_0655.jpg,weasel,4,1.995932734644157e-07,6.116885664653182e-09,8.09647279775838e-11,0.0008199694566428661,0.9991797804832458
mink_0893.jpg,mink,0,0.9997963309288025,0.0001056602704920806,3.4082836464222055e-06,9.1842572146561e-05,2.7796490940090735e-06
weasel_0662.jpg,weasel,4,9.503794196064064e-09,2.2613053829445562e-07,1.5427286825797637e-06,0.3801288902759552,0.6198693513870239
stoat_0595.jpg,stoat,3,3.8749001873839006e-07,8.192648965632543e-05,1.5762199836899526e-05,0.9997995495796204,0.00010240684787277132
stoat_0545.jpg,stoat,3,8.354349745332001e-08,1.5294437616830692e-05,1.7215055549968383e-06,0.9998254179954529,0.00015759249799884856
pinemarten_0905.jpg,pinemarten,1,1.260873546016228e-06,0.9999390840530396,4.257000910001807e-05,1.5132004591578152e-05,1.9105118553852662e-06
stoat_0280.jpg,stoat,3,1.017430406591302e-08,8.725401556830548e-08,0.0010094682220369577,0.9941178560256958,0.004872599150985479
stoat_0477.jpg,stoat,3,0.00044146529398858547,0.00260190200060606,0.23590205609798431,0.7596856355667114,0.001368989935144782
stoat_0681.jpg,stoat,3,2.8704963406234185e-10,8.693842801221763e-07,7.107549038209982e-08,0.9981943964958191,0.0018047309713438153
stoat_0836.jpg,stoat,3,5.808201876789099e-06,1.9304330635350198e-05,0.0003301772230770439,0.9995524287223816,9.222579683410004e-05
pinemarten_0438.jpg,pinemarten,1,5.232378043729113e-06,0.9994334578514099,1.159638850367628e-05,0.0005495562800206244,9.165985659365106e-08
polecat_0197.jpg,polecat,2,1.1246662978692257e-07,3.0791343874625454e-07,0.9994022846221924,1.206272190756863e-05,0.000585237517952919
stoat_0706.jpg,stoat,3,1.1233100005725305e-09,4.460442539766518e-07,5.752342531195609e-07,0.999897837638855,0.00010111623851116747
mink_0989.jpg,mink,0,0.9845527410507202,0.013643288984894753,0.0017428337596356869,5.978873014100827e-05,1.44771206578298e-06
pinemarten_0261.jpg,pinemarten,1,6.142418840227037e-08,0.9999990463256836,1.1355806606161423e-07,8.667615816193575e-07,1.0707380537766653e-09
mink_0111.jpg,mink,0,0.9995939135551453,2.6435676772962324e-05,0.0002897232479881495,7.735932740615681e-05,1.2612902537512127e-05
stoat_0992.jpg,stoat,3,3.4287538142052654e-08,3.185666059835057e-07,1.0370452940833275e-07,0.9999983310699463,1.2086438800906762e-06
stoat_0774.jpg,stoat,3,0.00010577124339761212,0.002175655448809266,4.471260126592824e-06,0.9963381290435791,0.001375935971736908
weasel_0577.jpg,weasel,4,0.00010741742153186351,0.00014410728181246668,7.437454769387841e-06,0.0517410933971405,0.9479998350143433
pinemarten_0044.jpg,pinemarten,1,0.00034093906288035214,0.9987579584121704,0.0008110900525934994,7.823490886949003e-05,1.1808654562628362e-05
stoat_0451.jpg,stoat,3,0.002173616783693433,0.0017946531297639012,0.0006161282653920352,0.9950286746025085,0.0003868976782541722
polecat_0287.jpg,polecat,2,5.8433928643353283e-05,0.001480323844589293,0.9984610080718994,2.7452225026536325e-07,3.9364529413887794e-08
pinemarten_0484.jpg,pinemarten,1,2.018482270216282e-08,0.9999954700469971,4.375629487185506e-06,1.5175203316175612e-07,4.100255690531185e-09
stoat_0712.jpg,stoat,3,8.024874773582269e-07,0.000541280722245574,1.652371429372579e-05,0.9994341731071472,7.233416454255348e-06
mink_0840.jpg,mink,0,0.9999992847442627,3.143124729376723e-07,3.229436060792068e-07,9.022012470438767e-09,1.791108372728445e-09
polecat_0715.jpg,polecat,2,0.00030257320031523705,1.3036445125180762e-05,0.999680757522583,3.2767982247605687e-06,3.6010024473398516e-07
weasel_0325.jpg,weasel,4,4.107197781877403e-08,3.5926492336635363e-10,6.663465796918899e-07,0.06331062316894531,0.9366886615753174
weasel_0164.jpg,weasel,4,1.4736628145328723e-05,1.1931774679396767e-07,0.00021196725720074028,0.13053950667381287,0.8692336678504944
weasel_0304.jpg,weasel,4,4.4988107106291864e-07,2.0667426881004758e-08,9.53016510152338e-08,0.0011974488152191043,0.9988019466400146
mink_0732.jpg,mink,0,0.9943283200263977,0.004715922754257917,0.0009396543609909713,4.9568557187740225e-06,1.1265114153502509e-05
weasel_0641.jpg,weasel,4,7.287558645430181e-08,1.0948134621102668e-09,9.819321888926424e-08,0.009690511040389538,0.9903092980384827
stoat_0346.jpg,stoat,3,4.912117219646461e-07,0.0007721057627350092,2.2471956526715076e-06,0.9992215633392334,3.540943225743831e-06
mink_0170.jpg,mink,0,0.7086524367332458,0.11707558482885361,0.174257293343544,1.1751370038837194e-05,2.8727117751259357e-06
pinemarten_0696.jpg,pinemarten,1,1.5985267509677215e-07,0.999985933303833,2.258944277855335e-06,1.1736960004782304e-05,3.485745581066624e-10
stoat_0153.jpg,stoat,3,3.0628505101049086e-06,4.3113313807907616e-08,2.3842096652515465e-07,0.9982491731643677,0.0017476103967055678
polecat_0148.jpg,polecat,2,5.152799076313386e-06,3.933651626653045e-08,0.9999947547912598,5.684882253831347e-08,1.9438179066355588e-08
mink_0265.jpg,mink,0,0.996427595615387,0.0033653604332357645,0.0001969933364307508,7.870502486184705e-06,2.2094122869020794e-06
pinemarten_0630.jpg,pinemarten,1,0.031196871772408485,0.9676721692085266,0.0004384034255053848,0.0004883843357674778,0.0002041513507720083
pinemarten_0228.jpg,pinemarten,1,5.418298314907588e-06,0.9999865293502808,4.511477982305223e-06,2.628065885801334e-06,8.896309964256943e-07
weasel_0176.jpg,weasel,4,8.425415103374689e-07,2.0788105757674202e-05,7.368006436081487e-07,0.017688630148768425,0.9822890758514404
polecat_0210.jpg,polecat,2,1.6429878257895325e-07,3.885978827611325e-08,0.9999990463256836,5.639238338517316e-07,1.640994469198631e-07
mink_0501.jpg,mink,0,0.9918094277381897,2.0219463294779416e-06,0.008171681314706802,1.665481431700755e-05,2.1439991826355254e-07
weasel_0968.jpg,weasel,4,2.388499979133485e-06,1.5778432782553864e-07,1.0891479718111441e-08,0.001205859356559813,0.9987916350364685
polecat_0759.jpg,polecat,2,0.0281197652220726,0.2871835231781006,0.684564471244812,0.00012922246241942048,2.9632760742970277e-06
weasel_0587.jpg,weasel,4,0.026725295931100845,0.0003311737673357129,0.00018588754755910486,0.23261140286922455,0.7401462197303772
pinemarten_0500.jpg,pinemarten,1,3.1986671089612173e-09,1.0,5.9396811913359215e-09,4.555134602846067e-10,5.1141274375055e-13
polecat_0511.jpg,polecat,2,0.00015697212074883282,5.173866668428673e-08,0.999842643737793,3.507498433918954e-07,2.2747315142623847e-08
polecat_0075.jpg,polecat,2,6.999701145105064e-05,0.0001366747310385108,0.9869297742843628,0.012800865806639194,6.267404387472197e-05
stoat_0869.jpg,stoat,3,3.6022615290676185e-07,2.2884816644364037e-05,8.029599598557979e-07,0.9999759197235107,2.309807989320234e-08
weasel_0919.jpg,weasel,4,3.0941048334565124e-11,3.8601660388125347e-13,3.016283837281586e-12,2.9469001674442552e-05,0.999970555305481
stoat_0970.jpg,stoat,3,8.946320804170682e-07,0.00013354116526897997,0.0011660022428259254,0.990035355091095,0.008664248511195183
stoat_0064.jpg,stoat,3,2.533533631776663e-07,4.6971186407063215e-07,4.60327601103927e-06,0.6743068695068359,0.32568782567977905
polecat_0389.jpg,polecat,2,9.100868396672013e-07,0.0001764057669788599,0.99977046251297,5.1602208259282634e-05,6.42352915747324e-07
polecat_0685.jpg,polecat,2,0.00014200439909473062,1.1899619494215585e-06,0.9997645020484924,8.950555638875812e-05,2.7641337965178536e-06
mink_0878.jpg,mink,0,0.9996206760406494,0.00013771260273642838,5.283515747578349e-06,9.302948456024751e-06,0.00022695964435115457
mink_0920.jpg,mink,0,0.9964542388916016,5.253287963569164e-05,0.003397202119231224,8.925574366003275e-05,6.803867108828854e-06
polecat_0251.jpg,polecat,2,1.588091254234314e-05,3.681364614749327e-05,0.9998717308044434,5.14568091602996e-05,2.4060900614131242e-05
mink_0869.jpg,mink,0,1.0,7.334425844440773e-10,5.273418590689971e-09,4.994991975593166e-09,2.464071791052902e-08
stoat_0001.jpg,stoat,3,8.525095472577959e-05,2.7394511562306434e-05,0.0014895123895257711,0.9971573352813721,0.0012405769666656852
pinemarten_0844.jpg,pinemarten,1,9.315366696682759e-06,0.999876856803894,2.0368548575788736e-05,9.323956328444183e-05,2.0387923882481118e-07
polecat_0760.jpg,polecat,2,0.00013222296547610313,0.010530807077884674,0.9851903319358826,0.00320334080606699,0.0009432995575480163
mink_0694.jpg,mink,0,0.9938321113586426,0.006011864170432091,0.00015577379963360727,6.406379782220029e-08,9.788482202566229e-08
weasel_0245.jpg,weasel,4,6.618970260774404e-09,2.5840158457413054e-08,1.4393458647177226e-09,0.026174595579504967,0.9738253951072693
weasel_0011.jpg,weasel,4,1.1497326340759173e-05,0.0018017797265201807,2.8047143132425845e-05,0.2667761445045471,0.7313825488090515
pinemarten_0513.jpg,pinemarten,1,1.3181622193769726e-07,0.9999750852584839,1.2108099411989315e-08,2.4678545742062852e-05,1.1469455074575308e-07
polecat_0956.jpg,polecat,2,1.8189104594057426e-05,2.4074735847534612e-05,0.9895477294921875,0.010396122001111507,1.3888348803448025e-05
polecat_0555.jpg,polecat,2,0.00047756789717823267,0.00015216306201182306,0.9993280172348022,3.998559986939654e-05,2.270834556838963e-06
polecat_0970.jpg,polecat,2,0.00012264597171451896,9.493338666288764e-07,0.9998757839202881,5.739722155340132e-07,4.790250418551523e-09
stoat_0768.jpg,stoat,3,0.0004679386329371482,0.01039326936006546,3.159967309329659e-05,0.9108247756958008,0.0782824382185936
pinemarten_0283.jpg,pinemarten,1,0.0008560895803384483,0.9913294315338135,0.00016067232354544103,0.007614186033606529,3.9561971789225936e-05
mink_0291.jpg,mink,0,0.5788401961326599,0.39013150334358215,0.030777759850025177,0.00025016232393682003,3.29176856439517e-07
weasel_0148.jpg,weasel,4,4.7039641515311814e-08,8.541836571396288e-09,4.6093878713904246e-10,0.04640723392367363,0.9535927772521973
mink_0337.jpg,mink,0,0.9998998641967773,2.2851629182696342e-05,6.178354669827968e-05,6.068172751838574e-06,9.475780643697362e-06
polecat_0090.jpg,polecat,2,3.3837161481642397e-06,0.009891852736473083,0.9901003241539001,4.2403644329169765e-06,2.5536965608807805e-07
pinemarten_0020.jpg,pinemarten,1,0.00020508686429820955,0.9997596144676208,1.2081807653885335e-05,2.3069742383086123e-05,9.590475968934697e-08
pinemarten_0608.jpg,pinemarten,1,7.309497451757352e-10,1.0,1.533520865848459e-08,1.0546179041170944e-08,2.1189283661016134e-10
stoat_0337.jpg,stoat,3,2.5891207400263738e-08,7.613333252720622e-08,1.3249025869299658e-05,0.9999693632125854,1.720365798973944e-05
stoat_0133.jpg,stoat,3,2.2743552108295262e-05,7.086747473294963e-07,3.114605306109297e-06,0.9998960494995117,7.734264363534749e-05
mink_0078.jpg,mink,0,0.887130856513977,0.10818491131067276,0.0012270058505237103,0.003429301315918565,2.8043603379046544e-05
polecat_0255.jpg,polecat,2,0.0006581858615390956,1.4311287486634683e-05,0.9993249177932739,1.8292942058906192e-06,8.614183570898604e-07
weasel_0205.jpg,weasel,4,1.6157113122972078e-06,0.00012445841275621206,5.394211257225834e-06,0.8583982586860657,0.14147022366523743
stoat_0742.jpg,stoat,3,7.585873390780762e-05,8.728673128644004e-05,0.00013070728164166212,0.9993883371353149,0.0003177530597895384
stoat_0879.jpg,stoat,3,5.646333534059522e-07,1.838215030147694e-05,6.524337550217751e-07,0.9871320724487305,0.012848355807363987
polecat_0442.jpg,polecat,2,4.193755557935219e-06,0.00021196487068664283,0.9997676014900208,1.562150828249287e-05,5.262523927740403e-07
polecat_0538.jpg,polecat,2,0.00032218184787780046,2.187457084801281e-06,0.9996751546859741,3.632698337696638e-07,1.8414360170027066e-07
mink_0036.jpg,mink,0,0.9978926777839661,7.081693911459297e-05,0.0010356958955526352,0.0007712988299317658,0.00022954100859351456
stoat_1000.jpg,stoat,3,0.0016806959174573421,0.011048390530049801,0.0005234840209595859,0.9856323003768921,0.0011150503996759653
polecat_0639.jpg,polecat,2,1.7199965895997593e-06,4.383362829685211e-05,0.9999516010284424,2.8985120934521547e-06,8.134914075696997e-09
stoat_0833.jpg,stoat,3,0.0053548747673630714,8.115035257105774e-07,2.671285301403259e-06,0.9935263395309448,0.001115332474000752
pinemarten_0173.jpg,pinemarten,1,7.730671495664865e-05,0.999922513961792,2.3032397322708675e-08,1.7768675775187148e-07,2.796157971829416e-08
pinemarten_0806.jpg,pinemarten,1,1.5067259937495692e-06,0.9999107122421265,4.3661701056407765e-05,4.409660687088035e-05,2.2335978400178647e-08
weasel_0323.jpg,weasel,4,4.108512712264201e-06,8.551821520086378e-05,6.372075311844583e-09,0.20614807307720184,0.7937623262405396
weasel_0560.jpg,weasel,4,3.3439653179812012e-06,7.903921869001351e-06,0.00024043244775384665,9.307361324317753e-06,0.9997391104698181
stoat_0553.jpg,stoat,3,7.01612748343905e-07,2.9145146527298493e-06,7.2261968853126746e-06,0.9997095465660095,0.00027964162291027606
pinemarten_0248.jpg,pinemarten,1,0.05307028442621231,0.9119542241096497,0.03496832773089409,3.6171511510474375e-06,3.576708422770025e-06
pinemarten_0195.jpg,pinemarten,1,8.391879191549378e-09,0.9999994039535522,5.413731969383662e-07,3.530223580128222e-08,3.386339264555005e-10
polecat_0969.jpg,polecat,2,0.00018171302508562803,4.877297760685906e-05,0.9997692704200745,7.353749253979913e-08,1.2677696759055834e-07
polecat_0978.jpg,polecat,2,0.0011695369612425566,0.00047114520566537976,0.9978716373443604,0.0002896726073231548,0.00019801166490651667
mink_0792.jpg,mink,0,0.9794044494628906,0.0043439073488116264,4.7965811972972006e-05,0.015259794890880585,0.0009438887936994433
weasel_0815.jpg,weasel,4,6.077958403238881e-08,1.2712026986605451e-09,3.5131513254071933e-09,0.07784371078014374,0.9221562147140503
pinemarten_0240.jpg,pinemarten,1,1.911403387566679e-06,0.9999325275421143,3.867695704684593e-05,2.627313915581908e-05,6.214306722540641e-07
weasel_0822.jpg,weasel,4,0.0009978985181078315,0.001799683435820043,0.00010413236304884776,0.9871793389320374,0.009918849915266037
pinemarten_0713.jpg,pinemarten,1,0.48632365465164185,0.5065818428993225,0.0002597690327093005,0.006771428510546684,6.336095975711942e-05
stoat_0548.jpg,stoat,3,4.1024671304512594e-07,3.860847755277064e-06,2.5798615865824104e-07,0.054165102541446686,0.9458303451538086
stoat_0928.jpg,stoat,3,4.190941035631113e-05,0.0003114937571808696,5.724025413655909e-06,0.9964269995689392,0.0032138682436197996
polecat_0263.jpg,polecat,2,1.402874261202669e-08,1.5307024536781455e-09,0.9999996423721313,2.6245777462463593e-07,1.1661462906431552e-07
stoat_0003.jpg,stoat,3,1.5759386684521814e-08,2.257066398669849e-06,2.1953692339593545e-06,0.9999867677688599,8.699677891854662e-06
polecat_0403.jpg,polecat,2,2.493136662451434e-06,2.223624960606685e-06,0.999995231628418,1.624309575731786e-09,9.765896858554557e-13
stoat_0187.jpg,stoat,3,3.9564689359394833e-05,9.704799452947555e-08,1.2497502588360021e-08,0.992609441280365,0.007350821513682604
polecat_0449.jpg,polecat,2,2.3144146325648762e-05,4.8864796553971246e-05,0.9978111386299133,0.0020678299479186535,4.9014754040399566e-05
stoat_0734.jpg,stoat,3,9.745879481215525e-08,4.280095708963927e-06,3.1700617455499014e-06,0.9999722242355347,2.0210789443808608e-05
polecat_0082.jpg,polecat,2,0.0002450526226311922,2.5933055439963937e-05,0.9997250437736511,3.928354999516159e-06,9.61576329672198e-09
polecat_0688.jpg,polecat,2,9.059500735020265e-05,3.067223701691546e-07,0.9999009370803833,8.21020694274921e-06,2.165975487855576e-08
pinemarten_0738.jpg,pinemarten,1,0.0001098577122320421,0.9998730421066284,1.4691285343815252e-07,1.6432431948487647e-05,4.703799163507938e-07
mink_0841.jpg,mink,0,1.0,8.600729906049764e-09,2.2721220460653058e-09,3.4113860625240022e-09,1.7877351154993448e-08
stoat_0077.jpg,stoat,3,7.257507945723773e-07,1.1566774446691852e-05,9.414614510205865e-08,0.9980560541152954,0.001931569422595203
stoat_0275.jpg,stoat,3,1.4141891142571694e-06,5.548403350985609e-06,6.929986966497381e-07,0.9991705417633057,0.0008217764552682638
stoat_0746.jpg,stoat,3,3.0776465820281373e-08,6.363039233292511e-07,4.883396442778576e-08,0.9999971389770508,2.133336693077581e-06
pinemarten_0566.jpg,pinemarten,1,3.5606283290690044e-06,0.9999910593032837,8.202607091334357e-07,4.311504653742304e-06,2.1459598542605818e-07
polecat_0233.jpg,polecat,2,0.0015594232827425003,0.0020733315031975508,0.9953267574310303,0.0003230503643862903,0.000717426068149507
pinemarten_0201.jpg,pinemarten,1,7.890908477747871e-07,0.9996539354324341,0.00034461801988072693,5.706473871214257e-07,4.157318755915185e-08
pinemarten_0428.jpg,pinemarten,1,1.1062461453548167e-06,0.9999936819076538,4.6720656428078655e-06,5.188535965316987e-07,3.9657393813286035e-08
mink_0910.jpg,mink,0,0.9999954700469971,1.4042233260624926e-06,3.1470674457523273e-06,5.2293840369088684e-09,1.4179594165497633e-09
stoat_0265.jpg,stoat,3,2.780840077321045e-05,2.2740784970665118e-06,8.355163316764447e-08,0.9969347715377808,0.0030350445304065943
polecat_0226.jpg,polecat,2,0.00020775852317456156,0.004286228213459253,0.9953906536102295,9.806381422095001e-05,1.7281003238167614e-05
polecat_0619.jpg,polecat,2,6.703778581140796e-07,3.052776875733798e-08,0.9999992847442627,2.803900722714303e-10,1.394935816162457e-12
polecat_0038.jpg,polecat,2,0.00018310287850908935,0.03327227383852005,0.9517207145690918,0.014820234850049019,3.675336301967036e-06
pinemarten_0642.jpg,pinemarten,1,7.0315813900379e-06,0.998770534992218,1.179210698865063e-06,0.0011352052679285407,8.601198351243511e-05
mink_0750.jpg,mink,0,0.9999963045120239,6.167628612274711e-07,9.163694585367921e-07,2.0956890693923924e-06,2.516839714417074e-08
pinemarten_0636.jpg,pinemarten,1,6.2226208683568984e-06,0.9998775720596313,0.00010410563845653087,1.2006754332105629e-05,4.918087626037959e-08
polecat_0903.jpg,polecat,2,8.326602983288467e-05,8.389752110815607e-06,0.9998997449874878,7.456316325260559e-06,1.1301758604531642e-06
weasel_0687.jpg,weasel,4,5.006090830761423e-08,1.9156936037489913e-09,1.5901580496802126e-08,0.014922378584742546,0.9850776195526123
mink_0146.jpg,mink,0,0.992416262626648,0.0003104163333773613,4.5815326302545145e-05,0.002862473949790001,0.004365047439932823
pinemarten_0202.jpg,pinemarten,1,0.0002148126222891733,0.9974665641784668,0.0022668945603072643,5.139416316524148e-05,3.8304989402604406e-07
stoat_0036.jpg,stoat,3,0.00013621222751680762,7.493040902772918e-05,5.2704850531881675e-05,0.9981327652931213,0.001603401848115027
mink_0646.jpg,mink,0,0.9988369345664978,0.0006171897985041142,0.0005454686470329762,2.669546859124239e-07,8.479641877556787e-08
pinemarten_0268.jpg,pinemarten,1,5.55192309548147e-06,0.99998939037323,3.7255617826303933e-06,1.303900944549241e-06,2.7765425514303388e-08
polecat_0564.jpg,polecat,2,0.002258789027109742,6.351195679599186e-06,0.997734785079956,6.18340294522568e-08,4.040520451553675e-08
mink_0550.jpg,mink,0,0.9999054670333862,9.003324521472678e-05,4.1744970076251775e-06,2.3139301674746093e-07,8.048717603514888e-08
pinemarten_0336.jpg,pinemarten,1,4.456355995330341e-08,0.999828577041626,2.405458508292213e-05,2.0229408619343303e-05,0.00012707339192274958
mink_0793.jpg,mink,0,0.9869468212127686,0.00039889890467748046,0.012125524692237377,0.0005071906489320099,2.1484869648702443e-05
polecat_0281.jpg,polecat,2,3.06946965622501e-08,6.091991053835955e-07,0.9999916553497314,7.649282451893669e-06,7.13404944008289e-08
stoat_0882.jpg,stoat,3,4.696915922863809e-08,1.1330427696520928e-05,4.4656076170213055e-06,0.9995355606079102,0.00044866165262646973
weasel_0121.jpg,weasel,4,1.0144944884160623e-09,9.077604987139942e-12,3.12437124783127e-11,1.311552114202641e-05,0.9999868869781494
polecat_0429.jpg,polecat,2,1.315858207817655e-05,0.5166396498680115,0.4828328490257263,0.0005142883746884763,2.2464710980329983e-08
mink_0034.jpg,mink,0,0.9999865293502808,7.343625263445119e-09,3.351627810843638e-07,5.1443407755868975e-06,7.933128472359385e-06
stoat_0904.jpg,stoat,3,4.948905996116082e-08,9.920985030476004e-05,1.5064815670484677e-05,0.9998778104782104,7.850184374547098e-06
stoat_0452.jpg,stoat,3,2.3196598419872316e-08,1.1178256897892425e-07,1.7771647264908097e-08,0.9949200749397278,0.005079769063740969
weasel_0113.jpg,weasel,4,3.8320842577377334e-05,1.4861572708468884e-05,3.6318429152970566e-08,0.06591796875,0.9340289235115051
mink_0331.jpg,mink,0,0.9999982118606567,1.1775435071470497e-09,3.347748744886303e-08,4.4532774268191133e-07,1.3636389439852792e-06
weasel_0224.jpg,weasel,4,4.670009366236627e-05,0.6330713629722595,0.04156079143285751,0.010217774659395218,0.3151034712791443
pinemarten_0497.jpg,pinemarten,1,0.00035651159123517573,0.9996308088302612,9.464408321946394e-06,2.6381530915386975e-06,5.442091151053319e-07
pinemarten_0214.jpg,pinemarten,1,0.0002600691805128008,0.9979921579360962,8.539176633348688e-05,0.0015230861026793718,0.00013934193702880293
polecat_0180.jpg,polecat,2,0.00010551556624704972,6.981642854952952e-06,0.9998620748519897,2.2644459022558294e-05,2.735388534347294e-06
weasel_0385.jpg,weasel,4,8.132184120768216e-06,0.0015646396204829216,0.0004612210323102772,0.00039137518615461886,0.9975747466087341
mink_0788.jpg,mink,0,0.9914683103561401,0.0011508719762787223,4.169857561464596e-07,0.007176082115620375,0.00020428060088306665
pinemarten_0867.jpg,pinemarten,1,0.0018028392223641276,0.9977725148200989,0.0004194405337329954,4.686892225436168e-06,5.532183990908379e-07
weasel_0331.jpg,weasel,4,0.00038690422661602497,0.1075633242726326,0.0005104051087982953,0.8179045915603638,0.07363476604223251
polecat_0453.jpg,polecat,2,8.275337677332573e-06,0.0010140741942450404,0.9989750385284424,2.127941570506664e-06,5.517084105122194e-07
mink_0658.jpg,mink,0,0.9983811378479004,0.0010544598335400224,8.470183843201085e-07,0.00048566318582743406,7.794272096361965e-05
mink_0085.jpg,mink,0,0.9999973773956299,4.344077098039634e-09,2.6757279556477442e-06,1.022980811171692e-09,6.201285041029792e-10
polecat_0753.jpg,polecat,2,0.0002535771927796304,1.4541297943537757e-08,0.9997455477714539,4.53675596645553e-07,4.007320910659473e-07
weasel_0211.jpg,weasel,4,6.686756925944337e-09,9.20530709436207e-08,1.460549814424894e-08,0.005202495027333498,0.9947973489761353
mink_0887.jpg,mink,0,0.5555571913719177,0.44108760356903076,0.0006475796108134091,0.002671262249350548,3.6399946111487225e-05
stoat_0550.jpg,stoat,3,5.601154540180175e-10,2.580895319681531e-08,1.3286817479585267e-10,0.9996694326400757,0.00033057224936783314
weasel_0565.jpg,weasel,4,0.00037082505878061056,0.5436022281646729,0.0032373424619436264,0.004189878236502409,0.4485996663570404
pinemarten_0153.jpg,pinemarten,1,3.2950157446975936e-07,0.9991260170936584,2.0885991602881404e-07,0.00018482349696569145,0.0006885870243422687
stoat_0232.jpg,stoat,3,1.7682029351817619e-07,0.0004649371257983148,9.061663774900808e-08,0.9397293925285339,0.059805504977703094
stoat_0920.jpg,stoat,3,1.3134074272613816e-08,7.885906825322309e-07,8.393839401321657e-09,0.7539993524551392,0.2459997683763504
polecat_0095.jpg,polecat,2,0.000523797411005944,4.147412983002141e-05,0.9994308352470398,3.744640707736835e-06,3.296301898103593e-08
polecat_0094.jpg,polecat,2,6.228251095308224e-06,3.3616990549489856e-05,0.9999599456787109,2.61723471339792e-07,3.5787519614416397e-09
weasel_0007.jpg,weasel,4,3.119445318588987e-05,0.026393819600343704,0.0017879760125651956,0.6063292026519775,0.36545783281326294
polecat_0111.jpg,polecat,2,3.197060868842527e-05,3.8548656448256224e-05,0.9929270148277283,0.0069728116504848,2.9607397664221935e-05
stoat_0601.jpg,stoat,3,8.081715918706323e-08,3.687506477945135e-06,7.767641363898292e-06,0.9545862674713135,0.04540220648050308
stoat_0487.jpg,stoat,3,0.001157634425908327,0.0035530119203031063,0.00010948791896225885,0.9951549768447876,2.488539757905528e-05
mink_0064.jpg,mink,0,0.9999885559082031,6.822438081144355e-07,9.545201464788988e-06,3.9960812614481256e-07,8.831997320157825e-07
mink_0011.jpg,mink,0,0.9999932050704956,1.4416090721169894e-07,6.514396318380022e-06,5.932251312401604e-08,3.059228248503132e-08
pinemarten_0471.jpg,pinemarten,1,9.729308914074863e-09,0.9999780654907227,1.914847480577464e-08,1.8768489098874852e-05,3.2095656479214085e-06
pinemarten_0591.jpg,pinemarten,1,2.8544065571622923e-05,0.9998219609260559,0.0001265958562726155,2.2941008865018375e-05,6.305126731831479e-08
mink_0411.jpg,mink,0,0.9269442558288574,0.05564311146736145,0.01736442744731903,4.193852873868309e-05,6.2459835135086905e-06
pinemarten_0904.jpg,pinemarten,1,7.234005897771567e-05,0.9994350075721741,0.0004900623462162912,1.904458486023941e-06,7.168419529079983e-07
weasel_0150.jpg,weasel,4,5.6343401055869435e-09,1.5649945339646365e-08,6.056076529148413e-08,0.0019254409708082676,0.9980744123458862
pinemarten_0353.jpg,pinemarten,1,0.0002778115158434957,0.9779716730117798,0.0002970978384837508,0.0210706889629364,0.0003827504115179181
weasel_0072.jpg,weasel,4,4.117425511651618e-09,1.5351744195868378e-06,2.996345074279816e-07,0.10916125029325485,0.8908368349075317
pinemarten_0662.jpg,pinemarten,1,9.411681389792648e-08,0.9999951124191284,1.5894015632511582e-06,3.1374561331176665e-06,7.052452133393672e-08
stoat_0699.jpg,stoat,3,3.256909408833053e-08,5.905468469791231e-07,1.4988123666626052e-06,0.997128427028656,0.00286941509693861
mink_0339.jpg,mink,0,0.9993131160736084,0.0006036283448338509,8.290301775559783e-05,2.4286705979648104e-07,1.2489118716985104e-07
weasel_0243.jpg,weasel,4,1.141920762393056e-07,9.68816693536212e-10,3.255085090358989e-10,0.0026132126804441214,0.997386634349823
stoat_0708.jpg,stoat,3,2.0012321328977123e-06,0.0007219715625979006,2.9268752768984996e-05,0.9974631071090698,0.0017835794715210795
polecat_0463.jpg,polecat,2,1.503977273387136e-05,0.0009017579723149538,0.6667959094047546,0.3304140567779541,0.001873173052445054
mink_0941.jpg,mink,0,0.9964081645011902,0.003266508923843503,0.0003163303481414914,8.704452625352133e-07,8.098318176052999e-06
pinemarten_0076.jpg,pinemarten,1,0.13173680007457733,0.8154626488685608,0.0004489276616368443,0.05228182673454285,6.977136217756197e-05
mink_0266.jpg,mink,0,0.980034351348877,0.0005891572218388319,0.0025397560093551874,0.0024202519562095404,0.014416498132050037
mink_0553.jpg,mink,0,0.9999980926513672,6.491181370193999e-09,1.0839285096153617e-06,2.949964255094528e-07,5.03677597407659e-07
weasel_0085.jpg,weasel,4,7.221815394586883e-07,2.1354171622078866e-06,2.178074510084116e-06,0.008306902833282948,0.9916881918907166
mink_0188.jpg,mink,0,0.971387505531311,0.02469673752784729,0.00045115567627362907,0.0034598333295434713,4.731471562990919e-06
pinemarten_0077.jpg,pinemarten,1,6.115010910434648e-05,0.9999380111694336,5.3298315094707505e-08,7.613824664076674e-07,6.856861745063725e-08
weasel_0819.jpg,weasel,4,1.2389054973027669e-06,9.393902544729826e-09,5.790126920146577e-07,0.03259813413023949,0.9674000144004822
weasel_0553.jpg,weasel,4,0.0016478955512866378,0.0018612751737236977,0.4439557194709778,0.19927291572093964,0.3532622456550598
pinemarten_0889.jpg,pinemarten,1,5.9346097259549424e-05,0.9998713731765747,6.495765410363674e-05,1.3490238188751391e-06,2.9419059046631446e-06
polecat_0439.jpg,polecat,2,2.052289801213192e-06,3.29542817780748e-05,0.9999536275863647,9.494743608229328e-06,1.8363321032666136e-06
pinemarten_0494.jpg,pinemarten,1,1.4118421631792444e-06,0.9998456239700317,3.0315284220705507e-06,0.00014837323396932334,1.5608721923854318e-06
stoat_0415.jpg,stoat,3,3.7626875837304397e-08,3.86102158245194e-07,4.4055661874153884e-07,0.9986956715583801,0.0013034677831456065
stoat_0630.jpg,stoat,3,1.0938951078287573e-07,1.3453342262437218e-07,1.5730201141650468e-07,0.9978964328765869,0.0021031692158430815
weasel_0505.jpg,weasel,4,0.00016323041927535087,8.480886037887103e-08,1.0046389434137382e-05,0.0029290453530848026,0.9968974590301514
polecat_0257.jpg,polecat,2,7.346022357523907e-06,0.0004851323610637337,0.999460756778717,4.6588094846811146e-05,1.66636965559519e-07
pinemarten_0809.jpg,pinemarten,1,2.6068898932862794e-06,0.9984967708587646,1.9531789803295396e-05,0.0014746561646461487,6.377176305250032e-06
stoat_0731.jpg,stoat,3,5.1081595302093774e-05,3.372412902535871e-05,2.2481540327135008e-06,0.6148287057876587,0.38508424162864685
pinemarten_0222.jpg,pinemarten,1,0.00018927323981188238,0.9978052973747253,0.0002466853766236454,0.001721061416901648,3.764842404052615e-05
mink_0423.jpg,mink,0,1.0,2.096313123089999e-09,7.2747879768797485e-12,1.1440046826516337e-11,4.935673050820988e-11
mink_0720.jpg,mink,0,0.9999971389770508,6.366364768695121e-09,2.802900553433574e-06,1.694792040041193e-08,1.1571263058840486e-08
stoat_0620.jpg,stoat,3,1.3288868103700224e-06,0.002044499618932605,1.6422712860730826e-06,0.9979355335235596,1.7072350601665676e-05
pinemarten_0382.jpg,pinemarten,1,5.860539204149973e-06,0.999994158744812,1.3972535128914387e-08,1.9118163052667114e-08,1.736132015928149e-09
mink_0919.jpg,mink,0,0.9998753070831299,5.133210652275011e-05,7.320455915760249e-05,1.1664606347494555e-07,8.161863185307539e-09
stoat_0166.jpg,stoat,3,1.5056431834636896e-07,3.2983812161546666e-06,6.78400738252094e-06,0.999743640422821,0.00024609797401353717
pinemarten_0262.jpg,pinemarten,1,2.0115429322231648e-07,0.9997116923332214,3.7097520362294745e-06,0.0002703621576074511,1.4012024621479213e-05
pinemarten_0232.jpg,pinemarten,1,1.1004873385900282e-06,0.9979836940765381,2.6211931981379166e-05,0.0019824800547212362,6.480289812316187e-06
polecat_0309.jpg,polecat,2,7.615998765686527e-05,2.0311892967583844e-07,0.9999229907989502,5.501215127878822e-07,7.692545267445894e-08
weasel_0972.jpg,weasel,4,1.4362235012388425e-10,2.8590421141672095e-09,1.1267285715543807e-10,4.6000484871910885e-05,0.9999539852142334
stoat_0268.jpg,stoat,3,0.0001435397716704756,1.272588997380808e-05,1.2809852023565327e-06,0.9858093857765198,0.01403312012553215
polecat_0440.jpg,polecat,2,6.203862722031772e-05,2.0204903194098733e-05,0.9998821020126343,3.213559102732688e-05,3.5023040254600346e-06
pinemarten_0510.jpg,pinemarten,1,8.619504114903975e-06,0.9999655485153198,2.5228409867850132e-05,5.484350822371198e-07,1.0672549066725878e-08
pinemarten_0819.jpg,pinemarten,1,1.0057086001324933e-05,0.9998784065246582,0.00011131218343507499,1.9688975783083151e-07,2.774338092592643e-09
weasel_0797.jpg,weasel,4,3.607397047744598e-08,4.6366636524908245e-05,1.1469830496935174e-05,0.4193061888217926,0.5806359052658081
weasel_0979.jpg,weasel,4,4.291401637601666e-06,1.0174363751502824e-06,6.565092007804196e-07,0.8333103060722351,0.16668374836444855
stoat_0262.jpg,stoat,3,1.2332523624536407e-07,4.963840183336288e-05,6.449051397794392e-06,0.9918449521064758,0.008098769932985306
pinemarten_0874.jpg,pinemarten,1,0.0064504509791731834,0.9935095906257629,5.195435278437799e-06,2.907952330133412e-05,5.597577001026366e-06
weasel_0005.jpg,weasel,4,3.263463668190525e-06,2.926813431258779e-05,4.6068053052295e-06,0.021739346906542778,0.9782235026359558
stoat_0256.jpg,stoat,3,7.686246681259945e-05,0.00046857469715178013,8.702223567524925e-06,0.99103844165802,0.00840752199292183
stoat_0711.jpg,stoat,3,0.00010583325638435781,6.787718575651525e-06,1.8034003005595878e-05,0.9974955916404724,0.0023737726733088493
weasel_0065.jpg,weasel,4,0.0022588055580854416,5.9370184324336606e-09,3.2029095109464834e-07,0.006221275310963392,0.9915196299552917
polecat_0907.jpg,polecat,2,4.4344790950390234e-08,8.741735655348748e-06,0.9999885559082031,2.332300482521532e-06,3.1849484116719395e-07
stoat_0454.jpg,stoat,3,9.250572219343667e-08,2.8889380701002665e-06,1.6762463928898796e-05,0.9991610050201416,0.0008193286485038698
pinemarten_0939.jpg,pinemarten,1,9.167362868822693e-09,0.9999827146530151,1.5697771232225932e-05,8.04064995918452e-07,7.410249054373708e-07
mink_0122.jpg,mink,0,0.9999998807907104,6.730658697051695e-08,4.434969369526698e-08,1.364515833657265e-09,2.1094435920243626e-10
stoat_0606.jpg,stoat,3,6.313915037026163e-06,1.5178244439084665e-06,5.805705072248202e-08,0.9835137128829956,0.016478389501571655
weasel_0654.jpg,weasel,4,8.749218523007585e-07,0.0010307147167623043,1.4552327343153593e-07,0.04708506911993027,0.9518831968307495
pinemarten_0042.jpg,pinemarten,1,7.135856139939278e-05,0.9829223155975342,0.013802645727992058,0.0031938960310071707,9.766854418558069e-06
stoat_0375.jpg,stoat,3,0.00039825832936912775,0.00025811768136918545,0.006736764684319496,0.9832883477210999,0.009318544529378414
mink_0706.jpg,mink,0,0.9995890259742737,0.000394379545468837,1.25329133879859e-05,1.7360139281663578e-06,2.3915947622299427e-06
weasel_0704.jpg,weasel,4,9.43606295322752e-08,2.8235927485020795e-10,8.13573652891364e-10,0.0023642987944185734,0.9976356029510498
polecat_0727.jpg,polecat,2,0.0003395391977392137,0.003529370529577136,0.9954947233200073,0.0006350440089590847,1.305750515712134e-06
stoat_0644.jpg,stoat,3,1.0602579436636006e-07,2.680297228607742e-08,2.2510313613111066e-07,0.7972393035888672,0.20276033878326416
mink_0753.jpg,mink,0,0.9958353042602539,0.0029434869065880775,0.0012178518809378147,2.8260394628887298e-06,4.6808202114334563e-07
polecat_0780.jpg,polecat,2,0.014228550717234612,0.4932052195072174,0.49177950620651245,0.000783936062362045,2.8485933398769703e-06
pinemarten_0972.jpg,pinemarten,1,2.2593810911075707e-07,0.9999737739562988,6.922956004018488e-07,2.528329423512332e-05,1.3224920047960609e-09
weasel_0602.jpg,weasel,4,1.2266204052480134e-08,2.3786890679389217e-08,1.328908627584724e-08,0.04966084659099579,0.9503390789031982
polecat_0985.jpg,polecat,2,0.0013694678200408816,0.01903642900288105,0.9795405268669128,5.0328115321462974e-05,3.176339077981538e-06
polecat_0754.jpg,polecat,2,8.232754771597683e-05,0.0012956729624420404,0.9985871315002441,3.460852531134151e-05,3.1341633643933164e-07
pinemarten_0105.jpg,pinemarten,1,1.3315013802639442e-07,0.9999966621398926,2.6226493901049253e-06,6.256284450500971e-07,5.673109898518547e-11
mink_0503.jpg,mink,0,0.9998383522033691,0.00015173765132203698,7.802461787775883e-09,2.2957253520416998e-07,9.635182323108893e-06
weasel_0872.jpg,weasel,4,5.5110536578695246e-08,5.758979071401882e-08,1.812762029373971e-08,0.06426408141851425,0.935735821723938
weasel_0030.jpg,weasel,4,1.9762926513067214e-06,4.8946791508797105e-08,4.7704631356282334e-08,0.2833584249019623,0.7166394591331482
polecat_0261.jpg,polecat,2,0.000130485714180395,1.9768808812159477e-09,0.9998688697814941,5.3226159479891066e-08,5.900581641071767e-07
mink_0816.jpg,mink,0,0.9997181296348572,0.00027874167426489294,1.6759001653099403e-07,8.259625587925257e-07,2.087015673168935e-06
stoat_0727.jpg,stoat,3,2.8476156543888465e-08,6.81517519751651e-07,8.5477495304076e-08,0.9960559606552124,0.003943210002034903
weasel_0033.jpg,weasel,4,3.9092697079468053e-07,8.236854114329617e-07,1.7348030567632122e-08,0.02637569047510624,0.9736230969429016
pinemarten_0372.jpg,pinemarten,1,5.013644840801135e-05,0.9934660792350769,1.2074934602424037e-05,0.006414363160729408,5.7383782404940575e-05
weasel_0275.jpg,weasel,4,0.020708024501800537,0.06872624158859253,0.0009490916272625327,0.24112050235271454,0.6684961318969727
polecat_0572.jpg,polecat,2,0.0009242023807018995,0.00010718400153564289,0.9989562034606934,5.224814231041819e-06,7.182942226791056e-06
mink_0207.jpg,mink,0,0.9989913105964661,0.00027899336419068277,0.00030847606831230223,0.00011106928286608309,0.0003101909242104739
stoat_0143.jpg,stoat,3,5.2678522877158684e-08,1.8226985787350714e-07,2.4477564863900625e-08,0.9879896640777588,0.012010011821985245
polecat_0506.jpg,polecat,2,1.1689623534039129e-05,6.7591208789963275e-06,0.9999805688858032,9.377431524626445e-07,1.3101790763414556e-08
weasel_0300.jpg,weasel,4,4.751350206788629e-05,0.00045471303747035563,0.00028155368636362255,0.015396841801702976,0.9838194251060486
mink_0843.jpg,mink,0,0.09201116114854813,2.183832293667365e-06,6.235501496121287e-05,0.9036955237388611,0.004228801466524601
polecat_0292.jpg,polecat,2,3.381646820344031e-05,7.90284393588081e-05,0.9998843669891357,2.7980870527244406e-06,8.636392045957564e-09
polecat_0158.jpg,polecat,2,8.376413802579918e-07,0.000293865887215361,0.9997044205665588,8.561743243262754e-07,9.552608482010783e-09
pinemarten_0466.jpg,pinemarten,1,1.4859991459559296e-08,1.0,1.747570144150501e-10,1.486622824842243e-08,7.675391572314894e-11
pinemarten_0011.jpg,pinemarten,1,0.05313611403107643,0.9318228960037231,0.0006533691193908453,0.014171873219311237,0.00021573694539256394
mink_0039.jpg,mink,0,0.9999172687530518,5.92750348005211e-06,4.1920426156139e-05,1.741050618875306e-05,1.736462400003802e-05
stoat_0715.jpg,stoat,3,2.757006143383478e-07,9.626325663703028e-06,1.595060211911914e-06,0.9893646240234375,0.010623791255056858
polecat_0683.jpg,polecat,2,1.0785423910419922e-05,0.017011770978569984,0.9827178120613098,0.0002595695259515196,9.61439496904859e-08
weasel_0189.jpg,weasel,4,6.870216111565242e-06,3.4441614005231713e-09,2.497339664842002e-06,0.0005871886969543993,0.9994033575057983
pinemarten_0366.jpg,pinemarten,1,2.6422767973599548e-08,0.9999997615814209,1.4775736190131283e-08,2.5608545684008277e-07,2.90920315615395e-10
pinemarten_0774.jpg,pinemarten,1,2.663744453457184e-06,0.999951958656311,1.4014548810337146e-07,4.3313961214153096e-05,2.0004729321954073e-06
polecat_0122.jpg,polecat,2,5.043770670454251e-06,6.147410402945752e-08,0.9999948740005493,2.5684925297753125e-09,2.44305853325244e-10
mink_0457.jpg,mink,0,0.999750554561615,0.0002488600730430335,6.102609404479153e-07,1.1816887912630136e-08,1.1480047135137283e-08
polecat_0952.jpg,polecat,2,0.0001656804233789444,1.7982588360609952e-06,0.9998258948326111,6.379358637786936e-06,2.612677292290755e-07
mink_0398.jpg,mink,0,0.9988657236099243,0.001125055132433772,8.445334970019758e-06,6.343256586660573e-07,1.6649202905227867e-07
pinemarten_0833.jpg,pinemarten,1,3.881382781401044e-06,0.9999953508377075,1.1163334789898727e-07,5.917175371905614e-07,2.15789555113588e-08
polecat_0217.jpg,polecat,2,1.3433623280434404e-05,0.8060367107391357,0.1939273178577423,2.2507107132696547e-05,4.695280964028825e-08
weasel_0345.jpg,weasel,4,0.0001965289266081527,0.00046469506924040616,4.308423012844287e-05,0.05890973284840584,0.9403859972953796
pinemarten_0408.jpg,pinemarten,1,8.738696806176449e-07,0.9999904632568359,3.6834097727478365e-07,8.166506631823722e-06,1.3134022758265473e-08
weasel_0701.jpg,weasel,4,4.157564035267569e-05,8.785100362729281e-07,7.139502145037113e-08,0.0061671133153140545,0.993790328502655
pinemarten_0291.jpg,pinemarten,1,1.5245170681410514e-09,0.999963641166687,1.1136137345602037e-08,3.547253072611056e-05,7.998814339771343e-07
polecat_0410.jpg,polecat,2,0.0014547340106219053,0.0003025355108547956,0.9955150485038757,0.0004941877559758723,0.0022334465757012367
polecat_0007.jpg,polecat,2,2.9377952159848064e-07,0.012820339761674404,0.9868573546409607,0.00032152136554941535,5.558986231335439e-07
polecat_0559.jpg,polecat,2,1.137149467922427e-07,1.4030423756139498e-07,0.9999996423721313,1.007656535989554e-07,1.922011161337167e-10
mink_0246.jpg,mink,0,0.9625570774078369,0.03515492379665375,0.002261919667944312,2.4170209144358523e-05,1.938598870765418e-06
mink_0180.jpg,mink,0,0.9999511241912842,1.2302234608796425e-06,2.888293010983034e-06,1.5684481695643626e-05,2.9059770895401016e-05
weasel_0038.jpg,weasel,4,1.1427934154539798e-08,8.863087153088145e-09,8.335855561369954e-09,0.0010012091370299459,0.9989988207817078
polecat_0480.jpg,polecat,2,0.003323126584291458,2.570303195170709e-06,0.9966742992401123,2.1057132926216582e-08,6.952705966511985e-09
pinemarten_0454.jpg,pinemarten,1,4.095190888619982e-06,0.9999958276748657,5.958529669669588e-08,5.627902766036641e-08,2.593032899511627e-09
pinemarten_0006.jpg,pinemarten,1,2.95331918920283e-08,0.9998573064804077,1.4182856489242113e-07,0.00013558923092205077,6.8038084464205895e-06
stoat_0909.jpg,stoat,3,7.917013533642603e-08,1.907826663227752e-05,2.0061617078681593e-07,0.8445782661437988,0.15540248155593872
stoat_0285.jpg,stoat,3,1.4370951362252526e-07,9.212674740410876e-06,3.444680987740867e-05,0.9999487400054932,7.48620868762373e-06
mink_0248.jpg,mink,0,0.9984482526779175,5.633028195006773e-07,0.0008144594612531364,0.0006287775468081236,0.00010791073873406276
polecat_0067.jpg,polecat,2,0.04094620421528816,0.0013601892860606313,0.9562040567398071,0.0014624213799834251,2.7180225515621714e-05
stoat_0326.jpg,stoat,3,2.8590866918420943e-07,0.0028004255145788193,4.422079291543923e-05,0.9466854333877563,0.05046958103775978
mink_0721.jpg,mink,0,0.9989010095596313,0.0010258990805596113,6.92245812388137e-05,3.3375540624547284e-06,5.410520316218026e-07
polecat_0799.jpg,polecat,2,8.948898903327063e-05,0.06728693097829819,0.9324180483818054,6.378695979947224e-05,0.00014167068002279848
pinemarten_0582.jpg,pinemarten,1,5.943274344888394e-11,0.9999915361404419,2.5203537035167756e-08,8.509098734066356e-06,1.464592891409211e-08
mink_0927.jpg,mink,0,0.9991282820701599,9.646334547142033e-06,0.0007848187815397978,4.443047509994358e-05,3.28834903484676e-05
mink_0870.jpg,mink,0,0.9998807907104492,4.9614274757914245e-05,6.925713387317955e-05,2.733539758992265e-07,1.8469112461616533e-08
mink_0991.jpg,mink,0,0.9973694086074829,0.0026206595357507467,9.133188541454729e-06,4.0959713487609406e-07,3.8631858956250653e-07
mink_0743.jpg,mink,0,0.9999593496322632,7.66333869250957e-06,3.6569556414178805e-06,9.540081009618007e-06,1.9818375221802853e-05
stoat_0173.jpg,stoat,3,3.571208435459994e-05,3.604569428716786e-05,1.054481981555e-05,0.9999115467071533,6.137473064882215e-06
stoat_0316.jpg,stoat,3,0.00016825145576149225,0.0012453049421310425,0.007990946061909199,0.9646263718605042,0.02596917748451233
weasel_0803.jpg,weasel,4,0.007205140311270952,0.0001072771628969349,0.08943354338407516,0.05728841572999954,0.8459657430648804
mink_0007.jpg,mink,0,0.9999451637268066,4.922328571410617e-06,4.9870559450937435e-05,3.739524601087396e-08,5.1758870966978066e-08
weasel_0750.jpg,weasel,4,1.5249423995555844e-05,8.041831733862637e-08,1.7411826647162343e-08,0.011809156276285648,0.988175630569458
polecat_0921.jpg,polecat,2,0.05835382640361786,0.0018111657118424773,0.9398096203804016,2.541647518228274e-05,4.7641421474509116e-08
pinemarten_0145.jpg,pinemarten,1,0.00012225672253407538,0.9041293263435364,0.0009037491399794817,0.09262396395206451,0.0022206460125744343
pinemarten_0070.jpg,pinemarten,1,0.2029525339603424,0.4375428259372711,0.35912734270095825,0.00027393567143008113,0.00010335132537875324
mink_0771.jpg,mink,0,0.9235566854476929,0.025981498882174492,0.04985066130757332,0.0005106610478833318,0.00010055330494651571
polecat_0966.jpg,polecat,2,0.001200644881464541,0.1116645336151123,0.8868216276168823,0.0003117434971500188,1.45155820518994e-06
stoat_0416.jpg,stoat,3,1.294203570978425e-07,2.969773333916237e-07,5.402284273259284e-07,0.999594509601593,0.0004045948735438287
polecat_0542.jpg,polecat,2,9.650577339925803e-06,1.129596853388648e-06,0.9999890327453613,1.741929480658655e-07,3.236943513229562e-08
polecat_0344.jpg,polecat,2,0.00018289258878212422,0.000393762398744002,0.996849000453949,0.0006281246314756572,0.0019462662748992443
pinemarten_0270.jpg,pinemarten,1,2.1761640311979136e-07,0.9990043044090271,1.2393386441544862e-06,0.0009848418412730098,9.378292816109024e-06
weasel_0388.jpg,weasel,4,4.092457004389871e-07,4.331558375270106e-05,1.688766678853426e-05,0.0012699400540441275,0.9986695051193237
stoat_0294.jpg,stoat,3,1.374736370962637e-06,0.00015327490109484643,3.9680493557625596e-08,0.9998207688331604,2.4611023036413826e-05
weasel_0924.jpg,weasel,4,5.349763299022925e-08,3.115948055132378e-10,3.952200984258525e-07,0.0021020923741161823,0.9978975057601929
polecat_0734.jpg,polecat,2,0.011800762265920639,0.002533786464482546,0.9855022430419922,0.0001604218705324456,2.7512621727510123e-06
pinemarten_0937.jpg,pinemarten,1,0.00620789360255003,0.9326781630516052,0.001036695553921163,0.00520236324518919,0.05487480387091637
polecat_0170.jpg,polecat,2,5.379677168093622e-05,1.6475238453494967e-06,0.9999030828475952,4.112953683943488e-05,2.872509128337697e-07
stoat_0009.jpg,stoat,3,3.119701830200938e-08,6.052659955457784e-07,4.607673815826274e-07,0.9970218539237976,0.002977068303152919
mink_0074.jpg,mink,0,0.8682680726051331,0.05202188342809677,0.07544312626123428,0.0002752500877249986,0.003991574980318546
stoat_0707.jpg,stoat,3,8.156911235346342e-08,8.230719572566159e-07,8.974815273177228e-07,0.9980243444442749,0.001973813632503152
polecat_0892.jpg,polecat,2,0.00046131512499414384,7.847891652090766e-07,0.9990059733390808,0.00023408306878991425,0.00029785410151816905
pinemarten_0746.jpg,pinemarten,1,5.836244820756065e-10,0.9999935626983643,3.958807059945002e-09,6.460689746745629e-06,1.7898424076179253e-08
stoat_0218.jpg,stoat,3,2.7340905944583938e-05,1.7425820260541514e-05,3.8225185562623665e-05,0.9913337826728821,0.0085833091288805
stoat_0072.jpg,stoat,3,1.612428661701415e-07,4.626281580044633e-08,5.072070621281455e-07,0.8587487936019897,0.14125049114227295
pinemarten_0360.jpg,pinemarten,1,0.0005941255949437618,0.9993939399719238,7.293401722563431e-06,4.292737685318571e-06,3.2879157174647844e-07
weasel_0481.jpg,weasel,4,5.175694968784228e-05,5.006559604225913e-06,2.3372285795630887e-07,0.00029304137569852173,0.9996500015258789
stoat_0098.jpg,stoat,3,5.596712639999168e-07,6.927465619810391e-06,0.00040229217847809196,0.9995630383491516,2.7201675038668327e-05
mink_0166.jpg,mink,0,0.6126416325569153,0.2604653239250183,0.09567422419786453,0.03121197782456875,6.800763003411703e-06
polecat_0172.jpg,polecat,2,1.4388546333066188e-05,0.004798071924597025,0.9951692223548889,1.798693665477913e-05,3.219690825062571e-07
weasel_0532.jpg,weasel,4,3.7541856727330014e-05,3.1384404337586602e-06,2.887319897126872e-05,9.362869604956359e-05,0.999836802482605
stoat_0901.jpg,stoat,3,1.8751629582425267e-08,3.0455556043307297e-05,2.3799017867531802e-07,0.9999611377716064,8.166874067683239e-06
mink_0087.jpg,mink,0,0.9999942779541016,1.0600408586469712e-06,3.246045707783196e-06,5.941667424735897e-08,1.40456575081771e-06
polecat_0455.jpg,polecat,2,0.0003382985887583345,0.027086690068244934,0.9725673198699951,7.108409590728115e-06,5.548304784497304e-07
pinemarten_0003.jpg,pinemarten,1,0.0026179130654782057,0.9935790300369263,0.002949759131297469,0.00083797617116943,1.5260991858667694e-05
polecat_0668.jpg,polecat,2,0.0011123258154839277,0.00042655793367885053,0.9984594583511353,1.2208263342472492e-06,5.026753910897241e-07
mink_0218.jpg,mink,0,0.9999731779098511,3.1417226153962474e-08,2.103033330058679e-05,4.9209123886839734e-08,5.747711838921532e-06
mink_0056.jpg,mink,0,0.9880991578102112,0.002535714302212,0.005974674131721258,0.003375428495928645,1.5067307685967535e-05
weasel_0976.jpg,weasel,4,6.208833656273782e-05,3.210767681594007e-05,3.265344616920629e-07,0.002851650584489107,0.997053861618042
mink_0479.jpg,mink,0,0.9999855756759644,6.718109034409281e-06,2.6049447043874352e-08,4.68239431938855e-06,3.0091039207036374e-06
polecat_0606.jpg,polecat,2,3.7490967770281713e-06,3.710225939812517e-07,0.9999924898147583,9.676574563854956e-07,2.4338626190001378e-06
pinemarten_0489.jpg,pinemarten,1,0.002180974232032895,0.9977085590362549,2.2997187443252187e-06,0.00010765559272840619,4.730785292395012e-07
pinemarten_0101.jpg,pinemarten,1,0.00013819520245306194,0.9787105321884155,0.0170640479773283,0.004036533646285534,5.077705282019451e-05
weasel_0239.jpg,weasel,4,4.573618934955448e-05,5.1796906319623304e-08,3.491892330842461e-10,0.0005788920097984374,0.9993752837181091
weasel_0773.jpg,weasel,4,1.371867064392518e-09,1.1568215135815407e-10,1.6041097616881217e-10,8.980608254205436e-05,0.9999102354049683
polecat_0202.jpg,polecat,2,8.655845817884256e-08,0.016202857717871666,0.9833906292915344,0.0004064174136146903,8.176921539870818e-08
weasel_0031.jpg,weasel,4,1.7889773516799323e-05,6.054942218725046e-07,3.8226082210712775e-07,0.5856994390487671,0.4142816960811615
mink_0260.jpg,mink,0,0.9999760389328003,1.4865903494865051e-06,1.227518168889219e-05,7.850851034163497e-06,2.36989126278786e-06
stoat_0099.jpg,stoat,3,9.61170609770079e-09,3.099404921158566e-06,8.65254435211682e-07,0.9999837875366211,1.2253557542862836e-05
polecat_0488.jpg,polecat,2,4.3229963921476156e-05,0.01588137075304985,0.9824603199958801,0.0016119293868541718,3.1740376016387017e-06
polecat_0423.jpg,polecat,2,1.6429878257895325e-07,3.885978827611325e-08,0.9999990463256836,5.639238338517316e-07,1.640994469198631e-07
pinemarten_0763.jpg,pinemarten,1,0.0028537611942738295,0.9957400560379028,0.0011337192263454199,0.00025603867834433913,1.6402600522269495e-05
pinemarten_0127.jpg,pinemarten,1,8.930913253379913e-08,0.9999990463256836,4.292471658118302e-07,3.290599863703392e-07,3.395635772562855e-08
stoat_0030.jpg,stoat,3,6.052631285058396e-09,1.4370234779903512e-08,1.2333615018178534e-07,0.9998403787612915,0.00015942349273245782
polecat_0461.jpg,polecat,2,0.00030640678596682847,0.00044836298911832273,0.6699618697166443,0.3258220851421356,0.0034612889867275953
polecat_0379.jpg,polecat,2,7.533190364483744e-05,0.08882203698158264,0.8652245998382568,0.04367704316973686,0.0022009206004440784
weasel_0174.jpg,weasel,4,1.897099934922153e-07,6.488730663889442e-10,1.1889343909388117e-07,0.0008569399360567331,0.9991426467895508
pinemarten_0845.jpg,pinemarten,1,7.072884500303189e-09,0.9999474287033081,3.494980410323478e-05,1.1120732779090758e-05,6.52128983347211e-06
polecat_0378.jpg,polecat,2,7.158827770581411e-07,0.00041770059033297,0.9995474219322205,3.223027670173906e-05,1.889915210995241e-06
pinemarten_0184.jpg,pinemarten,1,3.2580446713836864e-05,0.9999411106109619,2.629329355841037e-05,5.592046825597663e-09,1.2513584835005531e-08
polecat_0620.jpg,polecat,2,0.02381371520459652,0.000449540966656059,0.9757004380226135,3.589208790799603e-05,3.079319981225126e-07
pinemarten_0182.jpg,pinemarten,1,3.6478568290476687e-06,0.9999934434890747,1.6755601564000244e-06,1.2096884347556625e-06,7.167984250600057e-08
pinemarten_0081.jpg,pinemarten,1,2.004803292265933e-07,0.9997802376747131,5.8099660236621276e-05,0.00012407545000314713,3.7357986002461985e-05
polecat_0018.jpg,polecat,2,1.944469119052883e-08,0.0001497545454185456,0.9998490810394287,1.057512236002367e-06,6.199543634011206e-08
pinemarten_0071.jpg,pinemarten,1,0.3329610824584961,0.6614636778831482,0.003997767809778452,0.001404907088726759,0.00017265819769818336
weasel_0821.jpg,weasel,4,3.469950343060191e-06,1.7453039902193268e-07,1.4608728804432758e-07,0.27443891763687134,0.725557267665863
pinemarten_0371.jpg,pinemarten,1,2.469891491330145e-08,0.9999996423721313,1.3881279459226903e-09,3.5090195638076693e-07,3.2348512757351955e-10
polecat_0438.jpg,polecat,2,4.010453631053679e-05,2.7589797468863253e-07,0.9999594688415527,4.248981610999181e-08,2.0299186331840247e-08
pinemarten_0485.jpg,pinemarten,1,0.003451727796345949,0.9965366125106812,7.486150934710167e-06,1.9044612145080464e-06,2.313229970241082e-06
stoat_0076.jpg,stoat,3,3.7696252547902986e-05,3.174892299284693e-06,2.1497869511222234e-06,0.8729382157325745,0.12701866030693054
weasel_0779.jpg,weasel,4,7.467993157206365e-08,1.2386429659727582e-08,4.998659472454925e-11,0.09476862847805023,0.9052312970161438
stoat_0063.jpg,stoat,3,1.2865292831065744e-07,4.566175448417198e-06,7.411089342213018e-08,0.9917169213294983,0.008278300985693932
polecat_0185.jpg,polecat,2,3.261352787831129e-07,3.711025556185632e-06,0.9999958276748657,5.3625363705123164e-08,1.1646574371582119e-08
polecat_0872.jpg,polecat,2,8.796251677267719e-06,3.360528637585958e-07,0.9999903440475464,4.410390204157011e-07,1.946098038274613e-08
weasel_0001.jpg,weasel,4,1.3733705372942495e-07,1.3023547795754098e-09,1.1840152192021947e-09,0.0022277692332863808,0.9977720379829407
polecat_0112.jpg,polecat,2,4.7451667342102155e-06,0.00012370635522529483,0.9997528195381165,0.0001178033635369502,9.564621450408595e-07
polecat_0414.jpg,polecat,2,4.624274652087479e-08,2.2055250155972317e-05,0.9999743700027466,3.6123788049735595e-06,3.046086050062513e-09
stoat_0054.jpg,stoat,3,7.853916031308472e-06,0.0008333385922014713,2.709382442844799e-07,0.9986763596534729,0.0004821733455173671
polecat_0949.jpg,polecat,2,0.0008520947303622961,0.007285482715815306,0.9904085397720337,0.0004863797512371093,0.0009675013134256005
polecat_0367.jpg,polecat,2,3.6425046801014105e-07,4.394387360662222e-05,0.999923825263977,3.1903146009426564e-05,1.656244563719156e-08
pinemarten_0869.jpg,pinemarten,1,4.109400470042601e-05,0.9988296627998352,0.00017043178377207369,0.0009366412996314466,2.217360452050343e-05
polecat_0417.jpg,polecat,2,0.001440010848455131,0.0008277591550722718,0.997718095779419,7.165334409364732e-06,6.92464345775079e-06
pinemarten_0882.jpg,pinemarten,1,6.628307573919301e-07,0.9999756813049316,2.0360248527140357e-05,3.38480640493799e-06,2.4940352005842215e-09
pinemarten_0573.jpg,pinemarten,1,1.286620772589231e-06,0.9999974966049194,1.9470859058401402e-07,8.097522368188947e-07,1.666444404690992e-07
polecat_0387.jpg,polecat,2,2.997383489855565e-06,2.12888335227035e-06,0.999993085861206,9.006363370644976e-07,9.806474281504052e-07
pinemarten_0225.jpg,pinemarten,1,0.0002581144799478352,0.9996553659439087,7.062187069095671e-05,1.5337140212068334e-05,5.138349479238968e-07
mink_0738.jpg,mink,0,0.14161330461502075,0.856810986995697,0.000351932569174096,0.0010725933825597167,0.00015120906755328178
mink_0648.jpg,mink,0,0.9999980926513672,4.622991056635328e-08,1.5392175782835693e-06,8.988496347228647e-08,1.8821667424617772e-07
mink_0077.jpg,mink,0,0.03826553747057915,0.9468138813972473,0.0005911426851525903,0.0009225724497810006,0.013406851328909397
pinemarten_0546.jpg,pinemarten,1,7.214178822323447e-06,0.9997789263725281,8.710949623491615e-05,0.0001266500330530107,6.369435823216918e-08
weasel_0886.jpg,weasel,4,0.00043800758430734277,0.011397955939173698,0.0011911584297195077,0.8368021249771118,0.15017077326774597
mink_0881.jpg,mink,0,0.9988744854927063,0.0001595828216522932,0.0009386148303747177,9.759127351571806e-06,1.7489401216153055e-05
pinemarten_0909.jpg,pinemarten,1,0.00012082026660209522,0.9996417760848999,3.6169106465422374e-07,0.00019855465507134795,3.848683991236612e-05
pinemarten_0192.jpg,pinemarten,1,0.015512085519731045,0.96800696849823,0.006763489916920662,0.00905681774020195,0.0006606797687709332
pinemarten_0898.jpg,pinemarten,1,0.0002234066341770813,0.9917478561401367,3.985756484325975e-05,0.0055681453086435795,0.0024207017850130796
weasel_0960.jpg,weasel,4,2.3361617706996185e-07,2.3042407519824337e-06,3.189353492416558e-07,0.8413260579109192,0.15867111086845398
polecat_0699.jpg,polecat,2,0.00047494767932221293,7.398988236673176e-05,0.9994262456893921,2.0351681087049656e-05,4.45415480498923e-06
weasel_0506.jpg,weasel,4,0.008739941753447056,0.032925136387348175,0.03759469836950302,0.003621732583269477,0.9171185493469238
pinemarten_0574.jpg,pinemarten,1,1.3039717487117741e-05,0.9999783039093018,5.90470108363661e-07,8.109697773761582e-06,2.2395667542696174e-09
weasel_0668.jpg,weasel,4,2.6681613363166434e-08,0.0005929938051849604,2.0073406403753324e-07,0.8513071537017822,0.14809966087341309
stoat_0899.jpg,stoat,3,2.6607921199683915e-07,4.412644827311851e-08,1.5587416157814005e-07,0.9999336004257202,6.594719889108092e-05
polecat_0232.jpg,polecat,2,0.7717470526695251,0.021819187328219414,0.2060929387807846,0.0003223400271963328,1.8466966139385477e-05
mink_0129.jpg,mink,0,0.981859028339386,0.0005754707381129265,0.016961457207798958,0.0001729135838104412,0.0004310781951062381
weasel_0891.jpg,weasel,4,9.74691261035332e-08,2.1366362012997797e-09,5.9974549770913654e-09,0.031169677153229713,0.9688302278518677
pinemarten_0548.jpg,pinemarten,1,8.62665729073342e-06,0.0950409546494484,1.7090376786654815e-05,0.8902581930160522,0.014675215817987919
stoat_0939.jpg,stoat,3,8.342090751511932e-08,1.8837973403407204e-09,5.6487818866912676e-09,0.9411177635192871,0.05888216197490692
stoat_0633.jpg,stoat,3,1.206046107427028e-07,2.083533036056906e-05,6.839832167315762e-08,0.9997555613517761,0.00022334371169563383
polecat_0215.jpg,polecat,2,0.00012512292596511543,0.027372291311621666,0.969723105430603,0.0026814863085746765,9.801680425880477e-05
polecat_0971.jpg,polecat,2,3.371402635821141e-05,2.6888339561992325e-05,0.9999382495880127,1.1048110764022567e-06,6.220325143857508e-09
polecat_0704.jpg,polecat,2,2.6581592464935966e-06,8.925196937070723e-08,0.9999748468399048,2.2393543986254372e-05,2.2573491520461175e-08
polecat_0697.jpg,polecat,2,0.00034711137413978577,3.2666608603904024e-05,0.9989827275276184,6.988416862441227e-05,0.0005676419823430479
polecat_0602.jpg,polecat,2,0.00032411987194791436,7.295665938045204e-08,0.9996633529663086,1.033535045280587e-05,2.205634928031941e-06
polecat_0604.jpg,polecat,2,7.708635166636668e-06,2.465984607624705e-07,0.9999915361404419,4.7513970002910355e-07,1.7404707675083841e-09
polecat_0489.jpg,polecat,2,0.0006874752580188215,7.530795755883446e-07,0.9992844462394714,1.303888620896032e-05,1.4298511814558879e-05
mink_0352.jpg,mink,0,0.5911113023757935,0.3009360134601593,0.002584424801170826,0.0839751586318016,0.02139310911297798
weasel_0957.jpg,weasel,4,2.7055355076299747e-06,3.0946418405619625e-07,1.8528024270381138e-07,0.6698166131973267,0.33018016815185547
stoat_0933.jpg,stoat,3,7.038979674689472e-05,0.0003176581230945885,1.4953038771636784e-06,0.9934015870094299,0.0062088631093502045
stoat_0021.jpg,stoat,3,5.71651571590337e-06,6.480135925812647e-05,0.00046462807222269475,0.9994614720344543,3.3664750844764058e-06
stoat_0936.jpg,stoat,3,6.728423613822088e-06,3.0338521810335806e-06,1.231805254064966e-05,0.36537954211235046,0.634598433971405
pinemarten_0791.jpg,pinemarten,1,2.4195633159251884e-05,0.792861819267273,0.0034551618155092,0.20365607738494873,2.766184934444027e-06
polecat_0437.jpg,polecat,2,7.373498647211818e-06,7.700988930992025e-07,0.9999915361404419,3.4979552765435074e-07,5.4101589874733236e-09
pinemarten_0432.jpg,pinemarten,1,5.400002578426211e-07,0.9997060894966125,0.000292789947707206,6.031629027347662e-07,5.244836787099416e-10
weasel_0187.jpg,weasel,4,0.00026904523838311434,0.0008108351612463593,5.5214371968759224e-05,0.007247120141983032,0.9916178584098816
mink_0195.jpg,mink,0,0.9936262369155884,0.0010921411449089646,0.005217917263507843,3.754409044631757e-05,2.6220599465887062e-05
polecat_0532.jpg,polecat,2,0.001041542855091393,0.00047154322965070605,0.9984679818153381,1.881541174952872e-05,4.6956593280356174e-08
stoat_0189.jpg,stoat,3,2.8416193345037755e-06,0.00016069089178927243,5.087651061330689e-06,0.9998290538787842,2.3714783310424536e-06
mink_0051.jpg,mink,0,0.9885216951370239,0.011069988831877708,0.0004057900223415345,1.8602976297188434e-06,6.315565883596719e-07
mink_0276.jpg,mink,0,0.9820507764816284,0.015208935365080833,6.53154420433566e-05,0.0020531131885945797,0.0006218209164217114
pinemarten_0655.jpg,pinemarten,1,6.1617475566322355e-09,0.9999998807907104,2.521892916718116e-09,1.0899773883465969e-07,3.7177301237534266e-09
weasel_0073.jpg,weasel,4,1.6575247840933116e-08,2.02944683280748e-09,6.854979917036985e-10,0.005458788014948368,0.9945412278175354
stoat_0943.jpg,stoat,3,0.00082131486851722,0.002609791001304984,0.0013863509520888329,0.9939351677894592,0.0012473630486056209
stoat_0770.jpg,stoat,3,9.924661092952647e-09,1.2076053224063799e-07,1.0955712781424154e-07,0.922951340675354,0.0770483911037445
pinemarten_0968.jpg,pinemarten,1,8.216293423402021e-08,0.9996589422225952,5.963030162092764e-06,0.0003346118319313973,3.8300649407574383e-07
polecat_0643.jpg,polecat,2,1.0520649993850384e-05,3.28838800633946e-09,0.9999895095825195,1.5221514715335616e-08,2.0548907020412344e-09
mink_0308.jpg,mink,0,1.0,1.0092696678398738e-09,1.7634866011917438e-08,3.849564833569019e-10,2.8472458168948833e-08
pinemarten_0508.jpg,pinemarten,1,3.0232843784006036e-08,0.9999979734420776,1.1792154452905379e-07,1.7576805930730188e-06,1.435100500657427e-07
mink_0980.jpg,mink,0,0.9975202679634094,0.002479447517544031,1.9903481529581768e-07,6.648164685429947e-08,9.073692908145858e-09
polecat_0790.jpg,polecat,2,2.528813638491556e-05,2.8975809982512146e-06,0.9999716281890869,2.356940029812904e-07,2.8479116287449813e-10
mink_0282.jpg,mink,0,0.999833345413208,3.094418570981361e-05,1.8883234588429332e-05,5.5523942137369886e-05,6.140580080682412e-05
stoat_0269.jpg,stoat,3,1.0164470040763263e-05,4.801257455255836e-05,5.171727480046684e-06,0.9996055960655212,0.00033103441819548607
stoat_0386.jpg,stoat,3,2.5896314426177014e-08,1.5405525743972248e-07,7.140957603013476e-09,0.9941469430923462,0.005852872040122747
pinemarten_0525.jpg,pinemarten,1,9.30617289895963e-08,0.9999996423721313,5.979574613235172e-10,2.1906214442424243e-07,2.457258285737396e-10
mink_0585.jpg,mink,0,0.9999854564666748,1.0668218237697147e-05,1.914919209866639e-07,2.11793621929246e-06,1.5174030068010325e-06
weasel_0579.jpg,weasel,4,1.6238060197792947e-05,2.411127570667304e-05,6.251755621633492e-06,0.17357522249221802,0.8263781666755676
polecat_0580.jpg,polecat,2,0.0003927794168703258,4.9484868213767186e-05,0.9978026747703552,0.0011294659925624728,0.0006254730396904051
pinemarten_0881.jpg,pinemarten,1,5.418298314907588e-06,0.9999865293502808,4.511477982305223e-06,2.628065885801334e-06,8.896309964256943e-07
pinemarten_0023.jpg,pinemarten,1,5.227100700722076e-05,0.9999047517776489,2.2344831450027414e-05,2.051271076197736e-05,7.641486376996909e-08
stoat_0255.jpg,stoat,3,0.00010506439866730943,2.3137745301937684e-05,4.84987651816482e-07,0.9907978773117065,0.009073465131223202
mink_0269.jpg,mink,0,0.9999996423721313,9.33196417918225e-08,6.535221075409936e-08,5.0436359089189864e-08,8.73327437034277e-08
pinemarten_0075.jpg,pinemarten,1,2.285748678332311e-06,0.9982022047042847,3.046951178475865e-06,0.0017506926087662578,4.174484274699353e-05
mink_0680.jpg,mink,0,2.8767228741344297e-06,8.689817576623682e-08,0.9999970197677612,9.668114309135944e-09,3.377345902944029e-10
mink_0977.jpg,mink,0,0.9995540976524353,4.532251114142127e-05,0.0003884754260070622,8.115825039567426e-06,3.996900431957329e-06
pinemarten_0132.jpg,pinemarten,1,2.0926869126469683e-07,0.999745786190033,0.0002259752800455317,2.7925025278818794e-05,8.282970753725749e-08
pinemarten_0920.jpg,pinemarten,1,0.0003283799742348492,0.9971879124641418,0.00048322335351258516,0.0003645925025921315,0.0016358745051547885
mink_0676.jpg,mink,0,0.9999988079071045,1.08553581412707e-06,9.39623632234543e-08,1.5199128067244772e-10,8.852127364455953e-10
stoat_0530.jpg,stoat,3,1.8125822620618237e-08,6.06453359068837e-05,1.4112429198576137e-05,0.9968459010124207,0.003079363377764821
pinemarten_0807.jpg,pinemarten,1,6.269784762480413e-07,0.9999063014984131,1.2611155398190022e-05,7.755689148325473e-05,2.9104687655490125e-06
mink_0584.jpg,mink,0,0.18308033049106598,0.8135583996772766,0.0033349862787872553,1.7615284377825446e-05,8.654044904687908e-06
stoat_0438.jpg,stoat,3,0.03518155962228775,4.770075520355022e-06,1.1817849099315936e-06,0.9246076941490173,0.04020475596189499
weasel_0471.jpg,weasel,4,1.464891556679504e-05,0.0004685164021793753,3.5035849577980116e-05,0.00038235526881180704,0.9990994930267334
mink_0055.jpg,mink,0,0.999613344669342,0.0003859341377392411,7.234232839437027e-07,8.099689097207374e-08,2.3101728530150467e-08
pinemarten_0952.jpg,pinemarten,1,1.109001424026701e-08,0.9999998807907104,7.79282971485884e-10,1.6948945358308265e-07,1.9699865350109036e-10
pinemarten_0170.jpg,pinemarten,1,0.0015541884349659085,0.9969308972358704,0.0015083325561136007,6.323327397694811e-06,3.1540776035399176e-07
pinemarten_0393.jpg,pinemarten,1,3.270066031291208e-07,0.9999983310699463,7.968567956595507e-07,4.692804793648975e-07,1.950149197682549e-08
polecat_0297.jpg,polecat,2,7.943139479493766e-09,0.00017386948456987739,0.999818742275238,7.342005574173527e-06,5.330831953642701e-08
mink_0175.jpg,mink,0,0.9999852180480957,1.4458246369031258e-05,2.544426820350054e-07,7.576657878871629e-08,1.8755979880324958e-08
weasel_0867.jpg,weasel,4,0.00010432482667965814,2.4157709049177356e-05,5.421302162744723e-08,0.004362734965980053,0.9955087900161743
pinemarten_0339.jpg,pinemarten,1,0.002034265547990799,0.9979583024978638,3.3976052691286895e-06,3.952270617446629e-06,1.3673428611582494e-07
stoat_0463.jpg,stoat,3,1.9471134748982877e-07,1.3547889466281049e-05,1.315154349867953e-05,0.9999525547027588,2.0451729142223485e-05
weasel_0466.jpg,weasel,4,2.844767323040287e-06,0.08928098529577255,0.0030156467109918594,0.00302239996381104,0.9046781063079834
polecat_0982.jpg,polecat,2,4.2465740989428014e-05,0.04749845713376999,0.9524524807929993,6.499321443698136e-06,1.5037910827686574e-07
weasel_0155.jpg,weasel,4,2.3361617706996185e-07,2.3042407519824337e-06,3.189353492416558e-07,0.8413260579109192,0.15867111086845398
pinemarten_0449.jpg,pinemarten,1,1.4451715912855434e-07,0.9999998807907104,1.461246956768747e-10,5.817002879382471e-09,2.297061325873262e-11
polecat_0322.jpg,polecat,2,1.2660092352234642e-06,0.0018370583420619369,0.9966110587120056,0.0015235391911119223,2.6974310458172113e-05
weasel_0874.jpg,weasel,4,2.9848359190509655e-05,0.00010641892731655389,1.371006146655418e-05,0.39444538950920105,0.6054045557975769
mink_0634.jpg,mink,0,0.9999983310699463,7.107222472768626e-07,2.7743546127112495e-08,3.4113449487449543e-07,6.522719786516973e-07
weasel_0101.jpg,weasel,4,1.8857925169868395e-05,0.006900159176439047,0.01067472342401743,0.7751778960227966,0.20722833275794983
weasel_0409.jpg,weasel,4,8.54197860462591e-05,0.0041338251903653145,0.0020541611593216658,0.0014325318625196815,0.9922940731048584
weasel_0252.jpg,weasel,4,0.007089452352374792,0.014846445992588997,0.007690719328820705,0.12579965591430664,0.8445736765861511
weasel_0805.jpg,weasel,4,5.644242264679633e-06,9.826713949223631e-07,4.9063846319086224e-08,0.06443404406309128,0.9355592727661133
stoat_0634.jpg,stoat,3,8.235776931542205e-07,1.3310890381035279e-06,5.679708010575268e-07,0.8266915678977966,0.1733056902885437
stoat_0354.jpg,stoat,3,2.6349204063080833e-07,8.202595381590072e-06,2.961290419989382e-06,0.9999634027481079,2.519690679037012e-05
stoat_0011.jpg,stoat,3,3.150599150103517e-05,0.0002428299922030419,0.003418409265577793,0.9961581826210022,0.000149048981256783
weasel_0840.jpg,weasel,4,1.1747246389859356e-05,2.1528035176743288e-06,1.2980616702407133e-05,0.021007202565670013,0.9789658784866333
pinemarten_0161.jpg,pinemarten,1,0.0001339810260105878,0.9993059635162354,3.587732862797566e-05,0.0005097210523672402,1.4404206922336016e-05
stoat_0635.jpg,stoat,3,2.3265199899924482e-07,9.759182830748614e-07,3.047109657927649e-06,0.9987034797668457,0.001292270957492292
weasel_0917.jpg,weasel,4,2.9738671400991734e-06,1.2612761945973716e-09,3.769627110461471e-10,0.0007705449243076146,0.999226450920105
stoat_0848.jpg,stoat,3,6.862601367174648e-06,0.0005543048609979451,8.558154149795882e-07,0.9993348717689514,0.00010303532326361164
stoat_0197.jpg,stoat,3,8.983146244645468e-07,2.6691573111747857e-06,3.7741742175967374e-07,0.9999724626541138,2.361937367822975e-05
weasel_0185.jpg,weasel,4,0.00029653639649040997,6.395349919330329e-05,1.1554789125511888e-06,0.004006117582321167,0.9956322312355042
mink_0244.jpg,mink,0,0.9993207454681396,1.4642353107774397e-07,0.0002584267931524664,3.478386497590691e-05,0.000385944644222036
pinemarten_0794.jpg,pinemarten,1,7.664977097476822e-09,0.9999668598175049,1.668012004074626e-07,3.287498839199543e-05,4.01918782699795e-08
polecat_0701.jpg,polecat,2,0.01443321630358696,0.00017562875291332603,0.9848819375038147,0.00042714373557828367,8.208068902604282e-05
weasel_0003.jpg,weasel,4,5.002415491617285e-05,0.007264000363647938,4.54842192993965e-05,0.6158865094184875,0.3767539858818054
pinemarten_0367.jpg,pinemarten,1,3.172588185407221e-05,0.9999587535858154,9.014126590045635e-06,4.916650482300611e-07,2.7118097989387024e-08
stoat_0782.jpg,stoat,3,8.42174756598979e-07,4.5298606892174575e-06,1.2974945093446877e-05,0.9985816478729248,0.001400076667778194
polecat_0837.jpg,polecat,2,5.6587698054499924e-05,1.084551968233427e-05,0.9999278783798218,4.553447070065886e-06,1.3106182450428605e-07
weasel_0559.jpg,weasel,4,2.8713111532852054e-05,2.984431375807617e-06,0.0011825294932350516,7.150322926463559e-05,0.9987142086029053
pinemarten_0761.jpg,pinemarten,1,2.807523742376361e-05,0.9998584985733032,0.00010273364023305476,1.0086787369800732e-05,5.348468334887002e-07
polecat_0718.jpg,polecat,2,4.189771516394103e-06,1.0081361301317315e-09,0.9999958276748657,1.0438449216110257e-08,1.1079814843384383e-09
polecat_0812.jpg,polecat,2,1.860304337242269e-06,8.091335985227488e-06,0.9999898672103882,7.683938463287632e-08,1.6072207453809995e-10
stoat_0656.jpg,stoat,3,7.156214110182191e-07,1.4782717698835768e-05,1.4574352746876684e-07,0.6954116821289062,0.3045726418495178
weasel_0853.jpg,weasel,4,3.648831125246943e-06,4.4846539822174236e-05,9.573540592100471e-05,0.03803843632340431,0.9618173241615295
pinemarten_0762.jpg,pinemarten,1,7.013261438260088e-07,0.9922359585762024,1.2707656424026936e-05,0.007735216990113258,1.549749867990613e-05
mink_0038.jpg,mink,0,0.9000867009162903,0.09839419275522232,0.0013894616859033704,0.00012057577987434343,9.093057087738998e-06
weasel_0178.jpg,weasel,4,1.759009222723762e-07,6.241628852876602e-06,6.236829221961671e-07,0.07677983492612839,0.923213005065918
mink_0978.jpg,mink,0,0.9991222023963928,3.8843067159177735e-05,0.0008387442794628441,1.5072595260789967e-07,8.80415100823484e-08
mink_0430.jpg,mink,0,0.9999845027923584,1.3464675248542335e-05,6.699403911625268e-07,1.0059495281211639e-07,1.2076937991878367e-06
weasel_0906.jpg,weasel,4,3.16308396142162e-10,1.968134100138741e-08,7.663044954142606e-08,0.008708484470844269,0.9912914037704468
pinemarten_0665.jpg,pinemarten,1,1.69554652984516e-07,0.9999649524688721,9.887814940157114e-07,3.3898468245752156e-05,1.348167910641962e-09
pinemarten_0832.jpg,pinemarten,1,2.4759060579526704e-07,0.9999831914901733,5.749381671193987e-06,7.642887794645503e-06,3.1614738418284105e-06
stoat_0627.jpg,stoat,3,6.612093329749769e-06,3.0258875995059498e-05,7.791109624122328e-07,0.7175961136817932,0.28236621618270874
weasel_0831.jpg,weasel,4,1.5304894986911677e-06,7.730688957963139e-05,3.415214848700998e-07,0.5976098775863647,0.40231093764305115
mink_0827.jpg,mink,0,0.9995638728141785,1.1070168284277315e-06,0.00038184577715583146,5.038259405409917e-05,2.6951104246109026e-06
weasel_0421.jpg,weasel,4,0.00024142897746060044,3.918276706826873e-05,0.004218548536300659,0.00016253309149760753,0.9953383207321167
weasel_0193.jpg,weasel,4,6.634109706027402e-09,9.002491196952178e-09,1.62083235721866e-09,0.0032790936529636383,0.9967208504676819
pinemarten_0453.jpg,pinemarten,1,1.1348973982805433e-09,0.9999998807907104,6.9736034724598994e-09,1.6315223660967604e-07,1.788868185526038e-11
mink_0453.jpg,mink,0,0.9999271631240845,8.636658094474114e-06,6.330171163426712e-05,4.3368061142246006e-07,4.846669412472693e-07
pinemarten_0231.jpg,pinemarten,1,3.1921174468152458e-06,0.9997883439064026,9.121320181293413e-05,0.00011712074046954513,1.5479565718123922e-07
weasel_0343.jpg,weasel,4,0.03484001383185387,0.009082295931875706,0.008668649010360241,0.7704249024391174,0.17698416113853455
polecat_0942.jpg,polecat,2,3.9933027551342093e-07,2.2405684418913552e-08,0.9999996423721313,2.751688876756475e-10,2.13299497964399e-13
weasel_0241.jpg,weasel,4,1.1695286048052367e-05,8.767136932874564e-06,8.477257438244123e-07,0.1822906732559204,0.81768798828125
polecat_0707.jpg,polecat,2,3.773049428446029e-08,5.224184178587166e-07,0.9999971389770508,2.1002306311856955e-06,2.051117888868248e-07
mink_0973.jpg,mink,0,0.9823054671287537,0.007454684469848871,0.010058235377073288,0.00011149996134918183,7.019303302513435e-05
mink_0240.jpg,mink,0,0.10736106336116791,0.017346197739243507,0.0001136906212195754,0.873938798904419,0.0012401826679706573
weasel_0572.jpg,weasel,4,1.3466903148184883e-08,5.181517508390243e-07,2.2506542336486746e-06,0.1276078224182129,0.8723893165588379
weasel_0400.jpg,weasel,4,5.434948775473458e-07,3.291964105756051e-07,2.0147405521697692e-08,0.0006019610445946455,0.9993971586227417
stoat_0983.jpg,stoat,3,1.0832989573827945e-05,9.084908015211113e-06,7.495395237810953e-08,0.9990384578704834,0.0009416407556273043
polecat_0299.jpg,polecat,2,0.00011644759797491133,0.0009491698001511395,0.9989314675331116,2.4543226118112216e-06,4.975875071977498e-07
pinemarten_0385.jpg,pinemarten,1,0.9741925001144409,0.024898307397961617,0.00036812052712775767,0.00015337616787292063,0.00038761840551160276
stoat_0599.jpg,stoat,3,5.163065974755909e-09,4.207755068819097e-07,1.1748187489502016e-06,0.9976170659065247,0.0023812465369701385
mink_0307.jpg,mink,0,0.9997143149375916,1.4493627531919628e-05,2.70115432243756e-08,0.000268983596470207,2.1781231680506608e-06
pinemarten_0784.jpg,pinemarten,1,2.520870623357041e-08,0.9999983310699463,8.065105703281006e-07,8.909286748348677e-07,3.048610808242813e-10
mink_0783.jpg,mink,0,0.9998189806938171,0.00015787201118655503,2.2349498976836912e-05,2.288615519319137e-07,6.475075906564598e-07
pinemarten_0167.jpg,pinemarten,1,0.14553366601467133,0.8326603770256042,0.02178375981748104,1.5279945728252642e-05,6.925557499926072e-06
weasel_0069.jpg,weasel,4,0.0001221622369484976,2.995240720338188e-06,1.2472138223529328e-05,0.004953666124492884,0.9949087500572205
stoat_0412.jpg,stoat,3,7.743481546640396e-06,5.153636448085308e-05,7.861141966714058e-06,0.9909766912460327,0.008956216275691986
weasel_0199.jpg,weasel,4,0.00042795194895006716,1.930108919623308e-05,6.362278099913965e-07,0.09528817236423492,0.904263973236084
pinemarten_0162.jpg,pinemarten,1,0.005103633273392916,0.9942581653594971,0.0005882717086933553,3.123849455732852e-05,1.8642365830601193e-05
mink_0992.jpg,mink,0,0.9595823884010315,0.040154170244932175,2.516581298550591e-05,0.00012197712931083515,0.00011628676293184981
mink_0901.jpg,mink,0,0.999996542930603,1.8771123677652213e-07,2.4470722337355255e-07,7.173001108640165e-07,2.3179477466328535e-06
polecat_0059.jpg,polecat,2,1.7524303075333592e-06,2.0588091231843464e-08,0.9999980926513672,6.516962969271844e-08,2.2080088868392522e-08
weasel_0027.jpg,weasel,4,2.042229652943206e-06,9.34229360538552e-10,3.88694161301828e-08,0.0019884814973920584,0.9980095028877258
weasel_0787.jpg,weasel,4,0.004748841281980276,0.0006118594319559634,4.7028188419062644e-06,0.0021007549948990345,0.992533802986145
polecat_0386.jpg,polecat,2,5.360220711736474e-06,1.0422394325360074e-06,0.9999157190322876,3.278538861195557e-05,4.5090666390024126e-05
mink_0894.jpg,mink,0,0.9998414516448975,3.78311742679216e-05,0.00012064667680533603,4.399104369667839e-08,4.0084874086687705e-08
pinemarten_0491.jpg,pinemarten,1,0.00034970545675605536,0.9996395111083984,7.5133784775971435e-06,2.7605560717347544e-06,5.098845576867461e-07
mink_0766.jpg,mink,0,0.9999939203262329,2.809252464430756e-06,1.1678267242132279e-09,7.373687935796625e-07,2.525402805986232e-06
mink_0332.jpg,mink,0,0.9999977350234985,2.3430402507074177e-08,2.2052051917853532e-06,3.1074655737484136e-08,7.934874446391404e-08
mink_0993.jpg,mink,0,0.9995908141136169,0.00028576236218214035,2.9924383852630854e-05,7.750994700472802e-05,1.597325172042474e-05
mink_0603.jpg,mink,0,0.9999748468399048,2.3148896843849798e-07,2.4917226255638525e-05,5.010992953913274e-09,3.0716112986439725e-10
mink_0144.jpg,mink,0,0.9994801878929138,9.554898497299291e-06,0.0005102804861962795,3.2181728393254616e-09,2.723128611492598e-09
stoat_0462.jpg,stoat,3,1.8949437219362153e-07,1.9643619452835992e-05,3.0383108651221846e-07,0.9997082352638245,0.0002715783775784075
polecat_0443.jpg,polecat,2,2.7552368919714354e-05,4.26021915700403e-06,0.9999504089355469,1.5062821148603689e-05,2.7705177672032733e-06
pinemarten_0342.jpg,pinemarten,1,2.210194907092955e-05,0.9999656677246094,5.62329098841019e-08,1.2002304174529854e-05,1.4943235271402955e-07
mink_0421.jpg,mink,0,0.9914053678512573,4.081596216565231e-06,6.136517640698003e-06,0.00027343726833350956,0.008311006240546703
weasel_0112.jpg,weasel,4,5.2158516155031975e-06,1.9021365005755797e-05,2.2129992430564016e-05,0.012276170775294304,0.9876775145530701
mink_0336.jpg,mink,0,0.9999693632125854,1.3358148862607777e-05,1.1961896234424785e-05,3.959200057579437e-06,1.4279800097938278e-06
mink_0226.jpg,mink,0,0.999263346195221,0.0005987625336274505,0.00013510530698113143,2.1636019482684787e-06,5.932166118327586e-07
pinemarten_0431.jpg,pinemarten,1,0.0004607026348821819,0.9985948204994202,0.00039679306792095304,0.0005383737734518945,9.295005838794168e-06
mink_0222.jpg,mink,0,0.9999996423721313,1.2169892649183112e-08,3.7182505252530973e-07,2.0222902463729042e-08,1.0248038861959685e-08
polecat_0324.jpg,polecat,2,8.055551603547428e-08,0.0006270954618230462,0.999329686164856,4.262565198587254e-05,4.7391858970513567e-07
stoat_0986.jpg,stoat,3,1.3979513546757971e-08,5.257059456198476e-06,5.459956469167082e-07,0.9992291927337646,0.0007650115294381976
polecat_0245.jpg,polecat,2,0.18808437883853912,0.0003109791432507336,0.8115487694740295,5.386780321714468e-05,1.990152441067039e-06
polecat_0004.jpg,polecat,2,5.3694337864840236e-09,3.1986306936460096e-09,1.0,1.881168110173803e-08,8.031070919400918e-09
stoat_0186.jpg,stoat,3,1.1259970960963983e-05,1.0751288215260502e-07,2.258453969261609e-05,0.7770025134086609,0.22296351194381714
weasel_0454.jpg,weasel,4,0.020402226597070694,4.97927212563809e-05,1.4816884004176245e-06,0.008125186897814274,0.9714213609695435
polecat_0893.jpg,polecat,2,6.2470930970448535e-06,2.5095852507206473e-08,0.9999936819076538,3.045263596845871e-08,1.6554853488059962e-08
pinemarten_0971.jpg,pinemarten,1,0.00016315719403792173,0.998887836933136,0.0009418284171260893,6.985523668845417e-06,1.8298014481388236e-07
weasel_0357.jpg,weasel,4,0.0001022164651658386,3.342013314977521e-07,4.4938778387404454e-07,0.03489008545875549,0.9650068879127502
stoat_0246.jpg,stoat,3,0.0028873723931610584,0.22099007666110992,0.0002636010467540473,0.7635188102722168,0.012340114451944828
weasel_0768.jpg,weasel,4,0.0013910838169977069,0.09620363265275955,1.2169954288765439e-06,0.5378639101982117,0.3645401895046234
mink_0025.jpg,mink,0,0.9986584186553955,6.326247239485383e-05,0.00026620528660714626,0.0005154719692654908,0.0004966184496879578
pinemarten_0648.jpg,pinemarten,1,5.077048559343211e-09,0.9999921321868896,8.515321225921468e-10,7.817288860678673e-06,3.034434215010151e-08
stoat_0947.jpg,stoat,3,5.9076757707998695e-08,5.816527482238598e-05,2.3130030513129896e-06,0.9776085615158081,0.022330855950713158
mink_0171.jpg,mink,0,0.9510464072227478,0.0008578126435168087,0.04807714372873306,1.2206244718981907e-05,6.3708412199048325e-06
polecat_0888.jpg,polecat,2,6.841257345513441e-06,0.00012003740266663954,0.999873161315918,1.7137756103124957e-08,1.0209986633924473e-08
stoat_0071.jpg,stoat,3,2.3932464046083624e-06,2.5317298423033208e-05,3.2807995467010187e-06,0.9936268329620361,0.006342191714793444
polecat_0081.jpg,polecat,2,4.3153246224392205e-05,0.008090647868812084,0.02646261639893055,0.9636706113815308,0.0017329708207398653
stoat_0820.jpg,stoat,3,0.0008303283830173314,0.005260348320007324,0.0001560793461976573,0.99285888671875,0.0008943888242356479
stoat_0390.jpg,stoat,3,0.0001358825684292242,0.00967545248568058,0.0006545939249917865,0.988982617855072,0.0005513798096217215
polecat_0609.jpg,polecat,2,3.907188670382311e-07,3.1642423437006073e-06,0.9999963045120239,2.1087332413571858e-07,2.450391356489945e-08
stoat_0351.jpg,stoat,3,2.962909456982743e-05,9.326280974164547e-07,5.6303060773643665e-06,0.6258438229560852,0.37411993741989136
weasel_0106.jpg,weasel,4,5.909505489398725e-05,0.005952226463705301,8.485063517582603e-06,0.9179010987281799,0.07607905566692352
mink_0779.jpg,mink,0,0.9999574422836304,4.734583399113035e-06,3.818746336037293e-06,3.190937604813371e-06,3.08562557620462e-05
pinemarten_0061.jpg,pinemarten,1,4.868592895945767e-06,0.9999833106994629,1.4187168062562705e-06,1.0330151781090535e-05,5.976675154784061e-09
pinemarten_0616.jpg,pinemarten,1,2.8210147759444304e-11,0.999977707862854,1.5286177879048068e-09,2.2326565158437006e-05,2.1856726206692656e-08
polecat_0807.jpg,polecat,2,0.0026451097801327705,0.0006937690195627511,0.9964938759803772,0.0001629115140531212,4.327444457885576e-06
pinemarten_0401.jpg,pinemarten,1,1.4223994639905868e-06,0.9990639090538025,0.0009334945934824646,1.198162067339581e-06,1.5549116438862143e-09
stoat_0974.jpg,stoat,3,4.773886757902801e-05,4.334666755312355e-06,1.4541624295816291e-06,0.9935374855995178,0.006408944725990295
mink_0313.jpg,mink,0,0.9974640607833862,0.0025018686428666115,5.838073320774129e-06,2.164265970350243e-05,6.585635219380492e-06
mink_0255.jpg,mink,0,0.8092077970504761,0.00013449757534544915,0.190609872341156,4.5915334339952096e-05,1.9309391063870862e-06
mink_0615.jpg,mink,0,0.9996334314346313,2.582798401817854e-07,1.1636233665512918e-07,8.122285180434119e-06,0.00035810776171274483
pinemarten_0350.jpg,pinemarten,1,2.4354941174919986e-08,0.9999998807907104,8.15709011448007e-09,1.065920898213335e-07,6.227563603689035e-11
stoat_0152.jpg,stoat,3,8.427470675087534e-06,0.0025229519233107567,0.006275837775319815,0.9911921620368958,6.452756338148902e-07
polecat_0857.jpg,polecat,2,7.982175156939775e-05,0.000681636796798557,0.9992184638977051,1.958208486030344e-05,4.636349615338986e-07
stoat_0597.jpg,stoat,3,3.885163746275566e-09,3.839652862325238e-08,4.974031639903842e-07,0.9999804496765137,1.9025897927349433e-05
weasel_0452.jpg,weasel,4,4.778016204909363e-07,6.218191265361384e-05,0.0006653367890976369,0.9982784986495972,0.0009934466797858477
stoat_0141.jpg,stoat,3,1.4836905393167399e-06,2.0092938939342275e-05,4.605152241765609e-07,0.996711015701294,0.003266944084316492
stoat_0884.jpg,stoat,3,0.0006795930094085634,6.055366975488141e-05,1.4536727803715621e-06,0.9986794590950012,0.000578902312554419
stoat_0638.jpg,stoat,3,3.970136219777487e-07,6.691135467917775e-07,5.814249107061187e-06,0.5235480666160583,0.4764450490474701
mink_0719.jpg,mink,0,0.9889591932296753,0.010794118978083134,0.0002452683402225375,1.0740158131739008e-06,3.4329212894590455e-07
stoat_0037.jpg,stoat,3,2.0531308209115195e-08,3.2947855288512073e-07,0.00016371032688766718,0.9519833922386169,0.04785254970192909
polecat_0638.jpg,polecat,2,0.06772923469543457,0.16934934258460999,0.666621208190918,0.09479936212301254,0.0015008712653070688
mink_0149.jpg,mink,0,0.9791885018348694,0.00021402478159870952,2.6698005967773497e-05,0.01936754770576954,0.001203266205266118
polecat_0154.jpg,polecat,2,0.00019140433869324625,3.1738252914692566e-07,0.9997497200965881,5.70169540878851e-05,1.5705816167610465e-06
polecat_0464.jpg,polecat,2,1.3373435649555176e-05,0.0002757144393399358,0.9968580007553101,0.00016726994363125414,0.002685573184862733
mink_0609.jpg,mink,0,0.9999959468841553,2.4798259801173117e-06,1.3500618933903752e-06,1.1001406363675414e-07,1.7291571907662728e-07
mink_0574.jpg,mink,0,0.9399101734161377,0.009207374416291714,0.05070336163043976,0.00017210195073857903,6.942014806554653e-06
weasel_0292.jpg,weasel,4,4.3487962102517486e-05,3.856554258163669e-07,3.5193079384043813e-07,0.0010438632452860475,0.99891197681427
weasel_0845.jpg,weasel,4,8.244399829493432e-09,3.788700553286617e-08,9.39288424817164e-10,0.008347994647920132,0.9916519522666931
weasel_0136.jpg,weasel,4,6.10406061696267e-07,2.1643715797381446e-07,6.869911572948695e-08,5.5608543334528804e-05,0.9999434947967529
polecat_0842.jpg,polecat,2,0.00016201820108108222,0.0015055963303893805,0.9982157945632935,0.00010776415729196742,8.912641533243004e-06
polecat_0740.jpg,polecat,2,9.565105756337289e-06,0.0006227318663150072,0.9990290403366089,0.0001502510131103918,0.00018834577349480242
polecat_0393.jpg,polecat,2,3.4346478514635237e-06,1.255985080206301e-05,0.9999754428863525,4.860214176005684e-06,3.6832407204201445e-06
pinemarten_0775.jpg,pinemarten,1,1.1195797761098802e-11,0.9999982118606567,4.136922141656507e-12,1.8145326521334937e-06,4.87336837551311e-09
weasel_0295.jpg,weasel,4,0.0004558479995466769,1.4216323506843764e-05,3.8130442590045277e-06,0.23639683425426483,0.7631292343139648
mink_0185.jpg,mink,0,0.9999924898147583,6.29759006187669e-06,1.23967276977055e-06,3.080710087033367e-08,5.713109274552153e-08
weasel_0289.jpg,weasel,4,2.942539595096605e-06,2.8867500077467412e-05,6.165592481011117e-07,0.9159606099128723,0.08400698751211166
pinemarten_0174.jpg,pinemarten,1,2.2592960249312455e-06,0.9999804496765137,7.633862253442203e-08,1.5944178812787868e-05,1.2489874734455952e-06
stoat_0528.jpg,stoat,3,3.64809977781988e-07,0.0002337779733352363,4.741874874980567e-07,0.9944835305213928,0.005281843710690737
weasel_0847.jpg,weasel,4,1.948917116578741e-07,1.539572167530423e-07,2.152421984646935e-06,0.0013212147168815136,0.9986762404441833
mink_0397.jpg,mink,0,0.2509986460208893,0.6743238568305969,0.07445476204156876,0.00016964531096164137,5.3129155276110396e-05
weasel_0719.jpg,weasel,4,7.260710503942391e-07,9.898425560095347e-06,1.5265779040873895e-07,0.9397323131561279,0.060256969183683395
pinemarten_0594.jpg,pinemarten,1,6.520865281345323e-05,0.9998741149902344,3.684457112740347e-07,5.922357377130538e-05,1.021709863380238e-06
mink_0344.jpg,mink,0,0.9945699572563171,0.005412918981164694,1.7790209483337094e-07,3.643887680482294e-08,1.684057315287646e-05
pinemarten_0732.jpg,pinemarten,1,0.6971721649169922,0.3014683127403259,0.0013400774914771318,1.7486258002463728e-05,1.973858388737426e-06
stoat_0423.jpg,stoat,3,1.3009463145863265e-05,0.09507115930318832,4.601622640620917e-05,0.8965417146682739,0.008328061550855637
polecat_0934.jpg,polecat,2,6.360342467814917e-06,0.0021623277571052313,0.9978308081626892,4.4157479806017363e-07,3.0318979327148554e-08
weasel_0104.jpg,weasel,4,0.015519466251134872,0.002064627828076482,0.1010454073548317,0.4857174754142761,0.3956530690193176
stoat_0142.jpg,stoat,3,7.235330485855229e-07,0.0025472312700003386,0.00013007322559133172,0.9973185658454895,3.4424570003466215e-06
polecat_0407.jpg,polecat,2,7.373498647211818e-06,7.700988930992025e-07,0.9999915361404419,3.4979552765435074e-07,5.4101589874733236e-09
polecat_0001.jpg,polecat,2,0.01269012875854969,0.11263474076986313,0.08118060231208801,0.7934667468070984,2.7757492716773413e-05
stoat_0006.jpg,stoat,3,2.000788562606104e-10,1.8521704703289288e-07,1.4212797623258666e-06,0.9999963045120239,2.0085371943423524e-06
stoat_0661.jpg,stoat,3,6.224699973245151e-06,2.1091038249210214e-08,5.473829787661089e-06,0.9955959916114807,0.004392282571643591
mink_0544.jpg,mink,0,0.9999560117721558,4.034580706502311e-05,2.0600127754732966e-06,1.1596615649978048e-06,4.2147135559389426e-07
stoat_0082.jpg,stoat,3,8.991488442688933e-08,4.5813443705355894e-08,6.494184745520215e-09,0.9981411695480347,0.0018587176455184817
stoat_0646.jpg,stoat,3,0.0033458825200796127,0.012420264072716236,1.8551982066128403e-05,0.9781754016876221,0.006040002219378948
mink_0875.jpg,mink,0,0.9999229907989502,1.287757012136126e-08,7.39611714379862e-05,1.5962766042321164e-07,3.008028897966142e-06
polecat_0765.jpg,polecat,2,0.002576973056420684,5.120603600516915e-05,0.9972513318061829,0.00011717937741195783,3.362152256158879e-06
mink_0341.jpg,mink,0,0.9648333787918091,0.033369116485118866,0.00029540431569330394,0.0012610054109245539,0.00024108082288876176
mink_0577.jpg,mink,0,0.999990701675415,1.5617209783158614e-06,7.031313998595579e-06,7.275855864463665e-07,4.212060744634982e-08
stoat_0844.jpg,stoat,3,7.164477210608311e-06,0.001372510101646185,0.004342555068433285,0.9878134727478027,0.006464352831244469
weasel_0086.jpg,weasel,4,0.008546927012503147,1.3759832881987677e-06,3.7040163647361624e-07,0.03111748769879341,0.9603339433670044
pinemarten_0627.jpg,pinemarten,1,1.0844350981642492e-05,0.9984365105628967,0.0001187060697702691,0.001388994394801557,4.488749982556328e-05
weasel_0590.jpg,weasel,4,8.235776931542205e-07,1.3310890381035279e-06,5.679708010575268e-07,0.8266915678977966,0.1733056902885437
mink_0472.jpg,mink,0,0.9999977350234985,2.623471573315328e-07,1.9634946966107236e-06,8.586061994719785e-08,2.6701462374489893e-08
pinemarten_0768.jpg,pinemarten,1,3.5965622373623773e-06,0.9999922513961792,1.874734039120085e-07,3.95371762351715e-06,4.618880389273272e-09
polecat_0735.jpg,polecat,2,2.9411332889139885e-06,8.615263141109608e-06,0.9999825954437256,4.229508249409264e-06,1.5872883523115888e-06
stoat_0798.jpg,stoat,3,0.002143992343917489,0.021677706390619278,0.43011054396629333,0.4998990595340729,0.046168651431798935
stoat_0131.jpg,stoat,3,0.0001041829600580968,0.002342401770874858,0.011056494899094105,0.9433463215827942,0.04315057024359703
mink_0806.jpg,mink,0,0.9989635944366455,5.520621198229492e-05,0.000940182595513761,8.598656677349936e-06,3.242200909880921e-05
polecat_0466.jpg,polecat,2,0.09046061336994171,0.4015328884124756,0.498040109872818,0.007966563105583191,0.0019998466596007347
pinemarten_0368.jpg,pinemarten,1,0.009487777017056942,0.9905006885528564,1.1503707355586812e-05,2.0269772527115038e-09,2.3168186813471436e-10
stoat_0907.jpg,stoat,3,1.3947326626961853e-09,2.5634879108338282e-08,1.1930743539778632e-06,0.9999971389770508,1.6260090660580317e-06
polecat_0110.jpg,polecat,2,0.0794028639793396,0.002269249176606536,0.9182141423225403,9.688899444881827e-05,1.6815663911984302e-05
stoat_0473.jpg,stoat,3,1.6560213680349989e-06,5.050244908488821e-06,0.02123275026679039,0.8937478065490723,0.08501278609037399
stoat_0378.jpg,stoat,3,6.297045729297679e-07,1.9795004391198745e-07,1.7223194959115062e-07,0.9645527005195618,0.035446248948574066
weasel_0611.jpg,weasel,4,2.2378654307431134e-07,1.733837962092366e-07,4.2982321701856563e-07,0.5432973504066467,0.4567018151283264
pinemarten_0092.jpg,pinemarten,1,0.004222394898533821,0.9746798872947693,0.0207880437374115,0.0003070743114221841,2.5358563107147347e-06
polecat_0373.jpg,polecat,2,2.2730548153049313e-05,2.775101165752858e-06,0.9999744892120361,1.5812364750900088e-08,2.0469346218021656e-09
pinemarten_0148.jpg,pinemarten,1,0.005693016108125448,0.3334120512008667,6.037362982169725e-05,0.551497757434845,0.10933682322502136
mink_0948.jpg,mink,0,0.9394251108169556,2.5952744181267917e-05,0.05563767999410629,0.0022153195459395647,0.002696039853617549
pinemarten_0180.jpg,pinemarten,1,0.00044701871229335666,0.9982872605323792,2.356738696107641e-05,0.0012143506901338696,2.7797836082754657e-05
polecat_0199.jpg,polecat,2,5.29220642420114e-06,0.0017046323046088219,0.9982901215553284,6.100587768287369e-08,8.857487521218843e-10
stoat_0594.jpg,stoat,3,7.092286978149787e-06,1.2163171049905941e-05,1.227266329806298e-05,0.8716631531715393,0.1283053159713745
stoat_0180.jpg,stoat,3,1.0308576037232342e-07,1.6541159197913657e-07,6.575801236863299e-09,0.9947486519813538,0.005251077935099602
pinemarten_0158.jpg,pinemarten,1,2.794163447106257e-05,0.9999512434005737,1.9909466573153622e-05,1.005373746920668e-06,1.896913959242852e-09
polecat_0157.jpg,polecat,2,4.873198122368194e-06,0.0011133976513519883,0.9988788962364197,2.7899520773644326e-06,4.1720010557355636e-08
stoat_0093.jpg,stoat,3,2.5820224180961304e-08,1.1435522395686348e-07,2.6083460724635188e-08,0.9999762773513794,2.349737951590214e-05
weasel_0249.jpg,weasel,4,3.7368856283137575e-05,1.9121468142202502e-07,4.3082572176444955e-08,0.08687591552734375,0.9130865335464478
stoat_0329.jpg,stoat,3,0.001779885496944189,9.238183338311501e-06,9.199275154969655e-07,0.9825619459152222,0.01564795710146427
polecat_0693.jpg,polecat,2,3.299778882137616e-06,1.806422318395562e-07,0.9999936819076538,2.6429945592099102e-06,1.2934393112118414e-07
polecat_0563.jpg,polecat,2,1.6083618902484886e-05,7.717243875049462e-07,0.9999799728393555,3.1634842798666796e-06,5.8165017691180765e-08
polecat_0880.jpg,polecat,2,0.000432635162724182,8.985005479189567e-06,0.9995354413986206,2.1489277060027234e-05,1.4683321296615759e-06
stoat_0841.jpg,stoat,3,0.0005046508158557117,3.284563035776955e-06,1.4924009406058758e-07,0.9957262277603149,0.0037656466010957956
mink_0691.jpg,mink,0,0.9990105628967285,2.487117853888776e-05,0.0008511469350196421,8.774264279054478e-05,2.5655926947365515e-05
mink_0239.jpg,mink,0,0.999953031539917,9.021324331115466e-06,1.395391154801473e-05,1.475140106776962e-05,9.242026862921193e-06
pinemarten_0496.jpg,pinemarten,1,9.436355696834653e-08,0.9999964237213135,2.6711973077908624e-08,3.411096031413763e-06,2.358938111512998e-08
weasel_0808.jpg,weasel,4,5.264745368549484e-07,2.9836726422871607e-09,2.364481161976073e-07,0.01399867981672287,0.9860005974769592
pinemarten_0134.jpg,pinemarten,1,2.115519055223558e-05,0.9996919631958008,0.0001306131307501346,0.0001526084670331329,3.6468056805460947e-06
stoat_0871.jpg,stoat,3,4.966086180502316e-06,0.007432451006025076,0.00030363997211679816,0.9899020195007324,0.0023568435572087765
pinemarten_0169.jpg,pinemarten,1,6.966323553569964e-07,0.9996888637542725,7.493123121093959e-05,0.00022966992401052266,5.863540536665823e-06
weasel_0727.jpg,weasel,4,5.333701483323239e-05,8.497372050442209e-07,1.4771339920116588e-06,0.00984498392790556,0.9900992512702942
pinemarten_0196.jpg,pinemarten,1,4.6719092097191606e-06,0.9999877214431763,7.6047076618124265e-06,3.4742706489510056e-09,1.5623806415288044e-10
polecat_0244.jpg,polecat,2,0.0004652377974707633,1.5222985894070007e-07,0.9995344877243042,9.271626311146974e-08,7.979719995887535e-09
mink_0008.jpg,mink,0,0.9997804760932922,0.00017085517174564302,2.9491286113625392e-05,2.449991143294028e-06,1.6763644453021698e-05
polecat_0553.jpg,polecat,2,0.060224082320928574,0.00019550255092326552,0.9391164779663086,0.0004357426369097084,2.8186255804030225e-05
mink_0551.jpg,mink,0,0.9999996423721313,1.1119881548893318e-07,2.684884847781177e-08,1.2841617547110218e-08,1.8637044263414282e-07
mink_0970.jpg,mink,0,0.999951958656311,2.3620874344487675e-05,2.4487913833581842e-05,3.396426473400993e-09,2.4169586332334347e-09
polecat_0800.jpg,polecat,2,0.001202097861096263,9.523706103209406e-05,0.9986873269081116,1.1679159797495231e-05,3.620426923589548e-06
weasel_0018.jpg,weasel,4,8.854721090756357e-05,0.05007600784301758,0.003975088708102703,0.07820668816566467,0.8676536083221436
weasel_0351.jpg,weasel,4,4.981169965390109e-08,7.783702216102029e-08,8.872315220287419e-07,0.0012439555721357465,0.9987550973892212
weasel_0453.jpg,weasel,4,1.0434283467475325e-05,6.216750989551656e-07,1.040988354361616e-05,0.055982016026973724,0.9439964294433594
weasel_0537.jpg,weasel,4,1.1592614100663923e-05,0.06765785068273544,0.5574935078620911,0.36970195174217224,0.0051351431757211685
polecat_0360.jpg,polecat,2,3.916474042853224e-07,2.9631630127369135e-07,0.9999914169311523,4.191251719021238e-06,3.66701260645641e-06
pinemarten_0712.jpg,pinemarten,1,0.8474521040916443,0.062415651977062225,0.09007575362920761,1.960188092198223e-05,3.6849694879492745e-05
mink_0963.jpg,mink,0,0.9566389322280884,0.043267156928777695,9.377779497299343e-05,1.6883760167729633e-07,2.3680469141140748e-08
mink_0482.jpg,mink,0,0.9998087286949158,6.73568365527899e-06,0.00017930273315869272,4.394516054162523e-06,9.628710131437401e-07
stoat_0781.jpg,stoat,3,0.00039739886415190995,0.0006145596271380782,0.0017310291295871139,0.9971659779548645,9.100693569052964e-05
polecat_0916.jpg,polecat,2,0.003974759951233864,0.011123225092887878,0.9829936027526855,0.0016566372942179441,0.00025175290647894144
stoat_0307.jpg,stoat,3,1.959225301106926e-06,2.4069973392215616e-07,4.224466465529986e-08,0.9873453974723816,0.012652328237891197
mink_0311.jpg,mink,0,0.9999998807907104,2.209431526623007e-09,1.24733162465418e-07,9.606025974662202e-10,1.4491966737750772e-08
stoat_0364.jpg,stoat,3,4.045443091627021e-09,6.794862006387348e-09,6.752436831902742e-08,0.9999401569366455,5.97414982621558e-05
weasel_0521.jpg,weasel,4,0.0003669354773592204,0.0225798562169075,3.890948221396684e-07,0.7029725313186646,0.2740802466869354
stoat_0593.jpg,stoat,3,2.227832709422728e-07,3.144478250760585e-05,2.6451159556017956e-06,0.9943736791610718,0.0055920775048434734
weasel_0202.jpg,weasel,4,1.5290230521713966e-06,4.749891591160349e-09,2.8510536154158217e-09,0.002349421614781022,0.9976490139961243
mink_0782.jpg,mink,0,0.9831739068031311,0.00010602354450384155,0.01586315780878067,4.364319465821609e-06,0.0008525328012183309
pinemarten_0113.jpg,pinemarten,1,0.1891535222530365,0.8098247647285461,0.00010736560943769291,0.0008884515846148133,2.5891671612043865e-05
pinemarten_0459.jpg,pinemarten,1,0.004263651091605425,0.9956604838371277,5.617809438263066e-05,1.9067572793574072e-05,5.688889359589666e-07
pinemarten_0545.jpg,pinemarten,1,6.801373331200011e-08,0.9999934434890747,5.833910563524114e-07,5.5596442507521715e-06,2.611398599583481e-07
stoat_0254.jpg,stoat,3,0.00024746169219724834,0.0018199430778622627,0.00035715443664230406,0.9972931742668152,0.0002822589303832501
weasel_0832.jpg,weasel,4,1.4286742953117937e-06,1.8901429033046924e-11,6.610561403830317e-11,0.0003165879170410335,0.9996819496154785
stoat_0144.jpg,stoat,3,3.73796938220039e-05,0.513403058052063,6.006802141200751e-05,0.4861706793308258,0.000328785739839077
pinemarten_0446.jpg,pinemarten,1,0.0013757431879639626,0.9810647368431091,0.00010603681585052982,0.017436673864722252,1.671372228884138e-05
stoat_0168.jpg,stoat,3,3.0203922506188974e-05,0.006051509641110897,0.002353716641664505,0.9808664321899414,0.010698196478188038
mink_0617.jpg,mink,0,0.431558221578598,0.22303882241249084,6.148052307253238e-06,0.31942296028137207,0.02597389742732048
pinemarten_0960.jpg,pinemarten,1,2.1409127248794846e-10,0.9999992847442627,3.0653097837785026e-08,7.705596090090694e-07,5.369498734530964e-10
weasel_0426.jpg,weasel,4,1.4412754580916953e-06,3.8788421363733505e-08,2.2570678659405985e-09,0.0007273697410710156,0.9992712140083313
polecat_0751.jpg,polecat,2,0.017154406756162643,0.45296210050582886,0.34238460659980774,0.18665502965450287,0.0008439254597760737
stoat_0880.jpg,stoat,3,7.175976861617528e-07,3.4797308217093814e-06,2.0309647652538843e-07,0.9998428821563721,0.00015275500481948256
weasel_0997.jpg,weasel,4,0.0006017814157530665,0.00043394864769652486,0.00011893310147570446,0.025168946012854576,0.973676323890686
mink_0689.jpg,mink,0,0.9998383522033691,2.9462633392540738e-05,9.927226756190066e-07,1.2560284631035756e-05,0.00011861795064760372
polecat_0043.jpg,polecat,2,1.06002225948032e-05,3.375558662810363e-05,0.9839296340942383,0.015717752277851105,0.0003082888142671436
weasel_0344.jpg,weasel,4,0.0001437054597772658,2.2545150386577006e-06,6.365911394823343e-05,0.0015252651646733284,0.9982650876045227
stoat_0850.jpg,stoat,3,1.2011358130337157e-08,2.6507095185479557e-07,4.7311723960774543e-07,0.9983593821525574,0.001639866502955556
mink_0017.jpg,mink,0,0.9989074468612671,7.499718321923865e-06,0.000966385065112263,2.1932622985332273e-05,9.677209163783118e-05
mink_0651.jpg,mink,0,0.9999971389770508,2.2463311779574724e-06,4.852956863032887e-07,9.337299644585073e-08,4.625870886343364e-08
pinemarten_0520.jpg,pinemarten,1,1.1446757604283153e-11,0.9999990463256836,6.3031097008448e-10,9.568464065523585e-07,1.7288483533661747e-08
polecat_0336.jpg,polecat,2,4.055388469481613e-09,1.0703806196943333e-07,0.9999998807907104,3.70523545178969e-09,4.126234021128994e-09
pinemarten_0826.jpg,pinemarten,1,8.492387451042305e-07,0.9999945163726807,1.728336314954504e-06,2.857172376025119e-06,3.471388154707711e-08
mink_0190.jpg,mink,0,0.9998750686645508,1.8785804059007205e-05,8.269230602309108e-05,6.040976131771458e-06,1.739060644467827e-05
stoat_0147.jpg,stoat,3,8.236494068114553e-06,4.860428816755302e-05,0.013889513909816742,0.9858533143997192,0.00020032135944347829
pinemarten_0543.jpg,pinemarten,1,2.527823710352095e-07,0.9999635219573975,6.196257373858316e-08,3.611445936257951e-05,1.5302887845791702e-08
mink_0868.jpg,mink,0,0.8573356866836548,0.018140053376555443,0.0068689254112541676,0.11762382090091705,3.15011347993277e-05
pinemarten_0680.jpg,pinemarten,1,5.527767370949732e-06,0.9999939203262329,2.544051085351384e-07,1.866172993914006e-07,4.463130309773078e-09
polecat_0567.jpg,polecat,2,5.516386227100156e-05,5.299832537275506e-07,0.999943733215332,4.863474600824702e-07,6.225110382729326e-08
mink_0625.jpg,mink,0,0.9974664449691772,0.0019060004269704223,5.9572797908913344e-05,0.00017161555297207087,0.00039631410618312657
pinemarten_0358.jpg,pinemarten,1,2.668371507752454e-06,0.9999793767929077,1.0156455942933462e-07,1.2999550563108642e-05,4.874664682574803e-06
mink_0086.jpg,mink,0,0.9999991655349731,5.44252372947085e-07,7.9835551503038e-08,7.920218081380881e-08,1.4781063839564013e-07
mink_0131.jpg,mink,0,0.6912922859191895,0.0008767447434365749,0.3072340488433838,0.00027585314819589257,0.0003210470895282924
polecat_0915.jpg,polecat,2,5.887811767024687e-07,1.0934996680589393e-05,0.999988317489624,1.2012480965495342e-07,2.237074525623939e-09
stoat_0042.jpg,stoat,3,6.223532182048075e-06,6.780578587495256e-06,7.842269042157568e-06,0.9974237680435181,0.0025554506573826075
weasel_0907.jpg,weasel,4,1.8393285472484422e-07,0.0004972116439603269,7.892828762123827e-06,0.986242949962616,0.013251802884042263
mink_0733.jpg,mink,0,0.9999309778213501,6.675658710264543e-07,1.1684061496097797e-09,1.4069897588342428e-05,5.4208481742534786e-05
weasel_0597.jpg,weasel,4,2.045487557111869e-09,3.6693186267200417e-09,3.992535746455417e-10,0.0003034003311768174,0.9996966123580933
pinemarten_0104.jpg,pinemarten,1,7.520373037550598e-05,0.9995643496513367,6.106436103436863e-06,0.0002403686667094007,0.00011393878958187997
polecat_0561.jpg,polecat,2,0.00011599047138588503,0.00022246662410907447,0.999643087387085,1.4837805792922154e-05,3.675130074043409e-06
weasel_0612.jpg,weasel,4,1.0558900385149173e-06,1.447431863255133e-08,1.2631975465637879e-08,0.01151158194988966,0.9884873628616333
mink_0446.jpg,mink,0,0.9960789084434509,1.0004403520724736e-05,0.0007334545371122658,2.7823294658446684e-05,0.003149708965793252
mink_0796.jpg,mink,0,0.9999990463256836,4.4906169449632216e-08,8.50232936500106e-07,3.6272048475893826e-08,2.423559841702172e-08
weasel_0846.jpg,weasel,4,5.05133684782777e-05,9.955008863471448e-05,0.07411026954650879,0.8751499652862549,0.05058969929814339
polecat_0566.jpg,polecat,2,9.01751536730444e-06,6.601931090699509e-06,0.9999655485153198,3.1146259971137624e-06,1.5631412679795176e-05
weasel_0389.jpg,weasel,4,2.3039355312448606e-07,0.00038330091047100723,0.00010909297270700336,0.0024194323923438787,0.9970878958702087
weasel_0092.jpg,weasel,4,9.025088587577557e-08,1.0566632013819799e-09,6.058134549569161e-10,0.08767109364271164,0.912328839302063
polecat_0236.jpg,polecat,2,0.0002276360901305452,0.006557345390319824,0.9908910393714905,0.0023236225824803114,3.061062443521223e-07
mink_0132.jpg,mink,0,0.28848522901535034,0.6261463761329651,0.07873192429542542,0.00654365262016654,9.28341833059676e-05
pinemarten_0249.jpg,pinemarten,1,0.00012003704614471644,0.8041725158691406,0.19568535685539246,2.1732448658440262e-05,3.738572047495836e-07
mink_0197.jpg,mink,0,6.874286191305146e-05,2.0860619770246558e-05,5.165951279195724e-06,0.3042154908180237,0.6956897377967834
weasel_1000.jpg,weasel,4,0.00011910895409528166,0.32847970724105835,0.008921049535274506,0.6361541748046875,0.026325976476073265
weasel_0194.jpg,weasel,4,2.1387735671396513e-07,1.313124045054792e-07,4.150541954572873e-08,0.42781296372413635,0.5721865892410278
pinemarten_0147.jpg,pinemarten,1,5.5074182455427945e-05,0.9935065507888794,2.1255000319797546e-06,0.004925117827951908,0.001511136069893837
weasel_0222.jpg,weasel,4,9.886431229233494e-08,3.406848190934397e-05,9.89733663914194e-08,0.004577449522912502,0.9953882694244385
polecat_0054.jpg,polecat,2,4.590352546074428e-05,7.569526496808976e-05,0.26151564717292786,0.7330076694488525,0.0053550731390714645
weasel_0142.jpg,weasel,4,9.028497394147905e-11,2.4046563351642902e-11,5.2669864997190174e-12,1.162997887149686e-05,0.999988317489624
stoat_0570.jpg,stoat,3,1.4826855299077124e-08,1.9245739224516e-07,3.917288893262594e-07,0.9605807662010193,0.03941858559846878
polecat_0879.jpg,polecat,2,8.465698329018778e-07,0.0039094313979148865,0.9960839748382568,3.3452167826908408e-06,2.3944608074089047e-06
pinemarten_0674.jpg,pinemarten,1,6.514177130156895e-06,0.9998995065689087,8.837108907755464e-05,5.437631443783175e-06,1.5736183911485568e-07
mink_0794.jpg,mink,0,0.9957281947135925,0.0011867561843246222,8.295752195408568e-06,0.0021815975196659565,0.0008951448835432529
polecat_0026.jpg,polecat,2,1.0766274982643154e-07,1.4941150539016235e-09,0.9999997615814209,9.636621278730217e-09,9.427193958799762e-08
weasel_0291.jpg,weasel,4,2.302240318385884e-05,2.238402203147416e-06,2.3799978876581918e-08,0.002725079655647278,0.9972496628761292
weasel_0888.jpg,weasel,4,4.924486347590573e-06,7.513957098126411e-05,7.944559183670208e-05,0.02834165096282959,0.9714987277984619
stoat_0342.jpg,stoat,3,1.2133163806993252e-07,2.3794116259523435e-06,1.134117610490648e-06,0.9929171800613403,0.007079200819134712
mink_0330.jpg,mink,0,0.9977924823760986,1.1640318916761316e-05,0.0021949864458292723,4.822859978048655e-07,4.0832674130797386e-07
polecat_0666.jpg,polecat,2,4.0078495658235624e-05,2.3453158064512536e-06,0.9999555349349976,1.9459062059468124e-06,6.836830834799912e-08
polecat_0218.jpg,polecat,2,0.00024379802925977856,1.4457322322414257e-05,0.99973064661026,1.0952267075481359e-05,1.5665686703414394e-07
polecat_0057.jpg,polecat,2,0.004626571200788021,0.0005821730592288077,0.12836255133152008,0.7900617122650146,0.0763670802116394
mink_0558.jpg,mink,0,0.07150031626224518,0.00015846840688027442,0.9280896782875061,0.00024244039377663285,9.051256711245514e-06
stoat_0580.jpg,stoat,3,5.978248651672402e-08,2.0221610611770302e-05,9.105059871217236e-05,0.9719787240028381,0.027909936383366585
stoat_0612.jpg,stoat,3,2.3433417482010555e-06,3.1407357710122596e-06,2.1082934154037503e-07,0.9994016885757446,0.0005926538142375648
mink_0401.jpg,mink,0,0.9981464147567749,0.0018509645015001297,1.4726032837586445e-08,1.6932017388171516e-06,9.722951972435112e-07
weasel_0493.jpg,weasel,4,0.60990971326828,0.032870978116989136,0.22370058298110962,0.006205076817423105,0.12731365859508514
weasel_0790.jpg,weasel,4,7.004576673352858e-06,4.329108094225376e-08,8.021145525560769e-09,0.030222298577427864,0.969770610332489
pinemarten_0848.jpg,pinemarten,1,0.0002368580171605572,0.9979950189590454,0.0017609718488529325,5.375515229388839e-06,1.8395890037936624e-06
stoat_0397.jpg,stoat,3,0.0004389177483972162,0.017268091440200806,0.06200622394680977,0.8937290906906128,0.0265576783567667
stoat_0640.jpg,stoat,3,4.182899829174858e-06,3.1676081562181935e-05,0.003102340269833803,0.45801085233688354,0.5388509631156921
mink_0797.jpg,mink,0,0.9996292591094971,2.9510736567317508e-05,2.1873065634281375e-06,0.0001875252346508205,0.0001515230251243338
polecat_0162.jpg,polecat,2,1.6270365449599922e-05,0.011762971058487892,0.9749222993850708,0.009239595383405685,0.00405881879851222
pinemarten_0285.jpg,pinemarten,1,0.011111356317996979,0.9888882040977478,1.1818627854154329e-07,3.766196243759623e-07,1.4665385350554061e-08
weasel_0488.jpg,weasel,4,0.021755075082182884,2.1700279830838554e-05,9.791372576728463e-05,0.0003056405112147331,0.9778197407722473
weasel_0398.jpg,weasel,4,1.9916558812838048e-05,2.9619930046465015e-06,3.1165151881396014e-07,0.004809401463717222,0.9951673746109009
pinemarten_0771.jpg,pinemarten,1,9.875864179775817e-07,0.9998600482940674,9.098646842176095e-05,4.781371171702631e-05,1.3469546900068963e-07
pinemarten_0900.jpg,pinemarten,1,0.0001576441718498245,0.9992207288742065,5.3466374083654955e-05,0.0005676921573467553,4.2783295839399216e-07
mink_0536.jpg,mink,0,0.9999825954437256,1.4098804967943579e-05,3.239108991692774e-06,1.2090818302112893e-07,7.384300726442916e-09
mink_0404.jpg,mink,0,0.9999923706054688,8.113102012430318e-07,6.249277703318512e-06,1.2174493413397158e-08,6.261480507419037e-07
weasel_0713.jpg,weasel,4,0.0009990509133785963,0.25481417775154114,0.009635807015001774,0.02373293973505497,0.7108181118965149
polecat_0194.jpg,polecat,2,4.010453631053679e-05,2.7589797468863253e-07,0.9999594688415527,4.248981610999181e-08,2.0299186331840247e-08
polecat_0593.jpg,polecat,2,0.0005762475775554776,8.032352525333408e-06,0.9994152784347534,4.149872268044419e-07,2.165101165019223e-08
weasel_0251.jpg,weasel,4,1.0811954354039699e-07,2.8089244707985017e-08,7.202709753073577e-07,0.024283915758132935,0.9757152199745178
pinemarten_0709.jpg,pinemarten,1,5.191031505091814e-06,0.9860637784004211,0.0139198312535882,1.1151554645039141e-05,1.1924277032449027e-07
mink_0645.jpg,mink,0,0.9991869330406189,0.0007146663847379386,5.897830760659417e-06,9.012818918563426e-05,2.276266059197951e-06
pinemarten_0767.jpg,pinemarten,1,5.5170398809423205e-06,0.9978011250495911,0.00217797770164907,1.5190254998742603e-05,1.5331498559589818e-07
stoat_0500.jpg,stoat,3,1.2821197437062892e-09,2.3791044441168196e-06,1.07065022802999e-06,0.9999879598617554,8.553060069971252e-06
pinemarten_0603.jpg,pinemarten,1,1.5733752434243797e-07,0.9999566078186035,1.7278480299864896e-05,2.5971461582230404e-05,9.839165926450733e-09
stoat_0292.jpg,stoat,3,2.2232457013160456e-06,8.039364161049889e-07,1.5291764299263377e-08,0.9941569566726685,0.0058399648405611515
pinemarten_0034.jpg,pinemarten,1,6.560755082318792e-06,0.974818766117096,1.4697047845402267e-06,0.024460528045892715,0.0007127407588995993
stoat_0963.jpg,stoat,3,0.0003727695730049163,0.9013904333114624,0.003822708735242486,0.09438008069992065,3.4028998925350606e-05
weasel_0456.jpg,weasel,4,0.007123386021703482,5.036918810219504e-05,5.179836443858221e-05,0.05138777568936348,0.9413866400718689
weasel_0020.jpg,weasel,4,5.740264441556064e-07,1.7727123235999898e-07,3.112975877073154e-09,0.005763929337263107,0.9942353367805481
weasel_0425.jpg,weasel,4,2.144967226058725e-07,1.3098873751005158e-05,1.0529953442528495e-06,0.0008201414020732045,0.999165415763855
polecat_0003.jpg,polecat,2,7.208662395896681e-07,5.127807526150718e-06,0.9998993873596191,8.231146784964949e-05,1.2369742762530223e-05
polecat_0071.jpg,polecat,2,0.0008488554740324616,0.0074474685825407505,0.3418092727661133,0.6468328833580017,0.0030615355353802443
weasel_0535.jpg,weasel,4,2.1371066395659e-05,0.0006916322163306177,5.814745236421004e-05,0.13409586250782013,0.8651329874992371
stoat_0507.jpg,stoat,3,1.168909057014389e-05,4.187515514786355e-06,4.004073343821801e-05,0.9839866161346436,0.01595747284591198
weasel_0647.jpg,weasel,4,2.0041679249516164e-07,0.0006514636916108429,1.8698001369443773e-08,0.04298970475792885,0.9563586115837097
stoat_0214.jpg,stoat,3,3.3499875939924095e-07,0.00023572795907966793,0.00048470983165316284,0.9916075468063354,0.007671673782169819
mink_0614.jpg,mink,0,0.9789053201675415,0.00022866312065161765,2.4442566427751444e-05,0.020826419815421104,1.511248956376221e-05
mink_0118.jpg,mink,0,0.9893674254417419,0.002137297298759222,0.008319204673171043,6.613809091504663e-05,0.00010988060239469633
polecat_0183.jpg,polecat,2,2.3144146325648762e-05,4.8864796553971246e-05,0.9978111386299133,0.0020678299479186535,4.9014754040399566e-05
polecat_0728.jpg,polecat,2,8.06327170721488e-06,3.157620449201204e-05,0.9999600648880005,2.1526777516100992e-07,5.38931876903348e-09
polecat_0478.jpg,polecat,2,5.890555621590465e-05,7.116514666449802e-07,0.9999401569366455,1.9315298516175972e-07,2.8756073078284317e-08
polecat_0596.jpg,polecat,2,2.149884130631108e-05,7.539147617308117e-08,0.9999754428863525,3.0387564038392156e-06,9.4676106954239e-09
weasel_0393.jpg,weasel,4,8.35220271255821e-06,0.0001542790705570951,0.0008722489583306015,0.012506108731031418,0.9864590167999268
mink_0846.jpg,mink,0,0.9786220192909241,0.0037033625412732363,0.017648253589868546,1.8665359675651416e-05,7.662470125069376e-06
weasel_0271.jpg,weasel,4,7.696945090174268e-07,4.896957079836284e-07,2.6115996476505643e-08,0.00035509897861629725,0.9996436834335327
stoat_0673.jpg,stoat,3,0.46876809000968933,0.39200103282928467,0.0019057386089116335,0.13251663744449615,0.004808498080819845
polecat_0677.jpg,polecat,2,3.185345121892169e-05,4.002590503660031e-05,0.9999279975891113,1.24252395039548e-07,1.7063535029393506e-09
pinemarten_0320.jpg,pinemarten,1,8.144323146552779e-06,0.9991686344146729,0.00028099954943172634,0.0005260846228338778,1.6088328266050667e-05
weasel_0232.jpg,weasel,4,3.6556757549988106e-06,0.0022425551433116198,0.003394162515178323,0.01651596836745739,0.9778438210487366
stoat_0328.jpg,stoat,3,0.0005323970690369606,0.009909435175359249,0.00027366657741367817,0.7932690978050232,0.1960153579711914
polecat_0052.jpg,polecat,2,1.0675493058442953e-06,7.168882802943699e-07,0.9999982118606567,3.898595934970217e-08,9.017409929867881e-09
pinemarten_0938.jpg,pinemarten,1,0.008009528741240501,0.9735750555992126,0.0021465967874974012,0.013804563321173191,0.0024642888456583023
stoat_0810.jpg,stoat,3,0.0035991922486573458,1.6506839983776445e-06,0.02753116562962532,0.9558449387550354,0.013023102656006813
pinemarten_0348.jpg,pinemarten,1,6.845941413757828e-08,0.9999959468841553,9.447971365261765e-07,3.0360524760908447e-06,4.941227871313458e-08
polecat_0770.jpg,polecat,2,6.150313856778666e-05,0.10947130620479584,0.8895772695541382,0.0002537475374992937,0.0006361855193972588
mink_0787.jpg,mink,0,1.0,1.2291435425026975e-08,1.823575779269504e-08,1.4397956160649983e-09,5.477814468690667e-08
mink_0834.jpg,mink,0,0.9999988079071045,3.145459288589336e-07,4.1190469346474856e-07,5.352040375328215e-07,3.16917403431205e-09
pinemarten_0749.jpg,pinemarten,1,0.0004661500861402601,0.8481520414352417,0.11451466381549835,0.03684404492378235,2.314022094651591e-05
pinemarten_0615.jpg,pinemarten,1,3.7654982065760123e-07,0.9999855756759644,3.287224501491437e-07,1.3137198038748465e-05,6.189936243572447e-07
mink_0595.jpg,mink,0,0.9748392701148987,0.002991866786032915,5.2637300541391596e-05,0.010660269297659397,0.01145598478615284
stoat_0923.jpg,stoat,3,0.00023999993572942913,4.591018659994006e-05,4.275251285434933e-06,0.9992005228996277,0.0005093783838674426
polecat_0747.jpg,polecat,2,0.01597893051803112,0.6017842888832092,0.38035136461257935,0.0018597196321934462,2.5659353923401795e-05
stoat_0321.jpg,stoat,3,2.1185627474551438e-07,0.009998268447816372,1.934535163172768e-07,0.9868525862693787,0.0031488053500652313
pinemarten_0304.jpg,pinemarten,1,6.253471656236798e-05,0.9975690245628357,0.0023619155399501324,5.837707703904016e-06,7.274854283423338e-07
stoat_0442.jpg,stoat,3,1.898545178846689e-07,8.630393131170422e-05,6.44062723154093e-08,0.9990401864051819,0.0008731738198548555
mink_0564.jpg,mink,0,0.9999833106994629,9.335177310276777e-06,2.8446931992220925e-06,1.5117967677724664e-06,2.9763552902295487e-06
polecat_0349.jpg,polecat,2,6.668577867685599e-08,0.0006824678275734186,0.9993166923522949,7.038012768134649e-07,1.3109485941242838e-08
weasel_0634.jpg,weasel,4,3.9380815053391416e-08,2.6523982796788914e-06,4.042611934096385e-08,0.0010108917485922575,0.9989864230155945
mink_0354.jpg,mink,0,0.9999946355819702,9.09894595224614e-08,4.958820682077203e-06,1.2017839878808445e-07,6.034764510332025e-08
stoat_0384.jpg,stoat,3,1.916959480041669e-09,1.061601324181538e-06,9.639217068979633e-08,0.9999957084655762,3.0707674341101665e-06
mink_0100.jpg,mink,0,0.9999970197677612,8.603202417134526e-08,6.632691906816035e-07,1.4615501697790023e-07,2.0159154701104853e-06
weasel_0258.jpg,weasel,4,3.1977280823269894e-09,7.388741778413532e-07,1.4686672322739014e-08,0.0017980971606448293,0.9982011318206787
mink_0964.jpg,mink,0,0.9942823648452759,0.004359454847872257,0.001353072002530098,2.0125739865761716e-06,3.104509005424916e-06
pinemarten_0836.jpg,pinemarten,1,2.7572365070227534e-05,0.9995163679122925,4.393849303596653e-05,0.00041142693953588605,6.724836225657782e-07
mink_0450.jpg,mink,0,0.9997202754020691,2.2642607291345485e-05,1.6935095118242316e-05,1.9981860532425344e-05,0.00022011544206179678
mink_0865.jpg,mink,0,0.9999246597290039,2.6013428851001663e-06,7.11086904630065e-05,1.2852527788709267e-06,2.350170120735129e-07
pinemarten_0948.jpg,pinemarten,1,0.002004144247621298,0.9915403723716736,0.0002612233511172235,0.00619191350415349,2.25688222599274e-06
polecat_0121.jpg,polecat,2,2.7188076273887418e-05,0.0015050610527396202,0.9984614849090576,6.263433533604257e-06,1.2295774354242894e-07
weasel_0287.jpg,weasel,4,0.00031629393924959004,0.003651769831776619,0.001960559282451868,0.034106019884347916,0.9599654078483582
mink_0570.jpg,mink,0,0.9999070167541504,7.602619007229805e-05,1.5295481716748327e-05,4.0834262904354546e-07,1.3259467550597037e-06
mink_0556.jpg,mink,0,0.9999833106994629,2.0002046596800938e-07,6.888538450766646e-07,4.613224973581964e-06,1.1249371709709521e-05
mink_0091.jpg,mink,0,0.9998376369476318,3.067134821321815e-05,6.659877544734627e-05,5.6025717640295625e-05,9.055078407982364e-06
pinemarten_0722.jpg,pinemarten,1,3.0618301227747224e-09,0.999953031539917,1.9146352059351557e-08,4.63076721644029e-05,6.86855855747126e-07
stoat_0201.jpg,stoat,3,5.5234372631218775e-09,2.6790225149397884e-08,7.230018805870486e-09,0.9997535347938538,0.0002464071149006486
polecat_0150.jpg,polecat,2,1.6211362208196078e-06,0.0009208046831190586,0.9982637763023376,0.0007992410100996494,1.4607629054808058e-05
pinemarten_0560.jpg,pinemarten,1,5.972247436147882e-06,0.9995250701904297,3.298161755083129e-05,0.0003952628467231989,4.077411722391844e-05
polecat_0806.jpg,polecat,2,0.00058202282525599,0.0031615993939340115,0.9961591958999634,8.806706318864599e-05,9.105679055210203e-06
stoat_0677.jpg,stoat,3,6.159044914966216e-06,2.743391814874485e-05,7.070203764669714e-07,0.998845100402832,0.0011206020135432482
polecat_0976.jpg,polecat,2,7.001922494964674e-05,0.0010551438899710774,0.9979957342147827,0.0008790518622845411,5.448327655699359e-08
stoat_0205.jpg,stoat,3,1.9873780274792807e-06,4.259466004441492e-05,0.0014344209339469671,0.9967039227485657,0.0018170843832194805
pinemarten_0309.jpg,pinemarten,1,0.00016472095740027726,0.9980023503303528,0.00014703787746839225,0.0016717410180717707,1.4115844351181295e-05
stoat_0514.jpg,stoat,3,3.309221199288004e-07,4.622581400326453e-06,5.685663495569315e-09,0.9994938373565674,0.0005012157489545643
stoat_0785.jpg,stoat,3,1.4655995983048342e-05,0.07778187841176987,5.143220550962724e-05,0.9221072793006897,4.4808275561081246e-05
weasel_0340.jpg,weasel,4,1.802530164241034e-06,8.569725468987599e-05,6.955611642212034e-09,0.07342084497213364,0.9264917373657227
weasel_0644.jpg,weasel,4,1.8174290516981273e-08,1.4492358957340912e-07,1.7369961025082148e-09,2.3049306037137285e-05,0.9999767541885376
stoat_0408.jpg,stoat,3,8.372539014089853e-05,1.42518410939374e-06,1.0019894943980034e-05,0.9582215547561646,0.04168328642845154
polecat_0096.jpg,polecat,2,0.0015905504114925861,0.0001773553085513413,0.9982224106788635,5.843136023031548e-06,3.816317985183559e-06
pinemarten_0354.jpg,pinemarten,1,2.1629371076414827e-06,0.9998570680618286,7.903185905888677e-05,6.167546234792098e-05,9.863614280902766e-08
stoat_0276.jpg,stoat,3,1.9104674720438197e-05,0.00024663153453730047,0.00011063957208534703,0.9678792953491211,0.031744301319122314
weasel_0820.jpg,weasel,4,1.9035310216963808e-08,2.3269128845981868e-09,6.908212890621712e-10,0.0005800137296319008,0.9994200468063354
pinemarten_0697.jpg,pinemarten,1,0.0009009798523038626,0.9953180551528931,0.00377708044834435,3.9430619835911784e-06,3.521178015830628e-08
weasel_0798.jpg,weasel,4,3.419290521833318e-07,4.417920251853502e-09,2.4005274212868244e-07,0.002304963767528534,0.9976944327354431
pinemarten_0085.jpg,pinemarten,1,0.11937505006790161,0.83840012550354,0.02543436363339424,0.005618081893771887,0.011172384023666382
mink_0139.jpg,mink,0,0.9999067783355713,3.3056701795430854e-05,9.615232556825504e-06,4.699537021224387e-05,3.4478932775527937e-06
weasel_0767.jpg,weasel,4,5.325355232344009e-05,0.004697902128100395,0.0016541191143915057,0.5154222249984741,0.47817251086235046
weasel_0731.jpg,weasel,4,1.1154123740197974e-06,1.1459287918569316e-07,3.552763416792004e-08,0.0010309998178854585,0.9989677667617798
stoat_0944.jpg,stoat,3,2.4701237180124735e-06,6.332608609227464e-05,0.0004126284911762923,0.9991260170936584,0.00039547524647787213
mink_0953.jpg,mink,0,0.5477181673049927,0.09406334906816483,0.35792815685272217,0.0002751678111962974,1.5102048564585857e-05
stoat_0682.jpg,stoat,3,2.2723061192664318e-06,4.587569719660678e-07,1.4935432773199864e-05,0.7692272663116455,0.23075507581233978
polecat_0964.jpg,polecat,2,1.5425463288920582e-06,4.383734994917177e-05,0.9999544620513916,1.7841409771790495e-07,1.5742113390615486e-08
polecat_0946.jpg,polecat,2,6.914164259796962e-05,5.131285797688179e-05,0.9998788833618164,2.4452214120174176e-07,4.083408953192702e-07
stoat_0271.jpg,stoat,3,4.342281317804009e-05,0.00955773051828146,0.013481163419783115,0.9768028259277344,0.0001148626979556866
polecat_0125.jpg,polecat,2,1.0869462130358443e-05,0.0003049926890525967,0.9996840953826904,7.98359707232521e-08,1.009676564578399e-09
weasel_0555.jpg,weasel,4,0.00040409070788882673,0.0014978509861975908,1.1595155228860676e-05,0.46181634068489075,0.5362701416015625
polecat_0339.jpg,polecat,2,3.6863326613456593e-07,0.0001863851211965084,0.9983626008033752,0.0014487151056528091,1.9407323179621017e-06
stoat_0585.jpg,stoat,3,3.3847419311783256e-10,1.1353273876579806e-08,2.0167982839325305e-09,0.9997279047966003,0.0002720695047173649
pinemarten_0698.jpg,pinemarten,1,3.5594136988947866e-06,0.02330757863819599,0.9756693243980408,0.0010141016682609916,5.414456154539948e-06
mink_0693.jpg,mink,0,0.9451755881309509,0.04521133750677109,0.006951626855880022,0.0011006168788298965,0.0015608735848218203
weasel_0326.jpg,weasel,4,3.325715258739592e-09,3.022484606346465e-12,3.843442897277782e-09,0.0007068655686452985,0.9992930889129639
pinemarten_0332.jpg,pinemarten,1,0.003241532715037465,0.9941767454147339,0.0023987700697034597,0.00018132767581846565,1.6319685300913989e-06
stoat_0055.jpg,stoat,3,2.0249142362871453e-09,0.0002629161754157394,4.2851555637213323e-10,0.9994964599609375,0.000240547233261168
polecat_0212.jpg,polecat,2,3.3283617995039094e-06,9.64057762757875e-05,0.9998893737792969,1.0902823305514175e-05,1.0720740739600387e-08
mink_0677.jpg,mink,0,0.9999879598617554,1.1702904885169119e-05,3.504503922613367e-07,2.373883534190213e-09,6.710987765501386e-09
mink_0735.jpg,mink,0,0.9999849796295166,1.1538190847204532e-05,3.410637418710394e-06,7.818075431487159e-08,3.515397040132484e-08
stoat_0843.jpg,stoat,3,0.0001078390414477326,5.004854301660089e-06,2.93838184006745e-05,0.9968499541282654,0.0030078424606472254
weasel_0711.jpg,weasel,4,7.568997375528852e-07,4.5791910707748684e-08,6.750176595460289e-08,0.09619680792093277,0.903802216053009
polecat_0364.jpg,polecat,2,1.1585303809624747e-06,0.00048161379527300596,0.9995152950286865,1.8508851553633576e-06,1.0966600960671258e-08
weasel_0667.jpg,weasel,4,4.089689014108444e-07,7.735964754829183e-05,1.354984988211072e-06,0.006632791832089424,0.9932882189750671
weasel_0700.jpg,weasel,4,3.336099396733516e-08,3.781476465292144e-09,2.126884979247734e-08,0.0018341762479394674,0.9981659054756165
weasel_0946.jpg,weasel,4,4.0714054193813354e-05,1.0565896246816919e-07,1.2084068657713942e-05,0.27368074655532837,0.7262663245201111
stoat_0403.jpg,stoat,3,0.00017213087994605303,0.0011435766937211156,2.206989847763907e-06,0.9835091233253479,0.015172934159636497
polecat_0733.jpg,polecat,2,0.00015218810585793108,9.734457125887275e-05,0.9996458292007446,3.1953157304087654e-05,7.271412323461846e-05
mink_0608.jpg,mink,0,0.9990297555923462,0.00018878145783673972,0.0003097215958405286,0.0002337816549697891,0.00023790859268046916
stoat_0181.jpg,stoat,3,3.2172229111893103e-06,0.017240604385733604,1.395023105033033e-06,0.9825236201286316,0.00023114806390367448
stoat_0930.jpg,stoat,3,0.0009927344508469105,0.015530587173998356,0.0036609722301363945,0.9724193811416626,0.007396332919597626
polecat_0391.jpg,polecat,2,1.1103030601589126e-06,0.04442555084824562,0.9555715322494507,1.7191822507811594e-06,5.395897417770357e-08
pinemarten_0671.jpg,pinemarten,1,3.3973523386521265e-05,0.9998782873153687,7.405781070701778e-05,1.3490787750924937e-05,2.2059629145587678e-07
weasel_0534.jpg,weasel,4,3.246403866796754e-05,6.5694489421730395e-06,0.00016969141142908484,6.022538218530826e-05,0.9997311234474182
pinemarten_0701.jpg,pinemarten,1,1.0460731573402882e-05,0.9452112317085266,0.00027131300885230303,0.054220907390117645,0.00028612182359211147
pinemarten_0312.jpg,pinemarten,1,0.013084233738481998,0.9776068925857544,0.009273329749703407,1.6104573660413735e-05,1.943393908732105e-05
weasel_0988.jpg,weasel,4,6.105089141783537e-06,2.1726895283791237e-05,1.768435504345689e-05,0.9525608420372009,0.04739362746477127
weasel_0838.jpg,weasel,4,1.8929078748897155e-08,4.1211259405038447e-10,3.2432156960027214e-10,6.344469875330105e-05,0.999936580657959
polecat_0841.jpg,polecat,2,0.001655292697250843,0.0012391977943480015,0.9923936128616333,0.0031984776724129915,0.0015134481946006417
mink_0807.jpg,mink,0,0.8373255729675293,0.11377118527889252,0.04889432340860367,8.778974006418139e-06,7.47183008797947e-08
polecat_0955.jpg,polecat,2,0.5245097279548645,0.009192487224936485,0.41939425468444824,0.046888452023267746,1.4982679203967564e-05
mink_0473.jpg,mink,0,0.9999992847442627,7.09305027157825e-07,1.84439130634928e-08,6.19310297489406e-11,1.2372969315777027e-09
polecat_0471.jpg,polecat,2,0.00013902291539125144,5.664742275257595e-06,0.9997873902320862,2.2926327801542357e-05,4.4979788071941584e-05
mink_0425.jpg,mink,0,0.9999852180480957,9.755876995143353e-09,2.338405580282199e-10,8.995579605652892e-07,1.3862996638636105e-05
mink_0275.jpg,mink,0,0.9701415300369263,0.029062695801258087,0.00021361286053434014,0.0005357943591661751,4.633220669347793e-05
weasel_0284.jpg,weasel,4,1.2294919997657416e-06,7.291765058425881e-08,1.045761450768623e-06,0.06463595479726791,0.9353616833686829
stoat_0499.jpg,stoat,3,0.0001652425853535533,0.00040607285336591303,0.0047968472354114056,0.9833043813705444,0.011327449232339859
polecat_0752.jpg,polecat,2,0.0020579928532242775,4.737450126413023e-06,0.9977728724479675,0.00014303697389550507,2.1418247342808172e-05
mink_0687.jpg,mink,0,0.9999827146530151,6.07658234841324e-09,7.971562854258707e-10,1.0303070666850545e-05,6.987167125771521e-06
polecat_0382.jpg,polecat,2,9.891275112750009e-06,1.2944985428475775e-05,0.9999758005142212,1.4024357142261579e-06,2.4722927705056463e-08
polecat_0551.jpg,polecat,2,1.3022161510889418e-05,6.75942715133715e-07,0.9999862909317017,1.2969048945876693e-08,1.7439548471998023e-08
weasel_0551.jpg,weasel,4,7.357528829743387e-06,0.015162615105509758,0.0004278091073501855,0.9586921334266663,0.025710061192512512
mink_0437.jpg,mink,0,0.8912314176559448,0.10402051359415054,0.00474157091230154,5.558468274102779e-06,9.984599955714657e-07
weasel_0631.jpg,weasel,4,7.471243179679732e-09,2.082888954646478e-07,4.6120941732397114e-08,0.020687852054834366,0.9793119430541992
pinemarten_0250.jpg,pinemarten,1,0.7954549193382263,0.1499999612569809,0.05233171209692955,0.0013585087144747376,0.0008549612248316407
weasel_0089.jpg,weasel,4,2.1664865457182714e-09,3.5672840681399975e-08,5.23074703551174e-08,0.012193105183541775,0.9878068566322327
pinemarten_0841.jpg,pinemarten,1,3.6196745440975064e-06,0.9997537732124329,0.0001648415782256052,7.688849291298538e-05,8.853533586261619e-07
pinemarten_0324.jpg,pinemarten,1,4.4274805986788124e-05,0.9996503591537476,0.0003047643112950027,3.9693355802228325e-07,2.1525426063817577e-07
weasel_0476.jpg,weasel,4,1.3529319176086574e-07,2.26808583647653e-06,5.318524472386343e-06,1.594362584000919e-05,0.9999762773513794
mink_0050.jpg,mink,0,0.9973795413970947,0.0003240455989725888,0.0022964319214224815,4.1884131718461504e-08,4.145866583371571e-08
mink_0470.jpg,mink,0,0.9960834980010986,6.444632163038477e-05,0.002522370545193553,0.00020487736037466675,0.0011248955270275474
pinemarten_0780.jpg,pinemarten,1,0.0003160675405524671,0.9815109372138977,0.018043698742985725,0.0001290181535296142,2.1238058423023176e-07
stoat_0563.jpg,stoat,3,2.401799470419519e-08,5.439196320367046e-05,1.822216830760226e-07,0.98638516664505,0.013560190796852112
stoat_0134.jpg,stoat,3,6.672042900390807e-07,1.787814518650066e-08,5.434577232676929e-08,0.9998650550842285,0.0001342078176094219
pinemarten_0183.jpg,pinemarten,1,3.0950505447435717e-07,0.9999860525131226,1.1446278449511738e-06,1.2492095265770331e-05,3.768379219781792e-10
mink_0652.jpg,mink,0,0.9646340012550354,0.035027746111154556,0.00015318201621994376,0.00013950880384072661,4.557746433420107e-05
weasel_0596.jpg,weasel,4,2.479451723047532e-06,2.1546095013036393e-05,2.8570229915203527e-06,0.08157777786254883,0.9183952808380127
pinemarten_0852.jpg,pinemarten,1,0.00029813675791956484,0.98395836353302,0.014520813710987568,0.0012138339225202799,8.875323146639857e-06
mink_0637.jpg,mink,0,0.9999896287918091,1.4425282301999687e-07,9.643700650485698e-06,4.0288102809427073e-07,1.5212629023153568e-07
weasel_0712.jpg,weasel,4,1.0210806067334488e-06,1.7792750668377266e-06,2.262278897546821e-08,0.022523852065205574,0.9774733781814575
stoat_0160.jpg,stoat,3,0.000788095872849226,0.16650885343551636,0.00016422790940850973,0.831504225730896,0.0010345528135076165
pinemarten_0689.jpg,pinemarten,1,1.551265813759528e-05,0.9999669790267944,1.715801772661507e-05,3.017252936388104e-07,2.0386718091458533e-08
mink_0640.jpg,mink,0,0.9959816932678223,0.003011563327163458,0.000973714457359165,1.4262878721638117e-05,1.874528607004322e-05
stoat_0915.jpg,stoat,3,1.5158086625888245e-06,0.0010749534703791142,3.5135897633153945e-05,0.9920612573623657,0.0068270559422671795
polecat_0418.jpg,polecat,2,1.3830808498482838e-08,9.484605834586546e-05,0.9984197616577148,0.0014845379628241062,8.402918751926336e-07
stoat_0353.jpg,stoat,3,5.539841296808845e-08,1.0530783583817538e-05,2.089268264171551e-06,0.9996458292007446,0.00034149413113482296
weasel_0250.jpg,weasel,4,0.00010338815627619624,0.00019289052579551935,0.00011704290227498859,0.9922509789466858,0.007335668429732323
stoat_0287.jpg,stoat,3,8.66588561621029e-06,0.00018399445980321616,7.415219549500307e-09,0.9997473359107971,6.000294160912745e-05
mink_0016.jpg,mink,0,0.9999995231628418,2.7185066642232414e-07,4.971930422925652e-09,4.3517101033785366e-08,1.1544522493522891e-07
mink_0835.jpg,mink,0,0.10698719322681427,0.8844695091247559,0.008086598478257656,0.0003907431964762509,6.588784162886441e-05
pinemarten_0557.jpg,pinemarten,1,6.040820608177455e-06,0.9999933242797852,1.950771810754759e-08,6.52145502044732e-07,1.3000859278022858e-09
mink_0451.jpg,mink,0,0.9999992847442627,6.811322350586124e-07,1.4062164765960006e-09,6.279082722521201e-12,4.988052332288717e-11
stoat_0643.jpg,stoat,3,1.5162127965595573e-05,2.4043030862230808e-05,1.652754093584008e-07,0.9990710020065308,0.0008895870996639132
stoat_0088.jpg,stoat,3,0.001198063837364316,0.0006025320617482066,8.035707287490368e-05,0.5673303008079529,0.4307887554168701
mink_0208.jpg,mink,0,0.7408662438392639,0.09206965565681458,0.1633361279964447,0.0033428457099944353,0.00038517205393873155
stoat_0968.jpg,stoat,3,2.485130971763283e-05,0.4526602029800415,0.0002454575733281672,0.509901225566864,0.037168238312006
stoat_0730.jpg,stoat,3,7.685162728421346e-08,0.0007345171179622412,2.2785719920648262e-05,0.9991405010223389,0.00010205173020949587
stoat_0052.jpg,stoat,3,0.003014869289472699,0.9625906348228455,0.012144321575760841,0.013530011288821697,0.008720104582607746
pinemarten_0052.jpg,pinemarten,1,6.385785673046485e-05,0.9998347759246826,0.00010111382289323956,1.984953712508286e-07,1.582518116549636e-08
polecat_0687.jpg,polecat,2,5.30126442299661e-07,5.341250641777151e-08,0.9999992847442627,1.6871194219447716e-08,2.3497257473081845e-08
mink_0440.jpg,mink,0,0.9928032755851746,0.00021388033928815275,3.338237775096786e-07,0.0005154752288945019,0.006467012222856283
weasel_0356.jpg,weasel,4,0.00027199802570976317,6.969712273985351e-08,8.647336358080793e-08,0.027745269238948822,0.9719825387001038
mink_0520.jpg,mink,0,0.9999747276306152,2.1304416804923676e-05,3.976472726208158e-06,1.6413620684829766e-08,1.6178274719891306e-08
pinemarten_0708.jpg,pinemarten,1,1.4927932170394342e-05,0.999982476234436,1.417963517269527e-06,1.0886645895880065e-06,5.199551367240929e-08
weasel_0447.jpg,weasel,4,4.9515365390107036e-05,7.954084867378697e-05,0.0006803628639318049,0.0049621048383414745,0.9942284822463989
stoat_0372.jpg,stoat,3,5.646333534059522e-07,1.838215030147694e-05,6.524337550217751e-07,0.9871320724487305,0.012848355807363987
stoat_0632.jpg,stoat,3,6.903108129563407e-08,1.657432733281894e-07,1.0751913350759423e-06,0.9182814955711365,0.0817171186208725
mink_0709.jpg,mink,0,0.9999854564666748,6.2677136156708e-06,3.6514229577733204e-06,5.039354959990305e-07,4.0459185584040824e-06
stoat_0130.jpg,stoat,3,0.0041694361716508865,0.025760158896446228,2.982859086841927e-06,0.9658812284469604,0.004186232108622789
polecat_0732.jpg,polecat,2,7.385311164398445e-06,1.7758670765033457e-06,0.9999872446060181,1.7584136458026478e-07,3.4123177101719193e-06
mink_0223.jpg,mink,0,0.9910202622413635,0.00027748744469136,0.008649480529129505,4.365075801615603e-05,9.092910659092013e-06
stoat_0084.jpg,stoat,3,9.999475025779248e-09,1.672565304033924e-06,4.927350119032781e-07,0.9999973773956299,4.073029060691624e-07
mink_0156.jpg,mink,0,0.9993614554405212,3.9190494135254994e-05,7.201706466730684e-07,0.00020759190374519676,0.0003911670937668532
weasel_0955.jpg,weasel,4,3.215407318180041e-08,1.346974060068007e-10,5.874247199777471e-10,0.00485307676717639,0.9951469302177429
mink_0561.jpg,mink,0,0.9533973932266235,0.04317079111933708,0.0033069318160414696,0.00012424190936144441,5.421388777904212e-07
mink_0656.jpg,mink,0,0.9997656941413879,2.925853186752647e-05,0.00019124244863633066,5.50888307770947e-06,8.212220564018935e-06
pinemarten_0817.jpg,pinemarten,1,0.00041264030733145773,0.9978339076042175,5.2113424317212775e-05,0.0016999969957396388,1.3433148069452727e-06
polecat_0613.jpg,polecat,2,7.620828455401352e-06,1.0515839932168092e-07,0.9999815225601196,3.4226002298964886e-06,7.2392826950817835e-06
mink_0935.jpg,mink,0,0.9983199238777161,0.0003331327170599252,1.0250030754832551e-05,0.0006815560045652092,0.0006550922989845276
polecat_0706.jpg,polecat,2,0.002881317865103483,2.0772490643139463e-06,0.9970905780792236,2.389343353570439e-05,2.1854712031199597e-06
polecat_0612.jpg,polecat,2,0.00018402280693408102,1.7784204828785732e-05,0.9997527003288269,2.454161767673213e-05,2.0987892639823258e-05
stoat_0233.jpg,stoat,3,4.600437364388199e-08,0.056596096605062485,9.615568785648065e-08,0.9426959156990051,0.0007078000926412642
polecat_0535.jpg,polecat,2,1.3636440598929767e-07,1.333889258603449e-06,0.9999721050262451,2.4862421923899092e-05,1.5056677966640564e-06
mink_0347.jpg,mink,0,0.9743406176567078,0.02064698189496994,0.0044182720594108105,0.00045227224472910166,0.00014177380944602191
polecat_0276.jpg,polecat,2,5.108515779284062e-06,0.0011469196761026978,0.9988478422164917,6.213544878619359e-08,7.772537280459346e-09
mink_0571.jpg,mink,0,0.9999189376831055,2.8100237159378594e-07,8.069574687397107e-05,1.0186863619310316e-07,4.080798277072972e-08
polecat_0383.jpg,polecat,2,0.18718865513801575,0.5282008051872253,0.2844337522983551,0.0001735689875204116,3.169503315803013e-06
polecat_0237.jpg,polecat,2,0.008374698460102081,0.197313129901886,0.79352205991745,0.0003279860538896173,0.0004621350090019405
polecat_0702.jpg,polecat,2,0.0015945665072649717,8.810379949864e-05,0.9979594945907593,0.00034079552278853953,1.7103220670833252e-05
weasel_0913.jpg,weasel,4,7.748029929643963e-06,2.815882851336937e-07,7.903024197730701e-06,0.006147458683699369,0.9938365817070007
mink_0635.jpg,mink,0,0.9989745616912842,0.0007307611522264779,1.0771374945761636e-05,2.121868237736635e-05,0.000262674642726779
mink_0443.jpg,mink,0,0.28466475009918213,0.714847981929779,0.0003882767050527036,9.640470671001822e-05,2.671702304724022e-06
polecat_0178.jpg,polecat,2,0.00030936882831156254,4.320054813433671e-06,0.9996863603591919,1.2343558175587077e-08,3.7001757213772635e-09
mink_0145.jpg,mink,0,0.9989118576049805,0.0010802733013406396,6.2850272115611006e-06,5.913689733461069e-07,9.81378889264306e-07
mink_0082.jpg,mink,0,0.999998927116394,5.911431912863918e-07,4.4182982605889265e-08,4.49282026693254e-07,4.811262854786946e-08
mink_0785.jpg,mink,0,0.9999948740005493,8.709777432613919e-08,4.659101250581443e-06,5.216851661771216e-08,3.170268030316947e-07
mink_0972.jpg,mink,0,0.9999885559082031,6.761128190646559e-08,8.684161002747715e-06,6.359275062095548e-08,2.6335960683354642e-06
pinemarten_0699.jpg,pinemarten,1,1.4544504267632874e-07,0.999983549118042,4.241183546582761e-07,1.3824764209857676e-05,2.0241566289769253e-06
pinemarten_0973.jpg,pinemarten,1,1.45315743793617e-05,0.892767608165741,0.10567674785852432,8.032965706661344e-05,0.00146072031930089
polecat_0278.jpg,polecat,2,9.523148037260398e-05,1.2759821856889175e-06,0.9999018907546997,1.9661592887132429e-07,1.4440610129895504e-06
mink_0598.jpg,mink,0,0.990355372428894,0.0074973804876208305,0.0005251139518804848,0.001500445301644504,0.00012168897956144065
polecat_0833.jpg,polecat,2,1.58472790445785e-08,1.187477460112829e-11,1.0,4.0830990144513635e-08,4.4440168212034337e-10
weasel_0259.jpg,weasel,4,9.34158705945265e-08,3.134388582015646e-10,5.51777965540623e-08,0.00040006052586250007,0.9995998740196228
mink_0565.jpg,mink,0,0.9999940395355225,4.359110903351393e-07,5.347548267309321e-06,1.995883422978295e-07,2.9639830145811175e-08
weasel_0878.jpg,weasel,4,0.00023653711832594126,0.03429948166012764,3.749802635866217e-05,0.7982789874076843,0.1671474277973175
pinemarten_0617.jpg,pinemarten,1,5.7241460460488724e-09,0.9999927282333374,3.3968681236729026e-06,3.7829120174137643e-06,7.343408725546396e-08
weasel_0117.jpg,weasel,4,5.350736742570916e-08,2.3193084952577436e-10,3.3901989549001144e-10,0.002548960968852043,0.9974510073661804
polecat_0181.jpg,polecat,2,0.00012219826749060303,2.1637120880768634e-05,0.9998075366020203,4.30456166213844e-05,5.569212135014823e-06
polecat_0104.jpg,polecat,2,0.018254080787301064,3.528404704411514e-05,0.9815521836280823,3.105686482740566e-05,0.00012733617040794343
stoat_0465.jpg,stoat,3,1.693835770311125e-06,3.776727317017503e-05,2.931659582827706e-05,0.9998303651809692,0.00010077738988911733
weasel_0642.jpg,weasel,4,5.745862949879665e-07,2.6937816421934713e-09,1.4896001099273803e-10,0.03818129748106003,0.9618180990219116
mink_0880.jpg,mink,0,0.9998306035995483,1.0470676897966769e-05,0.00015887570043560117,2.776059382370022e-08,1.6473634900648904e-08
weasel_0436.jpg,weasel,4,0.0009223002707585692,0.0005046453443355858,3.337546513648704e-05,0.8260681629180908,0.17247147858142853
pinemarten_0443.jpg,pinemarten,1,5.017066655454983e-07,0.9999969005584717,2.039781065832358e-06,5.638902962346037e-07,1.784761227696663e-09
stoat_0022.jpg,stoat,3,9.16193675948307e-06,1.5145197949095746e-06,2.3783877622918226e-06,0.9954702854156494,0.004516599699854851
polecat_0657.jpg,polecat,2,1.2815797163057141e-05,6.228999538393509e-09,0.9999871253967285,1.6455956597383192e-08,4.3168810193172646e-10
pinemarten_0711.jpg,pinemarten,1,0.00023257308930624276,0.9996970891952515,9.67370624493924e-07,6.882497109472752e-05,5.631231942970771e-07
mink_0238.jpg,mink,0,0.9928296208381653,0.006684015039354563,3.20606523018796e-05,0.0003518057055771351,0.00010253470827592537
weasel_0684.jpg,weasel,4,2.837349484252627e-07,2.143072197213769e-05,7.644077413715422e-06,0.13437888026237488,0.8655917644500732
weasel_0765.jpg,weasel,4,3.7592585044876614e-07,0.000502317154314369,2.1964535790175432e-06,0.023594113066792488,0.9759010076522827
polecat_0528.jpg,polecat,2,7.27510314391111e-06,7.16844965609198e-08,0.9999897480010986,1.6432680922662257e-06,1.297435119340662e-06
weasel_0566.jpg,weasel,4,7.496956300201418e-07,7.804035639935591e-09,2.3872346321951454e-09,0.0020342115312814713,0.9979650974273682
weasel_0248.jpg,weasel,4,1.4342877818762645e-07,4.565478661788802e-09,2.646592389687896e-10,0.0014255712740123272,0.9985742568969727
mink_0184.jpg,mink,0,0.9999862909317017,2.445779500703793e-06,1.9894800971087534e-06,3.1561517062073108e-06,6.028525604051538e-06
pinemarten_0901.jpg,pinemarten,1,0.0020210999064147472,0.9830281734466553,0.005937272682785988,0.009003128856420517,1.0313699021935463e-05
mink_0837.jpg,mink,0,0.9987409710884094,0.0012196743628010154,3.935666609322652e-05,2.2498340968013508e-08,3.149351002207368e-08
mink_0194.jpg,mink,0,0.9998424053192139,4.147225627093576e-05,9.626546670915559e-05,2.1677192307834048e-06,1.765084198268596e-05
mink_0081.jpg,mink,0,0.999187171459198,0.0007661810959689319,4.2800016672117636e-05,2.511289949325146e-06,1.3305268566909945e-06
weasel_0848.jpg,weasel,4,0.00104821368586272,4.641294799512252e-05,0.008716924116015434,0.7760367393493652,0.21415168046951294
mink_0057.jpg,mink,0,0.9569684863090515,0.01133702602237463,0.021552063524723053,0.007229948416352272,0.0029124373104423285
polecat_0536.jpg,polecat,2,9.031084005073353e-07,2.6078965653653086e-09,0.9999990463256836,5.245929202146726e-08,5.926328178196272e-11
stoat_0951.jpg,stoat,3,3.483000909909606e-07,0.01471854280680418,2.1463335997395916e-06,0.9848296046257019,0.0004493861342780292
weasel_0600.jpg,weasel,4,0.0072549800388514996,3.2746848432907427e-07,6.358481385859704e-08,0.014308543875813484,0.9784360527992249
weasel_0015.jpg,weasel,4,0.0006878314889036119,0.004498769994825125,7.465167755071889e-07,0.5858724117279053,0.40894028544425964
mink_0027.jpg,mink,0,0.9867966175079346,0.00014116776583250612,0.0023365169763565063,0.0016040822956711054,0.00912170298397541
polecat_0228.jpg,polecat,2,9.41802209126763e-05,5.8540827012620866e-05,0.999845027923584,2.1223290787020233e-06,1.0685341322869135e-07
polecat_0682.jpg,polecat,2,2.297856072086546e-10,1.4634268189622768e-12,1.0,4.210244132496488e-12,2.8459084589795014e-13
stoat_0496.jpg,stoat,3,0.0001523451501270756,9.54712595557794e-05,9.197858162224293e-05,0.9936942458152771,0.005965904798358679
pinemarten_0294.jpg,pinemarten,1,5.541972313949373e-06,0.9999016523361206,5.0732424483612704e-08,5.324316953192465e-05,3.951782491640188e-05
polecat_0273.jpg,polecat,2,2.1736445887654554e-06,1.018160219246056e-05,0.998955488204956,0.0006662500672973692,0.00036594984703697264
pinemarten_0976.jpg,pinemarten,1,6.974995869768463e-08,0.9997088313102722,3.449366658969666e-07,0.0002902543928939849,4.0399700651505555e-07
pinemarten_0714.jpg,pinemarten,1,0.05586510896682739,0.7655327916145325,0.16039060056209564,0.0054677450098097324,0.012743732891976833
mink_0885.jpg,mink,0,0.9997650980949402,1.8671264570002677e-06,1.5744853953947313e-06,0.00018837132665794343,4.313032695790753e-05
stoat_0701.jpg,stoat,3,2.443111952743493e-06,0.0003869681095238775,0.0031973104923963547,0.9924085140228271,0.004004700109362602
stoat_0304.jpg,stoat,3,2.528470410823047e-08,2.272142182846437e-06,1.6838152987475041e-06,0.9421859979629517,0.05781005695462227
polecat_0672.jpg,polecat,2,5.660142778651789e-05,0.00014510902110487223,0.999711811542511,8.060674008447677e-05,5.86803253099788e-06
polecat_0078.jpg,polecat,2,0.13751265406608582,0.10587351024150848,0.7540159225463867,0.0025973820593208075,4.984162842447404e-07
stoat_0716.jpg,stoat,3,1.0479339835001156e-05,0.001164915389381349,1.8322487449040636e-05,0.9937213659286499,0.00508494907990098
polecat_0961.jpg,polecat,2,2.033388682320947e-06,7.323271711356938e-05,0.9999021291732788,1.8602466298034415e-05,4.069440365128685e-06
stoat_0013.jpg,stoat,3,1.0185343057855789e-07,5.324801577444305e-07,7.447937946380989e-07,0.9999985694885254,9.97033495764299e-08
pinemarten_0813.jpg,pinemarten,1,0.017536194995045662,0.029897136613726616,0.34167465567588806,0.01931992918252945,0.591572105884552
pinemarten_0430.jpg,pinemarten,1,4.931186126100329e-09,0.9999877214431763,1.95324133756003e-07,1.1980964700342156e-05,7.773192578497401e-08
pinemarten_0753.jpg,pinemarten,1,4.473579610930756e-05,0.9913190007209778,0.0003636280307546258,0.008034598082304,0.00023802422219887376
mink_0998.jpg,mink,0,0.8287779092788696,0.1698712408542633,0.0013376655988395214,5.389239959185943e-06,7.92990886111511e-06
weasel_0810.jpg,weasel,4,4.103088429019408e-07,1.9346280133447635e-10,5.991660945170452e-09,0.0026793277356773615,0.9973203539848328
pinemarten_0033.jpg,pinemarten,1,1.8131760953110643e-05,0.9914208650588989,0.006002459209412336,0.0025584115646779537,1.7383727879405342e-07
pinemarten_0718.jpg,pinemarten,1,8.497591466039012e-07,0.9998899698257446,1.8049868231173605e-05,9.087689250009134e-05,2.936106682227546e-07
polecat_0056.jpg,polecat,2,1.2732140930893365e-05,1.7313736861979123e-06,0.9999698400497437,1.539012009743601e-05,2.231516873507644e-07
polecat_0721.jpg,polecat,2,2.851449062291067e-05,0.009626632556319237,0.990343451499939,1.315561121373321e-06,9.052879001991698e-10
polecat_0338.jpg,polecat,2,9.96040050438296e-09,1.3766742190668424e-09,0.9999997615814209,2.7546920478016546e-07,1.9316752641884705e-08
weasel_0474.jpg,weasel,4,0.5884498357772827,0.07634290307760239,9.249672439182177e-05,0.2829805314540863,0.05213417485356331
polecat_0822.jpg,polecat,2,0.017528394237160683,0.0013525189133360982,0.9811191558837891,3.16649284570758e-08,3.7088088156167487e-09
stoat_0455.jpg,stoat,3,1.924722159429848e-09,2.7731452689749858e-08,1.2957632407051278e-06,0.9999972581863403,1.4769107110623736e-06
weasel_0124.jpg,weasel,4,4.876947514276253e-06,3.0008848625584505e-05,1.2868763121787197e-07,0.009772536344826221,0.9901925325393677
polecat_0080.jpg,polecat,2,0.0002896232472267002,0.001599853509105742,0.9980593323707581,5.0781691243173555e-05,4.966124151906115e-07
polecat_0848.jpg,polecat,2,0.0012942301109433174,0.1335294246673584,0.0817924365401268,0.7822017073631287,0.0011822037631645799
stoat_0410.jpg,stoat,3,0.00082131486851722,0.002609791001304984,0.0013863509520888329,0.9939351677894592,0.0012473630486056209
stoat_0866.jpg,stoat,3,5.6168268201872706e-05,3.420540224396973e-06,0.00029863149393349886,0.554877519607544,0.44476431608200073
mink_0791.jpg,mink,0,0.9931797981262207,0.0010020576883107424,0.005629391875118017,0.0001556319184601307,3.314969944767654e-05
weasel_0561.jpg,weasel,4,0.0038339197635650635,0.821720540523529,0.00021201455092523247,0.07952961325645447,0.09470396488904953
weasel_0190.jpg,weasel,4,2.920328188338317e-05,1.7955811415504286e-07,5.660725577172343e-08,0.00046322145499289036,0.9995074272155762
stoat_0802.jpg,stoat,3,0.0015727750724181533,0.0008408621069975197,0.0021946928463876247,0.9768093228340149,0.01858237013220787
polecat_0922.jpg,polecat,2,1.6648206155878142e-06,3.0058029665269714e-07,0.9996992349624634,0.00029402662767097354,4.810959126189118e-06
weasel_0040.jpg,weasel,4,1.2887315392617893e-07,6.595084414584562e-06,2.241560892457528e-08,0.0035043673124164343,0.9964889287948608
weasel_0679.jpg,weasel,4,2.9835530312993797e-07,4.010213494609616e-09,2.4285022881542773e-09,0.0012541054747998714,0.9987455606460571
weasel_0226.jpg,weasel,4,4.619283936335705e-05,8.04398769105319e-06,7.291982910828665e-06,0.004279471468180418,0.9956591129302979
polecat_0972.jpg,polecat,2,0.0010388614609837532,0.0001725412585074082,0.9987847208976746,3.897101578331785e-06,7.783435007624462e-10
weasel_0640.jpg,weasel,4,5.570286134570779e-07,1.677905629549059e-06,1.4580858760382398e-06,0.9000956416130066,0.09990057349205017
stoat_0534.jpg,stoat,3,1.6812618852668493e-08,1.1238784480838149e-07,3.9198692292075066e-08,0.9994778037071228,0.0005220017628744245
mink_0242.jpg,mink,0,0.9969379901885986,0.0005221175379119813,0.0025023093912750483,3.481076782918535e-05,2.8771551114914473e-06
pinemarten_0206.jpg,pinemarten,1,0.003449586918577552,0.9933900833129883,9.3400216428563e-05,0.0028274296782910824,0.00023948655871208757
weasel_0925.jpg,weasel,4,0.0008530198247171938,3.0233630241127685e-05,2.3537173547083512e-05,0.02804163098335266,0.9710516333580017
weasel_0290.jpg,weasel,4,1.8112336874764878e-07,4.906115513847453e-09,4.17747628489451e-07,0.011867821216583252,0.9881315231323242
pinemarten_0334.jpg,pinemarten,1,0.00712421303614974,0.9709474444389343,0.021924695000052452,2.925526814578916e-06,7.515681659242546e-07
mink_0254.jpg,mink,0,0.999997615814209,1.297812080025551e-09,1.21948303899444e-07,2.016591452047578e-06,1.8424024972318875e-07
polecat_0372.jpg,polecat,2,0.0002329676499357447,0.01127292588353157,0.9780699014663696,0.0002946003805845976,0.010129597969353199
stoat_0592.jpg,stoat,3,3.900282081303885e-06,0.0025418924633413553,7.035138878563885e-06,0.9971529245376587,0.0002941780549008399
polecat_0136.jpg,polecat,2,3.606713653425686e-05,3.184276522461005e-07,0.999962568283081,6.709512945235474e-07,4.099976536053873e-07
mink_0751.jpg,mink,0,0.9915315508842468,0.00311457272619009,0.002069340320304036,0.002480710158124566,0.0008037217194214463
stoat_0478.jpg,stoat,3,1.9852905097650364e-05,0.00047394726425409317,8.475319191347808e-05,0.9936796426773071,0.005741785746067762
mink_0982.jpg,mink,0,0.9999183416366577,7.408945066345041e-07,3.821921200142242e-05,3.678644134197384e-05,5.846368367201649e-06
weasel_0111.jpg,weasel,4,7.320192452198171e-08,6.779248690191864e-11,4.050599786142861e-11,0.0007986663258634508,0.999201238155365
weasel_0293.jpg,weasel,4,6.260733598217882e-10,1.8744437113582535e-09,2.3935249338080666e-09,0.00015300056838896126,0.9998469352722168
weasel_0959.jpg,weasel,4,0.6203656792640686,0.2784542739391327,0.020202985033392906,0.0021968106739223003,0.07878018170595169
polecat_0797.jpg,polecat,2,0.013989212922751904,0.18188856542110443,0.3971921503543854,0.0069290040992200375,0.4000011384487152
mink_0245.jpg,mink,0,0.9994943141937256,2.4591292913100915e-06,0.00021642673527821898,0.00023117053206078708,5.560519639402628e-05
weasel_0424.jpg,weasel,4,0.0043002949096262455,0.6244994401931763,0.17703983187675476,0.0074048591777682304,0.18675561249256134
weasel_0333.jpg,weasel,4,1.1579138572415104e-06,3.61117074021422e-08,3.513450508307869e-08,0.8875012993812561,0.11249751597642899
polecat_0724.jpg,polecat,2,5.4864816775079817e-05,0.0003787477617152035,0.9995662569999695,6.909125715992559e-08,6.266316887604262e-08
mink_0836.jpg,mink,0,0.9992832541465759,0.0002465821453370154,0.0003185017267242074,0.00014596876280847937,5.7682013903104234e-06
mink_0883.jpg,mink,0,0.9997941851615906,4.0558752516517416e-06,1.1689027815009467e-05,4.596293820213759e-06,0.00018539864686317742
stoat_0420.jpg,stoat,3,6.304459038153354e-11,9.009241352941899e-09,1.636061774945574e-08,0.9999998807907104,1.5014386178791028e-07
stoat_0092.jpg,stoat,3,3.430490323808044e-06,0.000181415060069412,0.0007438432076014578,0.9990527033805847,1.8645287127583288e-05
polecat_0891.jpg,polecat,2,0.00010183389531448483,0.000931107031647116,0.9989645481109619,2.4546636723243864e-06,6.493671378393628e-08
pinemarten_0223.jpg,pinemarten,1,9.330375178251415e-06,0.9998093247413635,8.655561032355763e-06,6.172700523165986e-05,0.00011098047252744436
stoat_0020.jpg,stoat,3,0.0023522297851741314,0.07268757373094559,0.0005386610864661634,0.8312826752662659,0.09313889592885971
polecat_0305.jpg,polecat,2,3.745096819329774e-07,3.0254345801949967e-06,0.9999935626983643,3.0423345833696658e-06,1.781606684403414e-08
mink_0096.jpg,mink,0,0.9729540944099426,0.01854420080780983,0.0076785036362707615,0.00012424492160789669,0.0006990850088186562
stoat_0942.jpg,stoat,3,3.2414202451036545e-06,0.7393864989280701,4.8942754801828414e-05,0.19143809378147125,0.06912325322628021
pinemarten_0544.jpg,pinemarten,1,5.49251853954047e-06,0.9999940395355225,4.848033654525352e-07,5.522869717111689e-09,2.438117485681346e-10
stoat_0277.jpg,stoat,3,3.313675733807031e-08,2.4492039301549084e-05,1.4730511566085625e-06,0.9998886585235596,8.542579598724842e-05
weasel_0645.jpg,weasel,4,0.0003842351143248379,7.243495201691985e-05,8.008105214685202e-05,0.6806711554527283,0.31879210472106934
stoat_0878.jpg,stoat,3,1.318831436947221e-05,6.532322913699318e-07,4.104004347027512e-06,0.9984904527664185,0.0014916040236130357
pinemarten_0752.jpg,pinemarten,1,0.0018104467308148742,0.9764249324798584,6.797782407375053e-05,0.021311508491635323,0.00038523002876900136
mink_0040.jpg,mink,0,0.9999998807907104,4.144881327050598e-09,9.48056850802459e-08,7.479643571173256e-09,4.2596866478561424e-08
stoat_0050.jpg,stoat,3,1.8706272442159388e-07,1.2852790405304404e-06,8.152821465046145e-06,0.8028771877288818,0.19711318612098694
mink_0906.jpg,mink,0,0.9922379851341248,0.0005385194090195,0.007223422173410654,1.4239476797683892e-07,4.846198109476063e-08
polecat_0184.jpg,polecat,2,3.707544965436682e-05,1.795458274500561e-06,0.9997740387916565,0.00015166554658208042,3.5432811273494735e-05
polecat_0087.jpg,polecat,2,0.00025437198928557336,0.9792492985725403,0.011844041757285595,0.007789046969264746,0.0008632054086774588
weasel_0437.jpg,weasel,4,1.0600842870189808e-05,2.5210025341948494e-05,3.680623194668442e-05,0.12318064272403717,0.8767467737197876
weasel_0852.jpg,weasel,4,9.236246842192486e-05,4.42015880253166e-06,2.8765171009581536e-05,0.0012874117819592357,0.9985870122909546
polecat_0173.jpg,polecat,2,2.081458433167427e-06,0.00047183502465486526,0.9536285400390625,0.045896582305431366,1.0392182048235554e-06
mink_0483.jpg,mink,0,0.9999282360076904,2.706485247472301e-06,6.401663995347917e-05,3.7928944038867485e-06,1.146312683886208e-06
pinemarten_0716.jpg,pinemarten,1,1.1386006235625246e-06,0.9998573064804077,1.0167213986278512e-05,0.00013117154594510794,1.673234777399557e-07
mink_0495.jpg,mink,0,0.9999979734420776,1.6370514686059323e-06,2.802820802116912e-07,1.7692283904580108e-07,6.102134353369593e-09
stoat_0675.jpg,stoat,3,0.0007855201838538051,0.00033393772901035845,1.5164164324232843e-06,0.9415582418441772,0.057320743799209595
mink_0736.jpg,mink,0,0.9999094009399414,9.750288882059976e-06,8.074670768110082e-05,9.960759683735887e-08,4.509508499950243e-08
polecat_0991.jpg,polecat,2,0.0004321720916777849,4.169349995208904e-05,0.9995182752609253,5.817033525090665e-06,1.998932248170604e-06
pinemarten_0460.jpg,pinemarten,1,5.163349214853952e-07,0.9999454021453857,3.9461493628323296e-08,5.403908289736137e-05,6.203133295912266e-08
mink_0181.jpg,mink,0,0.9999409914016724,5.3760522860102355e-06,2.9382451316450897e-07,1.995066895688069e-06,5.1419410738162696e-05
stoat_0542.jpg,stoat,3,5.329295049705252e-07,5.6068434787448496e-05,1.5560578958684346e-06,0.968302845954895,0.03163893520832062
pinemarten_0802.jpg,pinemarten,1,1.076531225274735e-10,0.9999996423721313,1.3941815583951023e-11,4.023359849725239e-07,1.3698044476484483e-08
weasel_0599.jpg,weasel,4,1.3290800682241866e-09,1.8690606354287986e-11,2.013380087650951e-11,0.000546312949154526,0.9994537234306335
stoat_0788.jpg,stoat,3,6.389132636286377e-07,3.267671502271696e-07,0.00011878590157721192,0.9987773299217224,0.001102845068089664
polecat_0242.jpg,polecat,2,1.4985372445153189e-06,2.294365367561113e-05,0.9999552965164185,1.925350443343632e-05,9.899815722747007e-07
stoat_0560.jpg,stoat,3,7.944961311068255e-08,7.149868906708434e-06,2.7824510198115604e-06,0.9385531544685364,0.061436839401721954
weasel_0609.jpg,weasel,4,6.060337121027715e-09,1.9301817033579027e-08,2.121822717526811e-09,0.0009658009512349963,0.9990341663360596
mink_0029.jpg,mink,0,0.9656110405921936,0.03142152354121208,2.6804178560269065e-05,0.002863748697564006,7.690442726016045e-05
weasel_0402.jpg,weasel,4,1.6865666907506238e-07,1.0622333320498e-05,0.00020050503371749073,0.00035793925053440034,0.9994308352470398
polecat_0595.jpg,polecat,2,4.4840080590802245e-06,3.9137168528213806e-07,0.9999624490737915,3.090005338890478e-05,1.7273415551244398e-06
mink_0368.jpg,mink,0,0.999988317489624,3.273393360814225e-07,7.352956345130224e-06,8.316379194184265e-07,3.123093620160944e-06
weasel_0109.jpg,weasel,4,2.9634435350089916e-07,0.0002458556555211544,6.0949751059524715e-06,0.03585237264633179,0.9638953804969788
mink_0620.jpg,mink,0,0.4428354799747467,0.547352135181427,0.007663658820092678,0.002143359277397394,5.429918019217439e-06
stoat_0422.jpg,stoat,3,5.2951421025682066e-11,8.554231101243204e-09,1.0203879519110615e-08,0.9999996423721313,3.314806917842361e-07
polecat_0412.jpg,polecat,2,5.79066863792832e-06,0.021931979805231094,0.9780415892601013,2.0276671421015635e-05,3.91109324482386e-07
pinemarten_0568.jpg,pinemarten,1,7.410470425384119e-05,0.9999209642410278,4.505803644860862e-06,4.847216814596322e-07,1.657901482765567e-09
stoat_0239.jpg,stoat,3,4.610281507666514e-07,0.00072210852522403,9.002563672311226e-08,0.9990580677986145,0.000219262350583449
pinemarten_0463.jpg,pinemarten,1,4.1270320139119576e-07,0.9999995231628418,7.812733571199715e-08,1.0380368786755412e-09,4.026938504875233e-12
mink_0546.jpg,mink,0,0.9999558925628662,5.976414740871405e-07,6.504726091094426e-09,2.3119291370221617e-07,4.328794966568239e-05
weasel_0761.jpg,weasel,4,1.2149536814831663e-05,6.153310039280768e-08,4.4361967432848814e-09,0.0006716807838529348,0.9993160963058472
pinemarten_0509.jpg,pinemarten,1,1.742812969496299e-07,0.9998084902763367,2.1804960397275863e-06,0.00018873698718380183,4.2553369894449133e-07
mink_0506.jpg,mink,0,0.9999802112579346,5.504294904312701e-07,4.425126917340094e-06,1.298816096095834e-05,1.7932716218638234e-06
stoat_0573.jpg,stoat,3,0.0003203782835043967,1.0977147212543059e-05,7.730100151093211e-06,0.998011589050293,0.001649361103773117
pinemarten_0993.jpg,pinemarten,1,0.0003366168821230531,0.9193235039710999,0.00014586724864784628,0.07985752075910568,0.00033646522206254303
stoat_0977.jpg,stoat,3,2.4843496149173916e-08,1.7884707631310448e-05,2.0510245946070427e-08,0.9999808073043823,1.2493691201598267e-06
polecat_0805.jpg,polecat,2,7.038233161438257e-05,0.6449986100196838,0.3549109697341919,1.829417305998504e-05,1.7580679241291364e-06
mink_0979.jpg,mink,0,0.9998251795768738,2.6768276484290254e-07,0.00017459189984947443,1.2152345796323516e-08,1.725586429301984e-08
polecat_0433.jpg,polecat,2,2.914402102760505e-05,3.368712714291178e-05,0.9999345541000366,2.500955588402576e-06,3.6325771279877017e-09
pinemarten_0861.jpg,pinemarten,1,0.0010783362668007612,0.13376139104366302,0.863345205783844,0.001361542148515582,0.00045353974564932287
polecat_0592.jpg,polecat,2,1.9859598978655413e-05,2.7704189164978743e-07,0.9999762773513794,3.580468046493479e-06,5.574855421741631e-08
mink_0723.jpg,mink,0,0.9980995059013367,0.0002655161079019308,1.1603783605096396e-05,0.0012674825266003609,0.0003558366443030536
pinemarten_0111.jpg,pinemarten,1,1.4417569218494464e-06,0.9967530369758606,5.384709584177472e-05,0.0031911595724523067,4.925177563563921e-07
weasel_0327.jpg,weasel,4,9.200594649882987e-05,3.4865377529058605e-05,6.99343072483316e-05,0.06917083263397217,0.9306324124336243
pinemarten_0322.jpg,pinemarten,1,9.860346472123638e-05,0.9997627139091492,4.3980431655654684e-05,2.5866042960842606e-06,9.21256432775408e-05
polecat_0492.jpg,polecat,2,6.148065040179063e-06,0.0004084023821633309,0.9995836615562439,1.7552874851389788e-06,1.223729229060666e-09
polecat_0676.jpg,polecat,2,8.805432685221604e-07,2.7531168598216027e-06,0.9999746084213257,1.5825122318346985e-05,5.894942205486586e-06
stoat_0475.jpg,stoat,3,4.399335651328329e-08,0.0004948797286488116,0.00012820427946280688,0.9993601441383362,1.674511076998897e-05
stoat_0766.jpg,stoat,3,6.846370581570227e-08,5.148256718712219e-07,9.010175563162193e-05,0.9669522643089294,0.032957084476947784
polecat_0948.jpg,polecat,2,4.7093230932659935e-06,1.3171308637538459e-05,0.9999799728393555,2.131461769749876e-06,1.7829728804485967e-08
pinemarten_0374.jpg,pinemarten,1,8.731207597201252e-12,0.9999862909317017,5.58864954314231e-10,1.2302451068535447e-05,1.4749563206351013e-06
weasel_0608.jpg,weasel,4,1.291439821216045e-05,0.0007511503645218909,1.862637509475462e-05,0.379506379365921,0.6197109222412109
pinemarten_0280.jpg,pinemarten,1,6.641352229053155e-06,0.9943497776985168,0.0028590457513928413,0.0015803943388164043,0.0012040999718010426
mink_0884.jpg,mink,0,0.9999849796295166,3.957759417971829e-06,1.0902222129516304e-05,2.0741310891025933e-07,4.416484244984531e-08
weasel_0473.jpg,weasel,4,0.01720464415848255,2.819225073835696e-06,1.74017031895346e-06,0.010719018056988716,0.9720717668533325
mink_0968.jpg,mink,0,0.9998464584350586,2.692235830181744e-05,0.00010327996278647333,4.037508460896788e-06,1.9154018445988186e-05
stoat_0107.jpg,stoat,3,4.093867391929962e-05,0.031869132071733475,1.2689945378951961e-06,0.9680859446525574,2.669595005500014e-06
polecat_0134.jpg,polecat,2,7.467762230817243e-08,2.2857369913253933e-05,0.9999755620956421,1.4791862668062095e-06,3.5860643343710308e-09
stoat_0453.jpg,stoat,3,4.1233656133954355e-07,2.3765418518451042e-05,2.918588688771706e-05,0.9999052286148071,4.139737211517058e-05
pinemarten_0921.jpg,pinemarten,1,6.733115842649795e-09,0.9999533891677856,4.612547854776494e-05,5.096999302622862e-07,6.213630304729989e-11
pinemarten_0087.jpg,pinemarten,1,5.774660166935064e-06,0.9704593420028687,0.0016491414280608296,0.0016383687034249306,0.026247402653098106
polecat_0143.jpg,polecat,2,8.879930533112201e-07,0.01122218742966652,0.988767683506012,9.135222171607893e-06,1.4257362579428445e-07
stoat_0136.jpg,stoat,3,1.79838259839471e-08,2.402626705588773e-06,3.410376905321755e-07,0.9997355341911316,0.00026172082289122045
polecat_0832.jpg,polecat,2,0.00019781952141784132,0.004170289728790522,0.9956291913986206,2.6662514756026212e-06,6.763093551853672e-08
weasel_0975.jpg,weasel,4,7.830144568288233e-06,0.002356013050302863,1.743354118843854e-07,0.9953033924102783,0.0023325898218899965
pinemarten_0018.jpg,pinemarten,1,8.967264875536785e-06,0.9999849796295166,3.0380201678781305e-06,2.8623103389691096e-06,9.929927813345785e-08
weasel_0116.jpg,weasel,4,1.6096501553874987e-07,1.4821650573537681e-09,6.40946273833265e-09,0.0036328539717942476,0.9963669776916504
polecat_0661.jpg,polecat,2,0.011079334653913975,0.00014407146954908967,0.988767683506012,5.557747954298975e-06,3.376540007593576e-06
stoat_0019.jpg,stoat,3,1.0208119647359126e-06,4.2744210304590524e-07,7.510467412430444e-07,0.9843407273292542,0.015656976029276848
stoat_0464.jpg,stoat,3,8.198388457003603e-08,1.2935879567521624e-05,0.00016357139975298196,0.9997490048408508,7.42896445444785e-05
weasel_0607.jpg,weasel,4,7.50323238207784e-07,1.1897679508265924e-09,5.246987289098115e-10,0.0003639203205239028,0.9996353387832642
weasel_0318.jpg,weasel,4,8.177689636568175e-09,8.390659694823555e-12,1.267869836896196e-10,0.0012422362342476845,0.9987577199935913
weasel_0945.jpg,weasel,4,8.985949762063683e-09,5.51241782886791e-07,3.671078593470156e-05,0.043903786689043045,0.9560589790344238
pinemarten_0488.jpg,pinemarten,1,4.6827929622850206e-07,0.9996002316474915,2.921251143561676e-05,0.00036987551720812917,2.4020232558541466e-07
pinemarten_0805.jpg,pinemarten,1,2.8169375809738995e-07,0.9999473094940186,5.022237019147724e-05,2.1000998913223157e-06,3.029651252095533e-10
weasel_0014.jpg,weasel,4,0.006262878887355328,0.00025413132971152663,1.0083534789373516e-06,0.02837713435292244,0.9651048183441162
weasel_0098.jpg,weasel,4,3.137025123578496e-05,4.936266577715287e-06,2.78708048426779e-05,0.0064554219134151936,0.9934804439544678
mink_0125.jpg,mink,0,0.9999775886535645,8.719811539492639e-09,5.3431829627470506e-08,6.47684217369715e-08,2.230410791526083e-05
stoat_0091.jpg,stoat,3,4.703839294961654e-06,0.00013757322449237108,1.0221234560958692e-06,0.9997572302818298,9.950106323231012e-05
stoat_0241.jpg,stoat,3,6.0518874356318975e-09,2.2680440636690946e-08,5.048882201208471e-08,0.9948669672012329,0.005132974125444889
polecat_0815.jpg,polecat,2,5.820663773192791e-06,0.000635795877315104,0.9993583559989929,6.51071943025272e-08,9.379651721985738e-09
pinemarten_0239.jpg,pinemarten,1,4.648583853850141e-06,0.5742241740226746,0.42573273181915283,3.835297320620157e-05,1.2251439329702407e-07
polecat_0589.jpg,polecat,2,5.953889285592595e-06,0.00013170971942599863,0.9998613595962524,7.785671414239914e-07,6.648634354178284e-08
weasel_0653.jpg,weasel,4,1.1877028249784871e-09,1.1934069288344062e-09,4.810760678708448e-09,0.0005016314098611474,0.9994983673095703
pinemarten_0966.jpg,pinemarten,1,9.930123923140854e-08,0.9999990463256836,1.167842782479056e-07,7.517660947087279e-07,6.303233046622836e-09
pinemarten_0628.jpg,pinemarten,1,3.205310861176258e-07,0.9999977350234985,1.0132646366400877e-06,8.280962902063038e-07,6.443075051265623e-08
weasel_0019.jpg,weasel,4,5.635457682728884e-07,2.770071887425729e-07,5.034775441004058e-08,0.0007142462418414652,0.9992849230766296
mink_0763.jpg,mink,0,0.9956324696540833,9.341684744867962e-06,0.0005865462007932365,9.471400517213624e-06,0.003762120846658945
mink_0003.jpg,mink,0,0.9999792575836182,1.3886412375541113e-07,2.0251836758689024e-05,4.7310436457337346e-08,2.882921137370431e-07
stoat_0622.jpg,stoat,3,1.6408165492975968e-06,2.038534603343578e-06,6.6444645199226215e-06,0.950245201587677,0.04974445700645447
pinemarten_0026.jpg,pinemarten,1,0.00013253430370241404,0.9997825026512146,6.139634206192568e-05,2.2148748030303977e-05,1.3633303979077027e-06
polecat_0830.jpg,polecat,2,0.0019204739946871996,0.0006783860735595226,0.9973694086074829,3.12360207317397e-05,4.887195927949506e-07
weasel_0656.jpg,weasel,4,5.739300831919536e-06,0.00012858489935752004,0.005910853855311871,0.5214947462081909,0.4724601209163666
weasel_0541.jpg,weasel,4,3.352320709382184e-05,0.05785423517227173,0.00020880774536635727,0.04587022215127945,0.8960331678390503
pinemarten_0743.jpg,pinemarten,1,2.626712102937745e-06,0.9999767541885376,1.7618413039599545e-05,2.8571623715833994e-06,1.2926011550007388e-07
stoat_0752.jpg,stoat,3,0.00012322129623498768,0.007602579426020384,0.0017631178488954902,0.9902205467224121,0.0002905580622609705
pinemarten_0434.jpg,pinemarten,1,1.090729938368895e-06,0.9999151229858398,4.98382723890245e-06,7.881951751187444e-05,2.035450030746233e-08
stoat_0625.jpg,stoat,3,3.743400839084643e-06,0.00010213375207968056,1.3872030990569328e-07,0.9640724062919617,0.03582153096795082
stoat_0531.jpg,stoat,3,0.00046646338887512684,8.608427742728963e-05,3.6618141166400164e-05,0.9281684160232544,0.07124241441488266
pinemarten_0149.jpg,pinemarten,1,6.900705216139613e-07,0.9999922513961792,2.3143790883750626e-08,5.175691967451712e-06,1.934022066052421e-06
polecat_0554.jpg,polecat,2,0.004349938128143549,0.0032079312950372696,0.9922578930854797,0.00014246332284528762,4.1751136450329795e-05
mink_0433.jpg,mink,0,0.9992280006408691,1.7009688235702924e-05,0.00038909658906050026,0.00035923230461776257,6.5600966081547085e-06
weasel_0461.jpg,weasel,4,0.00015345800784416497,0.005816732067614794,0.002442010212689638,0.0006977871526032686,0.9908900856971741
pinemarten_0220.jpg,pinemarten,1,0.0035351882688701153,0.9499250054359436,0.04653884842991829,9.234889262188517e-07,1.010511496701838e-07
weasel_0850.jpg,weasel,4,1.0466694675415056e-06,1.0241208769912191e-07,4.2413350456627086e-05,0.5162007212638855,0.4837557077407837
weasel_0740.jpg,weasel,4,1.184120264952071e-06,3.100642743447679e-06,5.622293741680551e-09,0.9916831254959106,0.008312562480568886
pinemarten_0989.jpg,pinemarten,1,2.1970411268057433e-08,0.9962462782859802,1.6100055972856353e-06,0.003679740009829402,7.239990372909233e-05
stoat_0103.jpg,stoat,3,4.129057344925968e-07,7.30339081655984e-07,4.7650507895014016e-07,0.9998569488525391,0.0001413962891092524
polecat_0999.jpg,polecat,2,1.2008468729618471e-05,8.077576785581186e-05,0.9998868703842163,1.9890650946763344e-05,4.1116078364211717e-07
pinemarten_0437.jpg,pinemarten,1,1.9525314201018773e-06,0.9999936819076538,4.195644578430802e-06,1.401183311600107e-07,2.4592985425897496e-09
stoat_0686.jpg,stoat,3,6.37753183596601e-10,1.7503252536243963e-07,8.1149416075732e-08,0.9999954700469971,4.367666406324133e-06
mink_0013.jpg,mink,0,0.9703773260116577,0.02254716493189335,0.0070386165753006935,3.5760636819759384e-05,1.1086664244430722e-06
weasel_0143.jpg,weasel,4,2.5872031628182413e-08,2.3962003492528083e-09,1.110503244916572e-08,0.0008990137721411884,0.9991010427474976
stoat_0587.jpg,stoat,3,1.2384301953716204e-05,1.427684651389427e-06,1.0327412702793026e-08,0.9993383288383484,0.0006478166906163096
mink_0819.jpg,mink,0,0.9809586405754089,0.016587669029831886,0.002452277345582843,5.609962272501434e-07,7.868305829106248e-07
pinemarten_0831.jpg,pinemarten,1,0.023661920800805092,0.3572908341884613,9.522494656266645e-05,0.6072200536727905,0.01173192448914051
weasel_0442.jpg,weasel,4,1.8759785234578885e-05,0.0001250722270924598,0.001049207174219191,0.18012933433055878,0.8186776041984558
mink_0971.jpg,mink,0,0.9998928308486938,2.176265034847802e-08,0.00010670634219422936,3.2681279549251485e-07,8.185769928559239e-08
weasel_0703.jpg,weasel,4,1.9076043827226385e-05,8.104728266289385e-08,1.7039836208709858e-08,0.005012485198676586,0.9949683547019958
mink_0569.jpg,mink,0,0.9999617338180542,2.281981778651243e-06,3.5193024814361706e-05,7.411089768538659e-07,8.340283130792159e-08
stoat_0227.jpg,stoat,3,8.061762812872075e-09,2.7478725314722396e-05,2.6905113372777123e-06,0.9832499623298645,0.016719864681363106
mink_0950.jpg,mink,0,0.9958710074424744,5.437316940515302e-05,0.004053914453834295,1.9933095245505683e-05,6.640443075411895e-07
pinemarten_0527.jpg,pinemarten,1,1.1268710790879322e-11,0.9999932050704956,9.83008049959544e-11,6.820059297751868e-06,9.285151314486484e-09
pinemarten_0792.jpg,pinemarten,1,4.9019872676581144e-05,0.9991389513015747,0.00015511030505876988,0.00043629875290207565,0.0002206131030106917
stoat_0511.jpg,stoat,3,9.269011114199088e-10,2.2384477915693424e-07,2.0297920855227858e-06,0.9993184804916382,0.0006792619824409485
polecat_0126.jpg,polecat,2,2.3494167180615477e-05,1.2065034979968914e-06,0.9999749660491943,2.9114863764334586e-07,1.8733297579842656e-08
pinemarten_0565.jpg,pinemarten,1,7.027516346624907e-08,0.9999988079071045,2.175634394863124e-10,1.0826153129528393e-06,2.5618973609198292e-09
polecat_0660.jpg,polecat,2,1.9488103134790435e-05,6.384061066455615e-07,0.9999786615371704,3.4798696901816584e-07,8.454152293779771e-07
pinemarten_0522.jpg,pinemarten,1,0.754508912563324,0.2289714366197586,0.007124754600226879,0.005067844875156879,0.004327087663114071
mink_0231.jpg,mink,0,0.9999490976333618,2.1629539332934655e-05,2.8355241738609038e-05,7.513128821301507e-07,1.7031366894570965e-07
weasel_0824.jpg,weasel,4,3.968556484323926e-06,3.901725733612693e-07,2.41315234461581e-07,0.0631956085562706,0.9367997646331787
mink_0083.jpg,mink,0,0.9999662637710571,7.549576821475057e-06,3.0206472274585394e-06,8.026479008549359e-06,1.5195062587736174e-05
pinemarten_0490.jpg,pinemarten,1,1.0244610021414857e-10,0.9999998807907104,1.531299353985105e-08,6.586843426248379e-08,1.2755322353896759e-09
mink_0541.jpg,mink,0,0.9999977350234985,4.5174593310548516e-07,6.567463515239069e-07,8.093764449768059e-07,2.0936235500812472e-07
stoat_0165.jpg,stoat,3,3.937653314523004e-09,2.3719712771708146e-07,3.7648408834911606e-08,0.9824848771095276,0.017514826729893684
mink_0611.jpg,mink,0,0.9994521737098694,3.208166890544817e-05,1.0822690228451393e-06,0.00040247812285088,0.00011220403393963352
mink_0041.jpg,mink,0,0.9785962104797363,0.0009244046523235738,0.000572209944948554,0.01617979258298874,0.0037273336201906204
polecat_0877.jpg,polecat,2,0.0001771929964888841,8.576807886129245e-05,0.9991014003753662,0.00037983732181601226,0.00025585456751286983
mink_0631.jpg,mink,0,0.9993465542793274,3.774069767814581e-08,0.0006529266247525811,2.183656846455051e-07,2.935899203748704e-07
polecat_0152.jpg,polecat,2,0.0002531633945181966,1.8275918591825757e-06,0.9997422099113464,6.253029027902812e-07,2.1103569451952353e-06
polecat_0863.jpg,polecat,2,0.00014348291733767837,0.00014868329162709415,0.9996987581253052,9.035861694428604e-06,1.641504780991454e-07
weasel_0557.jpg,weasel,4,0.009436878375709057,7.23305347491987e-05,0.00033947659539990127,0.04838947951793671,0.9417617321014404
mink_0289.jpg,mink,0,0.9996699094772339,6.698277047689771e-06,9.393728017670355e-10,4.328109935158864e-05,0.0002801756199914962
stoat_0536.jpg,stoat,3,1.0440287042001728e-05,3.713996193255298e-06,6.226111509022303e-06,0.845687210559845,0.15429244935512543
polecat_0630.jpg,polecat,2,0.0005567289190366864,7.348554845520994e-06,0.9974530339241028,0.0019768853671848774,6.057544851501007e-06
mink_0714.jpg,mink,0,0.9999830722808838,7.571402989015041e-07,1.592612170497887e-05,2.369547615899137e-07,2.8395170659223368e-09
mink_0518.jpg,mink,0,0.38757583498954773,0.15226154029369354,0.00013927101099397987,0.45812535285949707,0.0018980246968567371
stoat_0407.jpg,stoat,3,1.6431702533736825e-05,0.005419740919023752,4.03032754547894e-06,0.9860565662384033,0.008503205142915249
stoat_0206.jpg,stoat,3,4.5525255700340495e-05,4.725298276753165e-05,5.801813131256495e-06,0.9497568011283875,0.05014466121792793
weasel_0472.jpg,weasel,4,0.0018816747469827533,4.2106212276848964e-06,1.949521610811189e-08,0.02712242119014263,0.9709916710853577
mink_0682.jpg,mink,0,0.9999961853027344,7.1153118952338446e-09,1.4684178317736496e-08,2.802946994506783e-07,3.6157180147711188e-06
weasel_0725.jpg,weasel,4,2.607070541671419e-07,2.0989652238512235e-09,1.0350580836870904e-08,0.004299376159906387,0.9957003593444824
weasel_0225.jpg,weasel,4,3.652837040135637e-05,0.024270080029964447,0.004019391722977161,0.05866965651512146,0.9130043387413025
weasel_0054.jpg,weasel,4,2.790387725326582e-07,2.910117125054512e-08,6.164588057799847e-07,0.0020663689356297255,0.9979327917098999
polecat_0591.jpg,polecat,2,3.722554902196862e-05,4.3788943003164604e-05,0.9998680353164673,5.040013638790697e-05,5.383218990573369e-07
stoat_0446.jpg,stoat,3,3.4356066436203037e-08,4.6389608598929044e-08,6.504027396658785e-07,0.9998722076416016,0.00012712027819361538
weasel_0234.jpg,weasel,4,0.00018540347809903324,0.00010723098239395767,1.6590582163189538e-05,0.9429140090942383,0.05677676945924759
stoat_0551.jpg,stoat,3,0.0001487818663008511,1.2047315976815298e-05,2.562229362013113e-08,0.9997120499610901,0.00012704900291282684
pinemarten_0899.jpg,pinemarten,1,0.00014644167094957083,0.9987531900405884,0.0005789674469269812,0.0003201326762791723,0.00020120086264796555
weasel_0419.jpg,weasel,4,1.6171366041817237e-06,1.8121946254723298e-07,2.9116886679503295e-09,0.009583348408341408,0.9904147386550903
pinemarten_0074.jpg,pinemarten,1,0.0005181828746572137,0.9928178787231445,0.004323089495301247,0.0023376576136797667,3.169490128129837e-06
mink_0032.jpg,mink,0,0.9999842643737793,1.2173612958576996e-05,2.0257627966202563e-06,1.1099665186975471e-07,1.4623201423091814e-06
mink_0370.jpg,mink,0,0.14566028118133545,0.0008212024695239961,0.8526342511177063,0.0008207416976802051,6.35602991678752e-05
pinemarten_0392.jpg,pinemarten,1,4.4501753109216224e-06,0.9999827146530151,1.1573684787435923e-05,1.352488538941543e-06,8.300097498192827e-09
mink_0675.jpg,mink,0,0.9938076138496399,0.00011967229511355981,0.003612939268350601,0.0010690216440707445,0.0013906756648793817
stoat_0100.jpg,stoat,3,5.327344121397459e-10,5.293375693327107e-07,3.438729478943969e-08,0.9999681711196899,3.1305942684412e-05
mink_0298.jpg,mink,0,0.9999977350234985,4.788245178133366e-07,2.0448536020012398e-07,3.672307684610132e-07,1.1447383485574392e-06
pinemarten_0618.jpg,pinemarten,1,0.00010591380851110443,0.9951115250587463,0.00013347899948712438,0.004566080402582884,8.3063670899719e-05
stoat_0950.jpg,stoat,3,6.665544060524553e-05,7.431020549120149e-06,8.02171871328028e-06,0.9998764991760254,4.142619945923798e-05
polecat_0368.jpg,polecat,2,1.9173019154550275e-06,1.204188947667717e-06,0.9999743700027466,1.9739338313229382e-05,2.674036522876122e-06
mink_0059.jpg,mink,0,0.8897660970687866,0.010136446915566921,0.0005515575758181512,0.0038004678208380938,0.09574534744024277
weasel_0207.jpg,weasel,4,1.0631091384993852e-07,0.00030786049319431186,1.8132164996131905e-06,0.9995711445808411,0.0001189730828627944
weasel_0908.jpg,weasel,4,1.2276740335437353e-06,4.404811261338182e-05,0.0001073400562745519,0.009767106734216213,0.9900802969932556
polecat_0882.jpg,polecat,2,8.814845932647586e-05,0.00021908878989052027,0.9985253214836121,0.0001186337904073298,0.0010488043772056699
stoat_0670.jpg,stoat,3,4.948446541419571e-09,9.422716971130285e-07,2.9914602350800124e-07,0.8634222149848938,0.13657650351524353
weasel_0064.jpg,weasel,4,8.817259700144575e-10,1.176832502974845e-12,2.5632574188194646e-11,7.397247100016102e-05,0.999925971031189
weasel_0717.jpg,weasel,4,1.3117285561747849e-05,2.5873029940726155e-08,1.6266890270344447e-06,0.00014785517123527825,0.9998372793197632
mink_0969.jpg,mink,0,0.9999985694885254,1.2175917163403938e-06,2.7682224867930927e-07,2.0093604558013567e-09,2.544977562024542e-09
polecat_0861.jpg,polecat,2,1.1851156159536913e-05,5.788554699392989e-05,0.9995433688163757,0.00037313514621928334,1.3750294783676509e-05
polecat_0469.jpg,polecat,2,0.0007858976605348289,1.983585207199212e-06,0.9992021918296814,6.543275503645418e-06,3.383581997695728e-06
weasel_0876.jpg,weasel,4,5.474684030559729e-07,3.624596160989313e-07,4.465360703420629e-08,0.00021931069204583764,0.9997797608375549
polecat_0520.jpg,polecat,2,0.0012776140356436372,0.1116325706243515,0.4508426785469055,0.4340585172176361,0.0021886404138058424
mink_0322.jpg,mink,0,1.0,5.5831385736837547e-08,9.51707246343858e-09,1.7372219218714235e-09,8.299069875761234e-09
polecat_0597.jpg,polecat,2,0.0008268434321507812,5.0681796892604325e-06,0.9986457228660583,6.342314009089023e-05,0.00045903760474175215
stoat_0456.jpg,stoat,3,3.187952302141639e-08,1.0346297329988374e-07,2.4495980710526055e-07,0.9996101260185242,0.0003894817200489342
mink_0688.jpg,mink,0,0.9904839992523193,0.00950109027326107,1.4284903954830952e-05,3.162477923979168e-07,3.07816463873678e-07
pinemarten_0017.jpg,pinemarten,1,3.3344704206683673e-06,0.9998815059661865,1.1785105925810058e-05,0.00010249575279885903,8.62880085605866e-07
weasel_0915.jpg,weasel,4,0.00037322816206142306,5.491684078151593e-06,2.3486497013891494e-07,0.07426900416612625,0.9253520965576172
stoat_0235.jpg,stoat,3,1.36519372517796e-06,5.9540561778703704e-06,2.1008989278925583e-05,0.8857879042625427,0.11418382078409195
weasel_0683.jpg,weasel,4,4.500389749750866e-08,4.6736374770262046e-07,1.5204998149442872e-08,0.00043379294220358133,0.9995657801628113
mink_0492.jpg,mink,0,0.9872092008590698,0.012055612169206142,0.00010928053961833939,0.000620116014033556,5.7440652199147735e-06
pinemarten_0123.jpg,pinemarten,1,0.0010932161239907146,0.9751607775688171,0.007916090078651905,0.013106869533658028,0.002723062876611948
weasel_0728.jpg,weasel,4,0.03484001383185387,0.009082295931875706,0.008668649010360241,0.7704249024391174,0.17698416113853455
pinemarten_0537.jpg,pinemarten,1,3.5234366535519257e-09,1.0,1.9971784226413547e-09,5.915472001127853e-10,9.032444237000448e-11
pinemarten_0398.jpg,pinemarten,1,0.00016027491074055433,0.9959757924079895,0.0038479738868772984,1.5905970940366387e-05,5.370285194317148e-08
stoat_0437.jpg,stoat,3,1.6512013090164146e-08,4.5335756482245415e-08,2.042659374978939e-08,0.999504566192627,0.0004954105243086815
mink_0882.jpg,mink,0,0.9992510676383972,6.150714034447446e-05,8.336382961715572e-06,0.00030799474916420877,0.0003710446471814066
polecat_0247.jpg,polecat,2,4.211502982798265e-06,0.004142276011407375,0.9166302680969238,0.07919830828905106,2.493022293492686e-05
stoat_0856.jpg,stoat,3,3.801686398219317e-05,0.000300471147056669,0.00022362852178048342,0.9955809712409973,0.003856882220134139
weasel_0353.jpg,weasel,4,7.748029929643963e-06,2.815882851336937e-07,7.903024197730701e-06,0.006147458683699369,0.9938365817070007
pinemarten_0710.jpg,pinemarten,1,0.014424172230064869,0.9154931902885437,0.03110498934984207,0.03824247047305107,0.0007352634565904737
mink_0294.jpg,mink,0,0.9691717624664307,0.015763843432068825,0.015014239586889744,7.834961252228823e-06,4.2294690501876175e-05
pinemarten_0296.jpg,pinemarten,1,1.208320554724196e-07,0.9998162388801575,0.00011095425725216046,7.266460306709632e-05,6.370682115175441e-08
polecat_0405.jpg,polecat,2,3.784409273066558e-05,2.9482653189916164e-05,0.9998548030853271,3.431884397286922e-05,4.362334220786579e-05
stoat_0655.jpg,stoat,3,1.6109605871506005e-09,9.841855899139773e-07,4.203105561373377e-07,0.9759969711303711,0.024001657962799072
mink_0923.jpg,mink,0,0.9999980926513672,6.043238158781605e-07,1.2569798855111003e-06,2.9839277715382195e-08,7.675575730559103e-09
mink_0602.jpg,mink,0,0.9999943971633911,1.7538555052709626e-09,5.802325020454191e-08,5.807105480926111e-07,4.983562121196883e-06
pinemarten_0985.jpg,pinemarten,1,7.958105356919987e-07,0.9999805688858032,1.407149375154404e-05,4.2743877202156e-06,3.210031422895554e-07
mink_0402.jpg,mink,0,0.9998906850814819,9.945605597749818e-06,9.010552162180829e-07,1.863499710452743e-05,7.977510540513322e-05
stoat_0149.jpg,stoat,3,8.440151333388712e-08,1.0058093025122616e-08,1.1116271281252921e-07,0.6955049633979797,0.30449485778808594
mink_0745.jpg,mink,0,0.9988008737564087,0.00029492456815205514,5.0350395213172305e-06,0.0005555300158448517,0.00034368422348052263
stoat_0564.jpg,stoat,3,3.734674347555256e-09,3.786756685997261e-09,5.791146762135213e-08,0.9999905824661255,9.310039786214475e-06
pinemarten_0242.jpg,pinemarten,1,1.3674112778971903e-05,0.9982129335403442,0.0016629098681733012,9.991376282414421e-05,1.0498894880583975e-05
stoat_0608.jpg,stoat,3,2.221563022430928e-08,1.1810262776634772e-06,0.0003557689196895808,0.9995701909065247,7.277647091541439e-05
polecat_0864.jpg,polecat,2,0.00014968928007874638,0.00011833889584522694,0.9997270703315735,2.195481329181348e-06,2.6823493044503266e-06
polecat_0865.jpg,polecat,2,0.0023998671676963568,0.0021339801605790854,0.9948781728744507,0.0005877894582226872,1.6544258585327043e-07
stoat_0467.jpg,stoat,3,9.147096413641975e-10,2.3564320272839723e-08,1.0925123916649682e-07,0.9993190765380859,0.000680818222463131
pinemarten_0946.jpg,pinemarten,1,8.545698801754043e-05,0.9405202269554138,0.0010129418224096298,0.058374881744384766,6.585337814613013e-06
polecat_0884.jpg,polecat,2,3.0025837531866273e-06,2.4592566205683397e-07,0.999996542930603,1.1838607605341167e-07,1.3920251262788952e-07
mink_0010.jpg,mink,0,0.9999886751174927,1.3668574183611781e-06,8.217687536671292e-06,1.0787271094159223e-06,5.657510087075934e-07
weasel_0094.jpg,weasel,4,6.60327827972651e-07,2.8926773865123323e-08,7.608531582548039e-10,0.0011665549827739596,0.9988327622413635
weasel_0216.jpg,weasel,4,5.016557835801905e-09,7.649738904547121e-07,6.487526071907723e-09,0.002128007123246789,0.9978711605072021
mink_0899.jpg,mink,0,0.993067741394043,0.0025685459841042757,0.004360653925687075,2.5336287308164174e-06,5.750636091761407e-07
polecat_0070.jpg,polecat,2,0.00033170191454701126,6.44389001536183e-05,0.9112787842750549,0.08797810226678848,0.0003470897499937564
stoat_0344.jpg,stoat,3,1.1423404430388473e-05,1.9898986920452444e-06,1.1467604963399936e-06,0.9996722936630249,0.00031308308825828135
stoat_0203.jpg,stoat,3,1.654995458011399e-06,0.0022668682504445314,8.786957914708182e-05,0.9003523588180542,0.09729135781526566
pinemarten_0212.jpg,pinemarten,1,5.217700618231902e-07,0.9999760389328003,2.031909389188513e-05,3.0631319987151073e-06,4.208712045539187e-09
mink_0355.jpg,mink,0,0.9999604225158691,2.2557383999810554e-05,1.3282698091643397e-05,3.3936109957721783e-06,4.137178848395706e-07
weasel_0696.jpg,weasel,4,2.074706806354243e-08,2.8787951578124193e-06,2.2781506459068623e-08,0.24401062726974487,0.7559864521026611
mink_0320.jpg,mink,0,0.9999783039093018,5.960485509604041e-07,1.85702938324539e-05,2.3502839212596882e-06,6.950046582687719e-08
stoat_0605.jpg,stoat,3,9.406046956428327e-06,4.977742264600238e-06,1.9520437490427867e-05,0.9984276294708252,0.0015384663129225373
pinemarten_0276.jpg,pinemarten,1,3.1031852358864853e-06,0.9999934434890747,2.301372205693042e-06,1.133508362727298e-06,1.2157334694506972e-08
stoat_0430.jpg,stoat,3,5.467484687216029e-09,6.951912655495107e-05,3.150102756421802e-08,0.9995930790901184,0.00033739354694262147
mink_0009.jpg,mink,0,0.999901294708252,1.1565333579710568e-06,2.945021515188273e-05,5.404087278293446e-05,1.4049341189092956e-05
pinemarten_0286.jpg,pinemarten,1,1.1826078662124928e-05,0.9999675750732422,2.055379081866704e-05,6.792729045912438e-09,1.8907835297454767e-08
mink_0633.jpg,mink,0,0.9916009902954102,0.008380296640098095,4.4662801883532666e-06,9.99136500468012e-06,4.259430170350242e-06
polecat_0616.jpg,polecat,2,4.608034487318946e-06,0.0021265773102641106,0.997840404510498,2.7983292966382578e-05,4.164034805853589e-07
pinemarten_0593.jpg,pinemarten,1,1.471512518946838e-06,0.9999985694885254,1.986280473431634e-09,7.083418573916589e-11,1.131343174524957e-12
weasel_0335.jpg,weasel,4,5.5110536578695246e-08,5.758979071401882e-08,1.812762029373971e-08,0.06426408141851425,0.935735821723938
stoat_0912.jpg,stoat,3,5.512173811439425e-05,1.3441353075904772e-05,0.0015893110539764166,0.826846718788147,0.17149539291858673
stoat_0881.jpg,stoat,3,1.575147507537622e-06,0.002890531439334154,3.2875950637389906e-06,0.9959707856178284,0.0011337791802361608
stoat_0557.jpg,stoat,3,3.87509032861999e-07,7.117723725968972e-07,3.4748329653666588e-06,0.999714195728302,0.00028115566237829626
weasel_0075.jpg,weasel,4,6.795676910087423e-08,6.67611610438712e-09,8.958965236338656e-10,0.0002053942735074088,0.9997945427894592
pinemarten_0478.jpg,pinemarten,1,1.477254585324772e-08,0.9999992847442627,2.6008086795314966e-09,7.263501515808457e-07,5.573651318258044e-09
stoat_0314.jpg,stoat,3,4.233539740994274e-08,5.124305744175217e-07,6.849742106851409e-08,0.9845449924468994,0.015454436652362347
mink_0431.jpg,mink,0,0.9651403427124023,0.03054889477789402,0.0016496321186423302,0.0026566393207758665,4.45969499196508e-06
stoat_0238.jpg,stoat,3,0.013660906814038754,0.008577845059335232,0.003472674638032913,0.9692850708961487,0.005003549158573151
stoat_0784.jpg,stoat,3,2.8618871510843746e-05,0.04281550645828247,0.00415904400870204,0.8645316958427429,0.088465116918087
polecat_0250.jpg,polecat,2,0.00011749033001251519,0.033560384064912796,0.9662842154502869,3.7788518966408446e-05,1.1858441695267175e-07
pinemarten_0528.jpg,pinemarten,1,5.449807005675211e-08,0.999846339225769,1.0256675295750028e-06,0.00015236067702062428,2.092506150574991e-07
mink_0379.jpg,mink,0,0.999951958656311,8.725610456394861e-09,8.107801363621547e-07,4.58821830306988e-07,4.677874312619679e-05
mink_0828.jpg,mink,0,0.8684889674186707,0.1313634067773819,3.2357685995521024e-05,9.602171485312283e-05,1.927980156324338e-05
stoat_0352.jpg,stoat,3,6.638070772169158e-06,0.0007623840938322246,0.0072267549112439156,0.9721792340278625,0.019825030118227005
polecat_0457.jpg,polecat,2,1.572886674239271e-07,7.81460798293665e-08,0.9999914169311523,3.1503398076893063e-06,5.20866569786449e-06
polecat_0748.jpg,polecat,2,0.0054986076429486275,1.3383219084062148e-05,0.9944385290145874,4.9431742809247226e-05,7.24334654478298e-08
pinemarten_0658.jpg,pinemarten,1,0.0812959298491478,0.9163122773170471,5.324461744748987e-05,0.002054329728707671,0.0002841998066287488
mink_0984.jpg,mink,0,0.9465523362159729,0.03685916215181351,0.016183581203222275,0.0003893092798534781,1.5636063835700043e-05
mink_0538.jpg,mink,0,0.9999632835388184,1.1388721077310038e-08,3.0109902127151145e-07,7.608446594531415e-06,2.8672986445599236e-05
pinemarten_0963.jpg,pinemarten,1,2.458551307427115e-06,0.9982621073722839,4.5814827899448574e-05,0.0016891874838620424,4.205266748158465e-07
polecat_0899.jpg,polecat,2,0.00017833207675721496,0.0005637611611746252,0.9992558360099792,2.0696550109278178e-06,4.775378759092064e-09
polecat_0335.jpg,polecat,2,3.837486474367324e-06,7.497006208723178e-06,0.9993321299552917,6.617980398004875e-05,0.0005903801647946239
weasel_0710.jpg,weasel,4,0.0001448350230930373,7.411069873342058e-07,3.2025443942984566e-05,0.35201209783554077,0.6478103399276733
pinemarten_0097.jpg,pinemarten,1,0.0074643297120928764,0.9870197772979736,0.0001633508800296113,0.005345538724213839,7.095976798154879e-06
weasel_0538.jpg,weasel,4,2.6212203465547645e-06,0.003919437061995268,0.06631958484649658,0.05250675231218338,0.8772516250610352
pinemarten_0895.jpg,pinemarten,1,0.00036903610453009605,0.9940006136894226,1.329763836110942e-05,0.0055772848427295685,3.968321470892988e-05
polecat_0458.jpg,polecat,2,4.381593896596314e-07,1.1397025190262866e-07,0.9999648332595825,3.455439582467079e-05,1.8688997016624853e-08
stoat_0739.jpg,stoat,3,1.0050839591713157e-06,2.1679504698113305e-06,1.452808305657527e-06,0.9996993541717529,0.00029604294104501605
polecat_0625.jpg,polecat,2,0.0012051139492541552,0.019264956936240196,0.9795223474502563,7.476701284758747e-06,1.1895203044787195e-08
weasel_0658.jpg,weasel,4,2.8516766725772413e-09,1.0178784748404723e-07,7.787660649682948e-08,0.018803594633936882,0.9811961650848389
mink_0659.jpg,mink,0,0.9999991655349731,6.789604611867617e-08,7.660636356376926e-07,3.680869653521768e-08,5.561685867405686e-08
polecat_0890.jpg,polecat,2,0.0009966462384909391,3.992921847384423e-05,0.9988957643508911,6.267553544603288e-05,4.931270268571097e-06
polecat_0260.jpg,polecat,2,1.0543811185925733e-05,3.4950138797285035e-05,0.9999542236328125,2.8952447905794543e-07,7.910238020158999e-10
stoat_0978.jpg,stoat,3,7.591672215312428e-07,1.5476498447242193e-06,2.1743080935721082e-07,0.9979647397994995,0.002032722346484661
pinemarten_0534.jpg,pinemarten,1,4.1168045754602645e-06,0.9999821186065674,2.1085154457978206e-06,1.1574262316571549e-05,6.474054714544764e-08
polecat_0898.jpg,polecat,2,0.0009301054524257779,0.0005870318273082376,0.9983843564987183,9.279767255065963e-05,5.686243639502209e-06
mink_0475.jpg,mink,0,0.9996137022972107,9.651366417529061e-05,0.0002737425093073398,1.3700184354092926e-05,2.354473508603405e-06
mink_0573.jpg,mink,0,0.999995231628418,4.774710305355256e-06,3.724499819668381e-08,2.8345820135555755e-10,5.733485561321139e-11
stoat_0281.jpg,stoat,3,7.542629987256078e-08,2.0772699116378135e-08,1.446830655282838e-08,0.9899820685386658,0.01001785323023796
weasel_0755.jpg,weasel,4,3.953020495828241e-06,4.5913841972833325e-07,4.75708583635992e-09,0.872111439704895,0.12788419425487518
polecat_0603.jpg,polecat,2,0.0007356514688581228,2.526534501612332e-07,0.9992287158966064,1.5568868548143655e-05,1.9842860638163984e-05
mink_0674.jpg,mink,0,0.9993450045585632,9.600172052159905e-05,0.00048535337555222213,5.0566584832267836e-05,2.312505603185855e-05
polecat_0014.jpg,polecat,2,2.109775050485041e-05,4.1670929817883007e-07,0.999699592590332,3.108572400378762e-06,0.0002758077171165496
weasel_0716.jpg,weasel,4,1.7143665900221094e-05,0.00031572996522299945,0.0004163810226600617,0.5651368498802185,0.43411388993263245
mink_0623.jpg,mink,0,0.9955118298530579,1.7910933536313678e-07,4.101076811480198e-09,0.00015348453598562628,0.0043344334699213505
pinemarten_0219.jpg,pinemarten,1,4.906009417027235e-05,0.9999148845672607,4.7505614020337816e-07,3.517919685691595e-05,4.0056116290543287e-07
mink_0821.jpg,mink,0,0.9999850988388062,8.248986887338106e-06,4.224282747600228e-06,1.475534304518078e-06,9.492909498476365e-07
mink_0772.jpg,mink,0,0.7883806824684143,0.19487591087818146,0.015315387398004532,0.0012470121728256345,0.00018104130867868662
weasel_0648.jpg,weasel,4,4.4801769405466985e-08,7.640562071919987e-10,3.539462056778575e-09,0.0034022857435047626,0.9965977072715759
weasel_0792.jpg,weasel,4,4.660357262764592e-06,1.8332719023406163e-11,2.9936522150109113e-09,0.0015141102485358715,0.9984812140464783
mink_0183.jpg,mink,0,0.9998123049736023,3.5486243632476544e-07,8.288888238894287e-06,1.1594037459872197e-05,0.00016746895562391728
pinemarten_0851.jpg,pinemarten,1,0.00015978429291862994,0.9637932777404785,0.017990674823522568,0.017914870753884315,0.00014145202294457704
polecat_0804.jpg,polecat,2,5.928490054429858e-07,0.011338737793266773,0.9886602163314819,3.9674969798397797e-07,6.109643901908157e-09
stoat_0890.jpg,stoat,3,5.545315762134351e-09,3.2098417257486744e-09,8.04251669705991e-08,0.9129717350006104,0.0870281383395195
polecat_0046.jpg,polecat,2,1.5445570170413703e-05,1.1461070243967697e-06,0.9894253015518188,0.010547454468905926,1.060156228049891e-05
pinemarten_0840.jpg,pinemarten,1,1.991530325540225e-06,0.9993552565574646,0.0003854408278129995,0.0002571899094618857,1.6054313789481967e-07
pinemarten_0584.jpg,pinemarten,1,2.1453569587492893e-08,0.9999909400939941,2.921948635048466e-06,6.107031822466524e-06,4.047371859883242e-08
stoat_0395.jpg,stoat,3,3.915578528079777e-09,2.473024665050616e-07,7.218319524326944e-07,0.9999984502792358,6.243790835469554e-07
weasel_0664.jpg,weasel,4,0.0036646518856287003,0.00014290139370132238,6.320263423731376e-08,0.29794958233833313,0.6982427835464478
mink_0350.jpg,mink,0,0.9999911785125732,4.174587957095355e-06,1.1993930684184306e-06,7.756451054774516e-07,2.5925451154762413e-06
mink_0363.jpg,mink,0,0.9613023400306702,0.03841950371861458,0.00023730707471258938,2.890953328460455e-05,1.1914951755898073e-05
weasel_0362.jpg,weasel,4,1.116961925617943e-06,2.5479980649834033e-06,6.810624313402514e-07,0.006945932749658823,0.9930497407913208
weasel_0854.jpg,weasel,4,0.008439116179943085,0.017588939517736435,0.0014432442840188742,0.9685506820678711,0.0039779008366167545
stoat_0832.jpg,stoat,3,7.506426413783629e-07,3.2454538541060174e-06,1.8905703882410307e-06,0.9998748302459717,0.00011926885781576857
polecat_0235.jpg,polecat,2,1.3024898180447053e-05,3.3586383096917416e-07,0.9999865293502808,1.2876087396307412e-07,1.1246831244093869e-09
stoat_0184.jpg,stoat,3,1.259676736253823e-07,1.0375018064223696e-05,0.00010774786642286927,0.9976422190666199,0.002239527879282832
mink_0295.jpg,mink,0,0.9469943046569824,0.0012339093955233693,0.030145589262247086,0.020253103226423264,0.001373058883473277
pinemarten_0700.jpg,pinemarten,1,8.370328941964544e-06,0.9986214637756348,0.000853041943628341,0.0005152865778654814,1.7882955489767483e-06
stoat_0190.jpg,stoat,3,1.0229669555883447e-07,8.283393981400877e-06,1.4697065786606345e-08,0.999984622001648,7.08352672518231e-06
stoat_0257.jpg,stoat,3,6.87728572756896e-07,7.644034485565498e-05,9.48325649119397e-08,0.9998465776443481,7.62016061344184e-05
stoat_0761.jpg,stoat,3,5.611453889287077e-05,4.219672291583265e-07,1.7400806484602072e-07,0.999699592590332,0.0002437153598293662
stoat_0400.jpg,stoat,3,2.2599710064241663e-05,0.00012848142068833113,1.441859126316558e-06,0.9944973587989807,0.005350098479539156
mink_0879.jpg,mink,0,0.9999980926513672,5.7193094704643954e-09,4.466651759571505e-08,4.441943417532457e-07,1.4727963844052283e-06
polecat_0140.jpg,polecat,2,1.2517521099653095e-05,2.3808659079804784e-06,0.9999850988388062,9.620577223756754e-09,1.13814291324843e-09
polecat_0798.jpg,polecat,2,0.0008947239257395267,0.33586907386779785,0.6576517224311829,0.004950450733304024,0.0006340496474877
pinemarten_0349.jpg,pinemarten,1,4.0600980355520733e-07,0.9999932050704956,2.547053554735612e-06,3.859147454932099e-06,3.083163235828579e-08
weasel_0188.jpg,weasel,4,5.371496580863777e-09,2.9289026065582036e-11,1.1980554048829362e-10,7.745984476059675e-05,0.999922513961792
pinemarten_0777.jpg,pinemarten,1,1.091079229809111e-05,0.9996121525764465,0.0002449517778586596,0.00010091310105053708,3.11058247461915e-05
stoat_0327.jpg,stoat,3,1.0240966474839297e-07,3.640685122263676e-07,2.091359783662483e-05,0.9927491545677185,0.007229490205645561
mink_0669.jpg,mink,0,0.9996495246887207,1.5977526857113844e-07,1.1183173000972602e-06,0.00031216489151120186,3.703563561430201e-05
polecat_0587.jpg,polecat,2,6.602770099561894e-06,1.8657895228813004e-09,0.9999934434890747,1.5527094276990283e-08,1.3476535443146531e-09
pinemarten_0100.jpg,pinemarten,1,3.180519343004562e-05,0.0021661994978785515,0.0007833134150132537,0.997011661529541,7.006892246863572e-06
mink_0746.jpg,mink,0,0.9992179870605469,1.8183127394877374e-05,6.335957323244656e-07,6.715690687997267e-05,0.0006961330655030906
polecat_0290.jpg,polecat,2,0.00047150434693321586,5.5824220801525826e-09,0.9995269775390625,1.4092348692429368e-06,5.8870796237897594e-08
pinemarten_0265.jpg,pinemarten,1,3.0010564699978204e-08,0.9999998807907104,9.66844098115871e-08,2.2659383702716696e-08,1.236847180230427e-09
stoat_0494.jpg,stoat,3,9.273197065340355e-06,0.0048070563934743404,2.2604865534958662e-07,0.99184650182724,0.0033370221499353647
pinemarten_0233.jpg,pinemarten,1,0.001637801295146346,0.9929832220077515,0.00011183675815118477,0.0051522874273359776,0.00011488646850921214
polecat_0585.jpg,polecat,2,0.0015191559214144945,0.0003045507473871112,0.9981260895729065,3.71559799532406e-05,1.298738152399892e-05
polecat_0238.jpg,polecat,2,0.00011475788051029667,0.0008812005398795009,0.9989983439445496,5.721135494241025e-06,2.5504958145461387e-08
polecat_0502.jpg,polecat,2,9.65240178629756e-06,4.255420016363587e-09,0.9999902248382568,4.876381964891152e-08,6.739496427599079e-08
weasel_0349.jpg,weasel,4,2.607070541671419e-07,2.0989652238512235e-09,1.0350580836870904e-08,0.004299376159906387,0.9957003593444824
weasel_0882.jpg,weasel,4,1.0520025170990266e-05,1.1812358735596717e-07,8.01558871899033e-06,0.08990257233381271,0.910078763961792
pinemarten_0221.jpg,pinemarten,1,2.035164243352483e-06,0.9998356103897095,0.00015723577234894037,3.931979335902724e-06,1.180463641503593e-06
mink_0586.jpg,mink,0,0.9999822378158569,1.6664302165736444e-05,2.8035867671860615e-07,3.308092288989428e-07,4.178527603926341e-07
weasel_0229.jpg,weasel,4,2.2350932340486906e-06,0.00012298965884838253,0.0019493066938593984,0.00532800005748868,0.9925974607467651
pinemarten_0847.jpg,pinemarten,1,0.18300145864486694,0.7388547658920288,0.00015252748562488705,0.07351113855838776,0.00448014959692955
weasel_0956.jpg,weasel,4,1.4387111058056234e-08,4.21311519005485e-09,2.6950583986717902e-08,0.0016909270780161023,0.9983090162277222
polecat_0545.jpg,polecat,2,0.00018482652376405895,1.491603711656353e-06,0.9998133778572083,2.1275965877975977e-07,1.2311059549574566e-07
mink_0932.jpg,mink,0,0.9988605976104736,0.0002869962190743536,0.0008401980740018189,4.41406473328243e-06,7.895387170719914e-06
mink_0580.jpg,mink,0,0.9508606791496277,0.001308537321165204,0.04783008620142937,6.302503834376694e-07,2.430206080816788e-08
stoat_0179.jpg,stoat,3,2.536564352340065e-06,4.2337396166658436e-07,1.5469557183678262e-05,0.9914259910583496,0.008555513806641102
stoat_0450.jpg,stoat,3,0.0002528148179408163,0.3840884566307068,0.08031445741653442,0.5327184200286865,0.002625894034281373
stoat_0671.jpg,stoat,3,1.6515028619323857e-05,0.0058855777606368065,7.504297536797822e-05,0.9912647604942322,0.002758016111329198
polecat_0063.jpg,polecat,2,0.0032592499628663063,0.0001709886419121176,0.9955833554267883,0.0002728921826928854,0.000713497051037848
weasel_0297.jpg,weasel,4,3.8558152937184786e-07,0.0005286584491841495,1.5064674698805902e-06,0.18522468209266663,0.8142446875572205
stoat_0237.jpg,stoat,3,1.8814193936123047e-07,1.2074771120751393e-06,6.274368388403673e-06,0.9999575614929199,3.4815493563655764e-05
stoat_0578.jpg,stoat,3,0.00047828027163632214,0.0008127771434374154,0.0006397018441930413,0.9893002510070801,0.008769006468355656
pinemarten_0681.jpg,pinemarten,1,5.791224793938454e-06,0.999955415725708,1.3262455468066037e-05,2.5500839910819195e-05,8.010352381404573e-09
pinemarten_0056.jpg,pinemarten,1,0.002427327912300825,0.9827750325202942,0.014771855436265469,1.2495128430600744e-05,1.3257177670311648e-05
pinemarten_0246.jpg,pinemarten,1,5.426156413079752e-09,0.9998942613601685,1.2779360986314714e-05,7.525423279730603e-05,1.7763481082511134e-05
mink_0641.jpg,mink,0,0.9999992847442627,6.252986461952048e-10,5.462067065309384e-08,5.402768721296525e-08,7.092407940945122e-07
polecat_0008.jpg,polecat,2,1.3083637213640031e-06,0.0001758751750458032,0.9998175501823425,1.0407610773199849e-07,5.1909505600633565e-06
weasel_0811.jpg,weasel,4,1.7472185476208324e-08,9.441496473527877e-09,1.68933211863731e-09,0.007494369521737099,0.9925056099891663
polecat_0030.jpg,polecat,2,9.82082156042452e-07,5.174466721769022e-08,0.9999986886978149,2.8325456469247e-07,7.2527885919271284e-09
mink_0768.jpg,mink,0,0.6778627038002014,0.001998595893383026,6.078578735468909e-06,0.056913431733846664,0.2632192075252533
weasel_0330.jpg,weasel,4,1.268605842597026e-07,1.299468112847535e-05,6.910867256237907e-08,0.8931323289871216,0.10685449838638306
pinemarten_0523.jpg,pinemarten,1,2.1823994757141918e-05,0.9999690055847168,5.893978709536896e-07,8.434868504991755e-06,1.1286486767403403e-07
polecat_0975.jpg,polecat,2,1.3353128736071085e-07,1.8774809484867205e-10,0.9999998807907104,4.97101915186704e-10,8.493469816350796e-11
mink_0729.jpg,mink,0,0.776197075843811,0.22264711558818817,0.0007952017476782203,5.900454652874032e-06,0.0003546638472471386
mink_0765.jpg,mink,0,0.8189204335212708,0.06372152268886566,0.11478859186172485,0.0025179744698107243,5.1456427172524855e-05
pinemarten_0669.jpg,pinemarten,1,0.015919411554932594,0.9734228849411011,0.010482585988938808,0.00014582292351406068,2.9226754122646526e-05
polecat_0936.jpg,polecat,2,0.003574548289179802,0.00020086568838451058,0.8564851880073547,0.13909406960010529,0.0006452550878748298
stoat_0750.jpg,stoat,3,4.2140180234184754e-09,6.065006630251446e-08,9.028763088281266e-06,0.9926722049713135,0.007318699266761541
polecat_0422.jpg,polecat,2,4.5788677738300976e-08,2.1576751052521104e-08,1.0,2.832977052946717e-08,2.1444792608349417e-09
polecat_0023.jpg,polecat,2,8.511628948326688e-06,0.00015875291137490422,0.9997280240058899,3.253481918363832e-05,7.212144555523992e-05
stoat_0080.jpg,stoat,3,0.012549390085041523,0.00022249789617490023,0.24396008253097534,0.7135100960731506,0.02975798025727272
polecat_0640.jpg,polecat,2,0.0067345318384468555,3.2532323530176654e-05,0.9932312965393066,1.3217120340414112e-06,3.438454712068051e-07
weasel_0129.jpg,weasel,4,0.0006892101955600083,4.303644232095394e-07,2.0625541310437256e-06,0.012843091040849686,0.9864650964736938
weasel_0786.jpg,weasel,4,6.52065068607044e-08,5.071502329201394e-08,3.9124725503825175e-07,0.03560766205191612,0.964391827583313
weasel_0556.jpg,weasel,4,0.000406655395636335,1.736486410663929e-05,7.07985918779741e-06,0.0077986340038478374,0.9917702674865723
weasel_0312.jpg,weasel,4,1.60005271254704e-08,3.1709151970815697e-10,5.375438982824221e-11,0.004378078039735556,0.9956219792366028
pinemarten_0064.jpg,pinemarten,1,0.0001056241599144414,0.9998140931129456,7.911638385849074e-05,1.1900073104698095e-06,2.0366696773521653e-08
stoat_0043.jpg,stoat,3,1.6410140233347192e-05,9.128918954104392e-09,1.1410943301370935e-08,0.9988499879837036,0.0011336017632856965
pinemarten_0107.jpg,pinemarten,1,2.1970411268057433e-08,0.9962462782859802,1.6100055972856353e-06,0.003679740009829402,7.239990372909233e-05
pinemarten_0482.jpg,pinemarten,1,1.426720973540796e-05,0.9999011754989624,1.1600741345318966e-05,7.251058559631929e-05,4.875866466136358e-07
mink_0333.jpg,mink,0,0.9966159462928772,0.00014771733549423516,0.003236310789361596,2.0158203994924406e-08,5.558941396088812e-08
pinemarten_0907.jpg,pinemarten,1,6.141539051895961e-05,0.9999351501464844,8.625146108443005e-08,3.247560016461648e-06,1.1884689143926153e-07
polecat_0009.jpg,polecat,2,3.0372393666766584e-07,1.6333788153133355e-05,0.9999725818634033,8.20994046080159e-06,2.521609076211462e-06
polecat_0736.jpg,polecat,2,0.006422249600291252,0.9094223380088806,0.08267004042863846,0.0014545933809131384,3.0777846404816955e-05
polecat_0789.jpg,polecat,2,2.2357739908329677e-06,0.0006360283587127924,0.9993615746498108,1.269178113716407e-07,5.57081936136683e-09
polecat_0392.jpg,polecat,2,2.2471185729955323e-05,2.612249954836443e-05,0.9999493360519409,2.061829036392737e-06,5.818609238872341e-08
stoat_0872.jpg,stoat,3,1.294203570978425e-07,2.969773333916237e-07,5.402284273259284e-07,0.999594509601593,0.0004045948735438287
weasel_0625.jpg,weasel,4,6.210923970684235e-07,1.8126534939710837e-07,3.0606897016838275e-09,0.04074865207076073,0.9592505693435669
stoat_0106.jpg,stoat,3,4.2633800489966234e-08,2.903766187500878e-07,8.170589467226819e-07,0.9997870326042175,0.00021192252461332828
mink_0616.jpg,mink,0,1.0,8.681075414074257e-09,1.0832826191631284e-08,4.582421109233792e-09,2.9976972015788306e-09
pinemarten_0424.jpg,pinemarten,1,2.350716421517518e-08,0.9999992847442627,1.6552459669583186e-07,4.891995217803924e-07,1.2362479040461949e-08
weasel_0270.jpg,weasel,4,1.5629781046300195e-05,8.869033990777098e-06,0.0021786936558783054,0.002816363237798214,0.99498051404953
polecat_0965.jpg,polecat,2,0.0029849654529243708,0.0005692936247214675,0.9960651993751526,0.00012696953490376472,0.0002535544044803828
mink_0808.jpg,mink,0,0.9944294691085815,0.005329140927642584,0.00016312519437633455,6.9656984123867e-05,8.609257747593801e-06
weasel_0311.jpg,weasel,4,8.589255457991385e-07,1.044771579472581e-06,1.491355838822983e-08,0.7334383130073547,0.26655974984169006
polecat_0240.jpg,polecat,2,8.927887051868311e-07,0.0053436048328876495,0.005578326061367989,0.9890729784965515,4.081052338733571e-06
mink_0137.jpg,mink,0,0.9996283054351807,1.1382985576346982e-06,0.00017685533384792507,6.739939999533817e-05,0.000126356040709652
pinemarten_0287.jpg,pinemarten,1,4.577921117743244e-06,0.9999943971633911,7.369451964223117e-07,2.674598533758399e-07,6.852880574115261e-08
polecat_0270.jpg,polecat,2,0.0041710324585437775,0.01812903955578804,0.9776661396026611,3.260305675212294e-05,1.2679440715146484e-06
polecat_0776.jpg,polecat,2,0.05382358282804489,0.036654405295848846,0.90921950340271,0.0002966269967146218,5.9714752751460765e-06
pinemarten_0406.jpg,pinemarten,1,0.001314483000896871,0.9985583424568176,1.0271614883095026e-06,0.00010797369031934068,1.8217504475614987e-05
pinemarten_0532.jpg,pinemarten,1,1.277676346944645e-06,0.9999966621398926,1.1872245408994786e-07,1.8804785213433206e-06,1.7383573691631682e-08
stoat_0641.jpg,stoat,3,8.079003777083926e-08,9.114963894774064e-09,8.476882307206779e-09,0.9945476055145264,0.005452371202409267
stoat_0561.jpg,stoat,3,9.116695176558665e-10,1.910669197968673e-05,1.1172592628838629e-08,0.9999340772628784,4.6839377318974584e-05
mink_0590.jpg,mink,0,0.9823330044746399,0.017651716247200966,2.4233224849012913e-06,1.0875824045797344e-05,2.022125499934191e-06
polecat_0097.jpg,polecat,2,0.0007677269750274718,3.4740314731607214e-05,0.9991913437843323,3.913148248102516e-06,2.227608320026775e-06
pinemarten_0516.jpg,pinemarten,1,1.637422974454239e-05,0.9980034232139587,2.647186011017766e-05,0.0019472588319331408,6.5844851633301005e-06
mink_0321.jpg,mink,0,0.9999679327011108,6.536223736475222e-06,2.4893943191273138e-05,1.1095123397808493e-07,4.349081166310498e-07
stoat_0200.jpg,stoat,3,2.3377524915879633e-10,4.865110092566738e-09,1.2748222033565071e-08,0.9999481439590454,5.178576975595206e-05
weasel_0034.jpg,weasel,4,1.667262417015536e-08,1.9512898241647036e-10,5.417143955632753e-10,0.0007354501867666841,0.9992645382881165
mink_0786.jpg,mink,0,0.9999990463256836,6.371359972945356e-08,5.386846737565065e-07,1.401702860448495e-07,7.898674425632635e-08
stoat_0122.jpg,stoat,3,0.0002151244116248563,1.4050232493900694e-05,2.128979303961387e-06,0.9940552711486816,0.00571335107088089
stoat_0224.jpg,stoat,3,0.0007765218033455312,0.0014420936349779367,0.006665370427072048,0.9806256294250488,0.01049043983221054
mink_0490.jpg,mink,0,0.9999730587005615,1.5039850950415712e-05,1.1613265087362379e-05,3.69730770444221e-07,5.655515167291014e-08
stoat_0427.jpg,stoat,3,4.114070151217675e-08,7.273403753060848e-05,5.098749625176424e-06,0.999921441078186,7.503698498112499e-07
mink_0270.jpg,mink,0,0.7436650991439819,0.006908081937581301,0.24780157208442688,0.0013244524598121643,0.00030074879759922624
pinemarten_0996.jpg,pinemarten,1,0.0005562824662774801,0.9989282488822937,7.787268259562552e-05,0.00028532688156701624,0.0001522320817457512
weasel_0681.jpg,weasel,4,3.6941247838484514e-09,2.3958806050217163e-09,1.110220318456534e-10,0.022420423105359077,0.9775795340538025
stoat_0002.jpg,stoat,3,6.126605967438081e-06,6.429886525438633e-06,1.5445104509126395e-05,0.9891906976699829,0.010781217366456985
mink_0441.jpg,mink,0,0.6365106701850891,3.317741720820777e-05,0.00021703312813770026,0.062017422169446945,0.30122169852256775
polecat_0168.jpg,polecat,2,8.097593990896712e-07,5.981865456305968e-07,0.9999910593032837,7.493762041121954e-06,5.743121089807346e-09
mink_0394.jpg,mink,0,0.9998989105224609,9.424693416804075e-05,6.501958523585927e-06,1.2590487585839583e-07,8.871889889405793e-08
polecat_0091.jpg,polecat,2,5.69703770452179e-05,1.293510536015674e-06,0.9999376535415649,5.828471216773323e-08,4.037372036691522e-06
mink_0752.jpg,mink,0,0.9999730587005615,1.2733146377286175e-06,1.0993099408551643e-07,4.007321876997594e-06,2.1538251530728303e-05
polecat_0515.jpg,polecat,2,7.831916445866227e-05,4.6957603672126424e-07,0.9999183416366577,6.24315930508601e-07,2.3106708795239683e-06
mink_0151.jpg,mink,0,0.987940788269043,0.00015333385090343654,0.009528817608952522,0.0008479451644234359,0.0015291552990674973
stoat_0401.jpg,stoat,3,4.732174147648038e-06,7.682582463530707e-07,6.481138115077556e-08,0.9993953704833984,0.0005991615471430123
stoat_0150.jpg,stoat,3,8.616583002662992e-09,1.0732555288939238e-08,2.768536511155162e-08,0.9758805632591248,0.024119403213262558
mink_0938.jpg,mink,0,0.999602735042572,5.2317394874989986e-05,0.0003423454472795129,1.6855823332662112e-06,9.13059977847297e-07
mink_0202.jpg,mink,0,0.9998446702957153,7.092177838785574e-05,5.622023672913201e-05,2.7240314011578448e-05,8.374266258215357e-07
pinemarten_0622.jpg,pinemarten,1,2.2638468877289597e-08,0.9999996423721313,4.024488298171036e-09,2.1730765809024888e-07,3.3032460322601764e-08
pinemarten_0607.jpg,pinemarten,1,5.5878815463650255e-11,1.0,7.294928550116708e-10,1.530283455508652e-08,1.5708852621476588e-11
weasel_0536.jpg,weasel,4,5.994155344524188e-06,0.009717498905956745,5.409247023635544e-05,0.20739366114139557,0.7828287482261658
stoat_0183.jpg,stoat,3,2.2038182578398846e-05,6.585041410289705e-05,3.618791311055247e-07,0.9989118576049805,0.0009999353205785155
polecat_0323.jpg,polecat,2,9.051530014403397e-07,5.0032940634991974e-05,0.9993433356285095,0.0006051576929166913,5.285352813189093e-07
pinemarten_0197.jpg,pinemarten,1,1.3261192144398137e-08,0.9999771118164062,2.038808943893855e-08,2.291782402608078e-05,1.6664277735500832e-09
polecat_0221.jpg,polecat,2,5.035058734392805e-07,0.0005705948569811881,0.9994245767593384,1.3860145600119722e-06,3.0069452350289794e-06
polecat_0477.jpg,polecat,2,4.4786415287489945e-07,2.391918441091434e-09,0.9999995231628418,4.123439811820617e-09,5.73673997195101e-10
mink_0803.jpg,mink,0,0.9984691739082336,0.0004812006081920117,6.863270755275153e-06,0.0001133525074692443,0.0009293677867390215
stoat_0459.jpg,stoat,3,2.02754727069987e-05,9.400194358022418e-06,1.1432715609771549e-06,0.950090765953064,0.04987837374210358
pinemarten_0538.jpg,pinemarten,1,5.918056045217668e-10,0.9999922513961792,2.6402570796335567e-08,7.668050784559455e-06,3.8061060081417963e-08
pinemarten_0635.jpg,pinemarten,1,3.255367801102693e-06,0.9989705085754395,0.00021006993483752012,0.0008012737962417305,1.4968208233767655e-05
pinemarten_0834.jpg,pinemarten,1,7.067916385494755e-07,0.9997711777687073,4.975272531737573e-07,0.0002274957369081676,4.803373698791802e-08
weasel_0186.jpg,weasel,4,0.0002770684368442744,0.00012410437921062112,7.483548074560531e-07,0.019116587936878204,0.9804815649986267
mink_0458.jpg,mink,0,0.999980092048645,7.2745338002278e-06,1.2416363460943103e-05,1.5301311862003786e-07,8.325321232405258e-08
stoat_0525.jpg,stoat,3,1.7974741695070406e-08,3.717735452823945e-08,1.4190554509241338e-08,0.999876856803894,0.00012303984840400517
weasel_0993.jpg,weasel,4,4.666453241952695e-05,2.01899842977582e-06,2.354634034418268e-06,0.006888216361403465,0.993060827255249
weasel_0593.jpg,weasel,4,1.919177157105878e-05,1.0802800431974902e-08,1.1815556177907638e-07,0.005698127672076225,0.994282603263855
stoat_0818.jpg,stoat,3,4.241254373482661e-06,6.771429616492242e-05,0.00016403394693043083,0.9995458722114563,0.0002181227464461699
stoat_0858.jpg,stoat,3,3.0859567345942196e-08,1.0411382334041264e-07,6.868128366477322e-06,0.9997926354408264,0.00020034110639244318
stoat_0230.jpg,stoat,3,1.0431648433950613e-08,3.903174388142361e-07,6.444877271860605e-07,0.9992928504943848,0.0007061144569888711
polecat_0584.jpg,polecat,2,0.0001321402523899451,2.1871022681807517e-07,0.9998661279678345,1.2054821354468004e-06,3.1744309580972185e-07
stoat_0288.jpg,stoat,3,4.703406011685729e-05,0.002451527863740921,0.00019035593140870333,0.996796190738678,0.000514884595759213
weasel_0256.jpg,weasel,4,5.694384890375659e-05,1.328188261595642e-07,1.1441759397712303e-06,5.402179158409126e-05,0.9998877048492432
polecat_0065.jpg,polecat,2,0.006776468362659216,0.4766191244125366,0.3869616389274597,0.08542241901159286,0.044220346957445145
weasel_0099.jpg,weasel,4,3.1178456083580386e-07,1.6535470876988256e-06,7.831530979274248e-07,0.001537185162305832,0.9984599351882935
stoat_0236.jpg,stoat,3,7.034339432721026e-06,0.0025197535287588835,9.405498531123158e-07,0.9743260145187378,0.02314622886478901
polecat_0384.jpg,polecat,2,0.0001917502813739702,1.9158567738486454e-05,0.9997864365577698,1.787737005543022e-06,8.458437719127687e-07
weasel_0158.jpg,weasel,4,2.8505031224312916e-08,3.760251843232254e-07,1.5164946489676367e-06,3.9166337955975905e-05,0.999958872795105
weasel_0449.jpg,weasel,4,4.4453106966102496e-05,0.041306834667921066,8.165065810317174e-05,0.032823044806718826,0.9257439970970154
weasel_0796.jpg,weasel,4,5.561878069215709e-09,6.52626607269835e-12,7.801441159749345e-10,0.00019653106573969126,0.9998034834861755
weasel_0464.jpg,weasel,4,1.752391290210653e-05,0.9975464940071106,0.000494983047246933,5.925437289988622e-05,0.0018817527452483773
mink_0049.jpg,mink,0,0.9999996423721313,5.105571432295619e-08,2.942924197668617e-07,2.5861391250714405e-08,8.811540830322429e-09
weasel_0799.jpg,weasel,4,8.431276654619069e-08,3.632810718912083e-11,4.70892658199773e-10,0.025314586237072945,0.9746853709220886
pinemarten_0136.jpg,pinemarten,1,0.0011161989532411098,0.9967713952064514,0.0004373334813863039,0.0016585952835157514,1.6481215425301343e-05
polecat_0262.jpg,polecat,2,9.568417169703025e-09,5.129944469217662e-09,1.0,7.627953380051622e-09,8.959358588356281e-09
stoat_0705.jpg,stoat,3,1.2899776891117654e-07,2.5532623112667352e-05,3.3649087072262773e-06,0.9998210072517395,0.00015004537999629974
mink_0711.jpg,mink,0,0.9993687272071838,0.0003060387389268726,0.00015528259973507375,0.00014361526700668037,2.647803194122389e-05
weasel_0818.jpg,weasel,4,0.001966927433386445,0.09834402799606323,0.009213349781930447,0.7471187710762024,0.14335687458515167
mink_0662.jpg,mink,0,1.0,6.083529680012134e-09,1.7968342369556467e-09,1.0417364748604996e-09,9.859026789404979e-11
stoat_0447.jpg,stoat,3,2.3673783289268613e-06,2.4659591872477904e-05,0.0004043602093588561,0.861583948135376,0.13798469305038452
mink_0700.jpg,mink,0,0.9998884201049805,5.581379127761465e-07,9.432542719878256e-05,1.4133399872662267e-06,1.5200125744740944e-05
polecat_0498.jpg,polecat,2,0.00021263438975438476,7.621475378982723e-05,0.9997063279151917,4.551352958515054e-06,2.268716343678534e-07
stoat_0786.jpg,stoat,3,0.03716657683253288,0.0004987907013855875,0.00023476648493669927,0.9022012948989868,0.059898607432842255
pinemarten_0164.jpg,pinemarten,1,0.0002368580171605572,0.9979950189590454,0.0017609718488529325,5.375515229388839e-06,1.8395890037936624e-06
polecat_0549.jpg,polecat,2,0.00013948231935501099,3.07298032566905e-05,0.999828577041626,1.1569015896384371e-06,1.0834337871301614e-08
stoat_0897.jpg,stoat,3,6.819203008490149e-06,0.00015310135495383292,1.7334946278424468e-06,0.9997484087944031,8.991974027594551e-05
pinemarten_0995.jpg,pinemarten,1,4.353812528279377e-07,0.9999547004699707,1.6126556147355586e-05,9.034120580508898e-07,2.772434163489379e-05
polecat_0720.jpg,polecat,2,0.0011778832413256168,2.6156943931709975e-05,0.9985080361366272,0.00016117874474730343,0.00012666457041632384
stoat_0738.jpg,stoat,3,3.058743095607497e-05,9.747539297677577e-05,0.00019003302440978587,0.9988790154457092,0.0008027832373045385
polecat_0074.jpg,polecat,2,0.010790480300784111,5.450524258776568e-05,0.9891542792320251,6.54256837151479e-07,5.7792446384041796e-09
weasel_0077.jpg,weasel,4,5.945594239165075e-06,2.3074686339441541e-07,8.35026270351591e-08,0.014915249310433865,0.9850784540176392
polecat_0820.jpg,polecat,2,0.0005983511218801141,0.07927465438842773,0.9201162457466125,1.0681073945306707e-05,9.464387318303125e-08
mink_0829.jpg,mink,0,0.0024656725581735373,0.9973135590553284,3.541328987921588e-05,0.0001799236488295719,5.4163738241186365e-06
weasel_0661.jpg,weasel,4,1.1324664228595793e-06,8.401769946431159e-08,1.4528536667057779e-05,0.3629596531391144,0.6370246410369873
mink_0830.jpg,mink,0,0.9999969005584717,2.3480275015974605e-11,5.3086454503137315e-12,4.95689000956645e-09,3.115344497928163e-06
pinemarten_0725.jpg,pinemarten,1,1.1289916074019857e-05,0.9999885559082031,9.332586259347408e-09,7.132503299089876e-08,3.870455600463174e-08
stoat_0087.jpg,stoat,3,4.857157875903795e-08,1.058290195032896e-06,1.0477533862740529e-07,0.9883438348770142,0.011654919013381004
weasel_0833.jpg,weasel,4,2.4836572798392353e-09,9.949615575877147e-10,1.906709651278149e-10,2.460138603055384e-05,0.9999754428863525
mink_0533.jpg,mink,0,0.9999245405197144,8.811741025738229e-08,7.386859215330333e-05,9.946240879799007e-07,4.5193866071713273e-07
stoat_0373.jpg,stoat,3,4.535882453637896e-06,7.804312190273777e-06,1.053977757692337e-05,0.9964326620101929,0.0035444055683910847
mink_0872.jpg,mink,0,0.9992796778678894,0.00010646307055139914,0.0006041728192940354,8.879003871697932e-06,8.234827078013041e-07
weasel_0058.jpg,weasel,4,3.3398251275684743e-07,1.0290849061789231e-08,1.6352719001133664e-07,0.03196081891655922,0.9680386781692505
weasel_0247.jpg,weasel,4,4.8664311691482e-08,1.82673920434695e-09,2.7824378912022496e-10,0.0013362066820263863,0.9986637830734253
weasel_0982.jpg,weasel,4,3.1726560791867087e-06,4.3491546364293754e-08,9.966134712158237e-06,0.2595595717430115,0.7404271960258484
mink_0708.jpg,mink,0,0.9999380111694336,7.419184385071276e-06,3.4674816561164334e-05,1.2477363270591013e-05,7.370671482931357e-06
mink_0744.jpg,mink,0,0.9973037242889404,1.0219549039902631e-05,0.002633135300129652,3.5571199532569153e-06,4.9332695198245347e-05
weasel_0816.jpg,weasel,4,0.00019324816821608692,0.0040418729186058044,1.8440930944052525e-05,0.9955488443374634,0.00019767852791119367
polecat_0583.jpg,polecat,2,4.520416950981598e-06,1.4214691873348784e-05,0.9999812841415405,9.452112870178553e-09,2.3441806273893917e-09
mink_0844.jpg,mink,0,0.9999980926513672,2.9916552790609785e-08,2.7719089246147632e-09,9.337055644209613e-07,9.080458198695851e-07
pinemarten_0759.jpg,pinemarten,1,0.15008044242858887,0.8490538597106934,0.0008505125297233462,4.2240467337251175e-06,1.09017073555151e-05
weasel_0638.jpg,weasel,4,5.657704971184785e-09,4.6414839971475885e-08,8.089797165489188e-10,0.011719954200088978,0.9882800579071045
polecat_0394.jpg,polecat,2,3.531233749853868e-09,4.941124487345405e-08,0.9999998807907104,4.933515640459518e-08,2.330768911207315e-09
pinemarten_0436.jpg,pinemarten,1,9.117951532688906e-11,0.9999998807907104,1.284860307038116e-08,1.154239086531561e-07,4.386777607834347e-09
stoat_0720.jpg,stoat,3,1.0545028317210381e-07,7.554805051768199e-05,1.0666592970665079e-05,0.9999055862426758,8.047736628213897e-06
stoat_0486.jpg,stoat,3,1.8823043035354203e-07,1.6917272205319023e-07,1.8001683201873675e-05,0.9997488856315613,0.00023285747738555074
pinemarten_0719.jpg,pinemarten,1,6.699956429656595e-06,0.9995964169502258,5.801008956041187e-05,0.000338353420374915,5.431886052065238e-07
polecat_0855.jpg,polecat,2,3.3503890790598234e-06,0.22172309458255768,0.7760514616966248,0.0021950285881757736,2.7124218831886537e-05
weasel_0110.jpg,weasel,4,8.340588775190838e-10,1.192443366271334e-10,4.493358130019942e-09,3.489503069431521e-05,0.9999650716781616
weasel_0665.jpg,weasel,4,2.274308315008966e-07,6.223173976138696e-09,5.768911459647086e-10,0.0002425445563858375,0.9997572302818298
pinemarten_0429.jpg,pinemarten,1,1.652899845794309e-05,0.9991132616996765,0.00013877041055820882,0.0007298492128029466,1.523432160865923e-06
mink_0391.jpg,mink,0,0.8755197525024414,0.0016008451348170638,1.0787161045300309e-05,0.11886277794837952,0.004005866590887308
pinemarten_0058.jpg,pinemarten,1,0.0005648222286254168,0.6691109538078308,0.3302517533302307,7.21644246368669e-05,3.0417132279580983e-07
mink_0127.jpg,mink,0,0.9980729818344116,0.0007904756348580122,0.0009727236465550959,1.9216160580981523e-05,0.0001445566158508882
polecat_0700.jpg,polecat,2,5.037607934355037e-06,1.0233038665319327e-06,0.9999853372573853,4.685520252678543e-06,3.855372597172391e-06
pinemarten_0396.jpg,pinemarten,1,5.697864402520736e-11,1.0,5.919109646868037e-09,3.709160312226345e-09,3.0551902154007937e-12
weasel_0055.jpg,weasel,4,1.3815006083550685e-10,2.2346005601470154e-10,6.620148179647956e-11,7.440459012286738e-05,0.9999256134033203
stoat_0240.jpg,stoat,3,2.3970620532054454e-05,0.00809922069311142,0.0004833669518120587,0.9909428954124451,0.00045056623639538884
stoat_0602.jpg,stoat,3,1.0801895768963732e-06,0.0002479341346770525,7.971451850607991e-05,0.9991875290870667,0.0004837005981244147
polecat_0361.jpg,polecat,2,9.283393609393897e-08,1.3200811277425117e-10,0.9999997615814209,3.421056860020144e-08,9.368507392082392e-08
polecat_0531.jpg,polecat,2,8.87989517650567e-05,0.001104966038838029,0.9973278045654297,0.0005845721461810172,0.0008937886450439692
mink_0962.jpg,mink,0,0.32410097122192383,0.04964902624487877,0.0015814016805961728,0.6020896434783936,0.022578928619623184
mink_0995.jpg,mink,0,0.997452437877655,0.002399489050731063,8.90089722815901e-05,1.878433977253735e-05,4.014597288914956e-05
stoat_0324.jpg,stoat,3,1.373970690110582e-06,0.00017382985970471054,4.434711627254728e-06,0.9976584911346436,0.002161792479455471
pinemarten_0047.jpg,pinemarten,1,0.00011242559412494302,0.9998854398727417,9.55742734731757e-07,1.1408728823880665e-06,1.4101764200802336e-09
weasel_0690.jpg,weasel,4,0.0002697082527447492,3.0499424610752612e-05,0.00010876340820686892,0.8785640001296997,0.12102700769901276
mink_0643.jpg,mink,0,1.0,3.235181011973509e-09,7.780726618555889e-10,1.7173298338946097e-09,2.3319418618328314e-10
weasel_0806.jpg,weasel,4,4.976113245902525e-07,2.6626722160472127e-08,2.1099337388363892e-08,0.012079198844730854,0.9879202842712402
mink_0639.jpg,mink,0,0.9999743700027466,3.4959925869770814e-06,2.085866071865894e-05,1.2095915735699236e-06,1.709402113192482e-07
polecat_0539.jpg,polecat,2,3.640943396021612e-05,1.3989804870107037e-07,0.9999632835388184,1.2005824601146742e-07,7.776513655244344e-09
polecat_0809.jpg,polecat,2,0.07303575426340103,0.00503709027543664,0.9219262599945068,8.3681516116485e-07,8.82781066025018e-08
polecat_0107.jpg,polecat,2,0.0012768545420840383,2.130859002136276e-06,0.9985755681991577,3.5704645142686786e-06,0.00014180819562170655
pinemarten_0217.jpg,pinemarten,1,0.021004866808652878,0.9736767411231995,0.0053074243478477,5.4570641623286065e-06,5.442652309284313e-06
polecat_0599.jpg,polecat,2,2.8539350751088932e-05,0.0004979716031812131,0.9987695813179016,0.0006702218088321388,3.358782851137221e-05
mink_0812.jpg,mink,0,0.9999258518218994,7.417364395223558e-05,2.030512469275436e-08,1.0726423083085024e-09,9.851952142980736e-09
weasel_0783.jpg,weasel,4,8.808191154230371e-08,2.162004602723755e-05,7.843459215450821e-10,0.0005347856786102057,0.9994434714317322
weasel_0047.jpg,weasel,4,3.0825422072666697e-06,8.482365387862956e-08,6.694822474173634e-09,0.0005550457863137126,0.9994418025016785
weasel_0581.jpg,weasel,4,1.7277058361742093e-07,4.034171752209659e-08,6.34284305078836e-08,0.0037111216224730015,0.9962886571884155
mink_0890.jpg,mink,0,0.5369266271591187,4.355142209533369e-06,9.763920388650149e-06,0.23461857438087463,0.22844062745571136
pinemarten_0705.jpg,pinemarten,1,2.550715976212814e-07,0.9992156028747559,1.462567161070183e-05,0.0007692619692534208,2.1563272412095102e-07
polecat_0129.jpg,polecat,2,8.006808639038354e-05,0.00030139932641759515,0.9996111989021301,7.3532819442334585e-06,9.62378710056555e-09
weasel_0372.jpg,weasel,4,9.280847734771669e-05,2.218406223164493e-07,2.132841636637295e-08,0.09220770001411438,0.9076992869377136
stoat_0051.jpg,stoat,3,0.001935502514243126,0.005205292254686356,0.013687379658222198,0.02822236716747284,0.950949490070343
stoat_0504.jpg,stoat,3,1.7826716103286344e-08,0.0023750863038003445,2.770178980426863e-06,0.987019419670105,0.010602626018226147
polecat_0598.jpg,polecat,2,3.033529480944708e-07,1.5094457239683834e-08,0.9999996423721313,2.1163284458225462e-08,5.700224181559577e-10
polecat_0400.jpg,polecat,2,0.28016984462738037,0.042285140603780746,0.6774002909660339,0.0001384266506647691,6.275293344515376e-06
pinemarten_0404.jpg,pinemarten,1,1.5878068637675824e-08,0.9999802112579346,7.296775493159657e-06,1.2333364793448709e-05,2.1628581237109756e-07
weasel_0636.jpg,weasel,4,6.879750435473397e-05,3.8194124499568716e-05,0.011846437118947506,0.6596837043762207,0.3283627927303314
polecat_0601.jpg,polecat,2,0.0013918726472184062,0.0017678908770903945,0.9967986345291138,4.1184342990163714e-05,4.486388718305534e-07
pinemarten_0386.jpg,pinemarten,1,2.748747340852731e-10,1.0,4.2174336245537347e-10,6.319201162341415e-09,1.0160797897507123e-10
weasel_0475.jpg,weasel,4,9.856984917178124e-08,1.091977446776582e-05,4.0847416471478937e-07,0.878204345703125,0.1217842847108841
pinemarten_0425.jpg,pinemarten,1,2.239494423239563e-10,0.9999998807907104,1.0033335939851895e-08,1.1224383911212499e-07,2.3532634174650013e-10
stoat_0572.jpg,stoat,3,4.218134286304576e-09,1.6235333532677032e-05,1.2901985428470653e-05,0.9962246417999268,0.0037461314350366592
polecat_0769.jpg,polecat,2,2.8060219847247936e-05,1.687658550508786e-05,0.9999357461929321,1.9149174477206543e-05,1.475483202284522e-07
polecat_0900.jpg,polecat,2,0.0006627001566812396,1.662770614530018e-07,0.9993337988853455,3.2838840979820816e-06,5.355583354571536e-08
weasel_0747.jpg,weasel,4,0.021390020847320557,0.00019248823809903115,8.087237802101299e-05,0.018041308969259262,0.9602954387664795
polecat_0878.jpg,polecat,2,0.0011947995517402887,0.0006925356574356556,0.9980725049972534,3.933580228476785e-05,7.701928552705795e-07
mink_0136.jpg,mink,0,0.999993085861206,3.0852911336864963e-09,6.686309916403843e-06,3.9901301818190404e-08,2.303625450394975e-07
mink_0251.jpg,mink,0,0.8173863291740417,0.08396001905202866,0.0006349897594191134,0.08668384701013565,0.011334829963743687
weasel_0592.jpg,weasel,4,7.484280786229647e-07,3.699580086724552e-10,1.2576688135368386e-08,0.007515749428421259,0.9924835562705994
mink_0163.jpg,mink,0,0.4783526659011841,0.5045780539512634,0.016848813742399216,0.00016282478463836014,5.766859612776898e-05
mink_0189.jpg,mink,0,0.75923752784729,0.23379503190517426,0.00044608311145566404,0.006520181428641081,1.146068939306133e-06
weasel_0482.jpg,weasel,4,1.2449139831005596e-05,1.1266029105172493e-06,5.1600694860098884e-05,0.00010607392323436216,0.9998288154602051
weasel_0953.jpg,weasel,4,1.0428722330146911e-09,4.136211817495905e-09,1.4217093280421977e-07,0.004720306023955345,0.9952795505523682
mink_0359.jpg,mink,0,0.4595889449119568,0.00013327122724149376,0.5398677587509155,0.0003313301713205874,7.873508002376184e-05
polecat_0179.jpg,polecat,2,1.9849242107738974e-06,1.3909373652865042e-09,0.9999978542327881,1.013272807881549e-07,3.4165621443094096e-09
weasel_0093.jpg,weasel,4,2.686768141302309e-07,2.604610216394576e-08,1.0455871723991095e-08,0.043617211282253265,0.9563825130462646
mink_0161.jpg,mink,0,0.9998427629470825,0.00012986744695808738,6.3313609643955715e-06,2.0337343812570907e-05,7.356216542575567e-07
stoat_0102.jpg,stoat,3,9.115787985569668e-11,8.911201221373233e-10,1.9434953646424447e-09,0.9992154836654663,0.0007845512591302395
mink_0318.jpg,mink,0,0.9936856627464294,0.0033008684404194355,0.002966894069686532,4.491034633247182e-05,1.7133655774159706e-06
weasel_0751.jpg,weasel,4,5.109803780101174e-08,8.334666845577487e-10,3.5554428845507857e-10,0.20039379596710205,0.7996061444282532
pinemarten_0364.jpg,pinemarten,1,2.012717914112727e-06,0.9999728202819824,1.0940782885882072e-05,1.3633383787237108e-05,6.505115948129969e-07
pinemarten_0950.jpg,pinemarten,1,7.365383680735249e-06,0.8559128046035767,0.006026530638337135,0.13805250823497772,8.527506452082889e-07
polecat_0635.jpg,polecat,2,0.0006644580280408263,0.0002692207635845989,0.9990500807762146,1.0617699444992468e-05,5.517449153558118e-06
stoat_0657.jpg,stoat,3,4.183607416052837e-07,3.6891137256134243e-07,1.1553023426813525e-07,0.9940272569656372,0.005971880629658699
weasel_0801.jpg,weasel,4,6.062864849809557e-05,7.626021670148475e-06,5.3059739713035015e-08,0.9369319081306458,0.06299979984760284
stoat_0512.jpg,stoat,3,2.3894791922884906e-08,1.3198500070643604e-08,5.6498723921549754e-08,0.9437170028686523,0.056282926350831985
pinemarten_0186.jpg,pinemarten,1,0.00318636535666883,0.5128381848335266,0.47458651661872864,0.009362748824059963,2.611815398267936e-05
stoat_0078.jpg,stoat,3,3.885996193275787e-05,2.7520554795046337e-06,6.721369572915137e-05,0.8809102773666382,0.11898090690374374
polecat_0345.jpg,polecat,2,8.897518455341924e-07,2.0139512344030663e-05,0.9934613704681396,0.004424237180501223,0.002093313494697213
polecat_0282.jpg,polecat,2,0.00044577481457963586,1.7937217933194916e-08,0.999553382396698,6.715100653309491e-07,8.369012505227147e-08
weasel_0504.jpg,weasel,4,0.040987808257341385,0.0007878211326897144,0.005827631335705519,0.1918034702539444,0.7605932354927063
stoat_0615.jpg,stoat,3,9.939590484009386e-08,5.2537949102315906e-08,1.4179140634951182e-06,0.2393835186958313,0.7606148719787598
pinemarten_0114.jpg,pinemarten,1,0.003762601176276803,0.5886217951774597,0.00038470138679258525,0.40714171528816223,8.926411101128906e-05
polecat_0472.jpg,polecat,2,7.403337804134935e-05,9.784971553017385e-06,0.9999154806137085,5.304830779095937e-07,1.3342213378564338e-07
polecat_0709.jpg,polecat,2,1.1974497283517849e-05,1.2864575182902627e-05,0.9999750852584839,1.0280447071409071e-07,3.5094922523626337e-09
weasel_0115.jpg,weasel,4,0.0009066996863111854,0.00013233233767095953,0.0006597443716600537,0.0041776676662266254,0.9941235184669495
pinemarten_0736.jpg,pinemarten,1,9.425988878319913e-10,0.9998501539230347,1.5349990167834449e-09,0.00014944224676582962,4.141025442550017e-07
mink_0534.jpg,mink,0,0.9985798597335815,3.2336694857804105e-05,0.001387380645610392,2.486598020823294e-07,1.111924774477302e-07
mink_0589.jpg,mink,0,1.0,3.039584584030308e-08,4.7439186801057076e-08,1.1942731248382188e-08,2.0520229071507856e-08
mink_0554.jpg,mink,0,0.9987238049507141,0.0011790505377575755,8.244984928751364e-05,5.421576133812778e-06,9.164362381852698e-06
mink_0804.jpg,mink,0,0.9999444484710693,5.824821528221946e-06,3.1088195100892335e-05,1.825098843255546e-05,3.275426649906876e-07
weasel_0342.jpg,weasel,4,1.1187551535840612e-05,6.287601718213409e-05,0.001930377446115017,0.1586417704820633,0.8393538594245911
stoat_0839.jpg,stoat,3,2.735403904807754e-05,0.007993001490831375,0.0001619481190573424,0.5831940174102783,0.40862366557121277
mink_0253.jpg,mink,0,0.9999997615814209,1.0716955323175625e-08,1.1473851202481455e-07,2.3881321808971734e-08,6.916737760320757e-08
mink_0272.jpg,mink,0,0.8342692255973816,0.047172874212265015,0.11434204876422882,0.0033340593799948692,0.0008817174239084125
weasel_0328.jpg,weasel,4,1.9753792003029957e-05,6.634557212237269e-05,5.035871026848326e-07,0.33861860632896423,0.6612948179244995
polecat_0371.jpg,polecat,2,4.114866896998137e-06,4.3157149320904864e-07,0.999977707862854,1.3973671286748868e-07,1.753495234879665e-05
stoat_0535.jpg,stoat,3,2.2225883355986298e-08,2.9343709684326313e-06,9.102996045839973e-06,0.9999876022338867,2.6444772061040567e-07
stoat_0918.jpg,stoat,3,1.4517707036532101e-08,1.3523096242806787e-07,9.305489584221505e-06,0.9998537302017212,0.00013677094830200076
weasel_0691.jpg,weasel,4,2.0574086647684453e-06,1.3791957826470025e-05,1.0258823976982967e-06,0.14623725414276123,0.8537459373474121
weasel_0274.jpg,weasel,4,1.5984363699317328e-06,1.9999621958533e-09,3.709494489356757e-09,0.000158137729158625,0.999840259552002
pinemarten_0458.jpg,pinemarten,1,5.443656846182421e-06,0.9999932050704956,4.56761064526745e-08,1.1632059795374516e-06,1.25781369320066e-07
pinemarten_0787.jpg,pinemarten,1,0.0008190182852558792,0.9988320469856262,0.00031843932811170816,2.215765562141314e-05,8.330861419381108e-06
stoat_0997.jpg,stoat,3,8.085240551736206e-06,4.4310669181868434e-05,0.006259175017476082,0.9929801821708679,0.0007083256496116519
stoat_0722.jpg,stoat,3,5.573831913352478e-06,0.0006697234348393977,2.9060458473395556e-05,0.9992464780807495,4.926365363644436e-05
polecat_0016.jpg,polecat,2,1.090990320307128e-08,3.035272357010399e-06,0.9999946355819702,2.2688955141347833e-06,1.523690826843449e-07
stoat_0097.jpg,stoat,3,1.7377263361595396e-07,2.278889405715745e-05,0.0003695238847285509,0.9992005228996277,0.0004069945134688169
pinemarten_0536.jpg,pinemarten,1,3.9008100429782644e-05,0.9929343461990356,4.215026638121344e-05,0.005731900688260794,0.0012525892816483974
pinemarten_0726.jpg,pinemarten,1,1.816674057408818e-06,0.9993144273757935,7.356857167906128e-06,0.000674141978379339,2.2096980956121115e-06
mink_0303.jpg,mink,0,0.9999978542327881,3.350211557062721e-07,1.7779108247850672e-06,5.046379314421756e-08,5.810574066344998e-08
mink_0604.jpg,mink,0,0.867964506149292,0.10415156185626984,0.0001082692906493321,0.027487438172101974,0.0002882174158003181
mink_0683.jpg,mink,0,0.9999954700469971,4.379674919618992e-06,5.373640643568933e-09,5.924394130829569e-08,8.612777691041629e-08
weasel_0562.jpg,weasel,4,0.7590272426605225,0.03712482005357742,0.006625418551266193,0.11246059089899063,0.08476197719573975
pinemarten_0198.jpg,pinemarten,1,3.5038449368585134e-06,0.9999806880950928,1.0262187061016448e-05,4.680264282796998e-06,9.54096208261035e-07
pinemarten_0611.jpg,pinemarten,1,7.873672416280897e-07,0.9999991655349731,5.578033146491634e-09,4.3330981469580365e-08,2.244475938439905e-09
weasel_0152.jpg,weasel,4,2.5009892823391056e-08,7.48142103823568e-10,3.262158321248876e-09,0.0009193105506710708,0.9990806579589844
weasel_0528.jpg,weasel,4,4.282765803509392e-05,0.0017994784284383059,0.002972309710457921,0.0076957521960139275,0.987489640712738
polecat_0741.jpg,polecat,2,0.002396409399807453,9.452788799535483e-05,0.9973297119140625,0.00017534455400891602,4.0405793697573245e-06
mink_0667.jpg,mink,0,0.9746779799461365,3.0892402719473466e-05,0.02529105916619301,3.244829116511028e-08,2.2143053612921904e-08
mink_0305.jpg,mink,0,0.9954710006713867,2.726882667047903e-05,2.6922480174107477e-06,0.0009358583483844995,0.0035632052458822727
pinemarten_0631.jpg,pinemarten,1,4.4095049389625274e-08,0.9999903440475464,8.70191797730513e-06,7.909004580142209e-07,2.9161114412090683e-08
stoat_0649.jpg,stoat,3,0.00026164474547840655,2.7264710297458805e-05,6.428657002288674e-07,0.6563546657562256,0.34335586428642273
weasel_0861.jpg,weasel,4,9.946438694896642e-06,6.627734819630859e-06,8.385488285966858e-07,0.009642875753343105,0.9903398156166077
polecat_0794.jpg,polecat,2,5.421489390755596e-07,3.617577988279663e-07,0.9999978542327881,1.2244832987562404e-06,7.826083248119176e-08
mink_0438.jpg,mink,0,0.9862552881240845,0.01266054343432188,0.000953450333327055,1.5236912986438256e-05,0.00011540578998392448
mink_0805.jpg,mink,0,0.9513599872589111,0.002334726508706808,0.046255674213171005,4.723111123894341e-05,2.3723523554508574e-06
stoat_0365.jpg,stoat,3,4.164894207292491e-09,8.17576983536128e-06,9.209292102241307e-07,0.9999892711639404,1.565488446431118e-06
mink_0445.jpg,mink,0,0.8345098495483398,0.16416770219802856,0.0012712884927168489,4.0719267417443916e-05,1.0397111509519164e-05
pinemarten_0782.jpg,pinemarten,1,7.271570211742073e-05,0.9996094107627869,0.0001279922726098448,0.00015504340990446508,3.490714880172163e-05
weasel_0285.jpg,weasel,4,4.615921156414515e-08,2.7075266473275406e-08,1.4032993433943375e-08,0.005812549963593483,0.9941873550415039
weasel_0508.jpg,weasel,4,0.12716279923915863,0.0016230512410402298,0.0012314865598455071,0.008388095535337925,0.861594557762146
pinemarten_0875.jpg,pinemarten,1,5.269100074656308e-05,0.9998443126678467,8.631493255961686e-05,1.6372863683500327e-05,3.4405783821966907e-07
polecat_0648.jpg,polecat,2,0.00018724959227256477,0.0028373708482831717,0.9969621300697327,1.3149555343261454e-05,2.3117097569524958e-08
mink_0329.jpg,mink,0,0.9999834299087524,1.7492978088284872e-07,1.302175223827362e-05,1.257662205489396e-07,3.191245468769921e-06
polecat_0171.jpg,polecat,2,7.318218649743358e-06,2.0973776049260096e-09,0.9999926090240479,1.138252514465421e-07,3.8345870922995573e-10
mink_0261.jpg,mink,0,0.7184208631515503,0.028032300993800163,0.24204310774803162,0.011493098922073841,1.0675244993763044e-05
mink_0384.jpg,mink,0,0.8827429413795471,0.012105670757591724,0.09661165624856949,0.00736440671607852,0.0011752787977457047
polecat_0574.jpg,polecat,2,7.190139149315655e-05,7.371630999841727e-06,0.9999175071716309,2.6226068712276174e-06,5.142658210388618e-07
stoat_0569.jpg,stoat,3,1.3134186701790895e-05,5.540633992495714e-06,2.401729580014944e-05,0.99201500415802,0.007942233234643936
mink_0795.jpg,mink,0,0.9999682903289795,2.7314885301166214e-05,1.1995965678579523e-06,7.163228019635426e-07,2.4827816105243983e-06
mink_0071.jpg,mink,0,0.9999997615814209,3.7138477182452334e-08,1.4962660443984532e-08,2.3893441891686962e-08,8.27888158028145e-08
weasel_0676.jpg,weasel,4,1.0799197980304598e-06,1.3490560490936332e-07,7.24270239516045e-06,0.6992937922477722,0.3006977140903473
stoat_0809.jpg,stoat,3,0.0029173935763537884,0.00016876214067451656,0.0004853705468121916,0.9942915439605713,0.002136933384463191
weasel_0322.jpg,weasel,4,0.007205140311270952,0.0001072771628969349,0.08943354338407516,0.05728841572999954,0.8459657430648804
polecat_0188.jpg,polecat,2,5.982394577586092e-05,0.0024239029735326767,0.99681156873703,0.0005914535722695291,0.00011316961172269657
weasel_0468.jpg,weasel,4,1.1115263305327971e-06,3.9384011074616865e-07,0.00010059728083433583,1.7752478015609086e-05,0.9998801946640015
stoat_0349.jpg,stoat,3,8.479820223783463e-08,4.824206371267792e-06,1.697374862885681e-08,0.9999788999557495,1.6190280803130008e-05
polecat_0252.jpg,polecat,2,1.009401967166923e-05,0.060183171182870865,0.9397762417793274,2.874866004276555e-05,1.8171738247474423e-06
weasel_0301.jpg,weasel,4,0.00013595390191767365,1.520527689535811e-06,6.207636715771514e-08,0.06860072165727615,0.9312617182731628
stoat_0558.jpg,stoat,3,9.712946848594584e-06,0.00039087244658730924,4.636714584194124e-05,0.9920141100883484,0.007539043202996254
stoat_0790.jpg,stoat,3,4.847133894259059e-08,1.0570673794063623e-06,6.902016139065381e-06,0.9999308586120605,6.108007801230997e-05
stoat_0952.jpg,stoat,3,0.015710623934864998,0.053042516112327576,0.013557438738644123,0.8760831952095032,0.04160619154572487
stoat_0363.jpg,stoat,3,5.833761861140374e-06,4.6861241571605206e-06,5.88805960433092e-07,0.8837281465530396,0.11626084893941879
weasel_0215.jpg,weasel,4,3.8448167316573745e-08,3.8710140870534815e-07,4.933681339025497e-07,0.031918153166770935,0.9680810570716858
mink_0095.jpg,mink,0,0.9419000744819641,0.050219982862472534,0.007134262006729841,0.0001124999689636752,0.0006331833428703249
pinemarten_0495.jpg,pinemarten,1,2.9516023403175495e-08,0.9985197186470032,1.7366659221806913e-06,0.0014778112526983023,7.209027899079956e-07
stoat_0621.jpg,stoat,3,1.8375216086496948e-06,0.0002707302919588983,4.6804771045572124e-06,0.9795865416526794,0.020136306062340736
mink_0724.jpg,mink,0,0.9370455741882324,0.05096685141324997,0.011938354931771755,4.023830115329474e-05,9.03787076822482e-06
pinemarten_0893.jpg,pinemarten,1,1.0760777513496578e-05,0.9989553689956665,0.0006829078192822635,0.0003347742313053459,1.617420457478147e-05
polecat_0031.jpg,polecat,2,3.7495635751838563e-06,1.5206492065544808e-08,0.9999443292617798,5.091240382171236e-05,1.0353583093092311e-06
stoat_0895.jpg,stoat,3,8.013799742911942e-06,4.0880222513806075e-05,0.017387259751558304,0.945000171661377,0.03756364434957504
mink_0377.jpg,mink,0,0.987108051776886,0.0004112549650017172,0.012259291484951973,0.0002078010147670284,1.3608565495815128e-05
pinemarten_0684.jpg,pinemarten,1,0.00010713945812312886,0.9956874251365662,0.004095494281500578,4.3838641431648284e-05,6.613304140046239e-05
mink_0524.jpg,mink,0,0.9965329170227051,3.7459933082573116e-05,2.1067234001748147e-07,0.0031207504216581583,0.0003086148062720895
polecat_0484.jpg,polecat,2,1.5652192075776838e-07,1.3411286525766286e-09,0.9999998807907104,1.4382199875484503e-09,1.1633838857549872e-11
pinemarten_0021.jpg,pinemarten,1,3.091343501182564e-07,0.9999910593032837,4.27796840085648e-06,2.9187208383518737e-06,1.5006702369646518e-06
weasel_0914.jpg,weasel,4,1.268605842597026e-07,1.299468112847535e-05,6.910867256237907e-08,0.8931323289871216,0.10685449838638306
stoat_0113.jpg,stoat,3,4.3378989289522e-09,6.851840339550108e-08,9.446787174738347e-08,0.9676473140716553,0.032352522015571594
pinemarten_0578.jpg,pinemarten,1,8.088576919362822e-07,0.9998821020126343,2.069494075840339e-05,9.412157669430599e-05,2.2610893211094663e-06
mink_0072.jpg,mink,0,0.9982920289039612,0.0010574980406090617,0.0006149738328531384,3.367187673575245e-05,1.7671258092377684e-06
stoat_0432.jpg,stoat,3,0.00019239875837229192,0.0006649557617492974,0.0005765880923718214,0.9980337023735046,0.0005323853110894561
pinemarten_0739.jpg,pinemarten,1,0.00015477006672881544,0.9991439580917358,7.530146831413731e-05,0.0005686837830580771,5.7173794630216435e-05
pinemarten_0769.jpg,pinemarten,1,7.759562322462443e-06,0.9976640939712524,0.00018934393301606178,0.0021088314242661,2.992112968058791e-05
stoat_0870.jpg,stoat,3,4.732174147648038e-06,7.682582463530707e-07,6.481138115077556e-08,0.9993953704833984,0.0005991615471430123
polecat_0691.jpg,polecat,2,3.247490667490638e-06,3.4807307258688525e-08,0.9999967813491821,1.547344807839579e-09,1.4566280473471416e-11
pinemarten_0095.jpg,pinemarten,1,1.7386962554155616e-06,0.9992828965187073,0.0006983723724260926,4.823999006475788e-06,1.2300880371185485e-05
stoat_0096.jpg,stoat,3,2.665518250566379e-09,1.1542113043105928e-06,3.5110982565811355e-08,0.991248607635498,0.008750139735639095
weasel_0926.jpg,weasel,4,1.4476553289455296e-08,1.8225718179110117e-07,3.921421853902984e-09,0.0011054943315684795,0.9988943934440613
polecat_0852.jpg,polecat,2,0.0001065441538230516,8.628994692116976e-06,0.9921779036521912,0.0076460218988358974,6.094277341617271e-05
mink_0357.jpg,mink,0,0.02698216587305069,0.9682088494300842,0.003933009225875139,0.0002953457005787641,0.0005806355620734394
pinemarten_0199.jpg,pinemarten,1,0.00013052861322648823,0.9993032217025757,4.00926910515409e-06,0.0005572387017309666,4.959272700943984e-06
mink_0678.jpg,mink,0,0.9999971389770508,9.964617220248329e-08,7.324119977170085e-09,5.113245151733281e-07,2.2284036731434753e-06
mink_0054.jpg,mink,0,0.9966282248497009,1.074997499017627e-06,1.1861312486871611e-05,3.316308720968664e-05,0.0033256756141781807
weasel_0828.jpg,weasel,4,2.901438392655109e-06,2.000231624776916e-08,2.5509045542548847e-08,0.053077660501003265,0.9469193816184998
weasel_0269.jpg,weasel,4,2.3602224175078845e-08,1.0403923056401254e-07,1.1816468941105995e-06,0.0003524265775922686,0.9996463060379028
polecat_0406.jpg,polecat,2,0.0023144965525716543,0.04883664473891258,0.9486997127532959,0.00013382165343500674,1.5360024917754345e-05
polecat_0703.jpg,polecat,2,8.264947246061638e-05,6.247544206416933e-07,0.9999033212661743,7.5786333582072984e-06,5.778472768724896e-06
pinemarten_0978.jpg,pinemarten,1,2.463856958456745e-07,0.9934147596359253,0.0065058330073952675,7.13025001459755e-05,7.844325409678277e-06
pinemarten_0555.jpg,pinemarten,1,3.774466572625812e-10,0.9999998807907104,1.282086103948643e-09,1.2040180763506214e-07,2.8522703643396596e-10
polecat_0213.jpg,polecat,2,4.45329195741806e-09,3.4552201100268576e-07,0.9999996423721313,9.288377289529137e-10,5.87658255390977e-10
weasel_0296.jpg,weasel,4,8.244399829493432e-09,3.788700553286617e-08,9.39288424817164e-10,0.008347994647920132,0.9916519522666931
stoat_0815.jpg,stoat,3,6.528165249619633e-05,8.195250302378554e-06,0.00012691847223322839,0.03913182020187378,0.9606677889823914
pinemarten_0756.jpg,pinemarten,1,1.881234652501007e-06,0.9993718266487122,3.937831479561282e-06,0.0005717524327337742,5.066091034677811e-05
weasel_0837.jpg,weasel,4,8.589255457991385e-07,1.044771579472581e-06,1.491355838822983e-08,0.7334383130073547,0.26655974984169006
mink_0205.jpg,mink,0,0.9999984502792358,6.072281735214347e-07,5.606860895568389e-07,1.0624322754893001e-07,2.506924090539542e-07
mink_0187.jpg,mink,0,0.9986799359321594,0.0006553501007147133,8.414929652644787e-06,0.00021330216259229928,0.0004429517430253327
mink_0876.jpg,mink,0,0.9706972241401672,0.0001772692776285112,0.0036551423836499453,0.02324783243238926,0.002222601557150483
weasel_0865.jpg,weasel,4,0.00025451413239352405,0.00020981451962143183,6.17059114915719e-08,0.011531531810760498,0.9880040884017944
mink_0358.jpg,mink,0,0.5489064455032349,0.4484448730945587,0.0026111037004739046,2.2408623408409767e-05,1.518374847364612e-05
pinemarten_0850.jpg,pinemarten,1,1.113073381020513e-06,0.9997958540916443,1.0516094334889203e-05,0.00018177417223341763,1.0750261935754679e-05
weasel_0682.jpg,weasel,4,4.432413334143348e-07,1.6418544745988584e-08,2.2531343901732725e-08,0.020502176135778427,0.9794973134994507
stoat_0515.jpg,stoat,3,8.136700202499014e-09,8.855739963564702e-08,2.1701065122670116e-07,0.9997325539588928,0.00026709563098847866
weasel_0784.jpg,weasel,4,3.747183896507522e-09,2.2829136359092672e-09,1.917263986461748e-10,8.152204100042582e-05,0.9999184608459473
polecat_0947.jpg,polecat,2,7.286994900823629e-07,8.388831815864251e-07,0.9999984502792358,4.0503440601469265e-08,4.1701259334558927e-08
polecat_0421.jpg,polecat,2,5.215127316660073e-07,5.6910805142251775e-05,0.9999252557754517,1.724271169223357e-05,1.225418202466244e-07
pinemarten_0338.jpg,pinemarten,1,0.0014086066512390971,0.998562753200531,5.572161967393185e-07,1.572058863530401e-05,1.237151627719868e-05
pinemarten_0576.jpg,pinemarten,1,8.733024401408329e-07,0.998103141784668,4.5841046514283335e-09,0.0018914287211373448,4.524176802078728e-06
stoat_0167.jpg,stoat,3,8.163866738186698e-08,7.005180668784305e-05,3.9257702155737206e-07,0.9971811771392822,0.0027483326848596334
pinemarten_0341.jpg,pinemarten,1,5.448996034829179e-06,0.999994158744812,1.9877725776495936e-07,1.9430429176736652e-07,1.3968717293977306e-09
stoat_0668.jpg,stoat,3,2.7028493221337158e-08,3.3990584142884472e-06,1.9391249225009233e-05,0.9467324614524841,0.053244736045598984
polecat_0083.jpg,polecat,2,1.340303697361378e-05,1.2779293683706783e-05,0.9999738931655884,1.3010735600005319e-08,2.0295391756075531e-10
stoat_0969.jpg,stoat,3,9.326522132369064e-08,1.9297149265185e-06,3.5524585655366536e-06,0.9999046325683594,8.979830454336479e-05
mink_0198.jpg,mink,0,0.9963781237602234,0.003244745545089245,0.0003763816202990711,3.1909721087686194e-07,4.1376401327397616e-07
mink_0539.jpg,mink,0,0.9990321397781372,6.9770248956047e-06,7.613255661453877e-07,0.00015793128113728017,0.0008022136753425002
pinemarten_0078.jpg,pinemarten,1,1.967092231325296e-07,0.9930288195610046,0.0016058171167969704,0.005253457464277744,0.00011164558964082971
polecat_0631.jpg,polecat,2,3.077240080529009e-06,5.102692668401687e-08,0.9999964237213135,4.5891135869169375e-07,1.8778721633250228e-10
weasel_0016.jpg,weasel,4,5.871737812412903e-06,0.0012342336121946573,2.422810439384193e-06,0.029400693252682686,0.9693567752838135
mink_0776.jpg,mink,0,0.9260137677192688,0.006925370544195175,0.015077202580869198,0.04998674616217613,0.0019968627020716667
polecat_0230.jpg,polecat,2,0.9116714596748352,0.0017993319779634476,0.08632227033376694,0.00020562275312840939,1.3931652347309864e-06
stoat_0698.jpg,stoat,3,1.505925138189923e-05,2.3883162612037268e-06,1.7784286683308892e-05,0.9955871105194092,0.0043777055107057095
stoat_0138.jpg,stoat,3,3.69984900316922e-06,2.3070686438586563e-05,2.7069356178799353e-07,0.9996775388717651,0.00029534896020777524
stoat_0049.jpg,stoat,3,1.9897832714832475e-07,5.505884837475605e-05,6.988660970819183e-06,0.9999275207519531,1.0245419616694562e-05
polecat_0935.jpg,polecat,2,0.0014151156647130847,0.030420636758208275,0.967268705368042,0.0008806799887679517,1.4841370102658402e-05
polecat_0357.jpg,polecat,2,4.5595656139596485e-09,3.375263446514509e-08,0.9999990463256836,6.122173346057025e-08,8.003020184332854e-07
polecat_0853.jpg,polecat,2,0.002342491177842021,0.00013834127457812428,0.9974284768104553,6.328876042971388e-05,2.7416728698881343e-05
pinemarten_0498.jpg,pinemarten,1,5.345688623492606e-05,0.999941349029541,6.599142921004386e-07,4.200989678793121e-06,4.0296836800735036e-07
stoat_0922.jpg,stoat,3,2.9920229849267344e-07,4.7727840865263715e-05,1.3234873222245369e-05,0.9969902038574219,0.002948483219370246
stoat_0075.jpg,stoat,3,6.185074994391471e-07,6.257601512515976e-07,4.157019759531977e-07,0.9977434873580933,0.0022549163550138474
pinemarten_0606.jpg,pinemarten,1,4.89654931185024e-12,0.9999939203262329,9.805425915665467e-11,6.04534261583467e-06,1.5593009106140698e-09
stoat_0157.jpg,stoat,3,0.002368937712162733,0.026228342205286026,0.0003192958829458803,0.9695560932159424,0.001527299522422254
stoat_0417.jpg,stoat,3,2.2158847059472464e-06,3.056497632769606e-08,9.246942767049404e-08,0.9772640466690063,0.022733589634299278
stoat_0566.jpg,stoat,3,3.774696608616068e-07,1.0363087312725838e-05,4.311726797823212e-07,0.9956817626953125,0.004307067021727562
stoat_0409.jpg,stoat,3,0.0006795930094085634,6.055366975488141e-05,1.4536727803715621e-06,0.9986794590950012,0.000578902312554419
pinemarten_0094.jpg,pinemarten,1,0.002842000452801585,0.9777187705039978,0.019392352551221848,3.799432670348324e-05,8.85566169017693e-06
pinemarten_0272.jpg,pinemarten,1,7.721105976798981e-10,0.9999983310699463,1.0075119627472873e-09,1.662254817347275e-06,5.907028755025578e-10
pinemarten_0474.jpg,pinemarten,1,9.427410077478271e-06,0.9982227683067322,0.0009607291431166232,0.0008058875100687146,1.2402223319440964e-06
mink_0048.jpg,mink,0,0.997958779335022,0.0003787793393712491,0.0005748521070927382,0.0010654021752998233,2.2292964786174707e-05
stoat_0290.jpg,stoat,3,0.018323274329304695,0.02305024489760399,0.6270698308944702,0.32739391922950745,0.0041627418249845505
pinemarten_0361.jpg,pinemarten,1,0.6392078399658203,0.022057507187128067,2.3445979877578793e-06,0.33515438437461853,0.0035778547171503305
stoat_0960.jpg,stoat,3,0.0003887825005222112,0.10649695247411728,0.00048099292325787246,0.8925009965896606,0.00013223799760453403
mink_0507.jpg,mink,0,0.9996988773345947,0.0001266144245164469,1.3716922353523842e-07,0.00015183519280981272,2.2564627215615474e-05
polecat_0795.jpg,polecat,2,0.006707558874040842,7.558542711194605e-05,0.9932117462158203,5.1036104196100496e-06,2.9650220056964827e-09
mink_0162.jpg,mink,0,0.9048162698745728,0.005092621315270662,0.0900486633181572,3.5679564462043345e-05,6.730486347805709e-06
weasel_0986.jpg,weasel,4,1.82737309728509e-08,8.344351698497121e-08,5.2893311952573185e-09,0.001550068031065166,0.9984498023986816
pinemarten_0715.jpg,pinemarten,1,2.87223952000204e-06,0.9987433552742004,0.0004899656632915139,0.0007563390536233783,7.491424184991047e-06
polecat_0645.jpg,polecat,2,2.18139052776678e-06,4.710985734845963e-08,0.9999973773956299,2.980190174639574e-07,1.0164701080839222e-07
weasel_0457.jpg,weasel,4,6.982408649491845e-06,2.3224518372444436e-05,8.724078384148015e-07,0.002520178211852908,0.997448742389679
weasel_0308.jpg,weasel,4,5.615351295062965e-09,4.187883095863043e-10,6.332250723772859e-09,8.808798384052352e-07,0.9999991655349731
pinemarten_0878.jpg,pinemarten,1,0.00258493609726429,0.9941080808639526,0.0003592040156945586,0.0005021333927288651,0.0024456733372062445
mink_0258.jpg,mink,0,0.9278104305267334,0.012875801883637905,0.05615175515413284,0.0018240214558318257,0.0013379908632487059
stoat_0243.jpg,stoat,3,2.970139576063957e-06,0.0003180814383085817,2.4001938072615303e-06,0.9975838661193848,0.002092671114951372
mink_0912.jpg,mink,0,0.9932814836502075,0.0004279663262423128,0.006176377180963755,0.00010648064926499501,7.520019607909489e-06
pinemarten_0580.jpg,pinemarten,1,0.00023530771431978792,0.9995630383491516,5.954925441642445e-09,0.0001390023244312033,6.257270433707163e-05
mink_0510.jpg,mink,0,0.9998025298118591,3.67627717423602e-06,0.00013143871910870075,6.888481607347785e-07,6.163929356262088e-05
polecat_0945.jpg,polecat,2,1.3694693734578323e-06,1.1294624790991747e-08,0.9999979734420776,5.823558240081184e-07,1.595911491847346e-08
weasel_0173.jpg,weasel,4,2.261928813140912e-07,6.850029432570182e-09,1.029223040127647e-09,0.00014249267405830324,0.9998571872711182
polecat_0223.jpg,polecat,2,2.945810351207001e-08,2.0102463622606592e-06,0.9999933242797852,2.438888031974784e-06,2.1817104425281286e-06
weasel_0958.jpg,weasel,4,6.901159849803662e-06,1.857332563304226e-07,7.276762659103042e-08,0.011795335449278355,0.988197386264801
mink_0757.jpg,mink,0,0.6311590671539307,0.3621174097061157,0.004035405348986387,0.002602937864139676,8.518205140717328e-05
pinemarten_0004.jpg,pinemarten,1,1.9580415937525686e-06,0.9999889135360718,3.8080650028859964e-06,5.317156137607526e-06,1.5161930377871613e-08
weasel_0929.jpg,weasel,4,2.4568211642872484e-07,1.1793601117915387e-07,2.852494951355311e-08,0.0033857717644423246,0.9966139197349548
stoat_0837.jpg,stoat,3,1.3482260863284523e-09,2.625861839078425e-07,1.916825567604974e-06,0.9999662637710571,3.1617564673069865e-05
polecat_0997.jpg,polecat,2,2.023934939643368e-06,2.213105005921534e-07,0.9999140501022339,8.375007746508345e-05,4.539024800465086e-08
mink_0142.jpg,mink,0,0.9751002192497253,0.021290337666869164,0.0035662681329995394,3.6791876482311636e-05,6.38417759546428e-06
polecat_0980.jpg,polecat,2,0.07729290425777435,0.026147615164518356,0.8378797173500061,0.0586710087954998,8.80105380929308e-06
mink_0315.jpg,mink,0,0.9999785423278809,8.329931006301194e-06,1.269438689632807e-05,3.47876436990191e-07,9.564641345605196e-08
polecat_0950.jpg,polecat,2,1.0194939022767358e-05,0.00025686537264846265,0.9997308850288391,2.036548721662257e-06,4.4218850803190435e-08
weasel_0794.jpg,weasel,4,1.4340023390957413e-08,4.0276737500732906e-10,3.919462088219916e-09,0.007823838852345943,0.9921761155128479
stoat_0177.jpg,stoat,3,0.00021433386427816004,2.8159740850242088e-06,0.00011140395508846268,0.8640906810760498,0.13558080792427063
stoat_0835.jpg,stoat,3,9.335353823303194e-09,4.57643136542174e-06,1.6064592500697472e-07,0.9900806546211243,0.009914577007293701
stoat_0749.jpg,stoat,3,0.00025201047537848353,0.0027637702878564596,0.0005009064916521311,0.9883350133895874,0.008148306049406528
pinemarten_0923.jpg,pinemarten,1,3.96308496419806e-05,0.9998538494110107,1.4468098015640862e-05,8.978594996733591e-05,2.25758230953943e-06
weasel_0987.jpg,weasel,4,8.941353968339172e-08,3.245882140845424e-08,1.6700070091246744e-06,0.0013951283181086183,0.9986030459403992
mink_0243.jpg,mink,0,0.999998927116394,1.3283461136603947e-11,2.321273381844513e-12,2.3000121807115192e-09,1.0885860319831409e-06
weasel_0434.jpg,weasel,4,1.020458171296923e-06,5.108616107918351e-08,1.769994213418613e-07,0.0038016873877495527,0.9961971044540405
stoat_0110.jpg,stoat,3,0.006112992297858,0.009922759607434273,7.827708941476885e-06,0.9426279067993164,0.041328560560941696
weasel_0496.jpg,weasel,4,0.00012061097368132323,0.9244038462638855,0.005575582850724459,0.02654540166258812,0.04335455596446991
stoat_0211.jpg,stoat,3,3.738679197340389e-07,7.096662011463195e-05,3.132921619908302e-07,0.9986513257026672,0.001277067232877016
mink_0789.jpg,mink,0,0.9999902248382568,9.371183828932317e-09,1.3440363488825824e-07,2.6455472834641114e-06,7.0403025347332004e-06
weasel_0037.jpg,weasel,4,2.1247626591502922e-07,5.903922351002677e-10,3.3128066956322755e-09,0.0016361655434593558,0.9983635544776917
weasel_0131.jpg,weasel,4,8.726769920031074e-07,3.062719500235289e-08,3.559478045644937e-06,0.0006925227935425937,0.9993029832839966
weasel_0079.jpg,weasel,4,9.542871703160927e-05,6.572544953087345e-05,0.00029509945306926966,0.03164377436041832,0.9678999781608582
polecat_0546.jpg,polecat,2,2.5329604795842897e-06,4.593014091369696e-05,0.9999513626098633,3.431058814840071e-08,1.4903086764661566e-07
pinemarten_0499.jpg,pinemarten,1,6.128129115268166e-08,0.9996078610420227,1.7714489786158083e-06,0.0003890654188580811,1.2777753681803006e-06
pinemarten_0073.jpg,pinemarten,1,5.6613578635733575e-05,0.9994688630104065,0.00045113213127478957,2.2846963474876247e-05,5.225484187576512e-07
stoat_0490.jpg,stoat,3,1.4635180889399635e-07,9.588164857632364e-07,6.099035999795888e-06,0.999983549118042,9.255000804841984e-06
polecat_0684.jpg,polecat,2,3.5237895644968376e-05,1.3172513035897282e-07,0.9999645948410034,2.4787430774608765e-08,1.322504994405449e-09
stoat_0109.jpg,stoat,3,1.1126734733579724e-07,2.0489032976911403e-06,2.9053251182631357e-07,0.9796390533447266,0.02035841904580593
pinemarten_0014.jpg,pinemarten,1,0.00013342987222131342,0.9991198182106018,7.49926402932033e-05,0.0006204959354363382,5.121784488437697e-05
mink_0405.jpg,mink,0,0.9760851860046387,0.007604735903441906,0.016293060034513474,1.5533983969362453e-05,1.388748728459177e-06
polecat_0846.jpg,polecat,2,0.22995921969413757,0.19137756526470184,0.5628077983856201,0.002846871968358755,0.013008492067456245
pinemarten_0168.jpg,pinemarten,1,0.01641901396214962,0.9716886878013611,0.011774219572544098,4.427822204888798e-05,7.378566806437448e-05
pinemarten_0563.jpg,pinemarten,1,0.0002187267818953842,0.9971131086349487,0.0008471150067634881,0.001819980563595891,1.110239168156113e-06
pinemarten_0992.jpg,pinemarten,1,2.1975838535581715e-05,0.9987874627113342,0.0011866362765431404,3.833737537206616e-06,1.1287598056242132e-07
weasel_0693.jpg,weasel,4,2.018804501346949e-08,1.3076946743240114e-05,3.943389685900911e-07,0.10427019745111465,0.8957163095474243
pinemarten_0569.jpg,pinemarten,1,0.01137053407728672,0.8718249201774597,0.11657867580652237,0.00014458458463195711,8.13167353044264e-05
mink_0627.jpg,mink,0,0.9356915950775146,0.06390365213155746,0.0002039666724158451,0.00013487636169884354,6.591868441319093e-05
weasel_0090.jpg,weasel,4,3.1703462077814493e-09,2.3361635612673126e-06,2.139798116473912e-09,0.009382776916027069,0.9906148910522461
polecat_0047.jpg,polecat,2,1.1141653999402479e-07,1.541080382594373e-05,0.01944899559020996,0.9805326461791992,2.8097751965106e-06
pinemarten_0561.jpg,pinemarten,1,1.5341106163191398e-08,0.9999783039093018,1.9711103504960192e-07,2.1512476450880058e-05,1.635979707259594e-08
stoat_0079.jpg,stoat,3,9.335890354122967e-06,0.0001316451671300456,1.0535203728068154e-05,0.3310213088989258,0.6688271760940552
weasel_0337.jpg,weasel,4,1.6164844964805525e-06,1.1673761036945507e-05,8.170854925992899e-07,0.883705198764801,0.11628061532974243
mink_0420.jpg,mink,0,0.9999568462371826,7.827144145267084e-06,3.42186467605643e-05,7.066384455356456e-07,3.828481851542165e-07
mink_0618.jpg,mink,0,0.9997492432594299,2.4077769467112375e-06,0.0002480127150192857,1.5929518326629477e-07,6.838249788643225e-08
pinemarten_0982.jpg,pinemarten,1,3.216513562165346e-07,0.9998788833618164,3.684873718157178e-06,0.00010730970825534314,9.819856131798588e-06
pinemarten_0284.jpg,pinemarten,1,0.0028675091452896595,0.9674310088157654,0.0064954389818012714,0.022624414414167404,0.0005815569893456995
polecat_0990.jpg,polecat,2,2.130039138137363e-05,9.389134447701508e-07,0.9999679327011108,7.382471267192159e-06,2.455032699799631e-06
stoat_0483.jpg,stoat,3,8.35126411402598e-06,8.19354045233922e-06,9.171031933874474e-07,0.9639865159988403,0.03599601238965988
weasel_0309.jpg,weasel,4,0.0003455021942500025,0.0028926737140864134,0.003908225800842047,0.18292860686779022,0.8099249601364136
pinemarten_0226.jpg,pinemarten,1,0.00017328451212961227,0.9948957562446594,0.0004450552223715931,0.004451125394552946,3.4737273381324485e-05
polecat_0302.jpg,polecat,2,1.0059123667360836e-07,0.002150640357285738,0.9978118538856506,3.7444962799781933e-05,2.3981405306017223e-08
stoat_0340.jpg,stoat,3,4.9286401917925104e-05,0.0005123044829815626,0.00015658780466765165,0.9480301737785339,0.05125171318650246
weasel_0920.jpg,weasel,4,2.1836946473285934e-08,1.1174962288862389e-08,1.143719785545727e-08,0.008388089016079903,0.9916118383407593
stoat_0554.jpg,stoat,3,2.0378589482561438e-08,1.1242777873121668e-06,7.546135520897224e-07,0.9593631625175476,0.040634967386722565
polecat_0106.jpg,polecat,2,0.0006542945629917085,0.016762780025601387,0.9552533626556396,0.0036208811216056347,0.023708762601017952
pinemarten_0093.jpg,pinemarten,1,0.0003887713828589767,0.9996023774147034,8.729780347493943e-06,6.776097194460817e-08,7.631361098603406e-10
stoat_0501.jpg,stoat,3,4.693237133324146e-05,0.37699413299560547,0.0005377137567847967,0.6189888715744019,0.0034322678111493587
polecat_0763.jpg,polecat,2,0.008837522007524967,0.02263864129781723,0.9684945940971375,2.7998896257486194e-05,1.2649907148443162e-06
weasel_0825.jpg,weasel,4,1.7944463252206333e-05,1.5779354725964367e-05,1.8011387936667234e-08,0.057934943586587906,0.9420313239097595
polecat_0475.jpg,polecat,2,9.165702977043111e-06,1.232760405400768e-05,0.9999784231185913,5.403212810506375e-08,2.7268203250940815e-09
stoat_0393.jpg,stoat,3,3.0859567345942196e-08,1.0411382334041264e-07,6.868128366477322e-06,0.9997926354408264,0.00020034110639244318
pinemarten_0678.jpg,pinemarten,1,9.671314273873577e-07,0.9999760389328003,1.4809632375545334e-05,7.96057065599598e-06,1.4091735067722766e-07
polecat_0456.jpg,polecat,2,1.709518073766958e-07,0.002866713097319007,0.5582020282745361,0.43891796469688416,1.3143191608833149e-05
pinemarten_0860.jpg,pinemarten,1,1.5918171669682124e-08,0.9999946355819702,4.230898866808275e-06,1.0971421033900697e-06,2.5464919062301306e-09
weasel_0973.jpg,weasel,4,3.621626731842298e-08,5.1293924663298185e-09,4.988972790442858e-08,0.04188043996691704,0.9581195712089539
stoat_0457.jpg,stoat,3,0.2234034240245819,0.026012586429715157,0.0004324620822444558,0.7271288633346558,0.023022664710879326
polecat_0055.jpg,polecat,2,0.10912234336137772,0.06474921852350235,0.8260060548782349,0.00011866704880958423,3.664901669253595e-06
stoat_0146.jpg,stoat,3,0.0001695384708000347,7.120335794752464e-06,0.0002692865382414311,0.9987863898277283,0.0007676570094190538
polecat_0432.jpg,polecat,2,0.00016862546908669174,0.03817775845527649,0.9563717246055603,0.005270798224955797,1.1043313861591741e-05
pinemarten_0530.jpg,pinemarten,1,0.0005775634199380875,0.9953206181526184,0.0004138390067964792,0.003685458330437541,2.5293438739026897e-06
mink_0621.jpg,mink,0,0.9993482232093811,9.181568998428702e-07,0.0006439610151574016,6.878188742120983e-06,1.3288068601013947e-07
pinemarten_0745.jpg,pinemarten,1,1.9870586953629754e-08,0.9999797344207764,2.4451671798431107e-09,1.983869333344046e-05,4.941583711115527e-07
stoat_0070.jpg,stoat,3,1.0831736290128902e-05,0.003301057266071439,0.0002135948889190331,0.9961203336715698,0.0003542581689544022
weasel_0404.jpg,weasel,4,1.6352695411114837e-06,0.0005662502953782678,4.50634652224835e-05,0.9991010427474976,0.00028606748674064875
pinemarten_0796.jpg,pinemarten,1,1.8575984768176568e-06,0.9988515377044678,0.0009375161025673151,4.186161095276475e-05,0.00016720275743864477
weasel_0714.jpg,weasel,4,0.0008116292301565409,0.06250870227813721,2.200220933445962e-06,0.9334527850151062,0.0032247218769043684
polecat_0295.jpg,polecat,2,3.4686909202719107e-06,1.524428228094621e-08,0.9999964237213135,1.0650000881184951e-08,1.5432961220085417e-07
stoat_0498.jpg,stoat,3,0.00010009649849962443,0.009041275829076767,0.0022222104016691446,0.9634122848510742,0.025224147364497185
mink_0301.jpg,mink,0,0.9999997615814209,2.6823605558945474e-09,3.5566305456313785e-08,1.3739501980580826e-07,9.031008119109174e-08
pinemarten_0760.jpg,pinemarten,1,5.227100700722076e-05,0.9999047517776489,2.2344831450027414e-05,2.051271076197736e-05,7.641486376996909e-08
stoat_0513.jpg,stoat,3,8.113572221191134e-06,0.001754601369611919,0.00016746482287999243,0.9980061650276184,6.367835885612294e-05
weasel_0871.jpg,weasel,4,0.00010490435670362785,1.3145492472332876e-09,2.0599544292565497e-09,0.0005224654451012611,0.9993725419044495
weasel_0620.jpg,weasel,4,2.4843405110885897e-10,4.3781516606555826e-11,7.294518877820622e-10,0.0035974292550235987,0.9964026212692261
polecat_0352.jpg,polecat,2,0.0001909941347548738,0.1357920914888382,0.8639360070228577,9.426758538211288e-07,7.998319779289886e-05
weasel_0439.jpg,weasel,4,3.881249358528294e-05,6.208403647178784e-05,1.4753116374777164e-05,0.04070663079619408,0.9591777324676514
pinemarten_0470.jpg,pinemarten,1,8.528853356892796e-08,0.9999996423721313,1.695144646873814e-07,1.0236849590228303e-07,2.3751582034492458e-08
mink_0134.jpg,mink,0,0.9999890327453613,4.205856839689659e-06,6.505385499622207e-06,1.668489630901604e-07,5.5705363877223135e-08
polecat_0791.jpg,polecat,2,0.00016403538757003844,0.007977410219609737,0.9917609691619873,9.511184180155396e-05,2.4116054646583507e-06
stoat_0023.jpg,stoat,3,2.9520224416046403e-06,1.4106540220382158e-05,4.553320707145758e-07,0.9833749532699585,0.01660764031112194
weasel_0197.jpg,weasel,4,6.549417776113842e-06,5.1030496251769364e-05,2.8983400568449724e-08,0.32582446932792664,0.6741180419921875
stoat_0358.jpg,stoat,3,5.0410289276214826e-09,7.22018640431088e-08,4.6003916231995845e-09,0.9958620071411133,0.0041378941386938095
pinemarten_0120.jpg,pinemarten,1,1.8689956959860865e-06,0.9999912977218628,5.7355778153578285e-06,1.1260425480941194e-06,5.8741747466228844e-08
stoat_0787.jpg,stoat,3,1.104296316611908e-07,2.53144207817968e-06,5.186091698305972e-07,0.9691917896270752,0.03080504946410656
polecat_0675.jpg,polecat,2,0.00012213306035846472,1.0364581612520851e-05,0.9998631477355957,2.6269749469065573e-06,1.6638490478726453e-06
polecat_0176.jpg,polecat,2,0.0007047443650662899,9.076667083718348e-06,0.9992827773094177,2.9030309178779135e-06,4.7202541963997646e-07
weasel_0984.jpg,weasel,4,2.396398031123681e-07,4.804309810424456e-06,7.149487224467066e-09,0.1938779354095459,0.806117057800293
mink_0390.jpg,mink,0,0.9991839528083801,0.0003256100753787905,5.733645025429723e-07,0.0004841643385589123,5.722171408706345e-06
pinemarten_0823.jpg,pinemarten,1,3.8585003636626425e-08,0.9999885559082031,4.808938314226907e-08,1.104581679101102e-05,3.149785356981738e-07
mink_0219.jpg,mink,0,0.9996022582054138,4.229787009535357e-06,0.00024810965987853706,1.5990285646694247e-06,0.00014387656119652092
polecat_0326.jpg,polecat,2,0.00022991086007095873,3.051679868804058e-06,0.9450013637542725,0.054691530764102936,7.413192361127585e-05
pinemarten_0046.jpg,pinemarten,1,1.3033725736022461e-05,0.999843955039978,7.351190288318321e-05,6.885464244987816e-05,5.730657335334399e-07
weasel_0893.jpg,weasel,4,3.2709588371204745e-09,8.509531412848048e-10,2.0143173240505519e-10,0.0003981557674705982,0.9996019005775452
polecat_0313.jpg,polecat,2,0.00014177881530486047,0.014242483302950859,0.9848935008049011,0.00010089333227369934,0.0006213620654307306
weasel_0525.jpg,weasel,4,0.0006757618393748999,1.6685857190168463e-05,0.0020474055781960487,0.03839852660894394,0.9588615298271179
mink_0489.jpg,mink,0,0.9998350143432617,9.311912435805425e-06,5.320538093656069e-06,2.276108534715604e-05,0.00012748388689942658
polecat_0115.jpg,polecat,2,0.0003382985887583345,0.027086690068244934,0.9725673198699951,7.108409590728115e-06,5.548304784497304e-07
mink_0820.jpg,mink,0,0.9999922513961792,1.0319840815231629e-10,1.1264660211562916e-11,5.556024973429885e-09,7.807678230165038e-06
polecat_0823.jpg,polecat,2,4.7178931708913296e-05,6.696547188766999e-06,0.9999303817749023,1.3429136060949531e-06,1.4405622096091975e-05
mink_0052.jpg,mink,0,0.9728332757949829,0.021219898015260696,0.005940560717135668,3.909984570782399e-06,2.306600208612508e-06
stoat_0778.jpg,stoat,3,1.8122053688784945e-06,2.110973400704097e-05,3.6909558076558824e-08,0.9998192191123962,0.00015785970026627183
stoat_0264.jpg,stoat,3,1.1619033557508374e-06,7.932887456263416e-06,1.3638681650718354e-07,0.9999799728393555,1.0771444976853672e-05
pinemarten_0480.jpg,pinemarten,1,7.100391030689934e-07,0.9999960660934448,1.474111513743992e-06,1.8390267086942913e-06,1.8019030711968753e-09
stoat_0840.jpg,stoat,3,9.527860242997122e-07,0.002491180319339037,5.309069456416182e-05,0.9897841811180115,0.0076706428080797195
polecat_0977.jpg,polecat,2,9.378204413224012e-05,0.011089994572103024,0.946843147277832,0.04159517213702202,0.000377935852156952
weasel_0688.jpg,weasel,4,0.015485490672290325,5.253631570667494e-06,3.4223241527797654e-05,0.8818226456642151,0.10265236347913742
polecat_0758.jpg,polecat,2,3.3885930861288216e-07,0.012137426994740963,0.9878609776496887,1.2880360600320273e-06,6.814084407835708e-09
stoat_0791.jpg,stoat,3,0.001441415399312973,0.0016985507681965828,7.772220669721719e-06,0.9968510270118713,1.325180960520811e-06
mink_0280.jpg,mink,0,0.9997774958610535,8.793939196038991e-05,0.0001345801865682006,3.226237410558497e-08,3.4589886510616452e-09
stoat_0799.jpg,stoat,3,1.7467223187850323e-06,8.377809535886627e-06,6.170885171741247e-06,0.9990106821060181,0.0009730114252306521
mink_0628.jpg,mink,0,0.9999949932098389,1.1627660256863237e-07,1.5072414782935084e-07,2.970507466670824e-07,4.518039531831164e-06
mink_0061.jpg,mink,0,0.34252673387527466,0.6457034945487976,0.0009221508516930044,0.009516654536128044,0.0013309051282703876
pinemarten_0400.jpg,pinemarten,1,1.520388259734773e-08,0.9999996423721313,7.98991166561791e-08,2.8115960049035493e-07,1.2713129438068904e-09
mink_0148.jpg,mink,0,0.8752298355102539,0.08771761506795883,0.03650909289717674,0.00021338571968954057,0.0003301000688225031
stoat_0854.jpg,stoat,3,3.9155170270532835e-06,8.406715642195195e-05,0.00023269999655894935,0.6898557543754578,0.309823602437973
weasel_0128.jpg,weasel,4,1.312750157467235e-07,2.7029471993955667e-07,5.532601221602818e-07,8.509855251759291e-05,0.9999139308929443
stoat_0369.jpg,stoat,3,2.0804334610602382e-07,2.3923046683194116e-05,1.0198894528912206e-07,0.9961646795272827,0.0038111526519060135
stoat_0693.jpg,stoat,3,2.4804230633890256e-06,4.876426373812137e-06,4.5662922332212474e-08,0.9995558857917786,0.00043665821431204677
pinemarten_0278.jpg,pinemarten,1,0.0017038016812875867,0.9982190728187561,7.656990783289075e-05,5.827998279528401e-07,1.2686571793096846e-09
pinemarten_0858.jpg,pinemarten,1,3.3445892768213525e-05,0.9943839311599731,0.0007166381110437214,0.0041046119295060635,0.0007614218047820032
mink_0428.jpg,mink,0,1.0,3.134450565767111e-08,1.7536212482127667e-09,2.2826959877875197e-08,8.779050375551378e-09
polecat_0409.jpg,polecat,2,7.293764792848378e-05,0.0015951364766806364,0.9983229041099548,5.115076419315301e-06,3.972445483668707e-06
mink_0650.jpg,mink,0,0.9999282360076904,4.410715519043151e-06,6.732973270118237e-05,5.553934556701279e-08,8.887773850219105e-10
pinemarten_0870.jpg,pinemarten,1,0.00020947818120475858,0.9888833165168762,0.01072206161916256,0.00018322783580515534,1.9609803985076724e-06
mink_0004.jpg,mink,0,0.997235119342804,1.8973245460074395e-05,0.002501322887837887,0.00010753393144113943,0.0001370370591757819
pinemarten_0109.jpg,pinemarten,1,5.447023067972623e-05,0.9999241828918457,3.6442941109271487e-06,1.7490592654212378e-05,1.8668241352770565e-07
pinemarten_0551.jpg,pinemarten,1,3.7479557235542416e-09,0.9999985694885254,1.037279389493051e-06,3.075241465921863e-07,5.777495704073488e-10
mink_0764.jpg,mink,0,1.0,1.4916530233222147e-08,4.8850594680516224e-08,3.1028160041302044e-09,3.892525057835883e-08
polecat_0681.jpg,polecat,2,1.3626882378048322e-07,9.812566759137553e-08,0.9999994039535522,3.4546954452707723e-07,5.336452613136089e-09
stoat_0822.jpg,stoat,3,3.7094216054356366e-07,6.121912861090095e-07,1.0021406524174381e-05,0.9927109479904175,0.007278085220605135
stoat_0382.jpg,stoat,3,5.0562767306416845e-09,2.2924846021510348e-08,1.0569809916205486e-08,0.9930859804153442,0.006914019118994474
weasel_0887.jpg,weasel,4,2.026990296144504e-05,0.000151613523485139,4.416471256263321e-06,0.11348388344049454,0.8863397836685181
stoat_0334.jpg,stoat,3,1.2346345101832412e-07,2.2323492885334417e-05,1.017103477352066e-05,0.9992252588272095,0.0007421366753987968
stoat_0198.jpg,stoat,3,1.3025331782046123e-06,3.716540675213764e-07,5.180284642847255e-05,0.997560977935791,0.002385528525337577
weasel_0735.jpg,weasel,4,0.06303468346595764,0.06855297833681107,0.0017083623679354787,0.6208522319793701,0.24585174024105072
mink_0364.jpg,mink,0,0.999302864074707,4.474068191484548e-06,0.0006922413595020771,2.790679616282432e-07,6.051458001365972e-08
weasel_0363.jpg,weasel,4,3.0941048334565124e-11,3.8601660388125347e-13,3.016283837281586e-12,2.9469001674442552e-05,0.999970555305481
polecat_0941.jpg,polecat,2,0.028188101947307587,0.003060894552618265,0.934717059135437,0.033849429339170456,0.00018453517986927181
pinemarten_0082.jpg,pinemarten,1,8.878008884494193e-06,0.9968178272247314,0.0031696951482445,3.1641691293771146e-06,4.163001676715794e-07
polecat_0850.jpg,polecat,2,6.83146390656475e-06,2.1924030079389922e-05,0.9999607801437378,1.944729092429043e-06,8.514162800565828e-06
mink_0221.jpg,mink,0,0.9999997615814209,1.2405351412780874e-07,9.508728027185498e-08,1.2752181532960094e-09,5.246718060014643e-10
mink_0031.jpg,mink,0,0.9999946355819702,8.944665097487814e-08,2.201422375947004e-06,3.212814192465885e-07,2.825423507601954e-06
stoat_0474.jpg,stoat,3,0.10738054662942886,0.04274210333824158,0.0012476559495553374,0.04314238205552101,0.805487334728241
mink_0809.jpg,mink,0,0.9998555183410645,0.00010060544445877895,9.124339158006478e-06,1.5683093579355045e-06,3.3174761483678594e-05
pinemarten_0318.jpg,pinemarten,1,8.202461998507715e-08,0.9999901056289673,1.8036995186321292e-07,9.692757885204628e-06,2.8949134645017693e-08
stoat_0576.jpg,stoat,3,1.1148027567742247e-07,2.0710379544652824e-07,1.313731559093867e-07,0.9996113181114197,0.0003882816818077117
polecat_0017.jpg,polecat,2,1.5370699202321703e-07,2.4872039716683503e-07,0.999991774559021,5.916411737416638e-06,1.8979311562361545e-06
pinemarten_0210.jpg,pinemarten,1,3.307056977064349e-05,0.9863319396972656,0.0008422985556535423,0.008279155008494854,0.004513603635132313
stoat_0202.jpg,stoat,3,0.00011065701255574822,0.0047361599281430244,0.00262139062397182,0.9923413991928101,0.00019042044004891068
weasel_0859.jpg,weasel,4,3.311594696242537e-07,6.244779626740637e-08,2.0131440958692792e-09,0.0013805560301989317,0.9986190795898438
pinemarten_0178.jpg,pinemarten,1,0.0005570375360548496,0.9953150749206543,0.004076613578945398,5.119642446516082e-05,1.2326810860940896e-07
weasel_0105.jpg,weasel,4,1.0086838528877706e-06,0.00011210180673515424,3.426117018534569e-06,0.9708017706871033,0.029081670567393303
weasel_0032.jpg,weasel,4,0.003886619582772255,6.84102633385919e-05,2.386462028880487e-06,0.19210213422775269,0.8039404153823853
stoat_0031.jpg,stoat,3,1.764330459508301e-09,8.247973859454305e-09,4.486415683402356e-09,0.9998875856399536,0.00011241908214287832
stoat_0282.jpg,stoat,3,1.0783031711980584e-06,1.1942438504775055e-07,3.795729508482282e-09,0.9999502897262573,4.8452751798322424e-05
stoat_0924.jpg,stoat,3,0.00033068310585804284,0.00016244506696239114,5.418363343778765e-06,0.9457299709320068,0.053771451115608215
stoat_0120.jpg,stoat,3,3.306636062916368e-05,0.00013260114064905792,6.500694205158197e-09,0.9852098822593689,0.014624396339058876
polecat_0341.jpg,polecat,2,3.530775813942455e-07,0.0005259491153992712,0.9994668364524841,6.065775778552052e-06,7.870524427744385e-07
stoat_0825.jpg,stoat,3,0.019044017419219017,0.04207397997379303,8.392292329517659e-06,0.916563868522644,0.022309761494398117
polecat_0586.jpg,polecat,2,0.00017208943609148264,0.0003409838245715946,0.9860905408859253,0.01335666049271822,3.9777678466634825e-05
pinemarten_0990.jpg,pinemarten,1,1.6517189749265526e-07,0.9999642372131348,6.248780209716642e-06,2.933106225100346e-05,1.6558155735424407e-08
weasel_0227.jpg,weasel,4,0.00010241018753731623,0.04820086434483528,1.5419768715219107e-06,0.15143562853336334,0.8002594709396362
polecat_0614.jpg,polecat,2,0.0009299765224568546,0.0006514240521937609,0.9984183311462402,1.9111836024876538e-07,3.863691144800896e-09
weasel_0884.jpg,weasel,4,1.5217019608826376e-06,4.838049960653734e-09,3.92872046006687e-08,0.003432302037253976,0.9965662360191345
polecat_0992.jpg,polecat,2,5.134107254889386e-07,6.159941676742164e-07,0.9999985694885254,2.507613032776135e-07,1.2035263807774754e-07
pinemarten_0812.jpg,pinemarten,1,0.0014911358011886477,0.45462921261787415,0.054798975586891174,0.48805350065231323,0.0010271841892972589
mink_0018.jpg,mink,0,0.9999791383743286,8.102544768462394e-08,1.0242498404977596e-07,8.0211648310069e-06,1.2685172805504408e-05
mink_0227.jpg,mink,0,0.19945816695690155,0.799365758895874,0.0002928844769485295,0.0008633849211037159,1.9914567019441165e-05
weasel_0520.jpg,weasel,4,4.122782047488727e-05,0.062179069966077805,7.40664631848631e-07,0.936447024345398,0.0013320044381543994
stoat_0286.jpg,stoat,3,7.379516318906099e-06,0.0005689669633284211,3.177236962415009e-08,0.9980055689811707,0.001418068422935903
mink_0591.jpg,mink,0,0.9999998807907104,1.1716180914334018e-08,4.432464173476092e-09,5.171107986257084e-08,5.113125212119485e-08
polecat_0359.jpg,polecat,2,1.1793349585786927e-05,0.00644649239256978,0.9931797981262207,0.000360893172910437,9.630532531446079e-07
weasel_0864.jpg,weasel,4,2.532824439072101e-08,1.9887164831589033e-11,2.1876350730920535e-10,0.0006876473198644817,0.9993124008178711
weasel_0299.jpg,weasel,4,1.197321239487792e-06,0.010528719052672386,4.583309873851249e-06,0.048386480659246445,0.9410789012908936
stoat_0598.jpg,stoat,3,1.5120675822544172e-09,5.019249904592016e-09,4.9463837470398175e-09,0.9996566772460938,0.0003432647790759802
stoat_0611.jpg,stoat,3,5.862905254616635e-07,4.953580173605587e-06,1.1838351809956293e-07,0.9973909854888916,0.002603336703032255
mink_0916.jpg,mink,0,0.9999877214431763,4.1469937173133076e-07,8.55691632750677e-06,9.273871341974882e-07,2.3595680431753863e-06
polecat_0849.jpg,polecat,2,0.0005622577737085521,0.000982524361461401,0.9984513521194458,3.4293345834157662e-06,3.185905086411367e-07
weasel_0744.jpg,weasel,4,1.8801804557710966e-09,1.281760808602428e-09,6.462922974570517e-10,0.0004558984946925193,0.999544084072113
pinemarten_0785.jpg,pinemarten,1,2.0774114091182128e-05,0.8155477046966553,0.17929552495479584,0.005003172438591719,0.00013281713472679257
polecat_0696.jpg,polecat,2,3.4504889754316537e-06,1.338118408966693e-06,0.9999945163726807,4.120855976452731e-07,2.1920418191712088e-07
stoat_0350.jpg,stoat,3,0.0023727731313556433,0.002608510199934244,0.004490004852414131,0.9882237911224365,0.0023048995062708855
pinemarten_0359.jpg,pinemarten,1,2.3371548252271168e-08,0.9991939663887024,1.1502195320645114e-06,0.0008017153013497591,3.09543634102738e-06
weasel_0989.jpg,weasel,4,6.571380254172254e-06,8.316965960375455e-08,6.926501328052836e-07,0.00022126216208562255,0.9997714161872864
mink_0259.jpg,mink,0,0.9968715310096741,0.0004808179510291666,0.0001079986323020421,0.002168976003304124,0.00037069572135806084
pinemarten_0370.jpg,pinemarten,1,4.909620838589035e-05,0.9999374151229858,1.1243684639339335e-05,1.4183660823618993e-06,8.482319344693678e-07
pinemarten_0187.jpg,pinemarten,1,0.0001993171899812296,0.9805727601051331,0.01655294932425022,0.0026389467529952526,3.595719317672774e-05
stoat_0945.jpg,stoat,3,5.386586963140871e-07,0.00022401839669328183,2.1216735603957204e-06,0.9997382760047913,3.496676072245464e-05
weasel_0298.jpg,weasel,4,7.368729711743072e-06,3.911120802513324e-05,4.4983271436649375e-06,0.1176045760512352,0.8823444247245789
weasel_0440.jpg,weasel,4,5.197947302804096e-06,6.848378689028323e-06,1.0990792134180083e-06,0.02043621614575386,0.9795506000518799
weasel_0431.jpg,weasel,4,1.1314947556684274e-07,1.883194267193744e-09,2.215121558402089e-10,0.01179602649062872,0.9882038831710815
polecat_0516.jpg,polecat,2,0.0032556455116719007,9.891037916531786e-05,0.9961448907852173,3.179264240316115e-05,0.0004687541804742068
stoat_0868.jpg,stoat,3,5.485927431436721e-06,2.602849963295739e-05,5.387230430642376e-07,0.9976231455802917,0.002344746608287096
weasel_0615.jpg,weasel,4,5.219368972575467e-07,2.4887656380201406e-08,1.2882655937573873e-06,0.00015254593745339662,0.9998456239700317
pinemarten_0597.jpg,pinemarten,1,9.317743376868748e-08,0.9997811913490295,1.0755487892311066e-05,0.0001712897646939382,3.672016828204505e-05
polecat_0875.jpg,polecat,2,4.65712357566872e-09,3.142250193377549e-08,1.0,1.5081533799587987e-09,1.9061854872326478e-10
stoat_0911.jpg,stoat,3,6.374308577505872e-05,2.035200623140554e-06,1.217600242853223e-07,0.9978502988815308,0.002083775121718645
mink_0343.jpg,mink,0,0.9945803284645081,2.4229664632002823e-05,0.005187984090298414,0.0001900657662190497,1.7413700334145688e-05
pinemarten_0599.jpg,pinemarten,1,6.135579544430669e-11,0.9999984502792358,3.469478593309816e-10,1.4798960137341055e-06,6.010481712337423e-08
mink_0022.jpg,mink,0,0.9942395687103271,2.1598201783490367e-05,0.005696639884263277,1.6359308574465103e-05,2.5789089704630896e-05
pinemarten_0757.jpg,pinemarten,1,2.4496045192279325e-09,0.9999998807907104,1.52029372202378e-07,3.1825479140934476e-08,4.2594727744926786e-09
stoat_0223.jpg,stoat,3,0.023102078586816788,0.019783055409789085,7.993459439603612e-05,0.8359310030937195,0.1211039274930954
mink_0105.jpg,mink,0,0.9963794350624084,0.0002057840902125463,0.0017331725684925914,0.00016238546231761575,0.001519115874543786
polecat_0901.jpg,polecat,2,2.4995279090944678e-05,0.011910215951502323,0.9878926873207092,0.00016822127508930862,3.91520234188647e-06
weasel_0851.jpg,weasel,4,2.2220700834907348e-09,7.077780583841786e-10,5.478067777175966e-09,0.00010203719284618273,0.9998979568481445
polecat_0490.jpg,polecat,2,2.301537460880354e-05,1.2916186733491486e-06,0.9999750852584839,5.557699864766619e-07,6.992399903538171e-08
weasel_0616.jpg,weasel,4,4.033918798995728e-08,2.288017064699943e-08,1.0388529517513234e-05,0.037055134773254395,0.9629345536231995
polecat_0205.jpg,polecat,2,9.11730148800416e-06,0.009227549657225609,0.9251429438591003,0.06558192521333694,3.836565520032309e-05
weasel_0951.jpg,weasel,4,1.8492844446882373e-06,6.165651939227246e-06,1.3316829608811531e-05,0.0003976715379394591,0.9995809197425842
stoat_0864.jpg,stoat,3,3.471202774107951e-07,1.9395447452552617e-06,0.0006987157976254821,0.9795326590538025,0.01976628042757511
weasel_0730.jpg,weasel,4,3.1944127840688452e-06,3.0698853947797033e-07,1.3447766455954024e-08,0.04959893971681595,0.9503975510597229
mink_0790.jpg,mink,0,0.9990952014923096,0.000902002677321434,7.643674280188861e-07,1.9579620129661635e-06,1.0464161448453524e-07
pinemarten_0068.jpg,pinemarten,1,2.6661398351279786e-06,0.9999837875366211,3.0475533208118577e-07,1.3255636986286845e-05,1.396266480213626e-08
polecat_0963.jpg,polecat,2,0.001728376024402678,0.013431121595203876,0.9840682148933411,0.0007700357236899436,2.2230246941035148e-06
weasel_0775.jpg,weasel,4,0.24354740977287292,0.0025487695820629597,4.1325693018734455e-06,0.03342477232217789,0.7204749584197998
pinemarten_0827.jpg,pinemarten,1,0.0046854522079229355,0.9758507013320923,0.0010795569978654385,0.017537100240588188,0.0008471907349303365
weasel_0377.jpg,weasel,4,0.00010432482667965814,2.4157709049177356e-05,5.421302162744723e-08,0.004362734965980053,0.9955087900161743
stoat_0044.jpg,stoat,3,2.7748043862629856e-08,1.1981611258704561e-08,7.561931170130265e-08,0.9999105930328369,8.930878539104015e-05
mink_0477.jpg,mink,0,0.9999905824661255,1.4662525416042627e-07,9.277794561057817e-06,1.103223024045974e-08,3.382354396563869e-09
mink_0015.jpg,mink,0,0.9964069724082947,0.003211322473362088,1.2476324627641588e-05,0.0003526188957039267,1.6570917068747804e-05
mink_0622.jpg,mink,0,0.9944016337394714,0.0041718874126672745,0.001426305272616446,2.4157779421329906e-07,4.400686037797641e-09
weasel_0827.jpg,weasel,4,1.0960472991428105e-06,6.369246463577838e-09,2.5222288702053675e-09,0.06364162266254425,0.9363572001457214
pinemarten_0925.jpg,pinemarten,1,2.1120692750287162e-08,0.999955415725708,2.9241343213470827e-07,4.398895180202089e-05,3.037019382645667e-07
pinemarten_0333.jpg,pinemarten,1,4.4121657992945984e-05,0.9999521970748901,3.6478279525908874e-06,1.8929663170297317e-08,5.181965967437918e-09
polecat_0667.jpg,polecat,2,6.40584785216447e-09,1.3783245655929477e-09,1.0,1.2632467294437788e-10,7.514829036825432e-11
stoat_0398.jpg,stoat,3,1.1093484317825641e-06,6.642655989708146e-07,9.733656014532244e-08,0.9999836683273315,1.4425402696360834e-05
stoat_0217.jpg,stoat,3,6.062979991838802e-06,3.4748882171697915e-05,1.075535660532978e-08,0.9949737787246704,0.004985372070223093
polecat_0203.jpg,polecat,2,1.7409205099738756e-07,0.00018988177180290222,0.9998064637184143,3.511174782033777e-06,2.0787325194504547e-09
weasel_0483.jpg,weasel,4,1.9041897758143023e-05,0.003929720260202885,0.000146929916809313,0.002533149207010865,0.9933711290359497
weasel_0416.jpg,weasel,4,8.546149729227182e-06,1.2935479354325707e-08,4.1065476352741825e-07,0.5985297560691833,0.4014611840248108
weasel_0657.jpg,weasel,4,2.9165476007619873e-05,7.241209095809609e-05,3.656325020529039e-07,0.012426380068063736,0.9874716401100159
pinemarten_0647.jpg,pinemarten,1,5.291809884511167e-06,0.9999942779541016,4.065514929152414e-07,1.0105164705009884e-08,1.0366671930606142e-11
pinemarten_0351.jpg,pinemarten,1,2.3063762455421966e-06,0.9999605417251587,2.2839733659907324e-08,3.6298184568295255e-05,7.849893677303044e-07
pinemarten_0447.jpg,pinemarten,1,4.4646810692938743e-07,0.9998530149459839,1.5191131979008787e-06,0.00014497015217784792,4.993231783601004e-08
stoat_0888.jpg,stoat,3,1.7064191837334874e-08,3.75015417830582e-07,1.6678825431881705e-08,0.9996379613876343,0.0003616478352341801
mink_0186.jpg,mink,0,0.9980354905128479,0.0019275089725852013,3.4546847018646076e-05,2.3409932055074023e-06,1.0934967065168166e-07
stoat_0383.jpg,stoat,3,4.50733159595984e-06,7.252032446558587e-06,3.0240931891967193e-07,0.9999654293060303,2.24479863391025e-05
polecat_0524.jpg,polecat,2,1.2317060509303701e-06,3.5284575261584905e-08,0.9999986886978149,4.592129343450324e-08,8.023064435036531e-10
polecat_0881.jpg,polecat,2,0.00011232846736675128,0.013028603978455067,0.9865938425064087,0.0002551993529777974,1.0001601367548574e-05
stoat_0664.jpg,stoat,3,1.1289324675090029e-06,0.00010556862252997234,1.9877122667821823e-06,0.8907473683357239,0.109143927693367
stoat_0886.jpg,stoat,3,0.3900446891784668,7.469342381227762e-05,0.00042208205559290946,0.5331606864929199,0.07629791647195816
polecat_0793.jpg,polecat,2,1.0925438687081623e-07,1.213176233250124e-06,0.9999961853027344,2.279122327308869e-06,2.5119297220044245e-07
mink_0673.jpg,mink,0,0.9259413480758667,0.021875014528632164,0.0521770678460598,6.025463790138019e-06,5.279975994199049e-07
polecat_0444.jpg,polecat,2,0.00044577481457963586,1.7937217933194916e-08,0.999553382396698,6.715100653309491e-07,8.369012505227147e-08
weasel_0050.jpg,weasel,4,6.69193614157848e-05,3.5911119766751654e-07,2.678478949746932e-07,0.030543776229023933,0.9693887233734131
polecat_0933.jpg,polecat,2,4.094673386134673e-06,2.183208209771692e-07,0.9999934434890747,1.697216816864966e-06,5.631386557070073e-07
stoat_0582.jpg,stoat,3,1.2350948708217402e-08,2.9950448151794262e-05,5.3324811233324e-07,0.9998290538787842,0.00014046847354620695
weasel_0511.jpg,weasel,4,2.3629103452549316e-05,4.08496089221444e-06,0.003109704004600644,0.03283502906560898,0.9640275239944458
mink_0822.jpg,mink,0,0.9999953508377075,4.643688953365199e-06,8.102936099874114e-09,2.3301147678012057e-08,1.5231826466788334e-08
polecat_0710.jpg,polecat,2,0.00015110644744709134,0.005361377261579037,0.9937496185302734,0.0007377851870842278,1.8840783866380661e-07
pinemarten_0706.jpg,pinemarten,1,1.7540032786200754e-05,0.9571617841720581,0.011725987307727337,0.030978290364146233,0.00011643920151982456
weasel_0302.jpg,weasel,4,3.942319835914532e-06,1.5206427406155854e-07,7.334011087323233e-08,7.5781922532769386e-06,0.9999881982803345
mink_0762.jpg,mink,0,0.9999992847442627,2.2389144760381896e-08,1.9873259304858948e-07,1.417055131014422e-07,4.156766522100952e-07
pinemarten_0457.jpg,pinemarten,1,1.2477667787891278e-08,0.9999963045120239,1.0042705156365628e-07,3.4917209177365294e-06,9.79918226562404e-08
pinemarten_0957.jpg,pinemarten,1,8.153904491337016e-05,0.9882903099060059,0.0015871087089180946,0.009961004368960857,8.008135773707181e-05
mink_0237.jpg,mink,0,0.978205144405365,0.0011571719078347087,8.027678268263116e-05,0.02041122503578663,0.0001462380459997803
polecat_0897.jpg,polecat,2,0.0017283718334510922,0.00018417353567201644,0.9980736970901489,1.1115032066300046e-05,2.69600423052907e-06
polecat_0092.jpg,polecat,2,0.16093774139881134,0.0185408815741539,0.733079731464386,0.08736780285835266,7.384291529888287e-05
weasel_0008.jpg,weasel,4,1.162764760920254e-06,8.446045285381842e-06,1.7685224520391785e-06,0.3042972981929779,0.6956913471221924
stoat_0821.jpg,stoat,3,1.3493841834133491e-05,0.000240351160755381,1.8294248320671613e-06,0.9988874793052673,0.0008568677585572004
stoat_0193.jpg,stoat,3,5.173999670660123e-05,0.00033326190896332264,1.5715873757926602e-07,0.9992758631706238,0.0003389108751434833
pinemarten_0969.jpg,pinemarten,1,1.737898713827235e-07,0.9926345944404602,1.919264832395129e-06,0.007351904641836882,1.138852985604899e-05
pinemarten_0541.jpg,pinemarten,1,2.2154265921781047e-10,0.9999998807907104,6.408221508991119e-08,6.938656316179959e-09,5.0051907063419776e-11
weasel_0433.jpg,weasel,4,0.0015387957682833076,1.1100946721853688e-05,5.57623991426226e-08,0.4322771430015564,0.5661728978157043
polecat_0103.jpg,polecat,2,9.895631592371501e-06,1.0537677326283301e-06,0.9999889135360718,1.1212192418952327e-07,5.231277810935353e-08
polecat_0647.jpg,polecat,2,0.0001440976484445855,7.691269843235204e-07,0.9998406171798706,4.802636340173194e-06,9.711487109598238e-06
mink_0951.jpg,mink,0,0.9978150129318237,9.374867659062147e-06,0.0021744132973253727,7.066739158290147e-07,4.564483901958738e-07
weasel_0804.jpg,weasel,4,0.0010619001695886254,8.942121348809451e-05,1.0890730663959403e-05,0.10386969149112701,0.8949681520462036
stoat_0260.jpg,stoat,3,7.429617198795313e-06,1.7472004401497543e-05,4.125961640966125e-05,0.9999289512634277,4.834968876821222e-06
mink_0579.jpg,mink,0,0.9999994039535522,7.788561462440668e-10,3.462961615241511e-07,9.537710177198733e-09,2.9382206889749796e-07
mink_0716.jpg,mink,0,0.9983388185501099,3.5005750760319643e-06,3.5808949405691237e-07,0.000100310193374753,0.001556989154778421
polecat_0450.jpg,polecat,2,0.0011947995517402887,0.0006925356574356556,0.9980725049972534,3.933580228476785e-05,7.701928552705795e-07
weasel_0307.jpg,weasel,4,1.8159910908366328e-08,3.93769461481952e-08,6.969506749499033e-09,3.272032699896954e-05,0.9999672174453735
stoat_0516.jpg,stoat,3,4.093106440450356e-07,9.227477448803256e-07,1.580015805302537e-06,0.9887176752090454,0.011279427446424961
mink_0232.jpg,mink,0,0.9953157901763916,0.002817384898662567,0.0018563618650659919,9.34847048483789e-06,1.051977847055241e-06
pinemarten_0910.jpg,pinemarten,1,2.9730312434139705e-08,0.9999979734420776,4.620193561066799e-09,2.0735301404783968e-06,1.9504199144648737e-08
weasel_0277.jpg,weasel,4,5.071870532447065e-07,2.2615233774558874e-06,3.726580999341422e-08,0.08252693712711334,0.9174702167510986
pinemarten_0501.jpg,pinemarten,1,1.3513304963908013e-07,0.9999611377716064,7.890674169175327e-06,2.998876152560115e-05,8.224371867981972e-07
stoat_0751.jpg,stoat,3,0.014252726919949055,0.0008199316216632724,7.5121411100553814e-06,0.9636169075965881,0.02130286581814289
stoat_0940.jpg,stoat,3,0.0015889725182205439,0.39312291145324707,6.531788676511496e-05,0.6006851196289062,0.004537635017186403
polecat_0486.jpg,polecat,2,3.484299668343738e-05,9.179914923151955e-05,0.9998726844787598,6.742693017258716e-07,4.553097898707392e-09
pinemarten_0524.jpg,pinemarten,1,5.3717443687650857e-11,0.9999926090240479,1.431077895075461e-10,7.419348548864946e-06,3.323883035477593e-08
stoat_0480.jpg,stoat,3,8.794043424131814e-06,6.1889759308542125e-06,0.0006996278534643352,0.9971370697021484,0.0021483253221958876
weasel_0741.jpg,weasel,4,6.904965994181111e-05,5.631873136735521e-06,4.508954134507803e-06,0.024227052927017212,0.9756936430931091
polecat_0441.jpg,polecat,2,0.00019368331413716078,0.0002142366283806041,0.9994686245918274,0.0001232500362675637,1.0760454216551807e-07
stoat_0040.jpg,stoat,3,0.000257130857789889,3.947044751839712e-05,0.0015552799450233579,0.9566294550895691,0.04151865094900131
polecat_0783.jpg,polecat,2,9.41802209126763e-05,5.8540827012620866e-05,0.999845027923584,2.1223290787020233e-06,1.0685341322869135e-07
stoat_0674.jpg,stoat,3,1.077423590345461e-07,6.986261269048555e-06,6.885480274831934e-07,0.9536179304122925,0.04637432470917702
weasel_0548.jpg,weasel,4,1.322312073170906e-06,1.1848354120047588e-07,9.970015526050702e-05,0.015963507816195488,0.9839353561401367
pinemarten_0559.jpg,pinemarten,1,9.367216262035072e-05,0.9998061060905457,4.467401959118433e-05,5.551972571993247e-05,3.973361017983734e-08
weasel_0200.jpg,weasel,4,0.00022309779888018966,6.993698065116405e-08,3.0684009288961533e-07,0.01818019524216652,0.9815962910652161
weasel_0550.jpg,weasel,4,1.0373847203482e-07,2.7593740625775354e-09,9.107272489927709e-06,1.7957596355699934e-05,0.9999728202819824
stoat_0126.jpg,stoat,3,5.948422767687589e-06,7.675665756323724e-07,1.3209605640440714e-05,0.987143337726593,0.012836609967052937
polecat_0919.jpg,polecat,2,0.0018761733081191778,0.001050140825100243,0.9970579147338867,1.4727739653608296e-05,1.0976382327498868e-06
polecat_0512.jpg,polecat,2,0.0005371383158490062,0.0006986682419665158,0.997593343257904,0.0010793850524351,9.150223195319995e-05
pinemarten_0864.jpg,pinemarten,1,9.886064189501553e-10,0.9999972581863403,7.402050528071413e-07,1.9926749246224063e-06,5.431271432598805e-09
stoat_0549.jpg,stoat,3,5.5461988779370586e-08,7.454735440060034e-11,5.948809500555541e-11,0.005256866104900837,0.9947431087493896
mink_0811.jpg,mink,0,0.998278021812439,3.025036676262971e-05,5.745845328419819e-07,0.00137568567879498,0.0003154602600261569
polecat_0145.jpg,polecat,2,4.249903668096522e-06,0.0005689890822395682,0.030329160392284393,0.9687064290046692,0.0003912602551281452
pinemarten_0567.jpg,pinemarten,1,3.712556235768716e-07,0.999967098236084,3.2034313335316256e-05,4.654945655602205e-07,7.484168662585944e-08
weasel_0814.jpg,weasel,4,1.802530164241034e-06,8.569725468987599e-05,6.955611642212034e-09,0.07342084497213364,0.9264917373657227
pinemarten_0146.jpg,pinemarten,1,2.261390363855753e-06,0.9999867677688599,1.9719824706498912e-07,1.0743971870397218e-05,4.330183323020265e-09
stoat_0061.jpg,stoat,3,2.295434882171321e-07,1.8214727788290475e-06,6.525181106553646e-07,0.9953444600105286,0.004652831237763166
polecat_0826.jpg,polecat,2,6.834205578343244e-06,0.008638015016913414,0.9883304834365845,0.0030014212243258953,2.3183143639471382e-05
polecat_0749.jpg,polecat,2,5.255666474113241e-05,6.373931682901457e-06,0.9999380111694336,2.688696213226649e-06,3.8445702443823393e-07
mink_0469.jpg,mink,0,0.9999130964279175,4.713518592325272e-06,8.203579636756331e-05,1.2766372492478695e-07,2.0012004497971247e-08
weasel_0857.jpg,weasel,4,0.0020558922551572323,0.0005963396979495883,0.0011855419725179672,0.3533579409122467,0.6428043842315674
pinemarten_0452.jpg,pinemarten,1,2.3101965780369937e-05,0.9965266585350037,1.0174078397540143e-06,0.0031406974885612726,0.00030854131910018623
pinemarten_0138.jpg,pinemarten,1,3.6962939020668273e-07,0.9997571110725403,2.4362259864574298e-05,0.00010810248932102695,0.00011007799184881151
polecat_0669.jpg,polecat,2,1.4953571735532023e-05,3.363669748068787e-06,0.9996663331985474,0.0002280579210491851,8.728553802939132e-05
stoat_0717.jpg,stoat,3,5.105854870635085e-05,3.146463131997734e-05,3.0280774808488786e-05,0.9997151494026184,0.000172037398442626
pinemarten_0924.jpg,pinemarten,1,5.217700618231902e-07,0.9999760389328003,2.031909389188513e-05,3.0631319987151073e-06,4.208712045539187e-09
polecat_0858.jpg,polecat,2,2.5557396838848945e-06,4.871712061538247e-11,0.9999969005584717,5.978677677376254e-07,1.021782991550424e-09
stoat_0568.jpg,stoat,3,2.5541166905895807e-06,3.0457151751761558e-06,1.6543360459309042e-07,0.862930417060852,0.13706380128860474
pinemarten_0473.jpg,pinemarten,1,2.858089986901291e-09,0.9999986886978149,1.2364052892621658e-08,1.317637270403793e-06,2.6492177340742273e-08
stoat_0348.jpg,stoat,3,3.7893075841566315e-06,0.2504694163799286,1.2600621630554087e-05,0.7494988441467285,1.5347897715400904e-05
pinemarten_0108.jpg,pinemarten,1,1.245681069406146e-08,0.9999980926513672,1.8361668026045663e-06,3.6880882792189595e-09,4.582899337801649e-10
polecat_0053.jpg,polecat,2,0.0003401018911972642,1.508332570665516e-05,0.9996447563171387,5.82224259915165e-08,3.828527717075758e-09
mink_0588.jpg,mink,0,0.9978050589561462,0.0001102224996429868,0.0019440033938735723,7.415522850351408e-05,6.660538929281756e-05
polecat_0519.jpg,polecat,2,1.4615003237850033e-05,7.855678632040508e-07,0.9999790191650391,5.1019765123783145e-06,4.880656661043759e-07
mink_0106.jpg,mink,0,0.7527525424957275,2.7140818019688595e-06,9.624603990232572e-06,0.21915113925933838,0.028084006160497665
pinemarten_0122.jpg,pinemarten,1,0.000848999887239188,0.8378961086273193,0.16085533797740936,0.0002193160617025569,0.00018018661648966372
weasel_0314.jpg,weasel,4,0.022071318700909615,0.9646733999252319,0.0012380656553432345,0.008562513627111912,0.003454675665125251
polecat_0981.jpg,polecat,2,7.439049113600049e-06,0.0007573598995804787,0.999221920967102,1.3205454706621822e-05,1.0966629560016372e-07
weasel_0223.jpg,weasel,4,1.988426265597809e-05,0.0018181983614340425,6.934351858944865e-06,0.003143865382298827,0.9950110912322998
weasel_0726.jpg,weasel,4,2.9606619378341748e-08,3.0210865133994957e-06,6.954325044716825e-07,0.04476065933704376,0.9552356004714966
stoat_0047.jpg,stoat,3,8.712201520211238e-07,0.0003079514135606587,4.3022293993999483e-07,0.9994431138038635,0.0002476335794199258
weasel_0165.jpg,weasel,4,1.14268999595879e-07,2.4268245191194637e-09,4.6321396496296074e-08,0.00908017810434103,0.9909197092056274
polecat_0731.jpg,polecat,2,1.0954961908282712e-05,1.4220875527826138e-05,0.9999747276306152,1.1118777365481947e-07,8.887135471979946e-10
weasel_0618.jpg,weasel,4,3.008501536783115e-08,4.293552624545782e-09,3.377293555928418e-09,0.0017550085904076695,0.9982450008392334
pinemarten_0264.jpg,pinemarten,1,1.7474370395120786e-08,0.9823197722434998,5.17200904326387e-09,0.01575060561299324,0.001929615973494947
polecat_0782.jpg,polecat,2,0.0002634329430293292,0.0002451964537613094,0.9994136095046997,7.382570765912533e-05,3.9053834370861296e-06
polecat_0847.jpg,polecat,2,0.001951598678715527,0.5433115363121033,0.44785839319229126,0.006714151240885258,0.00016430026153102517
pinemarten_0306.jpg,pinemarten,1,3.879851647070609e-05,0.8941595554351807,0.10258955508470535,0.0029273086693137884,0.0002847065916284919
polecat_0813.jpg,polecat,2,0.00032930081943050027,0.0007893950678408146,0.9988757967948914,3.6333385651232675e-06,1.9041626728721894e-06
stoat_0355.jpg,stoat,3,7.197025411187497e-07,8.42944355099462e-05,1.7181407656607917e-06,0.9998201727867126,9.310934547102079e-05
polecat_0042.jpg,polecat,2,2.5761562483239686e-06,3.7933839394099778e-06,0.999873161315918,0.00011908464512089267,1.3284395663504256e-06
weasel_0280.jpg,weasel,4,5.339797439773974e-07,5.756203336204635e-07,1.4594630215469806e-07,0.00010623416892485693,0.9998925924301147
polecat_0663.jpg,polecat,2,0.0013507958501577377,0.2050153762102127,0.7933187484741211,0.00024694547755643725,6.813692743889987e-05
pinemarten_0549.jpg,pinemarten,1,0.0020519529934972525,0.997914731502533,3.3167092624353245e-05,1.6671228308950958e-07,2.5226993827232036e-09
polecat_0298.jpg,polecat,2,5.5737909860908985e-06,0.00011902831465704367,0.9998053908348083,6.952772673685104e-05,4.6149403942763456e-07
polecat_0698.jpg,polecat,2,0.0009894667891785502,0.0005303684738464653,0.9984622001647949,1.7344333173241466e-05,6.171929953779909e-07
stoat_0725.jpg,stoat,3,0.0020359554328024387,0.0008211667882278562,0.0007875715964473784,0.9797875881195068,0.016567740589380264
weasel_0160.jpg,weasel,4,8.750154734116222e-07,7.7963174804907e-10,3.3637319596380166e-09,0.0023338499013334513,0.997665286064148
polecat_0575.jpg,polecat,2,0.003197833662852645,0.014177429489791393,0.9826227426528931,1.5164260958044906e-06,4.881287054558925e-07
stoat_0814.jpg,stoat,3,1.4436066919643054e-07,1.5430844086949946e-06,2.3808226501387253e-07,0.9999979734420776,7.459644280061184e-08
pinemarten_0110.jpg,pinemarten,1,0.03301406651735306,0.9574448466300964,0.0015367096057161689,0.007625579368323088,0.00037885227357037365
mink_0310.jpg,mink,0,1.0,1.4987791008280738e-09,5.4667093962734725e-08,4.344028470271155e-10,2.0373008169372042e-08
mink_0943.jpg,mink,0,0.9998573064804077,0.0001305449550272897,1.158666691480903e-05,5.539494054573879e-07,8.179434907162886e-09
mink_0863.jpg,mink,0,0.9999597072601318,3.259030927438289e-05,1.1664412369327692e-07,6.2194003476179205e-06,1.364999320685456e-06
polecat_0501.jpg,polecat,2,7.395998545689508e-05,5.162281013326719e-06,0.999904990196228,8.620610060461331e-06,7.2389498200209346e-06
weasel_0455.jpg,weasel,4,3.0747138225706294e-05,0.00010854996071429923,2.577071654741303e-06,0.003129890188574791,0.9967281818389893
mink_0069.jpg,mink,0,0.9999897480010986,1.00888228189433e-05,9.740010398218146e-08,1.3174776825053414e-09,1.5526413932320793e-08
mink_0412.jpg,mink,0,0.9978723526000977,0.000562394387088716,0.0015507162315770984,8.24326434667455e-06,6.288050371949794e-06
weasel_0179.jpg,weasel,4,0.0016548288986086845,1.4460870545462967e-07,2.3677789613429923e-06,0.0010132614988833666,0.9973293542861938
weasel_0107.jpg,weasel,4,3.7055272628094826e-08,9.712073811840582e-09,1.7629819382136702e-08,0.0010047651594504714,0.9989952445030212
mink_0455.jpg,mink,0,0.99998939037323,8.512473868904635e-06,2.0470695289986907e-06,1.3395582421082963e-08,3.88281273799862e-09
pinemarten_0086.jpg,pinemarten,1,0.00020395572937559336,0.992506206035614,0.0011574063682928681,0.005785031709820032,0.0003474022669252008
mink_0655.jpg,mink,0,0.9999799728393555,5.827095250765524e-08,1.957502172444947e-05,2.2588994852412725e-07,2.0104103271023632e-07
mink_0006.jpg,mink,0,0.9999966621398926,1.069994027602661e-06,2.2781259758630767e-06,1.5325039015579023e-08,1.363630186546061e-08
polecat_0294.jpg,polecat,2,3.2158669682758045e-07,1.6076022575362003e-06,0.9999943971633911,8.72678810992511e-07,2.8350777938612737e-06
stoat_0543.jpg,stoat,3,3.225139550977474e-07,8.816697118163574e-06,3.210489740013145e-05,0.9011111855506897,0.09884753078222275
stoat_0801.jpg,stoat,3,0.00041731918463483453,0.0009559303289279342,9.963434422388673e-06,0.9934871196746826,0.0051297591999173164
pinemarten_0028.jpg,pinemarten,1,1.2851169230998494e-05,0.004621041473001242,4.753971552418079e-06,0.9903675317764282,0.00499383918941021
stoat_0849.jpg,stoat,3,0.017560424283146858,0.055839650332927704,5.391930608311668e-05,0.9143024682998657,0.012243547476828098
polecat_0655.jpg,polecat,2,8.082830049715994e-07,1.2035631158369142e-08,0.9999991655349731,4.48311610057317e-10,8.999757536432007e-12
weasel_0137.jpg,weasel,4,1.2082470846053184e-07,9.337756523564167e-07,5.994371576889534e-07,0.00038097953074611723,0.999617338180542
pinemarten_0423.jpg,pinemarten,1,1.0990892224116422e-11,0.9999382495880127,1.944474581350164e-09,5.3370331443147734e-05,8.392796189582441e-06
pinemarten_0292.jpg,pinemarten,1,0.12541815638542175,0.8630481362342834,0.010927033610641956,0.0002454542263876647,0.00036116992123425007
stoat_0418.jpg,stoat,3,0.0001029602499329485,0.0004259427369106561,2.7696949473465793e-05,0.9923163652420044,0.007126969750970602
pinemarten_0956.jpg,pinemarten,1,1.245681069406146e-08,0.9999980926513672,1.8361668026045663e-06,3.6880882792189595e-09,4.582899337801649e-10
polecat_0821.jpg,polecat,2,8.771360171522247e-07,5.722995410906151e-06,0.9999923706054688,9.406599019712303e-07,6.522720497059709e-08
weasel_0817.jpg,weasel,4,0.054407794028520584,0.00716594560071826,0.00015600257029291242,0.9334256052970886,0.004844621755182743
weasel_0795.jpg,weasel,4,9.304330887971446e-06,5.000947922439991e-08,2.748679506225926e-08,0.08109819889068604,0.918892502784729
pinemarten_0399.jpg,pinemarten,1,1.1575508324312977e-05,0.9999285936355591,2.1311634554876946e-06,5.7143271988024935e-05,6.303072268565302e-07
mink_0468.jpg,mink,0,0.9999302625656128,1.0820151146617718e-05,5.044712816015817e-05,7.760835615044925e-06,7.2354566782451e-07
mink_0247.jpg,mink,0,0.9989640712738037,0.0010344948386773467,4.5006095206190366e-07,6.650962518506276e-07,2.8185266387481533e-07
weasel_0591.jpg,weasel,4,2.601079529540584e-07,2.743670393101638e-06,4.738650360991414e-09,0.02605920284986496,0.9739378094673157
weasel_0921.jpg,weasel,4,0.00036839686799794436,0.0010685826418921351,3.879587893607095e-06,0.0006016925908625126,0.9979573488235474
weasel_0450.jpg,weasel,4,0.0005109531339257956,4.828901728615165e-05,1.5306921341107227e-05,0.011226185597479343,0.9881992340087891
stoat_0389.jpg,stoat,3,9.4459886668119e-07,0.00010358108556829393,2.2231106413528323e-05,0.9995496869087219,0.00032353115966543555
pinemarten_0554.jpg,pinemarten,1,4.819457899429835e-06,0.9936424493789673,4.7140108705434614e-08,0.0053996741771698,0.000952988222707063
stoat_0883.jpg,stoat,3,0.006380460225045681,0.01258635800331831,0.029157478362321854,0.8705196976661682,0.0813559889793396
polecat_0301.jpg,polecat,2,1.911063691295567e-06,0.2353486567735672,0.760288417339325,0.004358286969363689,2.7301568934490206e-06
stoat_0721.jpg,stoat,3,1.414496409779531e-06,2.1916834157309495e-05,5.5440436881326605e-06,0.999942421913147,2.8702837880700827e-05
polecat_0159.jpg,polecat,2,0.004948653280735016,0.00013432138075586408,0.9946796298027039,0.00023544814030174166,1.9425983737164643e-06
weasel_0589.jpg,weasel,4,1.1740480658772867e-06,2.220188655144284e-08,2.3593399589572073e-07,0.06774291396141052,0.9322556853294373
stoat_0162.jpg,stoat,3,9.277154049414094e-07,1.6458292293464183e-06,1.1996367902611382e-05,0.9599717855453491,0.040013719350099564
weasel_0460.jpg,weasel,4,3.042091023530702e-08,5.693537445949914e-07,1.515505658744587e-07,0.0007616510847583413,0.9992376565933228
polecat_0817.jpg,polecat,2,0.1140393316745758,0.011562846601009369,0.8720007538795471,0.0023786963429301977,1.8341477698413655e-05
weasel_0485.jpg,weasel,4,1.976979717710492e-07,1.297593144045095e-08,4.781554707733449e-06,8.316678759001661e-06,0.9999866485595703
weasel_0619.jpg,weasel,4,1.351471019006567e-05,4.277328116586432e-05,7.660785428242889e-08,0.22247041761875153,0.7774732112884521
polecat_0036.jpg,polecat,2,1.0479723641765304e-05,1.3176101099077187e-08,0.9999065399169922,8.213578257709742e-05,8.776723348091764e-07
polecat_0998.jpg,polecat,2,0.0002899258106481284,4.893417644780129e-05,0.9996156692504883,4.447848550626077e-05,9.234595950147195e-07
weasel_0380.jpg,weasel,4,2.12435868895966e-09,1.1862119619898692e-10,2.0667383360262193e-09,0.0006813500076532364,0.9993187189102173
pinemarten_0918.jpg,pinemarten,1,2.604003679351763e-10,0.9999991655349731,1.838406049614605e-08,7.754996431685868e-07,2.908719709537877e-09
weasel_0940.jpg,weasel,4,0.054430827498435974,0.176006481051445,0.021879393607378006,0.7442724108695984,0.003410849953070283
weasel_0303.jpg,weasel,4,0.00020696144201792777,7.008174634393072e-06,2.233320941513739e-07,0.0003142007044516504,0.9994716048240662
stoat_0083.jpg,stoat,3,0.0006686834385618567,0.044531892985105515,0.003359023714438081,0.8261263370513916,0.1253141164779663
stoat_0723.jpg,stoat,3,4.677390279539395e-06,0.00027660661726258695,4.71817547804676e-05,0.8296070098876953,0.17006447911262512
weasel_0336.jpg,weasel,4,2.377167675149394e-06,8.851572056300938e-05,5.3254129852575716e-06,0.684844434261322,0.3150593638420105
weasel_0181.jpg,weasel,4,0.0006041529704816639,1.5754811101942323e-05,7.582998478028458e-07,0.003271333407610655,0.9961079955101013
stoat_0385.jpg,stoat,3,3.4892505595962575e-07,2.7622904781310353e-06,2.9059651751595084e-07,0.9999957084655762,9.278103334509069e-07
stoat_0502.jpg,stoat,3,2.5273899154854007e-05,9.383222641190514e-05,3.286622813902795e-05,0.9908967614173889,0.008951288647949696
stoat_0318.jpg,stoat,3,1.3850018021344113e-08,4.733592007255538e-08,1.504521804918113e-07,0.9992115497589111,0.0007882973877713084
polecat_0413.jpg,polecat,2,4.6515779104083776e-05,1.2510630540418788e-06,0.9999518394470215,1.5780258877384767e-07,2.6930689500659355e-07
pinemarten_0037.jpg,pinemarten,1,0.0447625108063221,0.9444714188575745,0.00027894205413758755,0.010280243121087551,0.00020695634884759784
polecat_0258.jpg,polecat,2,2.011467131524114e-06,1.8219664355001441e-07,0.9999977350234985,2.882516625390963e-08,1.6354554377429054e-09
mink_0317.jpg,mink,0,0.9993341565132141,0.00010132433089893311,0.000500195543281734,4.991909736418165e-05,1.4329489204101264e-05
mink_0974.jpg,mink,0,0.9994966983795166,0.0003537148586474359,0.0001477326441090554,1.4873902500767144e-06,4.0563909919910657e-07
pinemarten_0088.jpg,pinemarten,1,5.668106678058393e-05,0.9992318153381348,1.320894170930842e-06,0.0006046770722605288,0.00010555238259257749
weasel_0903.jpg,weasel,4,0.8369959592819214,0.1292584240436554,5.818915815325454e-05,0.02515052631497383,0.008536910638213158
mink_0905.jpg,mink,0,0.9995225667953491,0.0004465439124032855,3.538292503435514e-06,1.5307530702557415e-05,1.2079992302460596e-05
weasel_0900.jpg,weasel,4,0.02981594391167164,0.00015400236588902771,2.2067331428843318e-06,0.364576131105423,0.6054516434669495
polecat_0744.jpg,polecat,2,0.0004230861086398363,0.00025363737950101495,0.999319314956665,3.829853994830046e-06,1.8897353015745466e-07
stoat_0965.jpg,stoat,3,2.1505358745343983e-05,0.150278240442276,5.8442634326638654e-05,0.8489741086959839,0.0006676997290924191
pinemarten_0476.jpg,pinemarten,1,3.2387600867878064e-07,0.9991081357002258,1.1494441842785363e-08,0.0008913717465475202,1.0146214179940216e-07
pinemarten_0838.jpg,pinemarten,1,9.920631782733835e-08,0.9999924898147583,2.4189905190041827e-08,7.39919551051571e-06,4.993087721061329e-09
polecat_0040.jpg,polecat,2,6.560746442119125e-06,1.0971910491264225e-08,0.9999934434890747,2.6041853118385916e-08,4.32881196166246e-11
weasel_0053.jpg,weasel,4,1.7871442992145603e-07,9.230672048943234e-08,4.5401538084632875e-10,0.007524500135332346,0.9924752116203308
weasel_0477.jpg,weasel,4,0.0002700289187487215,0.00029884977266192436,0.010570114478468895,0.00106122437864542,0.9877997636795044
stoat_0758.jpg,stoat,3,7.611868932144716e-05,4.463896630113595e-07,0.0006377726676873863,0.9946855306625366,0.004600048065185547
pinemarten_0863.jpg,pinemarten,1,7.863889550208114e-06,0.9950483441352844,0.0014843634562566876,0.003454939927905798,4.461955086298985e-06
mink_0521.jpg,mink,0,0.9990929365158081,1.0936014405160677e-05,0.0008838768117129803,4.119821824133396e-06,8.175214134098496e-06
weasel_0479.jpg,weasel,4,0.0036926514003425837,2.0536212105071172e-05,0.0006098365411162376,0.05413930118083954,0.941537618637085
pinemarten_0176.jpg,pinemarten,1,1.9966719264630228e-05,0.9999091625213623,6.441378354793414e-05,6.466530066973064e-06,4.69158827343108e-08
polecat_0499.jpg,polecat,2,2.8017468139296398e-05,4.286375769879669e-05,0.9998595714569092,6.914808909641579e-05,3.8188548501238984e-07
polecat_0286.jpg,polecat,2,1.679183924352401e-06,0.0003052967367693782,0.9974802136421204,0.0021862199064344168,2.6651990992831998e-05
pinemarten_0241.jpg,pinemarten,1,7.517468247897341e-07,0.9995614886283875,2.780242311928305e-06,0.00043462467147037387,3.708241251842992e-07
pinemarten_0877.jpg,pinemarten,1,0.0006796623929403722,0.9253167510032654,0.05935436487197876,0.014636148698627949,1.3096798284095712e-05
pinemarten_0269.jpg,pinemarten,1,1.313043412665138e-06,0.999991774559021,5.040884389018174e-06,1.9278136278444435e-06,1.5552935606066853e-09
weasel_0588.jpg,weasel,4,2.065210082946578e-06,0.00040365708991885185,2.140157448593527e-06,0.7810395956039429,0.2185525894165039
weasel_0120.jpg,weasel,4,0.0058038379065692425,0.0010752538219094276,0.02377939037978649,0.9551552534103394,0.014186348766088486
mink_0396.jpg,mink,0,0.8891446590423584,0.04350099712610245,0.06700503826141357,8.448186417808756e-05,0.0002647987275850028
stoat_0391.jpg,stoat,3,8.935010100685759e-07,7.87329554441385e-06,1.8406637536827475e-05,0.9999669790267944,5.8948467085429e-06
pinemarten_0116.jpg,pinemarten,1,6.173219844640698e-06,0.9998595714569092,2.643929656187538e-05,0.00010699208360165358,7.241862363116525e-07
stoat_0058.jpg,stoat,3,5.4651509344694205e-06,9.563660569256172e-06,1.1614790764724603e-06,0.9870742559432983,0.01290962751954794
mink_0942.jpg,mink,0,0.9999585151672363,7.691945938859135e-06,1.3013178659093683e-06,1.690966541900707e-06,3.076177017646842e-05
weasel_0931.jpg,weasel,4,5.88023658565362e-06,1.4229128098008914e-08,8.896017970982939e-05,0.0005101939314045012,0.9993948936462402
mink_0426.jpg,mink,0,0.9998965263366699,4.460062336875126e-05,2.2881057759605028e-07,2.5373135486006504e-06,5.613689063466154e-05
polecat_0048.jpg,polecat,2,4.193755557935219e-06,0.00021196487068664283,0.9997676014900208,1.562150828249287e-05,5.262523927740403e-07
pinemarten_0130.jpg,pinemarten,1,0.0027374231722205877,0.997248113155365,2.174275778088486e-06,8.458043339487631e-06,3.831419689959148e-06
mink_0416.jpg,mink,0,0.9994133710861206,2.4143699192791246e-05,4.193583663436584e-05,0.0004749934596475214,4.545541378320195e-05
mink_0504.jpg,mink,0,0.9999750852584839,1.0973995813401416e-05,1.3778343600279186e-05,1.0805467098862209e-07,3.595056341509917e-08
stoat_0898.jpg,stoat,3,2.3142160898714792e-07,1.7940067209565314e-07,0.00010936355101875961,0.9998774528503418,1.2686726222455036e-05
stoat_0258.jpg,stoat,3,9.51734833165574e-08,5.723134381696582e-05,3.949602245256756e-08,0.997222900390625,0.0027198565658181906
polecat_0801.jpg,polecat,2,0.0176291074603796,0.007583319209516048,0.9747201204299927,5.981795402476564e-05,7.639010618731845e-06
polecat_0745.jpg,polecat,2,1.6210889953072183e-05,2.788450728985481e-05,0.9999558925628662,4.36546159221507e-08,7.916700184296133e-09
weasel_0629.jpg,weasel,4,3.8769323396081745e-07,6.751260883675059e-08,3.0993355437658465e-08,0.3142170310020447,0.6857824921607971
pinemarten_0418.jpg,pinemarten,1,8.494704939465691e-10,1.0,2.174046365155391e-08,3.200752718424127e-10,6.549426279089943e-11
pinemarten_0602.jpg,pinemarten,1,0.37322813272476196,0.43639835715293884,0.0894237533211708,0.07789775729179382,0.023052062839269638
stoat_0588.jpg,stoat,3,1.1965558144311217e-07,3.220473081455566e-05,0.0002470766194164753,0.9761680960655212,0.023552414029836655
weasel_0788.jpg,weasel,4,0.0011267616646364331,0.0008687140652909875,0.000213801977224648,0.4618127644062042,0.5359779596328735
mink_0182.jpg,mink,0,0.9085773229598999,0.0913102850317955,8.573595550842583e-05,2.0481205865507945e-05,6.224341177585302e-06
pinemarten_0677.jpg,pinemarten,1,2.4358581640626653e-07,0.9999847412109375,2.4169958123820834e-06,1.2537564543890767e-05,4.668598663215562e-08
weasel_0334.jpg,weasel,4,0.00926597323268652,4.592061486619059e-07,2.3397232951083424e-07,0.012529175728559494,0.9782041311264038
polecat_0775.jpg,polecat,2,1.3101139302307274e-06,0.0062260013073682785,0.9937458038330078,2.668614797585178e-05,2.324645436146966e-07
stoat_0533.jpg,stoat,3,0.01775350421667099,0.1825626641511917,0.00018138333689421415,0.7914015650749207,0.008100890554487705
stoat_0027.jpg,stoat,3,2.259914936075802e-06,0.008241752162575722,7.938603084767237e-05,0.9629008173942566,0.02877575345337391
pinemarten_0621.jpg,pinemarten,1,1.3004495258428506e-06,0.9999986886978149,2.9546438184979706e-08,3.1662974464552462e-09,4.939822439986585e-10
stoat_0813.jpg,stoat,3,8.393019470531726e-07,3.618723098952614e-07,2.1696951080230065e-07,0.9992875456809998,0.0007110301521606743
pinemarten_0325.jpg,pinemarten,1,3.668889576147194e-06,0.9998785257339478,4.568380518321646e-06,0.00011329416156513616,1.61511604090947e-08
mink_0012.jpg,mink,0,0.9992446899414062,0.00010047372052213177,0.00061654148157686,7.928974810056388e-06,3.036641464859713e-05
polecat_0044.jpg,polecat,2,2.2700063709635288e-05,0.0336659699678421,0.9649226069450378,0.0012743794359266758,0.00011424203694332391
weasel_0879.jpg,weasel,4,2.96739379734845e-08,5.490513946271314e-11,2.7730753804355857e-10,7.272786024259403e-05,0.999927282333374
stoat_0402.jpg,stoat,3,0.0002677236043382436,0.001763747539371252,2.2913385691936128e-05,0.9826475977897644,0.015298021025955677
polecat_0269.jpg,polecat,2,5.167350991541753e-06,8.624355359643232e-06,0.9995601773262024,0.0004258049593772739,2.3464652088023286e-07
polecat_0796.jpg,polecat,2,1.5391218767035753e-05,0.001535855932161212,0.9984478950500488,3.0930320349398244e-07,6.066047149033693e-07
mink_0316.jpg,mink,0,0.9911728501319885,0.00014028068108018488,0.008663203567266464,1.4173346244206186e-05,9.571772352501284e-06
weasel_0809.jpg,weasel,4,1.722335127851693e-07,7.080067376818988e-08,1.4205215848051012e-06,0.0018804915016517043,0.9981179237365723
polecat_0617.jpg,polecat,2,3.615058085415512e-05,6.246905570606032e-08,0.9999637603759766,6.006479935649622e-08,2.6167532585219533e-09
pinemarten_0934.jpg,pinemarten,1,2.4162998215615517e-06,0.9999428987503052,1.3395427345130884e-07,5.451724064187147e-05,1.0376565029446283e-07
mink_0389.jpg,mink,0,0.9956555366516113,1.0636176739353687e-05,0.00011913332855328918,0.00396219315007329,0.00025242878473363817
polecat_0870.jpg,polecat,2,0.7468522191047668,0.029085321351885796,0.17529448866844177,0.0027670634444803,0.04600099101662636
weasel_0060.jpg,weasel,4,9.977576098663121e-08,6.777010526093363e-07,2.255182607768802e-06,0.010810191743075848,0.989186704158783
stoat_0117.jpg,stoat,3,6.094296622904949e-08,1.0224993275187444e-05,3.703567199409008e-05,0.8845760226249695,0.11537667363882065
polecat_0670.jpg,polecat,2,1.2094304793208721e-06,8.227475944977414e-08,0.9999985694885254,9.65917692496987e-08,1.7031117627297476e-09
pinemarten_0152.jpg,pinemarten,1,2.3779589355399366e-06,0.9999945163726807,1.8268140138388844e-06,1.1845399967569392e-06,3.210618970683754e-08
mink_0073.jpg,mink,0,0.9998923540115356,7.54846041672863e-05,1.5059009683682234e-06,3.0534047255059704e-05,1.4252884739107685e-07
mink_0193.jpg,mink,0,0.9865190386772156,0.008559047244489193,0.004829246085137129,8.461077231913805e-05,8.143796549120452e-06
stoat_0934.jpg,stoat,3,3.9010762975522084e-07,7.618745598847454e-07,3.8366900412256655e-07,0.9993236064910889,0.0006749767926521599
mink_0094.jpg,mink,0,0.024302860721945763,0.971347987651825,0.0012821652926504612,0.0029358514584600925,0.00013116642367094755
weasel_0162.jpg,weasel,4,6.707358352286974e-06,9.987769544750336e-08,0.00028786869370378554,0.035071343183517456,0.9646340012550354
pinemarten_0383.jpg,pinemarten,1,3.483371457946305e-08,0.9999997615814209,1.264017779334381e-10,1.8885150154801522e-07,3.6562589067479223e-10
pinemarten_0203.jpg,pinemarten,1,1.2799370097127394e-07,0.9998148083686829,4.324596147853299e-08,0.00018492834351491183,1.1342535088942896e-07
pinemarten_0570.jpg,pinemarten,1,4.5860293340638236e-08,0.9999721050262451,3.952554266106745e-07,2.7453399525256827e-05,8.680903818003571e-08
polecat_0844.jpg,polecat,2,0.0036648830864578485,0.30216655135154724,0.6912301778793335,0.0029222716111689806,1.6074594896053895e-05
stoat_0336.jpg,stoat,3,1.4048519858533837e-07,6.728828338964377e-07,4.7299067773565184e-06,0.9999924898147583,1.8739951883617323e-06
mink_0921.jpg,mink,0,0.0007231085328385234,0.0013970461441203952,0.0007018032483756542,0.9970431923866272,0.00013482905342243612
pinemarten_0185.jpg,pinemarten,1,0.03688725456595421,0.9628220200538635,0.00024014270456973463,5.028194937040098e-05,3.6870721942250384e-07
polecat_0161.jpg,polecat,2,8.978921641755733e-07,2.477144711576784e-09,0.9999990463256836,1.3464054759992905e-08,6.794765861073415e-10
stoat_0221.jpg,stoat,3,1.5795043850630464e-07,1.869096522000291e-08,1.2597483589615877e-07,0.853345513343811,0.14665427803993225
stoat_0045.jpg,stoat,3,1.080462880054256e-06,3.4486897781960124e-09,6.22000015937374e-08,0.9969319105148315,0.0030669220723211765
pinemarten_0694.jpg,pinemarten,1,3.872923844028264e-05,0.999957799911499,3.488890570224612e-06,2.160487255764565e-08,7.619644359913025e-10
mink_0485.jpg,mink,0,0.9999964237213135,4.2595962668201537e-07,6.072414180380292e-07,8.158594937413e-07,1.751221134327352e-06
pinemarten_0154.jpg,pinemarten,1,4.0722935068515653e-07,0.9995822310447693,3.4736336829155334e-07,0.00037694850470870733,4.0076029108604416e-05
weasel_0071.jpg,weasel,4,2.4714306157136434e-09,6.789180417854368e-08,6.580226568075886e-07,0.0014311023987829685,0.998568058013916
mink_0712.jpg,mink,0,0.9997490048408508,0.00023264084302354604,1.7872276657726616e-05,5.0225505532353054e-08,4.628554961527698e-07
pinemarten_0189.jpg,pinemarten,1,2.1792152438138146e-06,0.9997740387916565,0.00022358374553732574,2.8345138503027556e-07,4.364107297760711e-09
stoat_0859.jpg,stoat,3,3.1735166317048424e-07,9.124230473389616e-07,1.6041225592289265e-07,0.929439127445221,0.07055956870317459
polecat_0108.jpg,polecat,2,0.0011632547248154879,7.194231784524163e-06,0.9988093376159668,9.526664143777452e-06,1.0734032912296243e-05
mink_0767.jpg,mink,0,0.9999997615814209,8.794605577122638e-08,1.5443346512711287e-07,8.263534995167632e-11,2.5442111958873248e-11
mink_0274.jpg,mink,0,0.8394255042076111,0.158217653632164,0.00023438189236912876,0.0019310734933242202,0.0001914160675369203
mink_0256.jpg,mink,0,0.999996542930603,1.5236602735058113e-07,3.188586106261937e-06,1.6269355640474714e-08,9.541818002389846e-08
stoat_0905.jpg,stoat,3,4.56036186591291e-09,8.285097692350973e-07,2.6069494651892455e-07,0.998713493347168,0.0012853731168434024
pinemarten_0450.jpg,pinemarten,1,9.36581212584997e-09,0.9998689889907837,3.6320656704447174e-07,0.00013064773520454764,1.537862814871005e-08
mink_0619.jpg,mink,0,0.9431967735290527,0.0014879697700962424,0.04210492596030235,0.01286265067756176,0.00034762141876854
stoat_0703.jpg,stoat,3,1.0532018677622546e-05,5.1213202823419124e-05,9.671229054220021e-05,0.9391887187957764,0.060652945190668106
stoat_0309.jpg,stoat,3,6.254911255609841e-08,4.988069690625707e-07,1.9867084120051004e-06,0.9982265830039978,0.0017709535313770175
pinemarten_0440.jpg,pinemarten,1,1.9865371569949275e-09,0.9999599456787109,1.8588794503671124e-08,3.993826248915866e-05,1.5266648745182465e-07
stoat_0118.jpg,stoat,3,6.635811189426022e-08,1.5576559917462873e-06,8.043507193633559e-09,0.9998782873153687,0.00012012826482532546
mink_0769.jpg,mink,0,0.9949709177017212,0.004050439689308405,0.0009786819573491812,2.2611750694068178e-08,4.9701970539217655e-08
polecat_0692.jpg,polecat,2,0.0010685072047635913,0.0014168954221531749,0.9974392652511597,7.444316725013778e-05,9.498887720837956e-07
stoat_0367.jpg,stoat,3,1.7356230896936609e-09,2.705197630348266e-07,2.478097940183943e-07,0.7451682686805725,0.2548312246799469
weasel_0067.jpg,weasel,4,6.550729949594825e-07,5.728046037489776e-09,7.429716930573704e-08,0.07085160911083221,0.9291475415229797
weasel_0196.jpg,weasel,4,1.5420064114479715e-09,6.36077041732408e-12,1.3999910120077175e-09,5.040958058089018e-06,0.9999949932098389
stoat_0857.jpg,stoat,3,0.011162144131958485,0.4521472156047821,0.0025672968477010727,0.013611909933388233,0.5205114483833313
weasel_0391.jpg,weasel,4,0.00010117467172676697,0.03156141936779022,0.003837638534605503,0.001342738512903452,0.9631569981575012
mink_0713.jpg,mink,0,0.9999779462814331,1.7289035895373672e-05,3.377028860995779e-07,2.267758645757567e-06,2.1598943931167014e-06
mink_0287.jpg,mink,0,0.7849755883216858,0.045405130833387375,0.026843179017305374,0.07710974663496017,0.06566637009382248
polecat_0426.jpg,polecat,2,6.761593976989388e-05,2.0857375826466296e-09,0.9999319314956665,2.629242317198077e-07,2.0869295269676513e-07
weasel_0017.jpg,weasel,4,0.00025559510686434805,0.5412463545799255,0.006276947911828756,0.2105116993188858,0.2417093813419342
pinemarten_0066.jpg,pinemarten,1,1.7463444579313148e-10,0.9997486472129822,9.864244976398595e-10,0.00025123252999037504,1.295244089760672e-07
pinemarten_0238.jpg,pinemarten,1,2.036629302892834e-05,0.9988388419151306,7.502597873099148e-05,0.001063613803125918,2.084132120216964e-06
mink_0419.jpg,mink,0,0.9889696836471558,0.0032025782857090235,0.0015919051365926862,0.004271943122148514,0.0019638254307210445
mink_0367.jpg,mink,0,0.042775556445121765,0.016875414177775383,0.001842055469751358,0.1005004346370697,0.8380065560340881
stoat_0151.jpg,stoat,3,1.5827661172806984e-06,0.000316586927510798,8.468516170978546e-06,0.9955230951309204,0.004150270018726587
mink_0915.jpg,mink,0,0.9997839331626892,9.040609825206047e-07,0.00021492621453944594,1.8419876823827508e-07,7.413188995997189e-08
mink_0707.jpg,mink,0,0.5081392526626587,0.4902285039424896,8.864040864864364e-05,0.000959815748501569,0.0005838279030285776
stoat_0724.jpg,stoat,3,1.3931030480307527e-05,1.5604720829287544e-05,2.0483910702751018e-05,0.9996767044067383,0.0002733136934693903
polecat_0527.jpg,polecat,2,8.461004767923441e-07,9.651976107249993e-09,0.9999991655349731,7.679595626086666e-09,1.772475916039795e-11
weasel_0220.jpg,weasel,4,0.00021250179270282388,1.3431485967885237e-05,1.6957612558599067e-07,0.02615596167743206,0.9736180305480957
stoat_0012.jpg,stoat,3,0.0006483698962256312,0.00468363706022501,0.003492810297757387,0.9884892106056213,0.0026859091594815254
weasel_0422.jpg,weasel,4,0.000703497848007828,0.01439595501869917,0.010775256901979446,0.0019706215243786573,0.9721547961235046
mink_0593.jpg,mink,0,0.9997076392173767,2.846103974718517e-08,0.0002885806025005877,2.290735437782132e-06,1.5564875184281846e-06
polecat_0388.jpg,polecat,2,1.5340316167566925e-05,3.39223443006631e-05,0.9999051094055176,2.7376448997529224e-05,1.8326785721001215e-05
polecat_0694.jpg,polecat,2,0.0021592057310044765,0.0006401613936759531,0.9970793724060059,0.00011207106581423432,9.18142086447915e-06
pinemarten_0025.jpg,pinemarten,1,1.612635287528974e-06,0.9999836683273315,1.2772937225236092e-05,1.910591663545347e-06,7.554463721248794e-09
pinemarten_0456.jpg,pinemarten,1,4.448062099982053e-06,0.9999865293502808,1.8372858221482602e-06,7.1443005253968295e-06,5.5312746383151534e-08
mink_0537.jpg,mink,0,0.9465978145599365,0.04192521050572395,0.010600294917821884,0.0008721573394723237,4.515917225944577e-06
polecat_0690.jpg,polecat,2,7.486297545256093e-05,4.397885277285241e-06,0.9999055862426758,7.903739060566295e-06,7.290847406693501e-06
mink_0462.jpg,mink,0,0.9991374015808105,7.132018799893558e-05,0.0007910931017249823,7.113504096878387e-08,6.272104258187028e-08
mink_0761.jpg,mink,0,0.174392431974411,0.8133231997489929,0.011926043778657913,0.0003504025225993246,7.910201929917093e-06
mink_0698.jpg,mink,0,0.9784359335899353,0.020932385697960854,0.0006309523014351726,3.787779121466883e-07,3.998113697889494e-07
weasel_0057.jpg,weasel,4,0.00014586285396944731,2.7037974632548867e-06,9.051446795638185e-06,0.028177930042147636,0.9716644883155823
polecat_0460.jpg,polecat,2,4.35590700362809e-05,0.0012617114698514342,0.7898986339569092,0.206222802400589,0.002573318313807249
stoat_0741.jpg,stoat,3,8.372539014089853e-05,1.42518410939374e-06,1.0019894943980034e-05,0.9582215547561646,0.04168328642845154
mink_0666.jpg,mink,0,0.9998449087142944,0.00012971708201803267,2.492782186891418e-05,1.033423018270696e-07,3.8611651120845636e-07
mink_0858.jpg,mink,0,0.8817743062973022,0.002859113970771432,0.11448892951011658,0.000252505240496248,0.0006250852602533996
pinemarten_0592.jpg,pinemarten,1,6.48873871300637e-11,0.9998650550842285,7.325807072078305e-09,0.0001344159827567637,4.2889953988378693e-07
polecat_0722.jpg,polecat,2,1.2833653272537049e-05,4.7025685034896014e-07,0.9999823570251465,2.1369705791585147e-06,2.231692860732437e-06
stoat_0979.jpg,stoat,3,7.262518693096354e-07,1.9813876861007884e-05,3.1249351195583586e-07,0.9999526739120483,2.6502801119931974e-05
polecat_0541.jpg,polecat,2,0.0015545645728707314,0.0004974125185981393,0.9979318380355835,1.020356921799248e-05,6.02468935539946e-06
polecat_0243.jpg,polecat,2,4.499370334087871e-05,0.001708682393655181,0.9982309937477112,1.5267585695255548e-05,7.10068164266886e-08
polecat_0192.jpg,polecat,2,0.00019102661462966353,1.2025072464894038e-05,0.9997933506965637,2.464472345309332e-06,1.0784175401568064e-06
stoat_0059.jpg,stoat,3,6.158658720778476e-07,3.103799099335447e-05,0.00028926494996994734,0.9996711015701294,8.054854333749972e-06
mink_0133.jpg,mink,0,0.9999769926071167,2.0877383576589637e-05,1.2531925221992424e-06,6.961005851735536e-07,6.921199258158595e-08
mink_0833.jpg,mink,0,0.010718774050474167,0.9878766536712646,0.0013263289583846927,1.9272369172540493e-05,5.889032399863936e-05
stoat_0842.jpg,stoat,3,1.3503417903848458e-06,5.197499194764532e-05,2.6081386749865487e-05,0.9999037981033325,1.680799323366955e-05
polecat_0570.jpg,polecat,2,4.032488959637703e-06,4.126943622395629e-06,0.9999901056289673,9.64667151492904e-07,7.580942451568262e-07
stoat_0623.jpg,stoat,3,3.2421471587440465e-06,1.8193483697359625e-07,3.94852897045439e-08,0.9974539875984192,0.0025425010826438665
pinemarten_0379.jpg,pinemarten,1,2.817628264040195e-08,0.9967393279075623,1.8762810896078008e-06,0.0029790231492370367,0.0002796901680994779
weasel_0583.jpg,weasel,4,2.2780217534545955e-07,2.3275541494172103e-08,4.0963296754625844e-08,0.014808155596256256,0.9851915836334229
pinemarten_0008.jpg,pinemarten,1,4.0173250454245135e-05,0.9999432563781738,1.4339944755192846e-05,2.176505859097233e-06,2.4672331733199826e-08
polecat_0960.jpg,polecat,2,0.00016028745449148118,1.1402078598621301e-05,0.9998216032981873,6.694235253235092e-06,7.345765595800913e-08
pinemarten_0143.jpg,pinemarten,1,3.994060989498394e-06,0.9999943971633911,1.5918731151032262e-06,4.894526384191522e-08,6.7169989570459165e-09
pinemarten_0260.jpg,pinemarten,1,0.09496340155601501,0.5653981566429138,0.0024102034512907267,0.13807541131973267,0.19915275275707245
mink_0434.jpg,mink,0,0.9982975125312805,7.778047006468114e-07,0.0016979400534182787,3.5560187825467438e-06,2.8344820179881935e-07
stoat_0461.jpg,stoat,3,2.5696233478811337e-06,2.7024008886655793e-05,3.965812538808677e-06,0.9977904558181763,0.002176023554056883
weasel_0348.jpg,weasel,4,4.268241809768369e-06,5.096540553495288e-05,0.000756473804358393,0.2542990446090698,0.7448893189430237
stoat_0651.jpg,stoat,3,3.3852181058335873e-09,3.7103141892202984e-08,1.9186616739830242e-08,0.9999595880508423,4.043366061523557e-05
mink_0832.jpg,mink,0,0.9999799728393555,1.7938243956905353e-07,5.364446678868262e-06,7.074096629366977e-06,7.401340099022491e-06
stoat_0178.jpg,stoat,3,3.225632383418997e-07,0.0008927895687520504,0.00820013228803873,0.9877102971076965,0.003196470672264695
mink_0267.jpg,mink,0,0.9998121857643127,8.347187190338445e-07,0.00015133859415072948,3.4006185160251334e-05,1.70944861110911e-06
pinemarten_0927.jpg,pinemarten,1,6.266790109066278e-08,0.9995560050010681,4.293068741390016e-06,0.0004393968847580254,1.1389269616302045e-07
stoat_0517.jpg,stoat,3,1.5233742090003943e-07,1.0857391316676512e-05,3.4069759635713126e-07,0.9174332618713379,0.08255545049905777
weasel_0626.jpg,weasel,4,5.603669251286192e-06,2.575327471276978e-06,2.7732105536415474e-06,0.0042508249171078205,0.9957382678985596
weasel_0623.jpg,weasel,4,4.1024671304512594e-07,3.860847755277064e-06,2.5798615865824104e-07,0.054165102541446686,0.9458303451538086
weasel_0763.jpg,weasel,4,4.29182437073905e-05,2.7189145157535677e-07,8.251362260125461e-09,0.005604803562164307,0.9943519830703735
weasel_0435.jpg,weasel,4,7.451933925040066e-05,0.009696315042674541,0.005538919009268284,0.14000394940376282,0.8446862697601318
stoat_0169.jpg,stoat,3,1.8053815153962205e-07,0.0031595216132700443,8.820016773825046e-06,0.9968312382698059,2.897813544677774e-07
weasel_0954.jpg,weasel,4,2.0538719169849173e-08,1.0426214336334283e-09,4.368777339891494e-09,0.00043053613626398146,0.9995694756507874
mink_0466.jpg,mink,0,1.0,2.780753582953821e-08,1.6105621725159835e-08,1.8470318607910485e-09,5.848777462347243e-09
stoat_0659.jpg,stoat,3,1.0151500617894271e-07,8.055316129684797e-07,3.8847392858087915e-08,0.9371032118797302,0.06289580464363098
pinemarten_0964.jpg,pinemarten,1,9.998215318773873e-06,0.9999786615371704,1.0809400919242762e-05,5.058084298070753e-07,1.0885975854080243e-07
weasel_0288.jpg,weasel,4,1.3087251318211202e-06,1.2525340764568682e-07,7.885768127380288e-08,0.0034065372310578823,0.9965919256210327
pinemarten_0055.jpg,pinemarten,1,0.0003692117752507329,0.9835366606712341,0.016078509390354156,1.1358106348779984e-05,4.254669875081163e-06
mink_0002.jpg,mink,0,0.9685587882995605,0.029553327709436417,0.001885098870843649,1.3541576890929719e-06,1.4158006251818733e-06
pinemarten_0144.jpg,pinemarten,1,5.79366451347596e-06,0.9981942772865295,3.1961360946297646e-05,0.0016583234537392855,0.00010971155279548839
stoat_0896.jpg,stoat,3,0.00012301407696213573,3.3472797440481372e-06,4.235785672790371e-05,0.8058249354362488,0.1940063089132309
pinemarten_0118.jpg,pinemarten,1,5.9346097259549424e-05,0.9998713731765747,6.495765410363674e-05,1.3490238188751391e-06,2.9419059046631446e-06
polecat_0314.jpg,polecat,2,5.4500316764460877e-05,0.36623281240463257,0.6270304918289185,0.0013225339353084564,0.005359652452170849
polecat_0973.jpg,polecat,2,3.6506924061541213e-07,2.8576892873388715e-05,0.9999709129333496,1.558312163751907e-07,1.8329473494560489e-09
weasel_0519.jpg,weasel,4,5.35620165464934e-06,0.0056830113753676414,1.487019432033776e-07,0.9942518472671509,5.9692407376132905e-05
polecat_0680.jpg,polecat,2,6.856403342681006e-05,8.51785734994337e-05,0.9998304843902588,1.562165743962396e-05,8.526272665676515e-08
weasel_0062.jpg,weasel,4,6.199575727805495e-05,2.70867133167485e-08,8.198366430178794e-09,0.04063771292567253,0.9593002796173096
polecat_0517.jpg,polecat,2,8.852903761180642e-07,1.5476346870713087e-09,0.9999991655349731,9.709673065572133e-10,5.003266030645381e-12
pinemarten_0625.jpg,pinemarten,1,2.93687762997763e-09,0.9999990463256836,7.156995440738001e-09,9.627531198930228e-07,2.60625192538555e-08
pinemarten_0998.jpg,pinemarten,1,2.967902946693357e-05,0.891928493976593,0.00011863418330904096,0.10792294144630432,2.4170799406419974e-07
stoat_0957.jpg,stoat,3,1.2010556247332715e-06,9.24811411096016e-06,2.9559299946413375e-05,0.9998600482940674,9.987868543248624e-05
weasel_0396.jpg,weasel,4,3.405684196877701e-07,6.690162535960553e-06,4.166437065578066e-05,0.00018693877791520208,0.9997642636299133
mink_0778.jpg,mink,0,0.9934390187263489,0.005688557866960764,0.0008722513448446989,2.419274380827119e-07,5.194080188175576e-08
weasel_0004.jpg,weasel,4,6.9055877247592434e-06,0.0011833006283268332,0.00011530517076607794,0.004645847715437412,0.9940487146377563
stoat_0757.jpg,stoat,3,0.00039825832936912775,0.00025811768136918545,0.006736764684319496,0.9832883477210999,0.009318544529378414
mink_0959.jpg,mink,0,0.9999940395355225,5.745582143390493e-07,6.527099571940198e-08,3.0240544219850563e-06,2.3168920506577706e-06
polecat_0130.jpg,polecat,2,1.778713176747715e-09,2.064049112959765e-06,0.9999974966049194,4.2486027496124734e-07,4.2265995148227375e-08
polecat_0887.jpg,polecat,2,2.1786956494906917e-05,0.0018765140557661653,0.998067319393158,3.429364369367249e-05,6.86395651428029e-08
weasel_0168.jpg,weasel,4,0.0004345402994658798,7.611810701746435e-07,9.122881010625861e-07,0.01789264567196369,0.981671154499054
polecat_0473.jpg,polecat,2,2.0673007384175435e-05,2.643097104737535e-05,0.9999527931213379,5.640125522177186e-08,1.2976037133682894e-08
weasel_0522.jpg,weasel,4,8.479601660837943e-07,4.555666777150691e-08,5.7902895811423605e-09,0.0024457359686493874,0.9975534081459045
pinemarten_0645.jpg,pinemarten,1,5.400729787652381e-05,0.9999150037765503,1.7175903849420138e-05,1.0418785677757114e-05,3.3947387692023767e-06
stoat_0303.jpg,stoat,3,2.453594549756133e-10,3.073672427689189e-10,7.295088977343767e-10,0.9141795039176941,0.08582054823637009
weasel_0010.jpg,weasel,4,6.489085535577033e-06,5.11657890456263e-06,0.0002334696619072929,0.1859579235315323,0.8137969970703125
weasel_0514.jpg,weasel,4,8.946931484388188e-05,2.331697214685846e-05,0.00010574443149380386,7.017191092018038e-05,0.9997113347053528
polecat_0060.jpg,polecat,2,0.0012074008118361235,0.0035862931981682777,0.9907958507537842,0.0043997252359986305,1.0735838259279262e-05
pinemarten_0444.jpg,pinemarten,1,5.373152145438098e-09,0.9999998807907104,1.5813360620953176e-09,1.0513807069401082e-07,5.812442194219614e-10
polecat_0518.jpg,polecat,2,0.0007416257867589593,1.3286197827255819e-05,0.9992437362670898,1.0875533007492777e-06,2.740806053225242e-07
mink_0671.jpg,mink,0,0.9998725652694702,0.0001154921919805929,7.488908522645943e-06,3.5012553780688904e-06,9.262745379601256e-07
weasel_0490.jpg,weasel,4,1.1746926247724332e-05,1.1767461955969338e-06,0.00020480841340031475,0.005281002726405859,0.9945012331008911
mink_0102.jpg,mink,0,0.993910551071167,0.005391854792833328,9.858987141342368e-06,3.853840098599903e-05,0.0006491682142950594
polecat_0293.jpg,polecat,2,0.0010956721380352974,0.06773636490106583,0.9311619400978088,5.98964197706664e-06,2.1691199947326822e-08
weasel_0082.jpg,weasel,4,2.3202550991641147e-08,5.364889643644233e-10,5.6180708973840865e-09,0.0019409797387197614,0.9980589747428894
weasel_0088.jpg,weasel,4,4.910725692752749e-06,1.106499212255585e-07,2.157775497835246e-06,0.05107153207063675,0.9489213228225708
polecat_0066.jpg,polecat,2,0.006776468362659216,0.4766191244125366,0.3869616389274597,0.08542241901159286,0.044220346957445145
weasel_0766.jpg,weasel,4,0.004403312690556049,0.008592546917498112,0.18068885803222656,0.0009836673270910978,0.8053317070007324
pinemarten_0887.jpg,pinemarten,1,1.4959359972976927e-08,0.9999927282333374,4.2457023141651007e-07,6.7585524448077194e-06,1.0746190604038475e-08
weasel_0191.jpg,weasel,4,7.87646058597602e-05,2.713439695156694e-09,1.5965755106872592e-10,0.0001450942800147459,0.9997761845588684
stoat_0405.jpg,stoat,3,3.544652145137661e-06,1.3128058640177187e-07,9.452360671957649e-08,0.999800980091095,0.00019523264199960977
polecat_0828.jpg,polecat,2,0.0004946013796143234,0.000582800421398133,0.9988595247268677,6.292509351624176e-05,1.7755388626028434e-07
stoat_0414.jpg,stoat,3,5.1423103286651894e-06,0.00018951650417875499,0.0012006625765934587,0.9986000657081604,4.6244904297054745e-06
pinemarten_0740.jpg,pinemarten,1,1.775051532604266e-05,0.9999356269836426,4.599130625138059e-05,6.12762846685655e-07,6.0087366193783964e-09
mink_0987.jpg,mink,0,0.9960964322090149,0.0031626035925000906,0.00022201963292900473,0.00047316987183876336,4.5768305426463485e-05
polecat_0149.jpg,polecat,2,5.152799076313386e-06,3.933651626653045e-08,0.9999947547912598,5.684882253831347e-08,1.9438179066355588e-08
weasel_0723.jpg,weasel,4,2.0162211455954093e-08,6.7094436673187374e-09,9.372830511722441e-09,0.0002078422694467008,0.9997921586036682
weasel_0175.jpg,weasel,4,1.1666489996287055e-08,7.287344061523982e-10,8.732215839302171e-09,0.0020643931347876787,0.9979356527328491
mink_0644.jpg,mink,0,0.9989877343177795,3.5829716580337845e-06,1.8561011529527605e-05,0.0008711397531442344,0.0001190074544865638
weasel_0310.jpg,weasel,4,7.344067853409797e-06,3.4427600326125685e-07,2.794413944684493e-08,0.00650331424549222,0.9934890270233154
stoat_0579.jpg,stoat,3,1.1333620619780049e-07,5.930189217906445e-06,2.5096214812947437e-06,0.9962964653968811,0.00369498529471457
stoat_0729.jpg,stoat,3,6.107677696931546e-10,3.4806293403022437e-09,1.003998484350177e-08,0.9984263181686401,0.0015737354988232255
mink_0695.jpg,mink,0,0.9963319897651672,0.00010248333273921162,0.0035387177485972643,5.619525836664252e-06,2.1248419216135517e-05
pinemarten_0209.jpg,pinemarten,1,7.335114787565544e-06,0.9998897314071655,7.365530564129585e-06,9.494023834122345e-05,5.852825211150048e-07
polecat_0019.jpg,polecat,2,0.0016082373913377523,0.31886231899261475,0.6670556664466858,0.000983361154794693,0.011490392498672009
polecat_0505.jpg,polecat,2,4.4863513721793424e-06,1.8237784615848796e-06,0.9999936819076538,1.6939296187956643e-08,3.000589776647189e-09
weasel_0547.jpg,weasel,4,1.7531655203129048e-06,0.0004800735623575747,0.010044777765870094,0.12091359496116638,0.8685598373413086
mink_0176.jpg,mink,0,0.9951428174972534,0.003929960075765848,0.00012319054803811014,0.0007975812186487019,6.556895641551819e-06
polecat_0141.jpg,polecat,2,1.2517521099653095e-05,2.3808659079804784e-06,0.9999850988388062,9.620577223756754e-09,1.13814291324843e-09
polecat_0712.jpg,polecat,2,1.9290652630843397e-08,1.0127431337991766e-08,1.0,7.623596198769178e-11,1.58042415959736e-11
stoat_0927.jpg,stoat,3,2.1237867258605547e-05,0.0001754148688632995,4.714918873105489e-07,0.9165196418762207,0.08328321576118469
weasel_0210.jpg,weasel,4,0.006648520939052105,2.57027550105704e-05,2.0650249510367757e-08,0.041448552161455154,0.9518772959709167
weasel_0542.jpg,weasel,4,0.00796960573643446,0.0004897748585790396,0.00029108324088156223,0.003928964491933584,0.9873206615447998
polecat_0656.jpg,polecat,2,0.0009268396534025669,1.75719123944873e-05,0.9988241791725159,3.134325015707873e-05,0.00020008024876005948
pinemarten_0313.jpg,pinemarten,1,0.05574296787381172,0.9430822134017944,0.0011004747357219458,6.484243203885853e-05,9.432804290554486e-06
mink_0853.jpg,mink,0,0.9999997615814209,8.643078075465382e-08,1.6196160856907227e-07,2.9237565701834e-09,2.8173980481938088e-08
mink_0850.jpg,mink,0,0.7893489003181458,0.16917221248149872,0.04110778495669365,0.00036164879566058517,9.40629524848191e-06
mink_0084.jpg,mink,0,0.9998698234558105,4.2262956867489265e-07,0.00012900328147225082,5.424337814474711e-07,2.1610564715501823e-07
weasel_0341.jpg,weasel,4,3.486065907054581e-05,1.7780180883164576e-08,9.195757229463197e-06,0.006813114508986473,0.99314284324646
weasel_0507.jpg,weasel,4,0.017790887504816055,0.00029805797385051847,0.00015094158879946917,0.009396948851644993,0.9723631739616394
pinemarten_0891.jpg,pinemarten,1,0.00015103620535228401,0.973451554775238,0.020777616649866104,0.005568547174334526,5.123793380334973e-05
mink_0600.jpg,mink,0,0.9999769926071167,2.1579413441941142e-05,1.3963623359813937e-06,3.470312259779007e-09,1.6212063913556563e-09
pinemarten_0237.jpg,pinemarten,1,2.0335060302301144e-09,0.9998699426651001,5.020768245600493e-10,0.0001281393488170579,1.8548273601481924e-06
stoat_0607.jpg,stoat,3,8.161904361259076e-07,2.7299305656924844e-05,5.432160037344147e-07,0.9999003410339355,7.098411879269406e-05
polecat_0280.jpg,polecat,2,0.000509398989379406,3.59875921276398e-05,0.9706242084503174,0.0005294469301588833,0.02830091118812561
stoat_0263.jpg,stoat,3,7.206734098375023e-10,2.7879445951839443e-07,3.392588610040548e-08,0.9992369413375854,0.0007628274615854025
mink_0312.jpg,mink,0,0.9910308122634888,3.4677202620514436e-06,0.004510384984314442,0.001010632375255227,0.0034447270445525646
mink_0210.jpg,mink,0,0.9418838620185852,0.0396953709423542,0.018418656662106514,1.028257429425139e-06,1.143557369687187e-06
polecat_0579.jpg,polecat,2,1.3285446584632155e-05,3.3534538488311227e-06,0.9999527931213379,3.0210198019631207e-05,3.536652002367191e-07
mink_0382.jpg,mink,0,0.9777160286903381,0.021982986479997635,0.0003003411111421883,4.59201203284465e-07,1.0992423682409935e-07
weasel_0147.jpg,weasel,4,2.5525332958409308e-08,2.1173225395187956e-09,2.1990491205770013e-08,0.0011946560116484761,0.9988052845001221
stoat_0954.jpg,stoat,3,1.96928453988221e-06,1.0461462807143107e-06,1.1996712601103354e-06,0.814849317073822,0.1851464956998825
pinemarten_0327.jpg,pinemarten,1,0.00015077620628289878,0.999828577041626,5.814193855258054e-07,1.9589726434787735e-05,5.432780767478107e-07
mink_0679.jpg,mink,0,0.9995526671409607,2.9449014959936903e-07,1.4738317233309317e-08,7.777362043270841e-05,0.00036930700298398733
pinemarten_0673.jpg,pinemarten,1,1.5714100300101563e-05,0.9992326498031616,0.0006805318989790976,7.107059354893863e-05,2.362013473700131e-09
polecat_0818.jpg,polecat,2,1.9787910332524916e-07,2.616859092086088e-05,0.9999735355377197,7.180991445920881e-08,5.925391288741366e-09
polecat_0165.jpg,polecat,2,0.0001384502393193543,0.0011783104855567217,0.998670220375061,1.2405870620568749e-05,5.939079414929438e-07
polecat_0679.jpg,polecat,2,0.0007501039654016495,0.0002055196528090164,0.9989051818847656,0.0001365403732052073,2.630180915730307e-06
pinemarten_0335.jpg,pinemarten,1,5.766856361333339e-07,0.9994090795516968,0.0003313786583021283,0.00010475893941475078,0.00015419846749864519
pinemarten_0091.jpg,pinemarten,1,1.2624010423678556e-06,0.9997450709342957,2.9955788704683073e-05,0.00022337118571158499,3.484871342607221e-07
stoat_0222.jpg,stoat,3,4.021548193122726e-06,4.347619687905535e-05,5.438581410999177e-06,0.9999463558197021,6.733769168931758e-07
weasel_0087.jpg,weasel,4,2.9230585951722787e-08,5.6122244629364104e-09,4.4773043605950136e-10,0.009756868705153465,0.990243136882782
polecat_0787.jpg,polecat,2,0.0007962853414937854,1.1948870451305993e-05,0.9991710186004639,1.9942581275245175e-05,7.722400141574326e-07
weasel_0321.jpg,weasel,4,0.6462308764457703,0.32134318351745605,0.0033449893817305565,0.02790401130914688,0.0011770017445087433
stoat_0429.jpg,stoat,3,1.1380376236047596e-05,1.0055846360046417e-05,5.829275195878836e-08,0.9969311952590942,0.003047191072255373
weasel_0513.jpg,weasel,4,8.73514509294182e-05,0.0007097505149431527,0.00010665648733265698,0.0004946809494867921,0.998601496219635
pinemarten_0949.jpg,pinemarten,1,3.7908407080067263e-07,0.9999946355819702,1.5412275615744875e-06,3.4962670270033414e-06,7.375268396003776e-09
weasel_0694.jpg,weasel,4,1.7125035810749978e-05,2.2274673425193292e-11,6.353104847756086e-11,0.0004463032237254083,0.9995365142822266
pinemarten_0483.jpg,pinemarten,1,1.4410388438079735e-08,0.9993483424186707,1.849661884989473e-06,0.0006491522653959692,5.785300345451105e-07
mink_0957.jpg,mink,0,0.9962568283081055,0.0035844314843416214,8.723923383513466e-05,6.770350591978058e-05,3.800914782914333e-06
mink_0154.jpg,mink,0,0.41194573044776917,0.5690253376960754,0.013154217042028904,0.005788654554635286,8.597475971328095e-05
mink_0653.jpg,mink,0,0.03530534356832504,0.9624322652816772,0.0004302338056731969,0.0018281589727848768,3.996073701273417e-06
weasel_0002.jpg,weasel,4,0.00012376710947137326,9.651216532802209e-05,3.854896567645483e-05,0.12731227278709412,0.8724288940429688
weasel_0558.jpg,weasel,4,0.0019100873032584786,0.0002423105906927958,2.94161363854073e-05,0.09059584140777588,0.9072222709655762
stoat_0411.jpg,stoat,3,9.507513709650084e-07,3.461705091467593e-06,7.371643732767552e-06,0.9999706745147705,1.7577860489836894e-05
mink_0997.jpg,mink,0,0.8655871748924255,0.12990732491016388,0.003331674262881279,0.001082608476281166,9.125052747549489e-05
stoat_0663.jpg,stoat,3,2.7250013800994566e-08,1.7321057384833694e-05,5.524209996110585e-07,0.9574108719825745,0.042571257799863815
stoat_0032.jpg,stoat,3,0.0005847144639119506,0.013342605903744698,2.6695568521972746e-05,0.9859306812286377,0.00011529257608344778
mink_0928.jpg,mink,0,0.22797122597694397,0.7697865962982178,0.00019597701611928642,0.0018462177831679583,0.00019993972091469914
pinemarten_0656.jpg,pinemarten,1,2.2955438907956704e-05,0.9999557733535767,1.04314494819846e-05,1.0830400242411997e-05,2.430944112674638e-09
stoat_0244.jpg,stoat,3,7.152615580707788e-05,0.0006020691362209618,0.0002847676514647901,0.717178225517273,0.28186342120170593
polecat_0577.jpg,polecat,2,0.002962735714390874,0.0005947888712398708,0.9964079260826111,1.947615783137735e-05,1.5065286788740195e-05
pinemarten_0885.jpg,pinemarten,1,0.0007508399430662394,0.9985407590866089,2.239672903669998e-05,0.0006193203735165298,6.664413376711309e-05
polecat_0006.jpg,polecat,2,3.656561631260047e-08,3.45142723290337e-08,0.9999995231628418,4.073352499744942e-07,1.4191861019696717e-08
weasel_0894.jpg,weasel,4,0.00017768819816410542,0.0014927827287465334,2.9228225685073994e-05,0.7525485754013062,0.24575167894363403
pinemarten_0984.jpg,pinemarten,1,0.0003392036014702171,0.8953986167907715,0.0013439690228551626,0.061980511993169785,0.040937770158052444
polecat_0746.jpg,polecat,2,0.0002555306418798864,0.0015598973259329796,0.99504554271698,0.0029281454626470804,0.00021089875372126698
pinemarten_0029.jpg,pinemarten,1,2.95859103971452e-06,0.998708963394165,1.5099442862265278e-05,0.0012707370333373547,2.2786839508626144e-06
mink_0454.jpg,mink,0,0.9921627640724182,0.00781322456896305,2.059585131064523e-05,2.9000893846387044e-06,5.86891871989792e-07
polecat_0730.jpg,polecat,2,3.611150987126166e-06,3.7723049217675e-07,0.9999958276748657,7.707470217610535e-08,1.0568250274900493e-07
weasel_0282.jpg,weasel,4,3.956327532250725e-08,2.441406934394763e-07,3.5022102995441173e-09,0.0006786159938201308,0.9993211030960083
weasel_0386.jpg,weasel,4,3.8118429301903234e-08,0.0003665487456601113,2.5908028078447387e-07,0.021230677142739296,0.9784024953842163
polecat_0513.jpg,polecat,2,0.0005491519114002585,3.2798361644381657e-06,0.9992953538894653,3.6281337088439614e-05,0.00011593211092986166
polecat_0468.jpg,polecat,2,0.03638559579849243,0.024051394313573837,0.9395595788955688,1.8153971268475289e-06,1.5617690678482177e-06
stoat_0700.jpg,stoat,3,2.971783032990061e-07,9.653795132180676e-06,7.868275133660063e-07,0.9892483949661255,0.010740856640040874
stoat_0852.jpg,stoat,3,2.3608099297689478e-07,0.00038373912684619427,4.723246547655435e-06,0.9996086955070496,2.6718123535829363e-06
mink_0212.jpg,mink,0,0.9863458275794983,0.002303781919181347,0.008111367002129555,0.0015957009745761752,0.0016432880656793714
weasel_0118.jpg,weasel,4,4.378803623694694e-06,8.196518308523082e-08,7.86672842423286e-08,0.0033244199585169554,0.9966710209846497
polecat_0743.jpg,polecat,2,0.024124151095747948,0.0157387126237154,0.9590062499046326,0.0009014246170409024,0.00022953662846703082
stoat_0125.jpg,stoat,3,4.162266122875735e-05,0.00033277671900577843,0.00011826870468212292,0.8530290722846985,0.14647826552391052
stoat_0291.jpg,stoat,3,8.196714418318152e-08,0.00046429919893853366,5.791461603621428e-07,0.9989006519317627,0.0006343306740745902
mink_0823.jpg,mink,0,0.9999377727508545,1.3188997627366916e-06,2.7965479603153653e-06,3.041661693714559e-05,2.7742888050852343e-05
pinemarten_0613.jpg,pinemarten,1,1.6962689187494107e-05,0.9999749660491943,6.6230873017048e-06,1.2273816309971153e-06,2.1533301719500741e-07
mink_0407.jpg,mink,0,0.9018464684486389,0.09810624271631241,4.664492007577792e-05,3.9797035356059496e-07,2.6129367824978544e-07
polecat_0077.jpg,polecat,2,2.7552368919714354e-05,4.26021915700403e-06,0.9999504089355469,1.5062821148603689e-05,2.7705177672032733e-06
stoat_0493.jpg,stoat,3,1.4576935427612625e-06,2.623982072691433e-05,1.2821347809222061e-05,0.9999548196792603,4.6293248487927485e-06
weasel_0171.jpg,weasel,4,1.902206570036924e-08,4.232573473927914e-07,4.800824182638053e-09,0.0029460126534104347,0.9970535039901733
weasel_0582.jpg,weasel,4,2.3917393718875246e-06,5.706068259314634e-05,1.2817347851523664e-05,0.5454778671264648,0.4544498324394226
pinemarten_0755.jpg,pinemarten,1,5.21251331520034e-06,0.9989812970161438,0.001011440996080637,2.064275349766831e-06,1.0368340852551228e-08
weasel_0406.jpg,weasel,4,2.601062078610994e-06,0.0005470247124321759,0.008122911676764488,0.0003494636621326208,0.9909780025482178
mink_0172.jpg,mink,0,0.9777986407279968,0.020374009385704994,0.001809301902540028,1.3314473108039238e-05,4.797284873347962e-06
mink_0523.jpg,mink,0,0.9996438026428223,0.00012883606541436166,0.00022741881548427045,1.6752219167415205e-08,1.973871199822952e-08
mink_0817.jpg,mink,0,0.9999727010726929,2.2538157281815074e-05,4.355658347776625e-06,3.1664569632994244e-07,3.785889290952582e-08
weasel_0049.jpg,weasel,4,1.0112626291913784e-08,7.355973052902698e-10,1.0473572231717299e-08,4.577499203151092e-05,0.9999542236328125
stoat_0252.jpg,stoat,3,9.41260441322811e-05,2.9452508897520602e-05,1.3957064766145777e-06,0.9981393814086914,0.001735578291118145
stoat_0949.jpg,stoat,3,9.200628028338542e-07,0.002454939065501094,9.29655107029248e-06,0.8826667666435242,0.11486811190843582
mink_0831.jpg,mink,0,0.9998786449432373,5.410340691014426e-06,3.987450691056438e-05,2.8496862796600908e-05,4.757562419399619e-05
mink_0299.jpg,mink,0,0.9996850490570068,0.000314819480990991,1.4312286467088597e-08,6.601709401365952e-08,1.2782292913016136e-07
stoat_0156.jpg,stoat,3,8.386123226955533e-06,0.005463438108563423,7.793149416102096e-05,0.9943532943725586,9.689523722045124e-05
mink_0509.jpg,mink,0,1.0,4.316913937429945e-09,8.749991842194049e-10,2.1025990670775485e-10,8.773008097762158e-09
weasel_0675.jpg,weasel,4,2.019042000256377e-07,4.1912173287528276e-08,1.0581187126490477e-07,0.9965236783027649,0.003475981066003442
stoat_0518.jpg,stoat,3,7.09337699689172e-09,6.4722569526054485e-09,2.1904898517277616e-07,0.913985550403595,0.08601421117782593
pinemarten_0235.jpg,pinemarten,1,0.0009320906247012317,0.973504900932312,0.020694194361567497,0.0036934451200067997,0.0011753694852814078
weasel_0778.jpg,weasel,4,0.017115551978349686,0.008462801575660706,4.508401616476476e-06,0.4864749312400818,0.4879422187805176
mink_0211.jpg,mink,0,0.9999990463256836,8.725189672986744e-07,1.3646819674306698e-08,1.0386884241597727e-08,6.047996947700085e-08
pinemarten_0866.jpg,pinemarten,1,3.7332330975914374e-05,0.9566570520401001,0.000454084511147812,0.04271799325942993,0.00013357802527025342
pinemarten_0731.jpg,pinemarten,1,1.9580415937525686e-06,0.9999889135360718,3.8080650028859964e-06,5.317156137607526e-06,1.5161930377871613e-08
weasel_0184.jpg,weasel,4,1.855652044469025e-06,1.663927946538024e-07,3.9787000361002356e-08,0.0008189661311917007,0.999178946018219
stoat_0988.jpg,stoat,3,6.367713023536226e-09,3.7488028681309515e-08,8.7873722520726e-08,0.9999761581420898,2.3769867766532116e-05
mink_0447.jpg,mink,0,0.9743572473526001,0.0005441147368401289,0.0032053443137556314,9.96713133645244e-05,0.02179361879825592
mink_0345.jpg,mink,0,0.9998573064804077,0.00014108048344496638,1.520419914413651e-06,7.324740258773943e-10,5.71679981131723e-10
weasel_0743.jpg,weasel,4,0.0018751620082184672,0.005720566026866436,0.00030212727142497897,0.9613748788833618,0.03072729893028736
weasel_0715.jpg,weasel,4,1.5846525869278594e-08,7.5695234802442e-11,7.845777361126238e-10,0.0005376054905354977,0.9994624257087708
mink_0300.jpg,mink,0,0.9999914169311523,1.6483663323185738e-09,8.807011786515773e-10,7.296224339370383e-06,1.2874216963609797e-06
polecat_0674.jpg,polecat,2,7.844191713957116e-07,8.020946040687704e-08,0.9999986886978149,4.495257996950386e-07,5.104969780234114e-09
mink_0715.jpg,mink,0,0.9994500279426575,0.0004349499649833888,1.8943548639072105e-05,1.2449563655536622e-05,8.359114872291684e-05
pinemarten_0079.jpg,pinemarten,1,0.00016307542682625353,0.8400266766548157,0.026570916175842285,0.130912646651268,0.002326658694073558
pinemarten_0005.jpg,pinemarten,1,0.0004504710668697953,0.9984373450279236,2.078235411318019e-05,0.0002620491140987724,0.0008293493883684278
weasel_0214.jpg,weasel,4,0.00011624512990238145,9.863441619017976e-07,1.1993872561788521e-09,0.015998950228095055,0.983883798122406
weasel_0221.jpg,weasel,4,3.3478243040008238e-06,2.9105092835379764e-05,3.0024577426956967e-05,0.0026272116228938103,0.9973102807998657
polecat_0474.jpg,polecat,2,0.00023679457081016153,6.535436114063486e-05,0.9971206784248352,4.111538146389648e-05,0.0025359592400491238
weasel_0515.jpg,weasel,4,5.7829729485092685e-05,0.21172967553138733,0.02154637686908245,0.5483962297439575,0.21826983988285065
mink_0649.jpg,mink,0,0.9999420642852783,9.281380698666908e-06,4.1231323848478496e-05,2.4776170448603807e-06,4.843726856051944e-06
mink_0201.jpg,mink,0,0.9977554678916931,0.00023633911041542888,8.770815475145355e-05,0.0018645786913111806,5.6078955822158605e-05
mink_0297.jpg,mink,0,0.9919933080673218,0.00013174526975490153,5.382764811656671e-06,0.0008666767389513552,0.0070028468035161495
pinemarten_0717.jpg,pinemarten,1,0.0069814762100577354,0.32027313113212585,0.0397806242108345,0.6328420639038086,0.00012264966790098697
weasel_0934.jpg,weasel,4,1.7207368330218742e-07,1.6945375591603806e-07,1.4855585206419164e-08,0.6811484694480896,0.318851113319397
weasel_0182.jpg,weasel,4,0.0003751393815036863,6.49964158583316e-06,1.747488909131789e-08,0.1994801163673401,0.8001382946968079
weasel_0912.jpg,weasel,4,1.9753792003029957e-05,6.634557212237269e-05,5.035871026848326e-07,0.33861860632896423,0.6612948179244995
polecat_0662.jpg,polecat,2,3.4924179104223185e-09,3.999824831155824e-13,1.0,4.3932985027694826e-10,8.919119240911877e-13
mink_0654.jpg,mink,0,0.9988763928413391,3.220749931642786e-05,0.0006091389223001897,0.00032720735180191696,0.00015498542052228004
polecat_0434.jpg,polecat,2,0.00018310287850908935,0.03327227383852005,0.9517207145690918,0.014820234850049019,3.675336301967036e-06
stoat_0014.jpg,stoat,3,7.117947120605095e-08,7.213447133835871e-06,4.4005814743286464e-06,0.9999864101409912,1.851367301242135e-06
stoat_0826.jpg,stoat,3,1.6846071559939446e-07,9.566357448420604e-07,2.1681268336237736e-08,0.9999266862869263,7.221589476102963e-05
stoat_0018.jpg,stoat,3,4.191752668702975e-05,2.0135723389103077e-05,4.920103310723789e-05,0.9976794123649597,0.002209346042945981
weasel_0052.jpg,weasel,4,9.94158426692593e-07,7.66734519856982e-05,0.00040022507891990244,0.011375156231224537,0.988146960735321
mink_0273.jpg,mink,0,0.9963579773902893,0.0016248871106654406,0.001448538969270885,0.00043182881199754775,0.00013672160275746137
stoat_0736.jpg,stoat,3,4.546848799691361e-07,2.035035549852182e-06,0.00359735288657248,0.923509418964386,0.07289080321788788
weasel_0408.jpg,weasel,4,3.800120111918659e-07,1.1499322027930248e-07,5.563530976360198e-06,0.030474258586764336,0.9695197939872742
pinemarten_0015.jpg,pinemarten,1,0.0019086975371465087,0.9980018734931946,2.3626980691915378e-05,5.921801857766695e-05,6.595794729946647e-06
stoat_0101.jpg,stoat,3,4.465309011436602e-09,7.60767193241918e-07,5.622887897516193e-07,0.9967032074928284,0.0032955475617200136
stoat_0479.jpg,stoat,3,3.825404633062135e-07,1.2845961464336142e-05,3.537192299063463e-07,0.9997202754020691,0.00026607539621181786
pinemarten_0999.jpg,pinemarten,1,1.578481351316441e-05,0.9788828492164612,0.0005796774057671428,0.02049240656197071,2.9264268960105255e-05
weasel_0138.jpg,weasel,4,0.0006660069338977337,0.06792443245649338,0.28722020983695984,0.6239994168281555,0.020189914852380753
pinemarten_0156.jpg,pinemarten,1,0.0007617933442816138,0.9989258646965027,0.0001033992157317698,0.00020886877609882504,9.26362986319873e-08
stoat_0248.jpg,stoat,3,6.469326035585254e-05,0.0013789237709715962,4.9626694817561656e-05,0.9593936204910278,0.0391131155192852
stoat_0320.jpg,stoat,3,3.584338799100806e-07,0.00014739061589352787,7.69959058288805e-07,0.999850869178772,5.075619924355124e-07
stoat_0119.jpg,stoat,3,3.616553658503108e-05,0.14827784895896912,9.504163358542428e-07,0.8455009460449219,0.006184017285704613
mink_0120.jpg,mink,0,0.999998927116394,2.126249870615382e-10,1.1241411357332254e-06,7.872152707477653e-09,1.4245279622571161e-08
mink_0306.jpg,mink,0,0.9999985694885254,7.129215617851514e-08,4.45071446364409e-09,5.886619760531175e-07,7.030943720565119e-07
pinemarten_0067.jpg,pinemarten,1,1.1632258974714205e-05,0.9998600482940674,2.3118984699976863e-06,0.0001258413540199399,1.3072663307411858e-07
weasel_0029.jpg,weasel,4,0.0156230628490448,3.176311338393134e-06,2.775314669634099e-06,0.7263847589492798,0.2579861581325531
pinemarten_0414.jpg,pinemarten,1,0.00014676630962640047,0.999772846698761,1.8367093161941739e-06,7.841208571335301e-05,9.382581112049593e-08
mink_0140.jpg,mink,0,0.9891356229782104,0.005546817556023598,0.005306094419211149,4.3075178837170824e-06,7.07642175257206e-06
pinemarten_0962.jpg,pinemarten,1,2.089076689415492e-09,0.9997290968894958,2.2335275851048664e-09,0.00026157242245972157,9.337638402939774e-06
polecat_0408.jpg,polecat,2,1.6267088085442083e-06,2.0943154595443048e-05,0.9999715089797974,2.396677700744476e-06,3.5256439332442824e-06
mink_0179.jpg,mink,0,0.9999997615814209,1.5476786074941629e-07,3.5099553485906654e-08,3.674467663472569e-08,4.7280106940661426e-08
weasel_0823.jpg,weasel,4,4.498693670029752e-05,2.371082473473507e-06,5.1661281474935095e-08,0.7899686694145203,0.20998387038707733
pinemarten_0835.jpg,pinemarten,1,0.00044998948578722775,0.989616870880127,0.00982012040913105,0.00011262624320806935,4.142924012739968e-07
polecat_0256.jpg,polecat,2,0.00010821950127137825,2.453379966027569e-05,0.9998527765274048,1.4212729183782358e-05,2.0866808370101353e-07
pinemarten_0389.jpg,pinemarten,1,7.230909977806732e-05,0.9998927116394043,2.987109581908953e-08,3.435912003624253e-05,6.105026386649115e-07
mink_0053.jpg,mink,0,0.9999914169311523,1.218512721834486e-07,4.428285933499865e-07,5.43474811820488e-07,7.377380370598985e-06
stoat_0017.jpg,stoat,3,2.615074890854885e-06,7.38899984753516e-07,8.685135071573313e-06,0.9966027736663818,0.003385199699550867
mink_0954.jpg,mink,0,0.9948786497116089,0.004496743902564049,0.0006242887466214597,2.03169847168283e-07,1.5076660986323986e-07
mink_0860.jpg,mink,0,0.7814825773239136,0.0027006231248378754,5.260378020466305e-05,0.022035706788301468,0.1937284767627716
polecat_0953.jpg,polecat,2,0.0017523090355098248,0.29286107420921326,0.704942524433136,0.00044394980068318546,1.9067390155669273e-07
polecat_0649.jpg,polecat,2,1.7235495761269704e-05,3.538395048963139e-06,0.999977707862854,1.2531838819995755e-06,3.423874943564442e-07
polecat_0914.jpg,polecat,2,0.0020298133604228497,0.00019558360509108752,0.9977618455886841,1.2636637620744295e-05,4.740420322946193e-08
mink_0696.jpg,mink,0,0.9999966621398926,2.9675379664695356e-06,6.6710278190385e-08,1.7249141137654078e-07,9.234464215523985e-08
pinemarten_0943.jpg,pinemarten,1,0.05657472088932991,0.9387906789779663,0.00459575280547142,3.7891881220275536e-05,9.514586167824746e-07
polecat_0867.jpg,polecat,2,6.14380587649066e-06,1.693091144261416e-05,0.9999490976333618,2.674054485396482e-05,1.1640424872894073e-06
stoat_0994.jpg,stoat,3,3.452070851395206e-09,5.988330826767196e-07,6.304029298576097e-09,0.920455813407898,0.07954360544681549
weasel_0390.jpg,weasel,4,0.0019317972473800182,0.8264117240905762,0.06073446944355965,0.011098631657660007,0.09982336312532425
weasel_0733.jpg,weasel,4,0.00025034890859387815,0.00010322847083443776,0.00010885955271078274,0.029006587341427803,0.9705309867858887
weasel_0646.jpg,weasel,4,1.0966781927024272e-09,3.6471041464647413e-11,7.684069526503468e-12,2.5271578124375083e-05,0.9999747276306152
stoat_0505.jpg,stoat,3,3.514246782287955e-05,0.024216216057538986,0.004998125601559877,0.9693546295166016,0.0013958800118416548
pinemarten_0825.jpg,pinemarten,1,2.5801776359912765e-07,0.9990993738174438,4.644169280254573e-07,0.0008990324568003416,9.320882554675336e-07
weasel_0206.jpg,weasel,4,2.036453906839597e-06,2.3274154955288395e-05,5.019185664423276e-06,0.005799632985144854,0.994170069694519
pinemarten_0356.jpg,pinemarten,1,2.4577625481470022e-06,0.9999338388442993,2.1443927835207433e-05,4.2084953747689724e-05,1.444176689346932e-07
polecat_0651.jpg,polecat,2,1.2662786730288644e-06,1.1060441451604675e-09,0.9999986886978149,2.8472147306501938e-08,1.2820813855007884e-10
stoat_0748.jpg,stoat,3,0.0014909481396898627,9.003726881928742e-05,3.732106779352762e-05,0.05676600709557533,0.9416157603263855
weasel_0753.jpg,weasel,4,0.021421365439891815,1.9552190622107446e-07,3.3728753123796196e-07,0.01817215234041214,0.9604059457778931
mink_0517.jpg,mink,0,0.9999997615814209,7.156113479567239e-09,1.2446258779164054e-07,1.1245962383554797e-07,4.123623753571337e-08
pinemarten_0837.jpg,pinemarten,1,0.0001504459069110453,0.9997640252113342,7.807479414623231e-05,4.768155577039579e-06,2.644555479491828e-06
stoat_0847.jpg,stoat,3,4.519087042353931e-07,1.770596225192378e-09,5.608869457773835e-08,0.9992615580558777,0.0007379617891274393
mink_0442.jpg,mink,0,0.8232030868530273,0.16079668700695038,0.01504227239638567,0.0007876342860981822,0.00017040122475009412
pinemarten_0274.jpg,pinemarten,1,6.997314631007612e-05,0.9780794382095337,0.02146081067621708,0.00038475266774185,4.94518917548703e-06
mink_0414.jpg,mink,0,0.9975805282592773,0.00010382280015619472,0.0023126034066081047,2.682702870515641e-06,2.895054080909176e-07
polecat_0926.jpg,polecat,2,0.0001633695064811036,4.130745946895331e-05,0.9996078610420227,0.00018732997705228627,1.5146248699693388e-07
weasel_0639.jpg,weasel,4,0.00019061315106227994,2.7008009055862203e-06,1.0122730209616293e-08,0.005350083112716675,0.9944565296173096
stoat_0987.jpg,stoat,3,1.8444319493937655e-06,1.6623176634311676e-05,9.128253623202909e-06,0.7514017224311829,0.24857069551944733
weasel_0359.jpg,weasel,4,0.004266840405762196,0.00035080150701105595,0.0005143170128576458,0.9908017516136169,0.004066329449415207
polecat_0768.jpg,polecat,2,2.407069814580609e-06,6.921714884811081e-06,0.9999904632568359,2.0436515058008808e-07,1.8074487462271804e-09
stoat_0998.jpg,stoat,3,0.0004389177483972162,0.017268091440200806,0.06200622394680977,0.8937290906906128,0.0265576783567667
weasel_0516.jpg,weasel,4,0.0004229027545079589,0.0005692605045624077,0.058960236608982086,0.001985938986763358,0.9380616545677185
polecat_0766.jpg,polecat,2,1.4002260968482005e-06,0.0021503872703760862,0.9977481961250305,9.984391363104805e-05,1.1393949961302496e-07
weasel_0855.jpg,weasel,4,7.073733265805515e-10,6.898120269438479e-11,4.3844047836749667e-10,0.001498826895840466,0.998501181602478
weasel_0432.jpg,weasel,4,4.518091736827046e-05,7.535982149420306e-05,3.1149465939961374e-05,0.0008793663582764566,0.9989689588546753
stoat_0919.jpg,stoat,3,1.608023865173891e-07,6.748562009306625e-05,9.306848369305953e-06,0.8785238862037659,0.12139919400215149
polecat_0343.jpg,polecat,2,0.0014852421591058373,0.00024102869792841375,0.9972900152206421,0.0004130442102905363,0.0005706968950107694
weasel_0095.jpg,weasel,4,4.925874708128219e-10,1.859764675593567e-09,7.202118346150144e-10,4.602365515893325e-05,0.9999539852142334
polecat_0623.jpg,polecat,2,0.00036573060788214207,2.893959390348755e-06,0.9996241331100464,6.946836947463453e-06,1.808398479852258e-07
mink_0937.jpg,mink,0,0.0024656725581735373,0.9973135590553284,3.541328987921588e-05,0.0001799236488295719,5.4163738241186365e-06
pinemarten_0409.jpg,pinemarten,1,1.1334643446048176e-08,0.9999890327453613,1.07446812762646e-05,2.6167020905631944e-07,1.464974896947524e-08
pinemarten_0224.jpg,pinemarten,1,0.0013843922642990947,0.8232051730155945,0.11895027756690979,0.056395843625068665,6.425328319892287e-05
mink_0704.jpg,mink,0,0.8635133504867554,0.08717211335897446,0.04919472709298134,9.672604937804863e-05,2.301052154507488e-05
stoat_0251.jpg,stoat,3,1.7732984360918636e-06,0.20373331010341644,8.104880748760479e-07,0.795606791973114,0.0006572991842404008
polecat_0253.jpg,polecat,2,0.022715209051966667,0.08215830475091934,0.8950939178466797,2.1040283172624186e-05,1.1562012332433369e-05
stoat_0618.jpg,stoat,3,1.2307930774113629e-05,0.022494439035654068,9.235681318386924e-06,0.9746246337890625,0.0028593773022294044
weasel_0102.jpg,weasel,4,0.022701051086187363,3.182151203873218e-06,0.0001551307796034962,0.06753617525100708,0.9096043705940247
weasel_0875.jpg,weasel,4,6.719299006086032e-10,4.289754315656147e-12,1.4510405099699142e-09,2.2846793399367016e-06,0.9999977350234985
weasel_0320.jpg,weasel,4,2.6574842195259407e-05,1.5350174180639442e-06,2.511482222189443e-08,0.09697632491588593,0.9029955267906189
pinemarten_0411.jpg,pinemarten,1,2.99542125503649e-06,0.9999638795852661,5.041854819864966e-06,2.7977397621725686e-05,8.882811641797161e-08
weasel_0134.jpg,weasel,4,4.937440394314763e-07,5.371256150965564e-08,7.228848630802531e-08,0.00014500587712973356,0.999854326248169
mink_0373.jpg,mink,0,0.9938079714775085,0.003945434000343084,0.0005009488086216152,0.001493849908001721,0.00025184531114064157
stoat_0695.jpg,stoat,3,6.916925343602998e-08,2.7001686248695478e-05,1.296507861070495e-07,0.7653152942657471,0.23465751111507416
polecat_0937.jpg,polecat,2,1.2446917025954463e-05,0.08269423246383667,0.9172852039337158,7.945859579194803e-06,9.887433094490916e-08
polecat_0342.jpg,polecat,2,4.478061327972682e-06,3.4550538430266897e-07,0.9999943971633911,4.815458396478789e-07,3.489771813747211e-07
polecat_0135.jpg,polecat,2,6.013818347128108e-05,1.7577007156432956e-06,0.9940713047981262,0.00015485832409467548,0.0057119401171803474
weasel_0947.jpg,weasel,4,1.965672735693147e-09,2.608614366184092e-11,1.2446664532372864e-10,7.011643901932985e-06,0.9999929666519165
stoat_0524.jpg,stoat,3,2.475518522260245e-05,0.0011604320025071502,1.1179295142937917e-05,0.9985040426254272,0.000299654173431918
polecat_0843.jpg,polecat,2,0.00030032399808987975,5.367731432670553e-07,0.9996848106384277,9.962607691704761e-06,4.445062131708255e-06
weasel_0729.jpg,weasel,4,4.128392561142391e-07,4.1902075054167653e-07,1.3159816347751985e-08,0.06372244656085968,0.9362766146659851
polecat_0644.jpg,polecat,2,1.0809238119691145e-05,6.134029717941303e-06,0.9999825954437256,1.1398520882721641e-07,4.403308082601143e-07
mink_0799.jpg,mink,0,0.8274553418159485,0.024261197075247765,0.00017236538405995816,0.02389541082084179,0.12421572208404541
pinemarten_0703.jpg,pinemarten,1,4.150164656380184e-09,0.9999996423721313,3.2267956839859835e-07,4.844056533670482e-08,5.911852785089877e-09
stoat_0159.jpg,stoat,3,0.00045647152001038194,0.00039302054210565984,1.5026770938675327e-07,0.9976047277450562,0.0015455617103725672
stoat_0299.jpg,stoat,3,0.0005078560789115727,0.1738363355398178,0.012728840112686157,0.8107889890670776,0.00213799299672246
mink_0582.jpg,mink,0,0.9997835755348206,2.3408824745274615e-07,1.962780288522481e-06,1.3383448276726995e-05,0.00020095621584914625
stoat_0441.jpg,stoat,3,7.670049626540276e-07,1.0876038686546963e-05,9.780805157788564e-06,0.9965582489967346,0.003420201363041997
pinemarten_0035.jpg,pinemarten,1,3.9916581044963095e-06,0.9999438524246216,5.1865910791093484e-05,2.4371530571443145e-07,7.664578416388679e-10
pinemarten_0842.jpg,pinemarten,1,4.393239105837665e-09,0.9999592304229736,1.3148024002873626e-08,4.054949386045337e-05,2.1524459725696943e-07
pinemarten_0384.jpg,pinemarten,1,1.5657708019034544e-08,0.999998927116394,2.611163836263586e-07,7.092574492162385e-07,5.76771554960942e-08
stoat_0406.jpg,stoat,3,1.6094473949124222e-06,8.815080036583822e-06,0.0025382961612194777,0.9921298623085022,0.005321372766047716
polecat_0011.jpg,polecat,2,1.7270729586016387e-05,0.2780143618583679,0.6973851919174194,0.0023694897536188364,0.022213617339730263
mink_0378.jpg,mink,0,0.9995957016944885,1.381422407575883e-05,0.0003899310249835253,3.8601694996032165e-07,2.2403418142857845e-07
stoat_0005.jpg,stoat,3,8.646725557781565e-10,2.2504787011712324e-06,5.705100747377401e-08,0.9999973773956299,2.764072064564971e-07
polecat_0476.jpg,polecat,2,1.8748457932815654e-06,2.749250597844366e-06,0.999954104423523,2.737904287641868e-05,1.3904762454330921e-05
polecat_0911.jpg,polecat,2,0.00017228680371772498,0.000170468061696738,0.9996341466903687,2.2986276235315017e-05,1.8109709287728037e-07
mink_0781.jpg,mink,0,0.9976479411125183,4.120439825783251e-06,0.0023445775732398033,2.873339326470159e-06,4.7162811256384884e-07
mink_0592.jpg,mink,0,0.9999639987945557,8.3026943684672e-06,1.2714508557110094e-05,1.1914889910258353e-05,2.9230820928205503e-06
mink_0090.jpg,mink,0,0.9834994673728943,0.0111721595749259,0.002204635413363576,0.001150741009041667,0.001973108621314168
pinemarten_0854.jpg,pinemarten,1,9.926990969688632e-06,0.9970840811729431,2.10256712307455e-06,0.002848020289093256,5.584973769146018e-05
mink_0424.jpg,mink,0,0.9999964237213135,2.627004505484365e-06,8.956312171903846e-07,5.139506441959041e-12,3.786816780287916e-12
mink_0217.jpg,mink,0,0.9999901056289673,4.024492170628946e-07,2.041038840161491e-07,1.07240714442014e-06,8.268538294942118e-06
stoat_0335.jpg,stoat,3,1.27469419908266e-07,1.338202196166094e-06,5.7196166380890645e-06,0.9937422871589661,0.00625059986487031
pinemarten_0323.jpg,pinemarten,1,0.0027226987294852734,0.903782308101654,3.445293987169862e-05,0.08665736764669418,0.006803164258599281
weasel_0948.jpg,weasel,4,4.074553139332693e-09,9.89330288803103e-08,5.2766694125239155e-08,0.002644207561388612,0.9973556995391846
weasel_0487.jpg,weasel,4,4.130982779315673e-05,0.0022274700459092855,0.004879400134086609,0.004777498077601194,0.9880743622779846
pinemarten_0983.jpg,pinemarten,1,4.462713150132913e-06,0.9998998641967773,2.014444544329308e-05,4.755472036777064e-05,2.792562918330077e-05
polecat_0810.jpg,polecat,2,0.0005233538686297834,0.0005875657079741359,0.9983975291252136,0.0004910217830911279,5.985178859191365e-07
stoat_0743.jpg,stoat,3,0.023003745824098587,8.847548451740295e-05,1.2106635949749034e-05,0.9743281602859497,0.0025674253702163696
weasel_0006.jpg,weasel,4,9.178355867334176e-06,9.90654734778218e-05,0.02085050381720066,0.12746034562587738,0.8515808582305908
stoat_0596.jpg,stoat,3,4.250526671967236e-06,1.2364837857603561e-05,1.3320412506345747e-07,0.8015920519828796,0.19839119911193848
polecat_0778.jpg,polecat,2,0.0003342345589771867,0.0004783298645634204,0.9991651773452759,2.0427363779162988e-05,1.9046125316890539e-06
mink_0387.jpg,mink,0,0.14854644238948822,0.13532857596874237,0.0003236606135033071,0.3324989676475525,0.38330233097076416
stoat_0824.jpg,stoat,3,4.809959985863088e-09,1.2391842574288603e-07,6.046272460480395e-07,0.9928003549575806,0.007198974955826998
stoat_0925.jpg,stoat,3,0.0006801181007176638,0.11018381267786026,0.0007251749630086124,0.8349854946136475,0.05342546105384827
weasel_0996.jpg,weasel,4,1.2689706352375651e-07,4.296546467230655e-05,1.792201054229281e-09,0.022785687819123268,0.9771711826324463
weasel_0429.jpg,weasel,4,1.050869559549028e-05,5.519809292309219e-06,0.06583812832832336,0.753307044506073,0.18083886802196503
polecat_0304.jpg,polecat,2,3.745096819329774e-07,3.0254345801949967e-06,0.9999935626983643,3.0423345833696658e-06,1.781606684403414e-08
mink_0216.jpg,mink,0,0.999987006187439,1.4395676544154412e-06,6.92600315232994e-06,4.6199206735764164e-06,4.37450520252014e-09
weasel_0427.jpg,weasel,4,0.000378221768187359,0.04636671021580696,0.6517507433891296,0.09870630502700806,0.2027980238199234
polecat_0072.jpg,polecat,2,0.0009614976588636637,7.787756476318464e-05,0.9988383650779724,0.00011903266567969695,3.1741196835355368e-06
mink_0874.jpg,mink,0,0.9989637136459351,0.0006472539971582592,0.0003374254156369716,4.711237852461636e-05,4.5198157749837264e-06
weasel_0670.jpg,weasel,4,1.2524720149897917e-10,7.670624135869275e-10,9.103399811749568e-09,0.05656121298670769,0.9434388279914856
mink_0939.jpg,mink,0,0.9937940835952759,0.0055330959148705006,0.0006574944127351046,4.663016625272576e-06,1.0621557521517389e-05
weasel_0540.jpg,weasel,4,3.669386205729097e-05,0.004256327636539936,0.0001020984273054637,0.05144229158759117,0.9441626071929932
mink_0665.jpg,mink,0,0.9847615957260132,0.008842465467751026,1.999226151383482e-05,0.005661301780492067,0.0007147133001126349
polecat_0222.jpg,polecat,2,2.265320908634294e-08,5.452828588659031e-08,0.9999982118606567,1.6115749303935445e-06,1.3024266820593766e-07
mink_0681.jpg,mink,0,0.8991133570671082,0.09844306111335754,0.00119845534209162,0.0012349841417744756,1.0178338015975896e-05
polecat_0369.jpg,polecat,2,1.5117437897060881e-06,8.053792953433003e-06,0.999866247177124,4.593919948092662e-05,7.827633089618757e-05
pinemarten_0659.jpg,pinemarten,1,0.0001244804443558678,0.9985787868499756,0.00011461509711807594,0.0011750466655939817,7.130427093215985e-06
stoat_0772.jpg,stoat,3,1.9256320982208308e-08,1.1952953400395927e-06,3.106382706619115e-08,0.9999619722366333,3.6786888813367113e-05
weasel_0994.jpg,weasel,4,7.344067853409797e-06,3.4427600326125685e-07,2.794413944684493e-08,0.00650331424549222,0.9934890270233154
polecat_0248.jpg,polecat,2,9.0513552208904e-09,1.5220578575281252e-07,0.999969482421875,1.8608192476676777e-05,1.1822954547824338e-05
polecat_0996.jpg,polecat,2,4.532704770099372e-05,0.0002902199630625546,0.9996618032455444,1.563230512147129e-06,1.1788298479586956e-06
stoat_0249.jpg,stoat,3,0.0004071816510986537,0.0002674106217455119,0.0005733478465117514,0.9983224272727966,0.0004296700353734195
polecat_0816.jpg,polecat,2,0.0005551839713007212,0.2417161911725998,0.018612772226333618,0.7386522889137268,0.000463509582914412
mink_0324.jpg,mink,0,0.9999377727508545,2.8620841476367787e-05,3.354451109771617e-05,2.171584911891955e-09,8.661139361265668e-08
polecat_0002.jpg,polecat,2,1.0431724604131887e-06,1.6063231669249944e-05,0.9999197721481323,8.247523624049791e-07,6.220465729711577e-05
weasel_0635.jpg,weasel,4,5.70328575122403e-06,2.9146260658308165e-06,3.6315682336862665e-06,0.005165532696992159,0.9948221445083618
stoat_0399.jpg,stoat,3,3.6022615290676185e-07,2.2884816644364037e-05,8.029599598557979e-07,0.9999759197235107,2.309807989320234e-08
polecat_0366.jpg,polecat,2,3.0282842544693267e-06,3.606275640777312e-05,0.9998449087142944,0.00010312508675269783,1.2822200915252324e-05
stoat_0315.jpg,stoat,3,8.149683594638191e-07,2.1994915186951403e-06,1.4044831004866865e-06,0.9392645955085754,0.06073089689016342
polecat_0211.jpg,polecat,2,0.00020147669420111924,0.029332194477319717,0.9699538350105286,0.0005111197242513299,1.286112706111453e-06
pinemarten_0139.jpg,pinemarten,1,0.0014497078955173492,0.9975895881652832,0.0008920320542529225,6.747980660293251e-05,1.229057374985132e-06
mink_0196.jpg,mink,0,0.9787695407867432,0.00019884064386133105,0.008458645083010197,0.0073028868064284325,0.0052701071836054325
polecat_0430.jpg,polecat,2,0.0003445087932050228,0.0006877315463498235,0.9985829591751099,0.00038462798693217337,2.5915608148352476e-07
polecat_0330.jpg,polecat,2,6.9094044192752335e-06,1.092675120162312e-06,0.9983375072479248,1.3896734344598372e-05,0.0016406024806201458
mink_0699.jpg,mink,0,0.9996289014816284,4.565411018120358e-06,0.0003400661807972938,2.2468709630629746e-06,2.4184122594306245e-05
mink_0825.jpg,mink,0,0.9979633092880249,0.0005685247015208006,0.001402157125994563,6.0846690757898614e-05,5.1799001994368155e-06
mink_0327.jpg,mink,0,0.9999935626983643,3.4184310937490636e-09,6.421682883228641e-06,3.5251883634401793e-09,9.270643808179102e-09
pinemarten_0916.jpg,pinemarten,1,5.212079940974945e-07,0.9999986886978149,2.9010809043938934e-07,4.2717084625110147e-07,1.145412542591373e-09
weasel_0835.jpg,weasel,4,0.0009468225762248039,1.006872389552882e-05,0.01183876022696495,0.0006211338913999498,0.9865831732749939
polecat_0954.jpg,polecat,2,7.883433136157691e-05,0.00032629427732899785,0.9993994235992432,0.0001776225253706798,1.7817246771301143e-05
stoat_0891.jpg,stoat,3,1.6198230312625128e-08,0.00040907395305112004,6.27949603426714e-08,0.9989916682243347,0.0005991451907902956
weasel_0407.jpg,weasel,4,9.062944172910647e-08,4.182476004643831e-06,1.1084013067375054e-06,0.06232936307787895,0.9376652240753174
weasel_0862.jpg,weasel,4,1.559076849844132e-07,3.311235617295405e-12,5.6334073690600395e-12,3.527881563059054e-05,0.9999645948410034
pinemarten_0245.jpg,pinemarten,1,6.80842567817308e-05,0.9957197308540344,0.004208148457109928,3.5077919164905325e-06,5.308949084792403e-07
mink_0559.jpg,mink,0,0.9994198083877563,9.098235750570893e-06,0.0005680538597516716,2.913886646638275e-06,1.6608470332357683e-07
stoat_0709.jpg,stoat,3,2.6018137759820092e-06,1.0325599077987135e-06,8.0267978773918e-05,0.9988216757774353,0.001094347215257585
polecat_0658.jpg,polecat,2,0.03220514953136444,1.2016288053473545e-07,0.9677776098251343,1.2434623386070598e-05,4.707952939497773e-06
mink_0986.jpg,mink,0,0.9993175268173218,0.0005590178188867867,0.00011733383871614933,5.806216904602479e-06,3.530160483933287e-07
mink_0279.jpg,mink,0,0.9995611310005188,0.0001636923261685297,0.0002649951202329248,5.638750280922977e-06,4.469654868444195e-06
pinemarten_0830.jpg,pinemarten,1,1.8739938241196796e-05,0.999948263168335,1.7045438653440215e-05,1.4939982065698132e-05,1.0296757864125539e-06
stoat_0719.jpg,stoat,3,5.0562767306416845e-09,2.2924846021510348e-08,1.0569809916205486e-08,0.9930859804153442,0.006914019118994474
polecat_0045.jpg,polecat,2,0.00034348369808867574,0.00017921262769959867,0.980317234992981,0.019149191677570343,1.0888890756177716e-05
pinemarten_0856.jpg,pinemarten,1,1.0506383659958374e-05,0.999976396560669,5.628770395560423e-06,7.538048521382734e-06,9.340931583778911e-09
pinemarten_0175.jpg,pinemarten,1,9.615693124942482e-05,0.9764474034309387,0.00025419017765671015,0.023170728236436844,3.158996696583927e-05
polecat_0329.jpg,polecat,2,0.0064638047479093075,0.0071913814172148705,0.9153883457183838,0.07092209160327911,3.4387870982754976e-05
stoat_0805.jpg,stoat,3,3.329541505081579e-05,1.1428915968281217e-05,0.001426966511644423,0.9980012774467468,0.0005270109395496547
polecat_0962.jpg,polecat,2,1.3147435311111622e-05,0.00022495440498460084,0.9997593760490417,2.3408383640344255e-06,1.8336506002469832e-07
polecat_0994.jpg,polecat,2,0.0006254232139326632,1.0362069247094041e-07,0.9993730187416077,1.406470914844249e-06,5.48911693876164e-10
stoat_0267.jpg,stoat,3,5.382311201174161e-07,1.8827777239494026e-06,6.977966222621035e-07,0.9846923351287842,0.01530455332249403
weasel_0950.jpg,weasel,4,1.1389242882131612e-09,1.5533793140676266e-09,1.456888915063459e-10,0.0013761884765699506,0.9986238479614258
weasel_0843.jpg,weasel,4,6.234823768380693e-10,3.899781539362657e-12,7.991784317651351e-11,0.0006854815874248743,0.999314546585083
weasel_0081.jpg,weasel,4,1.8822926506345539e-07,1.8373134125226898e-09,5.077476661341507e-09,0.000605933484621346,0.9993938207626343
mink_0664.jpg,mink,0,0.9986463189125061,0.0007546617998741567,0.0005951689672656357,1.2104944744351087e-06,2.7189933007321088e-06
stoat_0982.jpg,stoat,3,2.423355681457906e-06,0.0001733490644255653,5.041766144131543e-06,0.9996812343597412,0.00013786484487354755
polecat_0989.jpg,polecat,2,0.0001978923537535593,0.0001302034652326256,0.9996718168258667,6.973619548489296e-08,2.584259473081829e-09
weasel_0167.jpg,weasel,4,3.12043624717262e-07,6.08265215973347e-09,1.6765934418572215e-08,0.0019749130588024855,0.9980247020721436
pinemarten_0049.jpg,pinemarten,1,0.8128595948219299,0.177690789103508,0.0027499194256961346,0.0008047884330153465,0.0058948020450770855
polecat_0771.jpg,polecat,2,0.0002899258106481284,4.893417644780129e-05,0.9996156692504883,4.447848550626077e-05,9.234595950147195e-07
polecat_0146.jpg,polecat,2,9.637681159802014e-07,0.00020751269767060876,0.9997215867042542,5.837333083036356e-05,1.1585094398469664e-05
polecat_0114.jpg,polecat,2,4.973465911461972e-05,3.5275493814879155e-07,0.9999411106109619,8.398753379879054e-06,4.217637865622237e-07
mink_0670.jpg,mink,0,0.9624478816986084,0.0011120267445221543,0.03620772436261177,0.0002202871546614915,1.2177199096186087e-05
pinemarten_0531.jpg,pinemarten,1,3.746661377590499e-06,0.9999816417694092,1.2453406270651612e-05,2.101622612826759e-06,1.907756619345946e-08
pinemarten_0191.jpg,pinemarten,1,0.001448183786123991,0.888620138168335,0.10805650055408478,0.0009080086019821465,0.0009670786093920469
weasel_0228.jpg,weasel,4,2.034346471191384e-05,0.005079916678369045,1.2558741218526848e-05,0.00943005457520485,0.9854571223258972
weasel_0518.jpg,weasel,4,0.0004712984664365649,0.263600617647171,7.606729923281819e-06,0.7282235026359558,0.007697013672441244
weasel_0198.jpg,weasel,4,0.007068409584462643,0.0013013986172154546,4.438132350514934e-07,0.05825604870915413,0.9333736300468445
weasel_0273.jpg,weasel,4,0.059173982590436935,0.026399120688438416,0.0003282753168605268,0.9066009521484375,0.007497701328247786
pinemarten_0102.jpg,pinemarten,1,0.018940912559628487,0.9595264196395874,0.008375365287065506,0.01314269844442606,1.4648613614554051e-05
weasel_0260.jpg,weasel,4,1.5570056355329598e-09,2.6252042761854e-09,1.5237644390708738e-07,0.009558295831084251,0.9904415607452393
mink_0124.jpg,mink,0,0.9999138116836548,1.9167396203556564e-06,8.037099905777723e-05,4.042617831601092e-07,3.5294472127134213e-06
polecat_0523.jpg,polecat,2,0.00012417476682458073,1.3469784789776895e-05,0.9998613595962524,9.929794941854198e-07,1.9637429460317435e-09
weasel_0789.jpg,weasel,4,0.9123600721359253,6.981104525038972e-05,1.666220668994356e-06,0.030797190964221954,0.05677124857902527
mink_0436.jpg,mink,0,0.9976122379302979,0.002351518254727125,1.7356991520500742e-05,1.6523315935046412e-05,2.407198962828261e-06
weasel_0873.jpg,weasel,4,7.231382141981157e-07,1.0478555850568227e-05,1.2616679923027618e-09,0.0027885911986231804,0.9972002506256104
polecat_0509.jpg,polecat,2,0.004577858839184046,2.1698186174035072e-05,0.9953723549842834,2.553135527705308e-05,2.541420371926506e-06
stoat_0154.jpg,stoat,3,4.771098610945046e-05,0.0010744991013780236,0.00035481792292557657,0.9973190426826477,0.001203881110996008
polecat_0315.jpg,polecat,2,0.0006721102981828153,4.247520735134458e-08,0.9993277788162231,9.662662137088773e-08,1.557721951428448e-08
mink_0281.jpg,mink,0,0.9364004731178284,0.00028539772029034793,0.006807506084442139,0.05359652638435364,0.0029101711697876453
polecat_0943.jpg,polecat,2,4.1760053193229396e-08,1.0504805203481737e-07,0.9999997615814209,9.126211608645463e-08,7.480623342992487e-10
pinemarten_0997.jpg,pinemarten,1,8.301898191120927e-08,0.999998927116394,1.3194997983134726e-08,9.087812031793874e-07,8.656904082471328e-10
stoat_0090.jpg,stoat,3,5.128563316247892e-07,5.12508950123447e-06,6.0620415752055123e-05,0.9931783676147461,0.006755367387086153
stoat_0261.jpg,stoat,3,7.908295629022177e-06,2.1721791199524887e-05,6.095211938372813e-05,0.9998887777328491,2.062336352537386e-05
pinemarten_0765.jpg,pinemarten,1,2.547482447212701e-09,0.9998360872268677,9.358134889225767e-08,0.0001630699262022972,7.23725349871529e-07
mink_0563.jpg,mink,0,0.9976590871810913,0.0023274365812540054,1.3344851140573155e-05,5.999395114031358e-08,1.0246879611486293e-07
pinemarten_0729.jpg,pinemarten,1,0.0072198533453047276,0.9869011044502258,0.0058724964037537575,5.593574314843863e-06,9.287367674915004e-07
mink_0491.jpg,mink,0,0.9999995231628418,7.510293897894371e-08,2.294278402814598e-07,2.0588590388115335e-08,6.336678382012906e-08
polecat_0626.jpg,polecat,2,2.364580157111079e-13,2.8387070524260578e-18,1.0,3.551888668709875e-14,7.906702738011678e-15
pinemarten_0779.jpg,pinemarten,1,4.690641162596876e-06,0.999995231628418,1.030157292802869e-08,1.6634746202726092e-07,1.9995092248592528e-09
polecat_0785.jpg,polecat,2,0.0009253299213014543,4.6587560973421205e-06,0.9988409876823425,2.818264192683273e-06,0.00022621861717198044
polecat_0909.jpg,polecat,2,1.8458638805896044e-05,1.2454513864668115e-08,0.9999815225601196,1.6633072696947693e-09,8.462638229067565e-11
pinemarten_0604.jpg,pinemarten,1,5.148922355147079e-06,0.9999946355819702,6.219006110086411e-08,1.475021349506278e-07,3.904377265939729e-09
mink_0578.jpg,mink,0,0.9935817718505859,0.005935403052717447,0.00046133011346682906,1.5453315427294e-05,6.096474862715695e-06
mink_0484.jpg,mink,0,0.999980092048645,8.559201887692325e-06,1.0054607628262602e-05,1.1506373311931384e-06,1.837909309188035e-07
polecat_0557.jpg,polecat,2,1.697483276075218e-05,5.263269031274831e-06,0.9999611377716064,1.3899198165745474e-05,2.6549228095973376e-06
pinemarten_0902.jpg,pinemarten,1,8.85481040313607e-06,0.9999593496322632,2.650171700224746e-05,3.729658828888205e-06,1.5532118595729116e-06
pinemarten_0289.jpg,pinemarten,1,0.002699142787605524,0.9918931722640991,4.838165750697954e-06,0.0054029137827456,9.604352868564092e-09
weasel_0678.jpg,weasel,4,0.0411975271999836,0.0008659198065288365,0.0021789418533444405,0.1124199777841568,0.8433376550674438
stoat_0931.jpg,stoat,3,5.388764748204267e-06,6.011062851030147e-06,1.1571812592592323e-06,0.9998862743377686,0.00010124128311872482
pinemarten_0405.jpg,pinemarten,1,8.127550245262682e-05,0.9978037476539612,0.001829822431318462,0.0002830851008184254,1.9985657218057895e-06
mink_0985.jpg,mink,0,0.9999959468841553,3.436130313616559e-08,4.111086127522867e-06,4.523827534796965e-09,5.84149048576954e-11
stoat_0948.jpg,stoat,3,6.18374224359286e-06,3.0945896014600294e-06,1.5779380646563368e-06,0.9996706247329712,0.00031854413100518286
polecat_0529.jpg,polecat,2,2.9174099836382084e-05,2.100846540997736e-05,0.9999370574951172,8.26076211524196e-06,4.394908501126338e-06
polecat_0839.jpg,polecat,2,0.0015413183718919754,4.45263649453409e-05,0.9984068274497986,9.831677516558557e-07,6.422104434022913e-06
pinemarten_0641.jpg,pinemarten,1,2.4316113567124376e-08,0.9999626874923706,1.489338137616869e-05,2.241985384898726e-05,1.6718358253342558e-08
stoat_0176.jpg,stoat,3,7.15391536232346e-07,5.449976924865041e-06,6.255414336919785e-05,0.9999204874038696,1.0706703506002668e-05
mink_0257.jpg,mink,0,0.9994630217552185,9.297955898546206e-07,0.0005296176532283425,4.454339887161041e-06,2.0668073830165667e-06
weasel_0706.jpg,weasel,4,8.619506530749277e-08,2.1845232567319073e-10,5.148537152166455e-10,4.93712468596641e-05,0.9999505281448364
weasel_0764.jpg,weasel,4,3.06820275852715e-08,3.1179390180824385e-09,2.7564304172500442e-09,0.17113029956817627,0.8288697004318237
pinemarten_0634.jpg,pinemarten,1,0.011142406612634659,0.9875735640525818,0.0007029271218925714,0.00050827901577577,7.28703016648069e-05
weasel_0570.jpg,weasel,4,1.041470227391983e-06,1.233971374858811e-06,1.0817623241621277e-08,0.0007780456799082458,0.9992196559906006
pinemarten_0502.jpg,pinemarten,1,1.092149545911525e-06,0.999747097492218,1.8946730051538907e-06,0.00024943420430645347,4.5137349502510915e-07
pinemarten_0626.jpg,pinemarten,1,4.973699105903506e-07,0.9955766201019287,3.0093738700998074e-07,0.004420166369527578,2.370823949604528e-06
weasel_0233.jpg,weasel,4,4.749435955631043e-09,5.256971053313464e-05,4.2975761971320026e-07,0.005920729599893093,0.9940261840820312
stoat_0085.jpg,stoat,3,8.045783772558934e-08,2.7838043479277985e-06,1.5084270899023977e-06,0.9999376535415649,5.7980050769401714e-05
pinemarten_0329.jpg,pinemarten,1,0.00675289798527956,0.989607036113739,0.0034946396481245756,8.407996938331053e-05,6.128258246462792e-05
pinemarten_0974.jpg,pinemarten,1,7.708953830842802e-08,0.999997615814209,1.0515774420127855e-06,1.1927701280001202e-06,6.919018602502547e-08
stoat_0210.jpg,stoat,3,3.593097730458794e-08,5.70322562509773e-08,2.5565665850990626e-07,0.9991806149482727,0.0008190533262677491
pinemarten_0421.jpg,pinemarten,1,2.315494384674821e-06,0.999943733215332,3.197978060143214e-07,5.3175888751866296e-05,4.1397069594495406e-07
weasel_0738.jpg,weasel,4,2.302240318385884e-05,2.238402203147416e-06,2.3799978876581918e-08,0.002725079655647278,0.9972496628761292
stoat_0893.jpg,stoat,3,0.0029421038925647736,0.017780963331460953,0.00010815123823704198,0.9791602492332458,8.5392339315149e-06
stoat_0492.jpg,stoat,3,1.2322810505338566e-07,1.166459060186753e-05,2.3192133085103706e-06,0.999983549118042,2.313275672349846e-06
weasel_0438.jpg,weasel,4,4.923106189380633e-06,5.407376193033997e-06,2.0683437469415367e-06,0.04070335999131203,0.959284245967865
pinemarten_0821.jpg,pinemarten,1,3.0970113584771752e-06,0.9999960660934448,3.3193663284691866e-07,4.814529575014603e-07,1.9840225018441515e-09
pinemarten_0507.jpg,pinemarten,1,4.6503132011821435e-07,0.9999995231628418,1.762028967178253e-09,1.2784429515022566e-08,1.0958188800813673e-09
polecat_0193.jpg,polecat,2,4.010453631053679e-05,2.7589797468863253e-07,0.9999594688415527,4.248981610999181e-08,2.0299186331840247e-08
mink_0543.jpg,mink,0,0.9999996423721313,1.0685078422056904e-07,4.5573139706434063e-10,2.2989965486885922e-07,3.4592574138514465e-08
mink_0302.jpg,mink,0,0.9999983310699463,2.966115459912544e-07,1.0549542821536306e-06,4.1772818093477326e-08,2.1357730872750835e-07
weasel_0378.jpg,weasel,4,9.747850526764523e-07,9.199864507536404e-06,1.2433305300874054e-06,0.9993910789489746,0.0005975748645141721
weasel_0923.jpg,weasel,4,2.1759674382337835e-06,3.10634902689344e-07,2.0909395104240502e-08,0.04895411431789398,0.951043426990509
weasel_0575.jpg,weasel,4,2.7070379271521006e-09,9.885864349357121e-11,1.0034938158209883e-10,0.00014825462130829692,0.9998517036437988
polecat_0540.jpg,polecat,2,4.1690607758937404e-05,3.265104169258848e-07,0.9999532699584961,3.4699888828981784e-07,4.3281493162794504e-06
mink_0388.jpg,mink,0,0.9999595880508423,3.110130273853429e-05,9.186786883219611e-06,1.6478392694807553e-07,3.259367531427415e-08
weasel_0981.jpg,weasel,4,1.0146003660338465e-05,0.0003596644673962146,3.0154702471918426e-05,0.05646843463182449,0.9431316256523132
stoat_0062.jpg,stoat,3,1.2748412245855434e-06,0.001197540434077382,3.7444718259393994e-07,0.9965119957923889,0.0022887608502060175
stoat_0565.jpg,stoat,3,6.726919909993967e-09,2.1191613086557481e-07,9.221503205480985e-08,0.9278646111488342,0.07213502377271652
stoat_0419.jpg,stoat,3,7.955429737194208e-07,0.0007841551559977233,0.0006959819002076983,0.9984410405158997,7.81178823672235e-05
stoat_0562.jpg,stoat,3,1.8053626718028681e-06,3.5349913218851725e-08,3.450405472449347e-07,0.13096357882022858,0.8690342903137207
stoat_0035.jpg,stoat,3,7.757115236017853e-05,4.8958376282826066e-05,2.467812009854242e-06,0.9248712062835693,0.07499977946281433
polecat_0318.jpg,polecat,2,6.486168047104002e-08,2.2356055069394642e-06,0.9999974966049194,1.8792833600400627e-07,1.7257061557529596e-08
polecat_0764.jpg,polecat,2,7.556850323453546e-05,0.02053823135793209,0.9793832898139954,2.771801746348501e-06,1.1578077163676426e-07
stoat_0547.jpg,stoat,3,1.892248580048772e-09,1.8018017726717517e-05,6.34086561035474e-09,0.9999186992645264,6.329984898911789e-05
mink_0513.jpg,mink,0,0.9997066855430603,1.5508644537476357e-06,0.0002917660167440772,5.0090978476191594e-08,1.8965451431540714e-08
stoat_0591.jpg,stoat,3,7.010134339680008e-08,4.8592664825264364e-06,1.9971889742009807e-06,0.9991000890731812,0.0008929555770009756
polecat_0396.jpg,polecat,2,1.1674890387780579e-08,7.291076144610997e-06,0.9999808073043823,1.1506046575959772e-05,3.554987983989122e-07
weasel_0604.jpg,weasel,4,5.6165809780850395e-08,1.86004581337329e-05,1.5291375632386917e-07,0.23805509507656097,0.761925995349884
stoat_0780.jpg,stoat,3,5.581233608609182e-08,1.3417936770565575e-06,3.118261204804185e-08,0.9997274279594421,0.0002711586421355605
mink_0459.jpg,mink,0,0.9999539852142334,3.481699604890309e-05,3.025387059096829e-06,1.2160555797890993e-06,6.999225206527626e-06
stoat_0990.jpg,stoat,3,3.915578528079777e-09,2.473024665050616e-07,7.218319524326944e-07,0.9999984502792358,6.243790835469554e-07
pinemarten_0259.jpg,pinemarten,1,2.419236864170671e-07,0.9999566078186035,1.5225530205498217e-06,4.044530214741826e-05,1.2211362445668783e-06
stoat_0747.jpg,stoat,3,0.00019280311244074255,0.7465419173240662,9.229534953192342e-06,0.25142374634742737,0.0018323309486731887
mink_0024.jpg,mink,0,0.9999972581863403,2.9296973025338957e-07,1.035695973428119e-07,2.0348777525214246e-06,1.853584166155997e-07
pinemarten_0690.jpg,pinemarten,1,1.4910167919879314e-05,0.9997110962867737,1.4265857316786423e-05,0.0002499474212527275,9.804258297663182e-06
stoat_0604.jpg,stoat,3,0.0001713956444291398,2.7842074814543594e-06,1.4038012523087673e-05,0.2602604031562805,0.7395514249801636
stoat_0863.jpg,stoat,3,1.6320407667080872e-05,9.313693590229377e-05,1.0721528269641567e-06,0.9998893737792969,9.907091680361191e-08
pinemarten_0886.jpg,pinemarten,1,0.002000991487875581,0.5174181461334229,0.47908979654312134,0.0014393143355846405,5.176826743991114e-05
pinemarten_0793.jpg,pinemarten,1,1.7568043404025957e-05,0.9999194145202637,1.4889187696098816e-05,4.754735346068628e-05,5.452109803627536e-07
mink_0756.jpg,mink,0,0.9998452663421631,1.1015359632438049e-05,0.0001355672866338864,2.676352096386836e-06,5.435947059595492e-06
stoat_0123.jpg,stoat,3,1.9923727734294516e-07,1.86344695976004e-05,3.611557758631534e-06,0.9997909665107727,0.0001866686943685636
pinemarten_0577.jpg,pinemarten,1,2.661977873685828e-07,0.9998925924301147,2.348878297198098e-05,8.338375482708216e-05,2.3952375727276376e-07
stoat_0794.jpg,stoat,3,1.916959480041669e-09,1.061601324181538e-06,9.639217068979633e-08,0.9999957084655762,3.0707674341101665e-06
pinemarten_0413.jpg,pinemarten,1,5.886512255415255e-08,0.9999836683273315,5.3260404087041024e-08,1.6257819879683666e-05,1.584336395410446e-08
pinemarten_0535.jpg,pinemarten,1,1.5694956800871296e-07,0.9999665021896362,2.0106469378333713e-08,3.319028110126965e-05,1.791020736163773e-07
weasel_0417.jpg,weasel,4,1.0294953654010897e-06,3.2683082906714844e-08,1.039455965745617e-09,0.02292168140411377,0.9770772457122803
polecat_0716.jpg,polecat,2,0.00014940973778720945,2.906808163061214e-07,0.9998500347137451,1.599881755964816e-07,4.778321383014372e-08
mink_0113.jpg,mink,0,0.9999122619628906,8.19208798930049e-05,5.088055331725627e-06,5.227483370617847e-07,9.29166859009456e-08
mink_0722.jpg,mink,0,0.9999802112579346,1.5108776096894871e-05,1.4945177895242523e-07,1.1262619636909221e-06,3.481440444375039e-06
mink_0108.jpg,mink,0,0.9999978542327881,3.9681941643721075e-07,1.166248239314882e-06,2.5752112264854077e-07,3.23917504374549e-07
mink_0512.jpg,mink,0,0.9999960660934448,1.463307341964537e-07,1.951579179149121e-06,1.253699451808643e-06,5.413946837506955e-07
mink_0924.jpg,mink,0,0.9983327984809875,0.0001385069772368297,9.770601536729373e-06,0.0009190741111524403,0.0005999775021336973
pinemarten_0032.jpg,pinemarten,1,0.0001077785127563402,0.9998760223388672,4.972458782503963e-07,1.5496449123020284e-05,1.522624160088526e-07
pinemarten_0589.jpg,pinemarten,1,7.57283515895324e-08,0.9999992847442627,9.657095567661145e-09,6.421888087970729e-07,2.9562621239875853e-09
polecat_0811.jpg,polecat,2,0.07746423780918121,0.46842697262763977,0.4523720145225525,0.0017364738741889596,3.169682827319775e-07
pinemarten_0279.jpg,pinemarten,1,0.0002625971392262727,0.0899791419506073,0.0007796874269843102,0.9088574647903442,0.00012110489478800446
stoat_0676.jpg,stoat,3,2.1357382138376124e-05,6.437535375880543e-07,3.510879469104111e-05,0.9975359439849854,0.0024069519713521004
weasel_0544.jpg,weasel,4,4.498084308579564e-05,0.0002585515903774649,0.11185827851295471,0.03451867774128914,0.853319525718689
weasel_0237.jpg,weasel,4,0.0040123723447322845,1.0987221685354598e-05,1.8085556803271174e-05,0.21535545587539673,0.7806031107902527
pinemarten_0929.jpg,pinemarten,1,1.253139203072351e-06,0.9999716281890869,2.6379493647255003e-05,7.350642476922076e-07,8.980010512971148e-09
polecat_0347.jpg,polecat,2,9.160023182630539e-06,0.0003816530806943774,0.9994741082191467,3.164196095895022e-05,0.00010337420098949224
weasel_0776.jpg,weasel,4,7.044050562399207e-06,3.0367777981155086e-07,4.385748616186902e-05,0.0001845477963797748,0.9997642636299133
weasel_0041.jpg,weasel,4,5.8357709775691546e-08,8.14853162722784e-09,4.3505318103598256e-07,0.049196384847164154,0.9508030414581299
weasel_0263.jpg,weasel,4,6.77318821544759e-05,2.6492107281228527e-05,0.0032851560972630978,0.31698527932167053,0.6796353459358215
pinemarten_0227.jpg,pinemarten,1,0.0034757049288600683,0.9931321740150452,3.1363917514681816e-05,0.0033590258099138737,1.7813169961300446e-06
polecat_0605.jpg,polecat,2,5.869752203579992e-05,1.6524010959528823e-07,0.9999327659606934,7.824313797755167e-06,5.576720809585822e-07
weasel_0813.jpg,weasel,4,3.669843863463029e-05,1.2564582902996335e-06,5.903926876271726e-07,0.006351715885102749,0.9936097860336304
mink_0476.jpg,mink,0,0.9998037219047546,9.221642116585826e-09,1.4477080867436598e-08,4.968736448063282e-06,0.00019133127352688462
stoat_0293.jpg,stoat,3,0.00029564168653450906,6.74809280098998e-06,5.504758155439049e-05,0.9967032074928284,0.0029393548611551523
polecat_0446.jpg,polecat,2,0.0032592499628663063,0.0001709886419121176,0.9955833554267883,0.0002728921826928854,0.000713497051037848
stoat_0962.jpg,stoat,3,6.0349480918375775e-05,1.656757262935571e-06,5.6625223805895075e-05,0.5015196204185486,0.4983616769313812
pinemarten_0407.jpg,pinemarten,1,1.3269784176372923e-05,0.9999442100524902,1.5891031068804296e-07,4.1428331314818934e-05,8.200556180781859e-07
stoat_0797.jpg,stoat,3,0.00016957777552306652,1.3882566236134153e-05,0.00037845116457901895,0.9968394041061401,0.0025986034888774157
weasel_0044.jpg,weasel,4,0.07476721704006195,0.0002476604131516069,8.471099863527343e-05,0.018510999158024788,0.9063894152641296
weasel_0709.jpg,weasel,4,6.472631497445036e-08,6.68736390707636e-07,6.250302941879227e-09,0.5390278697013855,0.4609714448451996
pinemarten_0190.jpg,pinemarten,1,9.671314273873577e-07,0.9999760389328003,1.4809632375545334e-05,7.96057065599598e-06,1.4091735067722766e-07
stoat_0284.jpg,stoat,3,1.6408154124292196e-07,3.340988769195974e-06,3.1942523492034525e-05,0.9999548196792603,9.791359843802638e-06
pinemarten_0515.jpg,pinemarten,1,5.800027680358255e-10,1.0,1.2572566598922919e-10,2.8425182208025035e-09,1.4520446477150895e-11
pinemarten_0297.jpg,pinemarten,1,1.9074095689575188e-05,0.9375572800636292,0.06229782477021217,0.00012392761709634215,1.899927156046033e-06
stoat_0777.jpg,stoat,3,0.00017213087994605303,0.0011435766937211156,2.206989847763907e-06,0.9835091233253479,0.015172934159636497
mink_0088.jpg,mink,0,0.9991104006767273,4.936411528433382e-07,0.0008658036240376532,3.059626578760799e-07,2.3005080947768874e-05
stoat_0388.jpg,stoat,3,1.0025325281048936e-07,2.5060993280590083e-08,4.1389367311239766e-07,0.9999579191207886,4.157022704021074e-05
pinemarten_0115.jpg,pinemarten,1,4.866842573392205e-05,0.9999483823776245,2.02838873519795e-06,8.969541340775322e-07,1.6754670539853578e-08
weasel_0418.jpg,weasel,4,4.7053981688804924e-07,2.4940209186752327e-07,6.114610187069047e-07,0.017698394134640694,0.982300341129303
polecat_0590.jpg,polecat,2,6.541446964547504e-06,4.880328106082743e-06,0.9999885559082031,4.32928501936658e-08,4.631063532656299e-09
polecat_0556.jpg,polecat,2,0.0003986719239037484,0.0002964426239486784,0.9992948770523071,9.564969332132023e-06,3.491207678507635e-07
mink_0374.jpg,mink,0,0.028759915381669998,0.1616324782371521,0.29842904210090637,0.5079642534255981,0.003214346244931221
polecat_0177.jpg,polecat,2,9.001953003462404e-06,0.0006003500893712044,0.9993847608566284,5.774941200797912e-06,6.813849040554487e-08
polecat_0548.jpg,polecat,2,9.339138955510862e-07,1.482543088293653e-09,0.9999990463256836,4.928549790506054e-10,5.684051840315618e-11
polecat_0491.jpg,polecat,2,0.00885714776813984,0.013284004293382168,0.9775558114051819,0.0003030274820048362,3.586815466860571e-08
polecat_0153.jpg,polecat,2,0.00018014648230746388,0.0004545241827145219,0.9976215958595276,0.0016288224142044783,0.00011492358316900209
weasel_0204.jpg,weasel,4,6.507488251372706e-06,4.010248630947899e-06,1.1927453670068644e-05,0.013528930954635143,0.9864487051963806
weasel_0935.jpg,weasel,4,5.109108769829618e-06,1.3292574294609949e-05,3.5592859148891876e-07,0.017381519079208374,0.9825997352600098
stoat_0066.jpg,stoat,3,4.3121391968270473e-07,2.5891326913551893e-06,8.756269949117268e-07,0.9997401833534241,0.0002558761043474078
pinemarten_0352.jpg,pinemarten,1,8.23812388262013e-06,0.9999470710754395,1.7976906747207977e-05,2.6185594833805226e-05,5.194660843699239e-07
stoat_0917.jpg,stoat,3,0.01531464047729969,6.183485311339609e-06,1.7415301556411578e-07,0.9550114870071411,0.02966754510998726
mink_0929.jpg,mink,0,0.9999995231628418,2.8039400490342814e-07,1.7242611249912443e-07,1.873032751120718e-08,1.8244898924990594e-08
mink_0241.jpg,mink,0,0.999862790107727,5.561672651310801e-07,1.5721003592261695e-06,7.015978189883754e-05,6.491765088867396e-05
stoat_0540.jpg,stoat,3,1.236042044183705e-05,3.341950650792569e-05,1.2577058283724796e-09,0.991064190864563,0.008889982476830482
mink_0661.jpg,mink,0,0.9999425411224365,5.527472694666358e-06,9.715504489804516e-08,4.193152199150063e-05,9.890682122204453e-06
weasel_0927.jpg,weasel,4,4.534390609478578e-05,3.323766122775851e-06,6.98729490977712e-05,0.004022883251309395,0.9958584904670715
stoat_0466.jpg,stoat,3,1.996569380935398e-06,5.831290764035657e-06,6.785843993384333e-07,0.9999347925186157,5.6631492043379694e-05
polecat_0086.jpg,polecat,2,2.6961695766658522e-05,0.00010817899601534009,0.9998645782470703,3.18090513928837e-07,1.6012404735477048e-09
pinemarten_0610.jpg,pinemarten,1,6.093310389587714e-07,0.9991795420646667,1.5835803424124606e-06,0.0008167249616235495,1.5262788792824722e-06
mink_0838.jpg,mink,0,0.9678084850311279,0.02939576841890812,0.00028405216289684176,0.002398669021204114,0.00011299933976260945
pinemarten_0660.jpg,pinemarten,1,0.0027504644822329283,0.997055172920227,1.2866054930782411e-05,0.00017005875997710973,1.1432813153078314e-05
stoat_0046.jpg,stoat,3,3.394045222648856e-08,1.9241259252567033e-08,6.299722485891834e-07,0.997344434261322,0.0026549105532467365
pinemarten_0157.jpg,pinemarten,1,0.00017177870904561132,0.9998154044151306,2.5116119672929926e-07,1.2408021575538442e-05,1.3705616197512427e-07
polecat_0889.jpg,polecat,2,0.0001836466253735125,0.00041109375888481736,0.9990113973617554,0.0003523775958456099,4.143138721701689e-05
mink_0749.jpg,mink,0,0.9999889135360718,3.531658649080782e-06,4.7667251124039467e-07,3.3870730931084836e-06,3.649190148280468e-06
pinemarten_0688.jpg,pinemarten,1,0.0002449437160976231,0.9821889996528625,0.0017948128515854478,0.003138149157166481,0.012633132748305798
stoat_0617.jpg,stoat,3,1.9917368376809463e-07,5.107044216856593e-06,5.405130991675833e-07,0.9999933242797852,7.518206075474154e-07
mink_0141.jpg,mink,0,0.6633791923522949,0.31051018834114075,0.022070664912462234,0.0035978814121335745,0.0004421449557412416
weasel_0387.jpg,weasel,4,2.41951534007967e-06,1.710164542600978e-05,3.179638952133246e-07,0.5364565253257751,0.46352362632751465
pinemarten_0080.jpg,pinemarten,1,0.018762638792395592,0.9742246270179749,0.0052626896649599075,0.0015993699198588729,0.00015075721603352576
stoat_0684.jpg,stoat,3,5.412525752035435e-07,1.6598404783962906e-07,2.2996862298896303e-06,0.9748905897140503,0.025106411427259445
polecat_0266.jpg,polecat,2,1.58472790445785e-08,1.187477460112829e-11,1.0,4.0830990144513635e-08,4.4440168212034337e-10
polecat_0565.jpg,polecat,2,6.954934974601201e-07,1.2807280427296064e-06,0.999995231628418,2.266906903969357e-06,4.872889576290618e-07
weasel_0156.jpg,weasel,4,0.0006586106028407812,0.242456316947937,0.0007875049486756325,0.7431735992431641,0.012923963367938995
mink_0461.jpg,mink,0,0.9988192915916443,0.0003369465994182974,0.0006316022481769323,7.929134153528139e-05,0.00013270761701278389
weasel_0083.jpg,weasel,4,1.8822926506345539e-07,1.8373134125226898e-09,5.077476661341507e-09,0.000605933484621346,0.9993938207626343
pinemarten_0663.jpg,pinemarten,1,1.987455249263803e-07,0.9999041557312012,1.3066758697277692e-07,9.540368046145886e-05,1.2923814551868418e-07
mink_0215.jpg,mink,0,0.999929666519165,1.5041341612231918e-06,4.545580395642901e-06,2.6785619411384687e-06,6.165482773212716e-05
weasel_0491.jpg,weasel,4,5.6302829761989415e-05,0.135249063372612,0.016897052526474,0.2151099145412445,0.6326875686645508
stoat_0552.jpg,stoat,3,4.0051762795201284e-08,2.84441739495378e-07,1.8040670113350643e-07,0.9998238682746887,0.0001756768033374101
pinemarten_0624.jpg,pinemarten,1,5.1783274557237746e-08,0.9999969005584717,2.3164358253779938e-07,2.830732455549878e-06,2.1304886743678253e-09
pinemarten_0637.jpg,pinemarten,1,1.7552703866385855e-05,0.9999518394470215,2.8431759346858598e-05,1.801092707864882e-06,3.789005234011711e-07
stoat_0726.jpg,stoat,3,6.638070772169158e-06,0.0007623840938322246,0.0072267549112439156,0.9721792340278625,0.019825030118227005
polecat_0374.jpg,polecat,2,1.8481268853065558e-05,4.455423913896084e-05,0.9452718496322632,0.05313025414943695,0.0015348383458331227
mink_0702.jpg,mink,0,0.6617099046707153,0.33816438913345337,4.196075315121561e-05,4.889030606136657e-05,3.485286651994102e-05
mink_0167.jpg,mink,0,0.5754644870758057,0.25605520606040955,0.16148635745048523,0.0069550103507936,3.8946040149312466e-05
weasel_0530.jpg,weasel,4,0.005473228171467781,0.0005589338252320886,0.0007770395022816956,0.00026861514197662473,0.9929221868515015
weasel_0376.jpg,weasel,4,1.5089163980519515e-06,1.0070774436599095e-07,6.142643655948632e-07,0.0001267535553779453,0.999871015548706
weasel_0217.jpg,weasel,4,0.0002489722101017833,3.899962030118331e-05,1.3064121048955712e-05,0.0935995876789093,0.9060993790626526
mink_0913.jpg,mink,0,0.6063111424446106,0.0203239768743515,0.336873322725296,0.00472713727504015,0.03176439180970192
stoat_0958.jpg,stoat,3,3.099345491364147e-08,2.791226982878925e-08,1.0229400686512236e-06,0.9997500777244568,0.00024885355378501117
mink_0361.jpg,mink,0,0.9999978542327881,1.3209943290348747e-06,8.752123221711372e-07,3.185235852853907e-09,2.876014626451706e-08
mink_0902.jpg,mink,0,0.9996811151504517,4.3112839875902864e-07,0.00031825716723687947,1.6156812776557672e-08,7.238577381940559e-08
mink_0522.jpg,mink,0,0.9999958276748657,7.474016001651762e-07,1.5482740423067298e-08,4.97508310104422e-08,3.370479134900961e-06
weasel_0922.jpg,weasel,4,0.3389023244380951,0.004066950641572475,0.002032173564657569,0.06382190436124802,0.5911766290664673
weasel_0826.jpg,weasel,4,6.117621524026617e-05,4.1553246887815476e-07,2.4400910092481354e-07,0.004530424252152443,0.9954076409339905
mink_0900.jpg,mink,0,0.9999998807907104,2.503576546075692e-08,5.63828308486336e-08,2.582053681976504e-08,6.400147611884677e-08
polecat_0904.jpg,polecat,2,7.889974222052842e-05,9.061794844456017e-05,0.9997746348381042,5.4185791668714955e-05,1.608158186172659e-06
stoat_0488.jpg,stoat,3,3.613164434312921e-09,1.1277849409907503e-07,9.210911855461745e-08,0.7530080676078796,0.24699169397354126
polecat_0923.jpg,polecat,2,8.083616194198839e-07,4.5550137883765274e-08,0.9999991655349731,9.052796734465574e-09,4.5127009684620134e-08
mink_0362.jpg,mink,0,0.9824350476264954,0.01629772037267685,0.0005365820834413171,0.0006017265259288251,0.00012894370593130589
polecat_0289.jpg,polecat,2,2.8649033993133344e-05,2.2984495444688946e-05,0.9999428987503052,2.365680757066002e-06,3.042377784368e-06
stoat_0242.jpg,stoat,3,0.0005781107465736568,0.7441280484199524,0.003359132446348667,0.2515582740306854,0.00037646805867552757
polecat_0653.jpg,polecat,2,2.5118799385381863e-05,8.942748763729469e-07,0.9999581575393677,1.5610337868565693e-05,2.8356308234833705e-07
pinemarten_0686.jpg,pinemarten,1,0.04567708075046539,0.3795933425426483,0.5559991002082825,0.013898976147174835,0.004831541329622269
polecat_0452.jpg,polecat,2,4.4335260440675484e-07,5.730474867959856e-07,0.9999772310256958,2.1753898181486875e-05,3.8956060599559805e-09
stoat_0908.jpg,stoat,3,7.51176742141979e-07,3.3060334203582897e-07,2.2016076854924904e-06,0.7804041504859924,0.21959254145622253
mink_0093.jpg,mink,0,0.9999994039535522,5.716026407753816e-08,5.8907158262400117e-08,4.522631229519902e-07,9.745066620325815e-08
mink_0773.jpg,mink,0,0.6088849306106567,0.3819192349910736,0.00914723426103592,1.250303648703266e-05,3.607072721933946e-05
pinemarten_0461.jpg,pinemarten,1,3.040441232116109e-09,0.9999963045120239,1.0890342849734225e-07,3.4869060527853435e-06,6.883364278564841e-08
pinemarten_0980.jpg,pinemarten,1,2.9730312434139705e-08,0.9999979734420776,4.620193561066799e-09,2.0735301404783968e-06,1.9504199144648737e-08
mink_0067.jpg,mink,0,0.9998257756233215,7.850641122786328e-05,9.08252113731578e-05,8.505266464453598e-07,4.0711438487051055e-06
pinemarten_0652.jpg,pinemarten,1,4.185709556736583e-08,0.9985529780387878,0.0014089248143136501,3.698075670399703e-05,1.0355291806263267e-06
stoat_0779.jpg,stoat,3,3.973830189352157e-06,3.292263500043191e-06,3.8834448787383735e-05,0.9994311928749084,0.0005226162611506879
weasel_0720.jpg,weasel,4,6.727971776854247e-05,0.006308132782578468,1.977187139345915e-06,0.7647019624710083,0.2289205938577652
mink_0152.jpg,mink,0,0.9941470623016357,0.002942111110314727,0.002707721898332238,4.7416404413525015e-05,0.00015562980843242258
stoat_0631.jpg,stoat,3,4.9046666390495375e-06,0.00013101263903081417,0.020616712048649788,0.9788691401481628,0.0003781458071898669
polecat_0671.jpg,polecat,2,0.002999480115249753,0.00046173244481906295,0.9964884519577026,4.935761171509512e-05,1.111336473513802e-06
polecat_0167.jpg,polecat,2,9.923416655510664e-05,0.00043523323256522417,0.9991275668144226,0.0003355780791025609,2.3781778963893885e-06
mink_0035.jpg,mink,0,0.9999744892120361,6.197708898980636e-06,1.2799242199434957e-07,4.2788136056515214e-07,1.8682363588595763e-05
mink_0471.jpg,mink,0,0.999993085861206,1.785322183422977e-06,3.486597108803835e-07,1.0926880804618122e-06,3.7388197142718127e-06
weasel_0166.jpg,weasel,4,9.546679211780429e-05,0.00017320996266789734,8.791818981990218e-05,0.1866360753774643,0.8130073547363281
weasel_0470.jpg,weasel,4,0.03566954284906387,0.31760507822036743,0.03822674602270126,0.29772087931632996,0.3107776939868927
polecat_0927.jpg,polecat,2,1.1178432032465935e-05,6.673110419797013e-07,0.9999363422393799,5.131448415340856e-05,4.854415465160855e-07
stoat_0278.jpg,stoat,3,1.456059663951237e-07,5.099842383060604e-06,4.425855681944313e-09,0.999755322933197,0.00023934281489346176
pinemarten_0326.jpg,pinemarten,1,0.00016983987006824464,0.9827956557273865,0.004588151816278696,0.012310359627008438,0.00013590518210548908
stoat_0468.jpg,stoat,3,6.600900519515562e-07,3.344758852108498e-07,6.932197265996365e-06,0.968454122543335,0.031537916511297226
weasel_0068.jpg,weasel,4,1.2375968481137534e-06,5.454701135221285e-09,1.9623079550168399e-10,0.0019454738358035684,0.9980533123016357
mink_0323.jpg,mink,0,0.9999727010726929,9.534027185509331e-07,1.7177468691897957e-07,2.5232753841919475e-07,2.5966803150367923e-05
weasel_0023.jpg,weasel,4,5.4059889897928315e-09,1.039792973944742e-10,1.334901772453989e-10,5.207922640693141e-06,0.9999947547912598
weasel_0949.jpg,weasel,4,2.598033006506739e-07,3.388110059177052e-08,7.942050928022582e-08,0.41989099979400635,0.580108642578125
stoat_0665.jpg,stoat,3,1.2223441672176705e-06,0.0033552274107933044,3.214775574633677e-07,0.9820623993873596,0.014580830931663513
mink_0956.jpg,mink,0,0.4650039076805115,0.5114325881004333,0.02331630326807499,0.00020867162675131112,3.8510192098328844e-05
stoat_0338.jpg,stoat,3,5.0617231295291276e-08,1.9497808807500405e-06,1.2206089650135254e-07,0.9991908669471741,0.000807063071988523
mink_0464.jpg,mink,0,0.9999626874923706,5.2491511581820305e-08,2.3395207904286508e-07,1.2612599675776437e-05,2.446149846946355e-05
mink_0168.jpg,mink,0,0.9999902248382568,3.485875481601397e-07,6.5341382651240565e-06,1.9039869130210718e-06,9.388690500600205e-07
pinemarten_0065.jpg,pinemarten,1,2.2676721611603057e-12,1.0,8.119703520659272e-11,1.2103622104575606e-08,9.462092914747089e-11
stoat_0683.jpg,stoat,3,2.5654171622591093e-05,0.4194478392601013,0.0065169669687747955,0.5360932946205139,0.03791622072458267
pinemarten_0790.jpg,pinemarten,1,0.32421809434890747,0.658881425857544,0.014315998181700706,0.002467583864927292,0.00011696065485011786
pinemarten_0888.jpg,pinemarten,1,1.7438308574924122e-09,0.9999880790710449,7.2858324529079255e-06,2.36910636886023e-06,2.2205451841728063e-06
polecat_0069.jpg,polecat,2,2.574678001110442e-05,0.0003463037428446114,0.4289427101612091,0.5696908831596375,0.0009943911572918296
polecat_0279.jpg,polecat,2,2.8870937285319087e-07,2.073012650427586e-09,0.9999997615814209,1.9154660080289432e-08,2.8321185674418103e-11
pinemarten_0776.jpg,pinemarten,1,0.0006784741999581456,0.9926322102546692,0.004839225672185421,0.0018469990463927388,2.9883699426136445e-06
weasel_0739.jpg,weasel,4,1.8159910908366328e-08,3.93769461481952e-08,6.969506749499033e-09,3.272032699896954e-05,0.9999672174453735
polecat_0678.jpg,polecat,2,0.00030634336872026324,4.098169938515639e-06,0.9996559619903564,2.8637588911806233e-05,4.92279195896117e-06
pinemarten_0770.jpg,pinemarten,1,0.0034693677444010973,0.9963666200637817,1.524145500297891e-05,0.0001474313176004216,1.3156139857528615e-06
polecat_0277.jpg,polecat,2,5.701766349375248e-05,0.34390997886657715,0.5261768698692322,0.00958499126136303,0.12027119845151901
weasel_0254.jpg,weasel,4,1.5907683064142475e-06,1.4326221098315273e-08,5.751441278789571e-08,0.07028032094240189,0.9297179579734802
polecat_0967.jpg,polecat,2,2.697460104172933e-07,2.0530631445581093e-05,0.9999779462814331,1.2072196113876998e-06,1.0602060029896165e-07
polecat_0283.jpg,polecat,2,0.003974759951233864,0.011123225092887878,0.9829936027526855,0.0016566372942179441,0.00025175290647894144
stoat_0704.jpg,stoat,3,3.988807293353602e-05,0.0005562878795899451,7.998449291335419e-06,0.9993778467178345,1.7943950297194533e-05
polecat_0275.jpg,polecat,2,1.1429059668444097e-05,0.005980754271149635,0.9940072298049927,4.967573659087066e-07,9.870261941102854e-09
weasel_0584.jpg,weasel,4,4.829355475521879e-06,0.0002797270135488361,7.524579359596828e-07,0.5499669313430786,0.4497477114200592
pinemarten_0415.jpg,pinemarten,1,2.8333461798979442e-08,0.9999643564224243,9.691060540717444e-07,3.462576569290832e-05,3.78487570174002e-08
stoat_0645.jpg,stoat,3,2.4228559158956386e-09,9.640148590506215e-08,1.6693649058652227e-06,0.9968681931495667,0.003130059689283371
pinemarten_0022.jpg,pinemarten,1,8.49944117362611e-05,0.9996259212493896,3.6434272487895214e-07,0.0002816272899508476,7.0692326517018955e-06
mink_0988.jpg,mink,0,0.7319494485855103,0.2535351812839508,0.014474522322416306,3.930417005904019e-05,1.4670985137854586e-06
weasel_0276.jpg,weasel,4,2.421593990220572e-06,1.6141242667799816e-05,2.4454002414131537e-06,0.5894196629524231,0.4105592966079712
pinemarten_0822.jpg,pinemarten,1,6.84456063027028e-06,0.9977169036865234,9.889724424283486e-06,0.00224232766777277,2.404816223133821e-05
weasel_0985.jpg,weasel,4,9.463270771448151e-07,3.71606709848038e-08,2.640048251123517e-07,0.0804196298122406,0.9195791482925415
mink_0250.jpg,mink,0,0.998212456703186,0.0017004050314426422,5.7684533203428145e-06,7.366068530245684e-06,7.411083788610995e-05
weasel_0650.jpg,weasel,4,0.00011027260188711807,5.290954959491501e-06,6.3856891756586265e-06,0.002301774686202407,0.9975762963294983
stoat_0495.jpg,stoat,3,1.5062507827678928e-06,4.3513195123523474e-05,2.6329262254876085e-05,0.8984265923500061,0.10150215774774551
mink_0527.jpg,mink,0,0.9998582601547241,0.00014122383436188102,4.859762157138903e-07,1.052750242536149e-08,1.475710109666295e-10
polecat_0984.jpg,polecat,2,0.002484493190422654,0.0007699853740632534,0.9967188239097595,2.6378551410743967e-05,3.243144135467446e-07
weasel_0430.jpg,weasel,4,2.998457704350699e-09,2.6090660298905277e-07,5.2059643707025316e-08,0.01405063085258007,0.9859490990638733
polecat_0931.jpg,polecat,2,0.031842201948165894,0.02709321677684784,0.9395514726638794,0.0015086450148373842,4.476431968214456e-06
polecat_0767.jpg,polecat,2,5.5844620874268e-06,0.00032485960400663316,0.9996695518493652,5.065075114885076e-08,1.0159693086819743e-09
weasel_0512.jpg,weasel,4,3.929393699309003e-09,5.605323982749155e-10,1.3707557400266523e-06,1.2170539775979705e-06,0.9999974966049194
mink_0356.jpg,mink,0,0.9989387392997742,1.399805285018374e-07,0.0009640596690587699,8.104667358566076e-06,8.890278695616871e-05
mink_0283.jpg,mink,0,0.9945862293243408,0.005359166767448187,4.5932847569929436e-05,6.9821248871448915e-06,1.6156138826772803e-06
stoat_0148.jpg,stoat,3,0.007919483818113804,0.657771646976471,0.18480028212070465,0.149307519197464,0.0002010438620345667
pinemarten_0865.jpg,pinemarten,1,2.854997319445829e-06,0.9997404217720032,0.00018719673971645534,5.3672159992856905e-05,1.588956729392521e-05
weasel_0892.jpg,weasel,4,2.1416316542399727e-07,3.337778409218117e-08,3.002144808306184e-07,0.03871902450919151,0.961280345916748
mink_0224.jpg,mink,0,0.988857090473175,1.3525464964914136e-05,0.011115135625004768,1.2098126717319246e-05,2.2340261693898356e-06
polecat_0462.jpg,polecat,2,0.0018894189270213246,0.3688090741634369,0.16675366461277008,0.0027659162878990173,0.4597819745540619
weasel_0114.jpg,weasel,4,4.051404630445177e-06,8.27184692298033e-07,1.806154159567086e-07,0.025608953088521957,0.9743859171867371
polecat_0155.jpg,polecat,2,1.0964216926367953e-05,0.04379729554057121,0.95607590675354,0.00011538063699845225,4.6550508159270976e-07
weasel_0652.jpg,weasel,4,9.077883333930004e-09,2.2365105323274292e-08,4.655918761642397e-09,0.00021669897250831127,0.9997833371162415
polecat_0497.jpg,polecat,2,0.0008358094491995871,1.3098400813760236e-05,0.9987939596176147,0.0002640060556586832,9.315057104686275e-05
pinemarten_0862.jpg,pinemarten,1,2.7542751922737807e-05,0.9997548460960388,1.4497318261419423e-06,0.00021591695258393884,2.527826268305944e-07
stoat_0095.jpg,stoat,3,4.647630703402683e-05,0.00029884916148148477,0.0024318352807313204,0.995267927646637,0.0019548223353922367
mink_0160.jpg,mink,0,0.9264442324638367,0.009529228322207928,0.004867160692811012,0.05442996695637703,0.004729398060590029
mink_0526.jpg,mink,0,0.9998955726623535,3.1558394653075084e-07,0.00010237791866529733,1.1998321269857115e-06,5.112570420351403e-07
weasel_0944.jpg,weasel,4,6.788078543706888e-09,6.594932377979035e-10,2.1462690999451972e-11,0.0010904703522101045,0.9989094734191895
mink_0107.jpg,mink,0,0.9994989633560181,5.383629832067527e-05,2.532735925342422e-05,0.00018589461978990585,0.00023591009085066617
polecat_0552.jpg,polecat,2,2.068770663754549e-05,2.0942246919730678e-05,0.999957799911499,4.930299724037468e-07,2.553237443692069e-08
mink_0907.jpg,mink,0,0.9648431539535522,0.0349811315536499,0.00017425605619791895,1.1273888276264188e-06,3.3957533673856233e-07
pinemarten_0493.jpg,pinemarten,1,9.927854982549889e-09,0.9999961853027344,4.33276241551539e-08,3.7355703170760535e-06,1.2456407461058916e-08
weasel_0279.jpg,weasel,4,0.00011620448640314862,0.025463750585913658,0.031003715470433235,0.14165838062763214,0.8017578721046448
weasel_0141.jpg,weasel,4,2.6517869855524623e-07,1.0690340168650891e-08,1.5283267984500526e-08,0.00491776317358017,0.9950820207595825
pinemarten_0758.jpg,pinemarten,1,7.136115527828224e-06,0.9997833371162415,1.640607661101967e-05,0.00018390931654721498,9.23576135392068e-06
stoat_0471.jpg,stoat,3,2.314163612027187e-05,0.0023482025135308504,1.9298513507237658e-05,0.987128496170044,0.010480845347046852
polecat_0447.jpg,polecat,2,0.006776468362659216,0.4766191244125366,0.3869616389274597,0.08542241901159286,0.044220346957445145
stoat_0714.jpg,stoat,3,0.00023136928211897612,0.000650293193757534,0.012654914520680904,0.9849591851234436,0.0015042397426441312
pinemarten_0764.jpg,pinemarten,1,0.974787712097168,0.024229561910033226,0.0009614218724891543,1.7343338186037727e-05,3.784025693676085e-06
pinemarten_0373.jpg,pinemarten,1,8.168748455439356e-10,1.0,2.4755952496291478e-11,1.0105742909161108e-08,1.9152479949213763e-11
stoat_0371.jpg,stoat,3,5.545315762134351e-09,3.2098417257486744e-09,8.04251669705991e-08,0.9129717350006104,0.0870281383395195
stoat_0827.jpg,stoat,3,1.734339093673043e-06,2.2275777666891372e-07,1.1688024414979736e-06,0.9815562963485718,0.01844051294028759
pinemarten_0377.jpg,pinemarten,1,9.063836486911114e-11,1.0,1.0367319447368573e-08,2.7744757602476966e-08,1.5692719346205308e-10
pinemarten_0059.jpg,pinemarten,1,0.00041264030733145773,0.9978339076042175,5.2113424317212775e-05,0.0016999969957396388,1.3433148069452727e-06
pinemarten_0205.jpg,pinemarten,1,0.042102374136447906,0.9427499771118164,0.007620872929692268,0.007087455131113529,0.0004393234848976135
stoat_0626.jpg,stoat,3,0.0001645789307076484,0.06905095279216766,0.0004539302026387304,0.922892689704895,0.007437848020344973
mink_0855.jpg,mink,0,1.0,3.411164906097497e-09,5.710877257203428e-11,1.9059590711245633e-11,6.135475461022111e-10
weasel_0836.jpg,weasel,4,6.318097803159617e-06,9.824064363783691e-06,1.2782853886506018e-08,0.04105697199702263,0.9589268565177917
polecat_0588.jpg,polecat,2,3.4911361581180245e-05,2.756411561222194e-07,0.999964714050293,1.1648896247606899e-07,1.296100382575105e-08
polecat_0862.jpg,polecat,2,3.5433247830951586e-05,4.3818943140649935e-07,0.9999637603759766,3.157186370117415e-07,6.221578985332599e-08
pinemarten_0553.jpg,pinemarten,1,6.895676807339157e-10,0.9999991655349731,6.179117661986311e-08,7.467629075108562e-07,5.16226528191055e-08
polecat_0530.jpg,polecat,2,0.0007906690007075667,0.0003984881332144141,0.9987890124320984,2.0616009351215325e-05,1.2898578916065162e-06
stoat_0132.jpg,stoat,3,3.0022103601368144e-05,1.0941251105123229e-07,4.6572719725190836e-07,0.9927710890769958,0.007198306266218424
pinemarten_0820.jpg,pinemarten,1,0.00011833081225631759,0.8979344964027405,0.08738170564174652,0.0050301277078688145,0.009535344317555428
weasel_0932.jpg,weasel,4,5.627595237456262e-05,1.199309025423645e-07,2.7548182401915255e-07,0.0006910488591529429,0.9992523789405823
pinemarten_0800.jpg,pinemarten,1,7.421112240990624e-05,0.9952096343040466,0.00010039874177891761,0.004613992292433977,1.7487453760622884e-06
pinemarten_0140.jpg,pinemarten,1,0.0005246348446235061,0.9988478422164917,0.00010010019468609244,0.0005258904420770705,1.5069182381921564e-06
pinemarten_0445.jpg,pinemarten,1,9.710550141761587e-10,0.9999998807907104,1.3802265641515987e-07,6.51290466002763e-10,3.8060765476799485e-12
mink_0966.jpg,mink,0,0.9999864101409912,2.542777792768902e-07,4.00966093661026e-10,6.402897270163521e-07,1.2631520803552121e-05
weasel_0685.jpg,weasel,4,0.007974234409630299,4.400488080591458e-07,1.750291289681627e-07,0.1823750138282776,0.809650182723999
mink_0730.jpg,mink,0,0.7320720553398132,0.22327680885791779,0.044527508318424225,6.684854452032596e-05,5.678320303559303e-05
polecat_0824.jpg,polecat,2,0.00017756459419615567,2.060426709249441e-07,0.9998179078102112,4.28781777372933e-06,2.5256516877902868e-08
pinemarten_0987.jpg,pinemarten,1,0.0007348835351876915,0.8867647051811218,0.09638409316539764,9.106316429097205e-05,0.016025282442569733
mink_0999.jpg,mink,0,0.28332141041755676,0.7114897966384888,0.0036924469750374556,0.001301031094044447,0.00019533182785380632
stoat_0112.jpg,stoat,3,1.251672987478969e-09,1.369458990652106e-10,1.3152117173120814e-09,0.9888155460357666,0.011184473522007465
polecat_0353.jpg,polecat,2,4.381593896596314e-07,1.1397025190262866e-07,0.9999648332595825,3.455439582467079e-05,1.8688997016624853e-08
polecat_0959.jpg,polecat,2,0.00044577481457963586,1.7937217933194916e-08,0.999553382396698,6.715100653309491e-07,8.369012505227147e-08
mink_0632.jpg,mink,0,0.9917559623718262,0.000823831360321492,0.0034055071882903576,0.003831948386505246,0.00018282282690051943
weasel_0901.jpg,weasel,4,9.101611794903874e-05,0.022493230178952217,0.0004560892703011632,0.22222378849983215,0.7547358870506287
pinemarten_0317.jpg,pinemarten,1,0.005685680080205202,0.8930234909057617,1.5784302149768337e-06,0.10036152601242065,0.0009277070057578385
mink_0531.jpg,mink,0,0.9999622106552124,7.5491138886718545e-06,1.2805861842934974e-05,7.561809525213903e-06,9.91882825474022e-06
stoat_0497.jpg,stoat,3,9.68773165368475e-05,0.0012232771841809154,0.0006831311038695276,0.9866227507591248,0.01137391198426485
mink_0366.jpg,mink,0,0.9999970197677612,8.84742405560246e-07,1.7610412896829075e-06,2.516185304557439e-07,2.68845976592047e-08
stoat_0313.jpg,stoat,3,1.3445131799016963e-06,1.7364007476317056e-07,7.267613000294659e-06,0.981347918510437,0.018643394112586975
polecat_0020.jpg,polecat,2,0.0002673509588930756,1.6453202988486737e-05,0.9720931649208069,0.0094944192096591,0.018128640949726105
polecat_0544.jpg,polecat,2,0.0002680228208191693,1.7079717508750036e-05,0.9997037053108215,8.749820153752808e-06,2.399648792561493e-06
weasel_0035.jpg,weasel,4,1.9473404790915083e-06,3.7636498745996505e-05,2.403333155598375e-06,0.0780293196439743,0.9219287037849426
mink_0104.jpg,mink,0,0.9998528957366943,2.1732716959377285e-07,0.00014215396367944777,9.716288786876248e-07,3.6526732856145827e-06
mink_0958.jpg,mink,0,0.9993859529495239,0.00037046390934847295,1.3098934914523852e-06,9.432623483007774e-05,0.00014799433120060712
pinemarten_0605.jpg,pinemarten,1,2.5332775521746953e-07,0.9999061822891235,4.167705114355158e-08,8.168438944267109e-05,1.1915577488252893e-05
mink_0304.jpg,mink,0,0.9998877048492432,1.320921910519246e-06,0.00011073395580751821,1.5841881406686298e-07,9.033544756675838e-08
stoat_0310.jpg,stoat,3,4.7159414151565215e-08,7.727880074526183e-06,9.203754558484434e-08,0.9239175915718079,0.07607458531856537
stoat_0981.jpg,stoat,3,1.3469896487094957e-07,2.5325778096885188e-06,1.2266698377061402e-06,0.81602942943573,0.18396663665771484
weasel_0332.jpg,weasel,4,3.4948479310514813e-07,2.136362809324055e-06,3.9561124140163884e-05,0.00032962969271466136,0.9996283054351807
polecat_0337.jpg,polecat,2,0.00011320694466121495,0.010934184305369854,0.9732580184936523,0.011486717499792576,0.004207865800708532
pinemarten_0664.jpg,pinemarten,1,5.993465947540244e-06,0.9999901056289673,1.3489730008586776e-06,2.4890473468985874e-06,7.4201049748978676e-09
pinemarten_0783.jpg,pinemarten,1,0.003246264299377799,0.8390974402427673,0.09654562920331955,0.035174787044525146,0.025935839861631393
mink_0346.jpg,mink,0,0.9995654225349426,3.599559022404719e-06,0.00043082929914817214,3.637802947764612e-08,3.5861276614923554e-08
weasel_0459.jpg,weasel,4,1.533665283659502e-08,7.653791271877708e-07,2.3350612110561997e-08,7.676532550249249e-05,0.999922513961792
stoat_0926.jpg,stoat,3,0.006211672443896532,0.0009192420402541757,0.0003514491254463792,0.9924691319465637,4.8431109462399036e-05
weasel_0909.jpg,weasel,4,6.918181725268369e-07,4.975550382368965e-06,4.6623685534541437e-07,0.09975041449069977,0.9002435207366943
pinemarten_0917.jpg,pinemarten,1,6.508516747771864e-08,0.999984860420227,1.496056211180985e-05,1.2705015706160339e-07,5.784443590783894e-09
pinemarten_0330.jpg,pinemarten,1,0.03687005117535591,0.9200156331062317,0.00032001399085856974,0.04260771721601486,0.00018655037274584174
weasel_0610.jpg,weasel,4,1.0137406434296281e-06,2.0586080040629895e-07,5.88551429814288e-08,0.01955445669591427,0.9804441928863525
stoat_0226.jpg,stoat,3,9.733252426258332e-08,3.4689708172663813e-07,1.575850319568417e-06,0.9925409555435181,0.007456945721060038
stoat_0685.jpg,stoat,3,0.00047133295447565615,0.06744705140590668,1.4379840649780817e-05,0.9307981729507446,0.001269116997718811
stoat_0033.jpg,stoat,3,1.8587649475154677e-10,9.573062698109425e-08,3.1030214131533285e-07,0.9962537288665771,0.003745776368305087
stoat_0323.jpg,stoat,3,5.3987267989441534e-08,0.00019024308130610734,8.699154250280117e-07,0.9979178309440613,0.00189104862511158
pinemarten_0040.jpg,pinemarten,1,1.441932129253587e-09,0.9999892711639404,1.663693766085217e-10,1.0730501344369259e-05,1.2431108364907573e-09
polecat_0119.jpg,polecat,2,5.525142478290945e-05,0.002208806574344635,0.9948037266731262,0.0028960404451936483,3.6223642382537946e-05
stoat_0851.jpg,stoat,3,1.6255999071290717e-05,5.887027327844407e-06,8.84471660356212e-08,0.9135245084762573,0.08645328134298325
mink_0047.jpg,mink,0,0.9926581978797913,0.006960119120776653,0.00038111128378659487,3.61776926638413e-07,1.1206663685925378e-07
stoat_0538.jpg,stoat,3,3.139428628173846e-08,2.7223609322390985e-07,1.7441388990846463e-06,0.9627313017845154,0.03726668283343315
stoat_0029.jpg,stoat,3,6.18086826165154e-09,4.914107520903599e-08,2.7509182487506223e-08,0.9999568462371826,4.3115571315865964e-05
pinemarten_0623.jpg,pinemarten,1,6.602586836379487e-06,0.9843453764915466,2.1076899429317564e-05,0.01555804442614317,6.888680945849046e-05
stoat_0379.jpg,stoat,3,0.0009296752396039665,0.13817262649536133,0.0014593389350920916,0.8582362532615662,0.0012021539732813835
weasel_0066.jpg,weasel,4,6.4229808138804856e-09,5.127143509753296e-08,7.833513393507019e-08,0.00048726380919106305,0.9995125532150269
mink_0717.jpg,mink,0,0.999998927116394,1.1232356200707727e-06,7.727479101049539e-09,3.380950852616138e-09,8.975495902063813e-09
weasel_0262.jpg,weasel,4,2.2615979105466977e-05,2.933083123934921e-06,2.4685071764452005e-08,0.07312324643135071,0.9268511533737183
mink_0668.jpg,mink,0,0.9579946398735046,0.007088541053235531,0.01716199517250061,0.017125559970736504,0.0006292986799962819
mink_0758.jpg,mink,0,0.9807412028312683,0.011977859772741795,0.002373993629589677,0.004388371482491493,0.0005185659392736852
pinemarten_0572.jpg,pinemarten,1,1.5210707715596072e-07,0.9922006726264954,0.00012533992412500083,0.007604458834975958,6.939993181731552e-05
stoat_0111.jpg,stoat,3,1.8537214145908365e-06,4.672348586609587e-05,9.71172156027933e-08,0.999915361404419,3.594988083932549e-05
stoat_0654.jpg,stoat,3,4.076056825397245e-07,0.00026645115576684475,1.3198308579376317e-07,0.9990309476852417,0.0007020736229605973
mink_0292.jpg,mink,0,0.9337019324302673,0.06074878200888634,0.0046060169115662575,0.0009241008665412664,1.9119905118714087e-05
pinemarten_0773.jpg,pinemarten,1,4.757391070597805e-05,0.9996262788772583,2.0653912997659063e-06,0.000312231743009761,1.1875264135596808e-05
stoat_0916.jpg,stoat,3,2.189839198862842e-09,9.412068635583637e-08,4.445855950052646e-07,0.9990087747573853,0.0009906640043482184
stoat_0834.jpg,stoat,3,1.771272650330502e-06,2.5571731043783075e-07,3.680665759020485e-05,0.49852484464645386,0.5014362931251526
stoat_0980.jpg,stoat,3,0.00011095895752077922,2.1400333935162053e-05,0.009141866117715836,0.8439623117446899,0.146763414144516
stoat_0619.jpg,stoat,3,4.784702923643636e-06,1.253746904694708e-05,6.034099442331353e-07,0.99519944190979,0.004782611969858408
mink_0427.jpg,mink,0,0.9932409524917603,5.1579540013335645e-05,0.006707014050334692,2.3424536266247742e-07,2.3935939452712773e-07
polecat_0673.jpg,polecat,2,1.667234391788952e-05,1.0673199540178757e-05,0.9999725818634033,2.5820423132927317e-08,3.3505611618522835e-09
pinemarten_0857.jpg,pinemarten,1,2.81005741271656e-05,0.9998021721839905,3.8679288991261274e-05,0.00013087330444250256,1.779468448148691e-07
mink_0826.jpg,mink,0,0.999728262424469,8.202877506846562e-05,0.0001897769543575123,3.3530156429151248e-09,1.1436257274510808e-08
weasel_0881.jpg,weasel,4,5.959882543038475e-08,1.2515964264991908e-08,7.065069418388248e-09,0.001264072023332119,0.9987358450889587
polecat_0132.jpg,polecat,2,4.9144199820716494e-09,1.5823954527149908e-05,0.9999618530273438,2.024336481554201e-06,2.0284982383600436e-05
polecat_0385.jpg,polecat,2,5.4079013352748007e-05,0.0003185923269484192,0.9996236562728882,3.5737891721510096e-06,4.3514024383739525e-08
pinemarten_0089.jpg,pinemarten,1,0.0034470297396183014,0.9963602423667908,0.0001896140311146155,2.1659238313986862e-07,2.9089251256664284e-06
polecat_0296.jpg,polecat,2,0.007120779249817133,0.0473468042910099,0.9450158476829529,4.5161828893469647e-05,0.00047138112131506205
pinemarten_0469.jpg,pinemarten,1,1.2913882585507963e-07,0.9999992847442627,3.5040389434470853e-07,2.7048980655308696e-07,8.996506872804844e-10
polecat_0454.jpg,polecat,2,1.3327031410881318e-05,1.4278870139605715e-06,0.9999117851257324,5.866137507837266e-05,1.4848588762106374e-05
pinemarten_0914.jpg,pinemarten,1,0.0005104728625155985,0.9990944862365723,0.00010570831364020705,0.00028676187503151596,2.5149636257992825e-06
stoat_0613.jpg,stoat,3,7.641011734449421e-08,0.0001081094887922518,0.0002184683980885893,0.986555814743042,0.013117616064846516
pinemarten_0666.jpg,pinemarten,1,0.00017393917369190603,0.9994014501571655,6.012920130160637e-05,0.00020476581994444132,0.0001597084483364597
pinemarten_0234.jpg,pinemarten,1,0.0005267086089588702,0.9906638860702515,0.0004200320690870285,0.004703613463789225,0.0036857102531939745
stoat_0796.jpg,stoat,3,6.154065701480249e-09,0.00016848408267833292,8.665818313602358e-06,0.9998225569725037,2.837913370967726e-07
pinemarten_0512.jpg,pinemarten,1,5.8499292521219104e-08,0.9999998807907104,4.701175448929007e-09,3.2183403164687263e-10,1.3558675016067667e-11
weasel_0603.jpg,weasel,4,0.000514555664267391,6.326902735054318e-08,6.778958505648802e-10,0.008921301923692226,0.9905639886856079
weasel_0195.jpg,weasel,4,0.003674575826153159,0.7807930707931519,6.290082819759846e-05,0.1971329301595688,0.018336433917284012
pinemarten_0922.jpg,pinemarten,1,6.433463568100706e-05,0.9988425374031067,2.697156014619395e-05,0.0010062616784125566,5.98587685090024e-05
polecat_0995.jpg,polecat,2,2.9044611437711865e-05,7.689151715339904e-08,0.9999700784683228,5.41230349426769e-07,3.123425074136321e-07
weasel_0428.jpg,weasel,4,0.00013985326222609729,7.3841747507685795e-06,4.208903021662991e-07,0.01385602355003357,0.9859963059425354
polecat_0600.jpg,polecat,2,0.00015531230019405484,0.00012977831647731364,0.999714195728302,4.355601674888021e-07,2.630947051329713e-07
weasel_0306.jpg,weasel,4,3.9353917600237764e-06,1.0194140642738603e-08,5.896029051655205e-07,0.10811182856559753,0.8918835520744324
weasel_0759.jpg,weasel,4,2.879042312997626e-06,3.6576573620550334e-05,1.0740486686700024e-05,0.000651443493552506,0.9992983341217041
weasel_0545.jpg,weasel,4,3.781776740652276e-06,0.0009161136113107204,0.003587793791666627,0.00322270137257874,0.9922696352005005
mink_0406.jpg,mink,0,0.9998883008956909,0.00010771498637041077,1.2622055622912853e-09,4.4877717186864174e-07,3.6051610550202895e-06
stoat_0434.jpg,stoat,3,0.00010577124339761212,0.002175655448809266,4.471260126592824e-06,0.9963381290435791,0.001375935971736908
pinemarten_0552.jpg,pinemarten,1,0.00030833377968519926,0.9995796084403992,1.236903983681259e-07,9.947741637006402e-05,1.2399157640174963e-05
pinemarten_0475.jpg,pinemarten,1,4.8659883759683e-05,0.9999512434005737,6.29618241987373e-08,4.199108616376179e-08,1.0435350361603923e-09
weasel_0624.jpg,weasel,4,1.1123467480445015e-08,5.04682446944571e-08,3.659077207895933e-11,0.0037425123155117035,0.9962574243545532
weasel_0253.jpg,weasel,4,4.20362807063146e-11,3.457981817556188e-11,1.520793213583005e-11,1.1022575563401915e-05,0.9999890327453613
pinemarten_0039.jpg,pinemarten,1,0.004667285829782486,0.9833576083183289,0.001973449718207121,0.009842263534665108,0.00015938770957291126
mink_0290.jpg,mink,0,0.45626240968704224,0.522203266620636,0.021474428474903107,5.155733015271835e-05,8.3361410361249e-06
polecat_0268.jpg,polecat,2,7.648550308658741e-07,8.893812797339251e-09,0.9999871253967285,1.2151852388342377e-05,3.5646041673942364e-09
mink_0174.jpg,mink,0,0.8789479732513428,0.0001179683895315975,7.343473498622188e-06,0.1209224984049797,4.244940555508947e-06
weasel_0509.jpg,weasel,4,0.005765980575233698,0.016196172684431076,0.0025987031403928995,0.017480669543147087,0.9579585194587708
polecat_0013.jpg,polecat,2,2.1831347396528145e-07,0.0009835953824222088,0.9990161657333374,2.6683649068104387e-08,3.000126258534408e-10
mink_0076.jpg,mink,0,0.9984939098358154,0.0010690311901271343,7.986724085640162e-05,0.0003227111301384866,3.4518441680120304e-05
pinemarten_0142.jpg,pinemarten,1,1.1809462193923537e-05,0.8727261424064636,0.12723855674266815,2.2495647499454208e-05,1.049919205797778e-06
pinemarten_0121.jpg,pinemarten,1,1.6080863929346378e-07,0.999514102935791,6.424072296340455e-08,0.00048430857714265585,1.2779078133462463e-06
stoat_0767.jpg,stoat,3,7.161024200286192e-07,0.00018197107419837266,7.702891480221297e-07,0.9979631900787354,0.0018533739494159818
weasel_0208.jpg,weasel,4,7.761604138067923e-06,1.58613215717196e-06,1.6174827521808766e-07,0.11894859373569489,0.8810418248176575
pinemarten_0394.jpg,pinemarten,1,4.5781438529957086e-05,0.9982969164848328,5.717712610930903e-06,0.0016501283971592784,1.4390628848559572e-06
stoat_0158.jpg,stoat,3,5.723652066080831e-06,1.5356595213233959e-06,2.0082156382272842e-08,0.9774876236915588,0.022505102679133415
polecat_0445.jpg,polecat,2,1.5801704833506847e-08,0.0002541207068134099,0.9661933779716492,0.03355195000767708,5.109808967063145e-07
pinemarten_0422.jpg,pinemarten,1,3.3003697552658195e-08,0.9999905824661255,9.407753168488853e-06,4.136851927682983e-08,3.7426448051824934e-10
weasel_0265.jpg,weasel,4,2.1167492758600304e-10,3.797533468241632e-11,1.0662015714757445e-09,0.0001000429256237112,0.9998999834060669
polecat_0493.jpg,polecat,2,7.80806385591859e-06,1.92016344158219e-07,0.9999918937683105,4.9212587782676565e-08,4.296450750729264e-09
pinemarten_0024.jpg,pinemarten,1,0.00016492368013132364,0.9997405409812927,9.384163422510028e-05,6.45652619368775e-07,4.207891990404278e-08
polecat_0883.jpg,polecat,2,8.65770925884135e-06,0.0002395302290096879,0.999749481678009,1.9940646325267153e-06,2.449519058700389e-07
pinemarten_0808.jpg,pinemarten,1,6.703013696096605e-06,0.9917250871658325,0.007601484656333923,0.0006639516795985401,2.7833596050186316e-06
mink_0264.jpg,mink,0,0.001462155138142407,0.21299736201763153,0.04677918180823326,0.7385953664779663,0.0001659049157751724
weasel_0598.jpg,weasel,4,2.4885494553927856e-07,1.2928241631016135e-05,1.0863574061659165e-05,0.9879928827285767,0.011983022093772888
mink_0277.jpg,mink,0,0.16473174095153809,0.8351925611495972,8.841312592267059e-06,5.95260426052846e-05,7.293168891919777e-06
mink_0043.jpg,mink,0,0.9995809197425842,0.00012786942534148693,8.805925972410478e-06,0.00023856550978962332,4.389383320813067e-05
pinemarten_0633.jpg,pinemarten,1,6.267713160923449e-06,0.98638516664505,0.011269298382103443,0.0022260001860558987,0.00011330745473969728
mink_0813.jpg,mink,0,0.9174198508262634,0.07589810341596603,0.002515499945729971,0.0033341331873089075,0.0008324878290295601
mink_0381.jpg,mink,0,0.9391319155693054,0.051044367253780365,0.008688192814588547,0.001113959471695125,2.144193604181055e-05
pinemarten_0632.jpg,pinemarten,1,0.013709533028304577,0.9852342009544373,2.2467533199233003e-05,0.0006034027319401503,0.00043037690920755267
weasel_0748.jpg,weasel,4,2.986012077599298e-07,6.406191005225992e-06,1.0270664319023126e-07,0.08960472047328949,0.9103884696960449
mink_0897.jpg,mink,0,0.9993280172348022,6.492017519121873e-07,0.000671123736537993,4.0228762543392804e-08,1.4078561605401774e-07
polecat_0979.jpg,polecat,2,0.0007849438698031008,0.00011229077790630981,0.9985435009002686,0.00021105041378177702,0.0003483248292468488
mink_0747.jpg,mink,0,0.999932050704956,1.4308078277736058e-07,3.1049985693698545e-08,1.6540861906833015e-06,6.620526983169839e-05
stoat_0228.jpg,stoat,3,0.0010861310875043273,0.0008301640045829117,0.005988826509565115,0.9883618950843811,0.0037329853512346745
stoat_0431.jpg,stoat,3,1.0019126420957036e-05,4.693290975410491e-06,2.9349200758588267e-06,0.9997857213020325,0.00019663218699861318
weasel_0941.jpg,weasel,4,2.1917572667007335e-05,4.2847614345475904e-11,1.0768331293320443e-07,0.0015751068713143468,0.9984028935432434
polecat_0719.jpg,polecat,2,1.0563736196900209e-07,1.5677672493552564e-09,0.9999996423721313,2.724570151713124e-07,9.723322591526085e-09
stoat_0996.jpg,stoat,3,5.1845592679455876e-05,1.8944716657642857e-06,1.1394048669899348e-05,0.9927728772163391,0.007161958608776331
stoat_0182.jpg,stoat,3,3.2377207048739365e-07,6.87556603224948e-05,9.241617249244882e-07,0.9998692274093628,6.0721224144799635e-05
mink_0335.jpg,mink,0,0.9875167012214661,0.008836948312819004,0.00323378574103117,0.0003674156905617565,4.5102162403054535e-05
pinemarten_0601.jpg,pinemarten,1,1.395839888118644e-09,0.9999971389770508,1.5349963522481858e-09,2.8423298772395356e-06,9.67156399411806e-09
stoat_0937.jpg,stoat,3,6.4205833041341975e-06,1.5208198419713881e-05,3.712510806508362e-05,0.9887754917144775,0.011165818199515343
weasel_0492.jpg,weasel,4,3.748578455997631e-05,0.009335820563137531,0.0072379750199615955,0.0971423014998436,0.886246383190155
polecat_0365.jpg,polecat,2,7.354686317739834e-07,0.002996319904923439,0.9887804985046387,0.0076443469151854515,0.0005781889776699245
pinemarten_0564.jpg,pinemarten,1,1.210564022358085e-07,0.9999964237213135,3.3008138871082338e-06,1.5743577819193888e-07,6.35920027747261e-09
pinemarten_0009.jpg,pinemarten,1,0.00013078420306555927,0.9998058676719666,6.318903615465388e-05,1.0364027502873796e-07,1.4141641635490032e-08
weasel_0614.jpg,weasel,4,3.89166125387419e-05,1.0343038411519956e-05,4.516244734986685e-05,0.11601752787828445,0.8838880062103271
polecat_0508.jpg,polecat,2,4.863421963818837e-06,6.038717401679605e-07,0.9999945163726807,3.828181860399127e-08,8.763705872105731e-10
weasel_0360.jpg,weasel,4,0.04218630492687225,0.0009800242260098457,1.1323947546770796e-05,0.9111418724060059,0.04568047448992729
stoat_0971.jpg,stoat,3,2.0029770894325338e-05,0.0004890045966021717,0.00024160274188034236,0.9992266893386841,2.2757543774787337e-05
pinemarten_0277.jpg,pinemarten,1,5.8575319599185605e-06,0.9999873638153076,1.3296014458319405e-06,5.344092187442584e-06,3.3444955249706254e-08
weasel_0056.jpg,weasel,4,1.093696133658284e-09,6.420387832495322e-11,3.447109264698156e-11,1.4947459021641407e-05,0.9999850988388062
stoat_0007.jpg,stoat,3,5.509764378075488e-06,3.576897597667994e-06,1.6284578805425554e-06,0.9649924635887146,0.034996822476387024
weasel_0539.jpg,weasel,4,0.00010246409510727972,0.0035062909591943026,0.0006719157099723816,0.13273029029369354,0.8629890084266663
pinemarten_0930.jpg,pinemarten,1,2.9475155315594748e-05,0.9996758699417114,0.0002860563399735838,8.597397936682682e-06,3.9752464431330736e-08
polecat_0028.jpg,polecat,2,0.00024328961444552988,7.377293059107615e-06,0.9925137162208557,0.007230961695313454,4.6183181439118925e-06
polecat_0500.jpg,polecat,2,0.0019510589772835374,5.049321885053359e-07,0.9980455636978149,2.798537707349169e-06,1.6955502557536306e-09
pinemarten_0388.jpg,pinemarten,1,0.0012357929954305291,0.998763918876648,2.602820643460291e-07,1.23848975519536e-08,4.571400147312943e-09
pinemarten_0151.jpg,pinemarten,1,1.217335125147656e-06,0.9556113481521606,0.00023670446535106748,0.04399053007364273,0.00016020717157516629
polecat_0871.jpg,polecat,2,0.00014840449148323387,5.817542114527896e-05,0.9997920393943787,1.2764613757099141e-06,7.926434619776046e-08
stoat_0127.jpg,stoat,3,3.08942649240862e-09,4.6148123544753616e-08,3.509512225718936e-06,0.9947109222412109,0.005285595543682575
pinemarten_0653.jpg,pinemarten,1,3.9794136341697595e-07,0.999859094619751,6.647106829404947e-07,0.00013841348118148744,1.4008846846991219e-06
stoat_0999.jpg,stoat,3,3.0653045541839674e-05,0.06668967753648758,0.00016812469402793795,0.9319601655006409,0.0011513576610013843
pinemarten_0098.jpg,pinemarten,1,6.974995869768463e-08,0.9997088313102722,3.449366658969666e-07,0.0002902543928939849,4.0399700651505555e-07
polecat_0905.jpg,polecat,2,0.07261528819799423,0.13774755597114563,0.07727638632059097,0.6773220896720886,0.0350387841463089
stoat_0272.jpg,stoat,3,4.399365570861846e-05,0.00011178610293427482,3.379029521966004e-06,0.999301552772522,0.0005393578321672976
polecat_0398.jpg,polecat,2,0.0015026716282591224,0.0017863995162770152,0.019583357498049736,0.7599220871925354,0.21720543503761292
polecat_0773.jpg,polecat,2,1.6367367834391189e-06,1.8398313983425396e-09,0.9999983310699463,4.30319708755178e-08,8.18703593807868e-09
mink_0908.jpg,mink,0,0.9997668862342834,3.486295327093103e-06,0.00019980990327894688,1.192803665617248e-05,1.7905626009451225e-05
stoat_0522.jpg,stoat,3,3.1286454316159507e-08,0.002218556124716997,8.228730763448766e-08,0.9970577955245972,0.0007234912482090294
polecat_0272.jpg,polecat,2,5.161733156455739e-07,1.1411124432925135e-05,0.9999880790710449,2.540170385145757e-08,1.3000996723633307e-08
stoat_0041.jpg,stoat,3,0.0015993693377822638,8.791818254394457e-05,0.00031605796539224684,0.9831460118293762,0.014850584790110588
stoat_0048.jpg,stoat,3,6.291111986911346e-08,7.383331990240549e-07,3.451510224294907e-07,0.701331615447998,0.29866716265678406
mink_0854.jpg,mink,0,0.9988937973976135,0.00024639390176162124,0.0008484031422995031,4.643175998353399e-06,6.7526766542869154e-06
stoat_0317.jpg,stoat,3,0.0005187109345570207,0.001068101148121059,0.0001540232915431261,0.9954037666320801,0.002855380531400442
weasel_0268.jpg,weasel,4,1.0706723514886107e-05,2.141215190931689e-05,2.103234464811976e-06,0.11614938825368881,0.8838163614273071
stoat_0526.jpg,stoat,3,1.4465635445048974e-07,7.267582873282663e-07,5.858267286384944e-06,0.9994301199913025,0.0005631055682897568
weasel_0315.jpg,weasel,4,3.962185655836947e-05,7.099832146195695e-06,2.391035650362028e-06,0.017359791323542595,0.9825912117958069
pinemarten_0679.jpg,pinemarten,1,4.5057607422904766e-08,0.9997321963310242,4.122566110709158e-07,0.0002670397225301713,2.5186704988300335e-07
mink_0642.jpg,mink,0,0.9999998807907104,8.123542016846841e-08,1.2068764654316055e-08,8.99466812143146e-08,4.952642740363444e-09
stoat_0811.jpg,stoat,3,4.098197678104043e-06,0.0008722872007638216,0.00018688895215746015,0.9989364743232727,2.3052832887060504e-07
pinemarten_0200.jpg,pinemarten,1,1.2255932233529165e-05,0.99996018409729,5.2157597565383185e-06,2.2111104044597596e-05,2.56423305700082e-07
stoat_0396.jpg,stoat,3,9.745879481215525e-08,4.280095708963927e-06,3.1700617455499014e-06,0.9999722242355347,2.0210789443808608e-05
weasel_0870.jpg,weasel,4,0.0389995314180851,6.655915058217943e-05,2.2242917111725546e-05,0.00981698464602232,0.9510947465896606
pinemarten_0804.jpg,pinemarten,1,3.0950505447435717e-07,0.9999860525131226,1.1446278449511738e-06,1.2492095265770331e-05,3.768379219781792e-10
polecat_0415.jpg,polecat,2,8.89812241666732e-08,2.566094836620181e-10,0.9999998807907104,6.877624247891845e-09,6.092083504327661e-10
stoat_0440.jpg,stoat,3,2.091307942464482e-05,3.7689878240598773e-07,1.160043029813096e-05,0.9977806210517883,0.0021864997688680887
stoat_0680.jpg,stoat,3,2.960454366984777e-06,1.1632371752057225e-05,4.666929669383535e-07,0.9999680519104004,1.6869391401996836e-05
polecat_0123.jpg,polecat,2,0.00018494809046387672,0.0036728898994624615,0.9961315393447876,1.0538853530306369e-05,4.108095552624036e-08
pinemarten_0002.jpg,pinemarten,1,1.1713515846167866e-07,0.9988588094711304,4.850674667977728e-05,0.0010923874797299504,2.0146472934357007e-07
stoat_0574.jpg,stoat,3,0.0002333002194063738,3.010375985468272e-05,2.7433125069364905e-06,0.7839503288269043,0.2157835066318512
weasel_0742.jpg,weasel,4,1.2756527212332003e-06,1.6570128380521965e-08,1.5124758334650323e-08,0.4459577798843384,0.5540409684181213
weasel_0462.jpg,weasel,4,2.490281440259423e-05,0.7997840642929077,3.2098148949444294e-05,0.1626734882593155,0.037485409528017044
weasel_0497.jpg,weasel,4,9.100621537072584e-05,0.6996933817863464,0.006715243216603994,0.17381298542022705,0.11968734115362167
polecat_0116.jpg,polecat,2,0.00016862546908669174,0.03817775845527649,0.9563717246055603,0.005270798224955797,1.1043313861591741e-05
mink_0575.jpg,mink,0,0.9999876022338867,1.7231993751920527e-06,7.609974090883043e-06,1.6581283261984936e-06,1.3799090083921328e-06
weasel_0568.jpg,weasel,4,1.4207007792421678e-09,1.8618281361071354e-09,1.0108722392487834e-07,0.03658843785524368,0.9634113907814026
weasel_0366.jpg,weasel,4,0.00017462963296566159,0.0008401261293329298,5.611918822978623e-06,0.6630774140357971,0.33590230345726013
pinemarten_0487.jpg,pinemarten,1,6.332659552299447e-08,0.9999983310699463,3.603074061331313e-09,1.5977014982127002e-06,1.2943059957137848e-08
weasel_0576.jpg,weasel,4,1.809597620194836e-06,8.316337130054308e-07,2.133438385953923e-07,0.0024409519974142313,0.997556209564209
pinemarten_0053.jpg,pinemarten,1,0.004151625093072653,0.9760485291481018,0.017481861636042595,0.0023162742145359516,1.7191603092214791e-06
weasel_0048.jpg,weasel,4,2.0198461569975734e-08,1.817306860552037e-09,1.6149018122746384e-08,0.0003341125848237425,0.9996658563613892
mink_0429.jpg,mink,0,0.9999988079071045,1.7057055767821794e-10,2.5186130514498473e-08,1.0942319050855076e-07,1.0150355365112773e-06
weasel_0671.jpg,weasel,4,2.4101195705839018e-08,3.6132340142103203e-07,8.002037247933913e-06,0.051338162273168564,0.948653519153595
stoat_0073.jpg,stoat,3,6.220524255695636e-07,4.382919541967567e-06,1.261336848301653e-07,0.9951079487800598,0.004886911250650883
pinemarten_0789.jpg,pinemarten,1,0.051578816026449203,0.8703137636184692,0.052631769329309464,0.02488967776298523,0.0005859675002284348
weasel_0991.jpg,weasel,4,1.1968805665674154e-05,0.8422268629074097,0.0006533624837175012,0.06254173815250397,0.09456609189510345
polecat_0246.jpg,polecat,2,0.0007670644554309547,7.605203791172244e-07,0.9992316961288452,4.4590780134967645e-07,9.7187886183292e-08
pinemarten_0252.jpg,pinemarten,1,2.819162681078069e-08,0.9999908208847046,6.4202749854302965e-06,2.6942104796034982e-06,3.479541987871926e-08
mink_0933.jpg,mink,0,0.9999866485595703,6.622156547564373e-07,3.206695353696887e-08,7.585880666738376e-06,5.1249112402729224e-06
pinemarten_0215.jpg,pinemarten,1,0.00027552968822419643,0.9950763583183289,0.004537681583315134,5.6395634601358324e-05,5.414972110884264e-05
weasel_0897.jpg,weasel,4,8.641821978017106e-07,8.816365152597427e-06,1.6238524835898716e-07,0.9897955060005188,0.010194648988544941
mink_0755.jpg,mink,0,0.9997736811637878,7.423962961183861e-05,5.026525104767643e-05,9.768877498572692e-05,4.06230719818268e-06
stoat_0174.jpg,stoat,3,0.0009366975864395499,0.040051013231277466,4.175199501332827e-05,0.9588989615440369,7.154695049393922e-05
pinemarten_0884.jpg,pinemarten,1,0.0002368580171605572,0.9979950189590454,0.0017609718488529325,5.375515229388839e-06,1.8395890037936624e-06
weasel_0410.jpg,weasel,4,4.124411134398542e-06,0.006384100764989853,0.0011293449206277728,0.022888600826263428,0.9695937633514404
mink_0857.jpg,mink,0,0.999994158744812,4.7287662674477815e-09,1.993860365701039e-08,5.307920218911022e-07,5.423788934422191e-06
polecat_0089.jpg,polecat,2,0.00016538436466362327,8.190064545487985e-05,0.9997510313987732,1.6804470988063258e-06,1.7175517896816928e-08
mink_0383.jpg,mink,0,0.991074800491333,0.0016661218833178282,0.005183086264878511,0.0017416718183085322,0.0003343673306517303
weasel_0135.jpg,weasel,4,2.1117114101798506e-07,8.289126753879827e-07,7.198604379254903e-08,0.00038506119744852185,0.9996138215065002
mink_0494.jpg,mink,0,0.9999997615814209,1.6655418377808928e-08,2.932858080839651e-07,2.001484489255745e-08,1.3953065369776141e-08
polecat_0487.jpg,polecat,2,0.006424646358937025,0.0001429869735147804,0.9934207797050476,1.1295854164927732e-05,2.510872150196519e-07
polecat_0073.jpg,polecat,2,0.0005505549488589168,2.3910319214337505e-05,0.9994189739227295,6.484691311925417e-06,6.933386487162352e-08
pinemarten_0646.jpg,pinemarten,1,1.4690815675066915e-08,0.9999960660934448,2.2706458366883453e-06,1.643673499529541e-06,2.360561879299894e-08
stoat_0219.jpg,stoat,3,9.698423127701972e-06,6.827110155427363e-06,5.454090796774835e-07,0.9924283623695374,0.007554562762379646
weasel_0977.jpg,weasel,4,0.00018551644461695105,7.2105481194739696e-06,4.94631713365834e-08,0.23737888038158417,0.762428343296051
polecat_0189.jpg,polecat,2,6.118589953985065e-05,9.186169336317107e-07,0.9999376535415649,1.328771617181701e-07,2.6734561231478438e-08
pinemarten_0778.jpg,pinemarten,1,0.002334092976525426,0.5633538961410522,0.006921287160366774,0.4264557361602783,0.0009349451283924282
mink_0309.jpg,mink,0,0.9873162508010864,1.0026225936599076e-05,5.361490366340149e-06,9.681435585662257e-06,0.012658718973398209
stoat_0556.jpg,stoat,3,6.697664503008127e-06,0.00010417240264359862,3.7838847219973104e-06,0.9637802243232727,0.036105066537857056
polecat_0465.jpg,polecat,2,0.00029271712992340326,0.0004965873085893691,0.9988154172897339,0.0003027064958587289,9.263821266358718e-05
mink_0252.jpg,mink,0,0.9321330189704895,0.000488709716591984,0.06371421366930008,0.001163281500339508,0.002500776667147875
stoat_0380.jpg,stoat,3,7.662565622013062e-05,6.911428727107705e-07,1.8527720158090233e-06,0.9969948530197144,0.002925905864685774
stoat_0361.jpg,stoat,3,4.773746695718728e-07,3.960325557272881e-06,5.584018936133361e-07,0.9999932050704956,1.7807739141062484e-06
mink_0740.jpg,mink,0,0.9676477313041687,0.000323581654811278,0.0006381598068401217,0.001073578023351729,0.030317021533846855
stoat_0164.jpg,stoat,3,1.747172859722923e-07,1.5088851057498687e-08,7.68614256685396e-08,0.9940876960754395,0.0059120929799973965
stoat_0356.jpg,stoat,3,5.212281095623439e-08,1.3102174989398918e-07,1.3118334436512669e-06,0.9986407160758972,0.0013577451463788748
weasel_0013.jpg,weasel,4,5.210342351347208e-06,4.371523587565207e-09,1.750115052878698e-09,0.002363277832046151,0.9976314306259155
mink_0478.jpg,mink,0,0.9990352392196655,2.6252066163579002e-05,7.62397462494846e-07,0.0007954795728437603,0.0001423657377017662
stoat_0710.jpg,stoat,3,0.0015770018799230456,0.0009467375930398703,5.796678306069225e-05,0.9215635657310486,0.07585467398166656
weasel_0369.jpg,weasel,4,1.3512610166799277e-05,1.6440170114151442e-08,4.147939307586057e-07,0.001384975272230804,0.9986011385917664
mink_0660.jpg,mink,0,0.9999918937683105,5.313091151037952e-06,2.485510094629717e-06,2.84235710523717e-07,4.340726533769157e-08
weasel_0246.jpg,weasel,4,0.0005044440622441471,0.012295749969780445,0.0002088027831632644,0.025017118081450462,0.9619738459587097
polecat_0912.jpg,polecat,2,0.004130099434405565,7.823271630513773e-07,0.9958510398864746,1.7698352166917175e-05,2.93062868195193e-07
stoat_0089.jpg,stoat,3,0.0021616744343191385,2.5602828827686608e-05,0.00017562475113663822,0.997517466545105,0.0001196545927086845
mink_0415.jpg,mink,0,0.9994211196899414,3.741732257367403e-07,2.81366624221846e-06,0.0004794234118890017,9.62589547270909e-05
mink_0818.jpg,mink,0,0.9542730450630188,0.0072845956310629845,0.0058013373054564,0.016016952693462372,0.01662409119307995
polecat_0537.jpg,polecat,2,0.0006867656484246254,2.954368756036274e-05,0.9992768168449402,6.137754553492414e-06,6.85403676925489e-07
polecat_0435.jpg,polecat,2,9.906733612297103e-05,0.0013821400934830308,0.9985148310661316,3.854181159113068e-06,5.9496031212802336e-08
pinemarten_0211.jpg,pinemarten,1,9.98904248206145e-09,0.9999853372573853,2.0316743132298143e-07,1.4377001207321882e-05,2.764796724896712e-10
weasel_0122.jpg,weasel,4,0.00038741983007639647,0.0002658196317497641,1.0878883585974108e-05,0.26316866278648376,0.7361671924591064
mink_0557.jpg,mink,0,0.9999822378158569,1.6453390344395302e-05,3.7644409189852013e-07,3.2965093055281613e-07,6.157116558824782e-07
pinemarten_0007.jpg,pinemarten,1,6.688935172860511e-06,0.999987006187439,4.723686743091093e-06,1.53253620283067e-06,2.8610088520508725e-08
mink_0647.jpg,mink,0,0.9486492872238159,2.6345976948505268e-05,0.05084029957652092,0.0004059392958879471,7.801708852639422e-05
polecat_0974.jpg,polecat,2,0.0001844455546233803,6.18774356553331e-06,0.9997976422309875,5.804243755846983e-06,5.861706540599698e-06
pinemarten_0511.jpg,pinemarten,1,2.4790348593373146e-11,0.9999998807907104,2.2845336289378793e-08,1.333928025815112e-07,2.444787483568689e-09
pinemarten_0106.jpg,pinemarten,1,1.6012625891903554e-08,1.0,2.211028304888174e-10,3.928078839976479e-08,2.3585288236316337e-11
stoat_0297.jpg,stoat,3,5.942168535000292e-09,3.5436780763120623e-06,6.773819904992706e-07,0.9999666213989258,2.908872556872666e-05
mink_0815.jpg,mink,0,0.9972111582756042,0.0021585070062428713,0.0006289247539825737,8.229921490965353e-07,6.53141114526079e-07
polecat_0034.jpg,polecat,2,0.00011936439841520041,3.6458718568610493e-06,0.9998763799667358,6.470719426943106e-07,3.81090003997997e-09
mink_0135.jpg,mink,0,0.9998780488967896,4.792317440660554e-07,0.00011532178905326873,1.5223347418213962e-06,4.485878889681771e-06
stoat_0876.jpg,stoat,3,2.7123278414364904e-05,1.327836525888415e-05,1.4113315955910366e-05,0.9998001456260681,0.00014537698007188737
weasel_0445.jpg,weasel,4,4.6960387408034876e-05,2.6991527192876674e-05,0.010723890736699104,0.00957079604268074,0.9796313643455505
pinemarten_0251.jpg,pinemarten,1,2.834875216517485e-11,0.9999998807907104,3.496403389036118e-09,1.3563655443249445e-07,6.411271513684369e-10
pinemarten_0781.jpg,pinemarten,1,3.396873580641113e-05,0.9993226528167725,0.0004821886832360178,0.0001573387999087572,3.845413630187977e-06
polecat_0401.jpg,polecat,2,2.002269106071708e-08,2.270021923322929e-06,0.9999969005584717,8.208977533286088e-07,2.1039225472918588e-08
polecat_0303.jpg,polecat,2,3.745096819329774e-07,3.0254345801949967e-06,0.9999935626983643,3.0423345833696658e-06,1.781606684403414e-08
polecat_0195.jpg,polecat,2,1.3388424122240394e-05,0.0005010714521631598,0.9994829893112183,2.447739689159789e-06,1.0421368301649636e-07
mink_0334.jpg,mink,0,0.9781737923622131,0.000779342430178076,0.021045636385679245,5.161371063877596e-07,7.072063681334839e-07
polecat_0533.jpg,polecat,2,1.0469934750290122e-06,1.8982755136676133e-06,0.9999967813491821,2.3048468733577465e-07,8.777222004763274e-11
stoat_0188.jpg,stoat,3,0.0003429084026720375,0.00017254665726795793,0.0001073049716069363,0.9993762373924255,1.0229282452201005e-06
stoat_0853.jpg,stoat,3,6.652961928921286e-06,6.897182174725458e-06,9.189365300699137e-06,0.9994812607765198,0.0004959917278029025
stoat_0449.jpg,stoat,3,1.69852132358983e-08,1.8134277013359679e-07,1.1975776942563243e-05,0.9987590312957764,0.0012286907294765115
stoat_0946.jpg,stoat,3,4.880642336502206e-06,3.3803446513047675e-06,6.159272015793249e-05,0.9999202489852905,9.935432899510488e-06
mink_0967.jpg,mink,0,0.9999927282333374,1.5359468079623184e-06,5.569394488702528e-06,3.611463483821353e-08,7.441146010478406e-08
mink_0587.jpg,mink,0,0.9982938170433044,0.0015275073237717152,5.1586470362963155e-05,0.00012541677278932184,1.7917111563292565e-06
stoat_0279.jpg,stoat,3,2.037843671587325e-08,5.279348442854825e-07,7.869973046581435e-07,0.9976351261138916,0.002363580511882901
stoat_0433.jpg,stoat,3,7.0809824137541e-06,1.2035344525429537e-06,0.00010500069038243964,0.9991126656532288,0.0007740951259620488
pinemarten_0579.jpg,pinemarten,1,0.0007080877549014986,0.9071609377861023,0.04918299987912178,0.04276237264275551,0.00018559632007963955
polecat_0902.jpg,polecat,2,2.00885665435635e-06,0.10446959733963013,0.895488440990448,3.973049751948565e-05,2.0044943482844246e-07
weasel_0902.jpg,weasel,4,1.8207181710749865e-05,0.599485456943512,0.00020139497064519674,0.22303122282028198,0.1772637516260147
pinemarten_0871.jpg,pinemarten,1,0.00014401211228687316,0.9971281886100769,0.002679921919479966,3.763676431844942e-05,1.019390401779674e-05
polecat_0164.jpg,polecat,2,9.395168945047772e-07,9.614549344405532e-05,0.9995052814483643,0.0003940741589758545,3.6247470234229695e-06
mink_0947.jpg,mink,0,0.700508177280426,0.0007785918423905969,0.29870083928108215,1.1636562703642994e-05,7.710536351623887e-07
mink_0849.jpg,mink,0,0.9546213150024414,0.039756469428539276,0.005581777077168226,9.107751793635543e-06,3.130030381726101e-05
polecat_0346.jpg,polecat,2,4.7554894422319194e-07,4.1005125694937306e-07,0.999998927116394,1.6239671651874232e-07,7.751363995112115e-09
pinemarten_0045.jpg,pinemarten,1,0.00028126846882514656,0.999506950378418,1.037471747622476e-06,0.00010630323231453076,0.00010451392154209316
weasel_0346.jpg,weasel,4,2.2848395531127608e-07,1.165881144515879e-06,9.820685590966605e-06,0.0948413610458374,0.9051474928855896
stoat_0008.jpg,stoat,3,1.873126223017607e-07,4.3511430703802034e-05,6.5697254285623785e-06,0.9999363422393799,1.3411508916760795e-05
weasel_0990.jpg,weasel,4,4.749435955631043e-09,5.256971053313464e-05,4.2975761971320026e-07,0.005920729599893093,0.9940261840820312
polecat_0166.jpg,polecat,2,0.017473794519901276,0.048511672765016556,0.932297945022583,0.0017121918499469757,4.38848701378447e-06
stoat_0521.jpg,stoat,3,4.663910203817068e-06,2.6879920369538013e-06,2.5855408239294775e-05,0.9885469675064087,0.011419816873967648
pinemarten_0378.jpg,pinemarten,1,8.301177877001464e-05,0.9940536618232727,0.0010561380768194795,0.004768636543303728,3.856225885101594e-05
pinemarten_0883.jpg,pinemarten,1,0.9754809141159058,0.023724060505628586,0.0007562384125776589,3.442536763031967e-05,4.4199150579515845e-06
polecat_0051.jpg,polecat,2,0.0009281334350816905,0.0019078664481639862,0.99714595079422,1.6814290574984625e-05,1.2118418908357853e-06
weasel_0042.jpg,weasel,4,7.81246683345671e-07,5.259223030407156e-07,2.7708324523700867e-08,0.04291370138525963,0.9570850133895874
mink_0403.jpg,mink,0,0.9991512298583984,0.0008428405271843076,3.187643926594319e-08,3.482594138404238e-06,2.3838838387746364e-06
polecat_0216.jpg,polecat,2,0.014970315620303154,2.9326853109523654e-05,0.9849969148635864,3.400195055291988e-06,8.671265372406367e-10
mink_0075.jpg,mink,0,0.9999985694885254,8.331936918182237e-09,6.401078422868522e-08,3.735256370873685e-07,9.526158351036429e-07
polecat_0144.jpg,polecat,2,4.249903668096522e-06,0.0005689890822395682,0.030329160392284393,0.9687064290046692,0.0003912602551281452
polecat_0436.jpg,polecat,2,6.185802340041846e-05,0.002010226948186755,0.9979254007339478,2.036990963460994e-06,5.151179038875853e-07
pinemarten_0129.jpg,pinemarten,1,0.0008497503586113453,0.9991488456726074,1.3534997833630769e-07,1.2227718571011792e-06,5.321543028458109e-08
polecat_0308.jpg,polecat,2,0.00024295045295730233,2.6231193260173313e-05,0.9997232556343079,7.464632744813571e-06,7.700961646150972e-08
pinemarten_0281.jpg,pinemarten,1,0.0003333631611894816,0.8396361470222473,0.007693156134337187,0.139055073261261,0.013282247819006443
pinemarten_0125.jpg,pinemarten,1,4.283939233573619e-06,0.9972440004348755,0.0022600379306823015,0.0004910659627057612,5.639985829475336e-07
pinemarten_0257.jpg,pinemarten,1,0.0816749632358551,0.20110474526882172,0.057081930339336395,0.6573092341423035,0.002829130971804261
polecat_0774.jpg,polecat,2,6.718328222632408e-06,7.101611117832363e-05,0.9999208450317383,1.3116824675307726e-06,8.730004452672802e-08
pinemarten_0734.jpg,pinemarten,1,0.00042585606570355594,0.999495267868042,7.872738933656365e-05,6.277343089777787e-08,3.8934963586534366e-10
stoat_0648.jpg,stoat,3,6.633853644189003e-08,2.0444767869776115e-06,3.477753693914565e-07,0.9868152737617493,0.013182342052459717
polecat_0084.jpg,polecat,2,0.00019444104691501707,0.0006972754490561783,0.9967684745788574,0.0003234319156035781,0.0020163818262517452
stoat_0555.jpg,stoat,3,1.9693483409355395e-05,1.65090875725582e-06,4.5496257371269166e-05,0.9505268931388855,0.04940616711974144
stoat_0995.jpg,stoat,3,3.116474545095116e-05,9.554116786603117e-07,0.00048535753739997745,0.9993864297866821,9.613021393306553e-05
polecat_0594.jpg,polecat,2,6.738999218214303e-06,2.431494749544072e-06,0.9999908208847046,5.113397705258649e-09,2.3023624673434995e-10
polecat_0652.jpg,polecat,2,6.513958510367956e-07,0.0011546225287020206,0.9988447427749634,5.2598402078274376e-08,1.1197408555929655e-09
mink_0610.jpg,mink,0,0.9999990463256836,5.4044988928581006e-08,9.551510515848349e-08,5.898502308809839e-07,1.9116734506496869e-07
polecat_0772.jpg,polecat,2,0.014908013865351677,0.05464794114232063,0.9303604364395142,4.930656359647401e-05,3.43162173521705e-05
weasel_0841.jpg,weasel,4,0.0027833094354718924,0.04128143936395645,0.8737399578094482,0.007673253770917654,0.07452209293842316
stoat_0812.jpg,stoat,3,2.3655276891076937e-05,7.72693456383422e-05,7.345761696342379e-05,0.9986226558685303,0.0012029196368530393
stoat_0993.jpg,stoat,3,5.3056668548379093e-05,7.201976472970273e-07,4.258947683410952e-07,0.999782145023346,0.00016364968905691057
mink_0727.jpg,mink,0,0.9969522953033447,0.0016677792882546782,0.0013505141250789165,2.889855568355415e-05,4.4393996745384356e-07
mink_0204.jpg,mink,0,0.9981233477592468,0.0004807617515325546,0.0012289243750274181,6.87353940520552e-06,0.00016013764252420515
stoat_0094.jpg,stoat,3,1.0487740382814081e-06,5.2723225962836295e-06,1.061493094312027e-06,0.9730234146118164,0.02696923166513443
pinemarten_0504.jpg,pinemarten,1,1.0712755283748265e-05,0.9999161958694458,6.396744112180386e-08,6.463398312916979e-05,8.383523891097866e-06
stoat_0171.jpg,stoat,3,1.2733729818137363e-05,7.472435299860081e-06,0.0006414650706574321,0.9992814660072327,5.6903463701019064e-05
pinemarten_0230.jpg,pinemarten,1,8.188225137928384e-07,0.9999985694885254,4.818094012648544e-08,5.617689566861372e-07,1.118781334241703e-08
stoat_0867.jpg,stoat,3,3.749941970454529e-05,0.0004838905588258058,2.0085577645545527e-08,0.9977394342422485,0.001739257131703198
weasel_0169.jpg,weasel,4,2.7188593776372727e-07,1.5656486596071773e-07,1.3144893955541193e-06,0.007622798904776573,0.9923755526542664
mink_0798.jpg,mink,0,0.9551177024841309,0.04389709606766701,0.00024909566855058074,0.0006981545011512935,3.792950519709848e-05
polecat_0920.jpg,polecat,2,0.00016509139095433056,7.453555554093327e-06,0.9998261332511902,1.1035741636078455e-06,2.2697714996411378e-07
polecat_0340.jpg,polecat,2,2.4137800664902898e-06,3.981375994044356e-05,0.9999552965164185,9.995336540669086e-07,1.5338137018261477e-06
pinemarten_0926.jpg,pinemarten,1,2.3250376557371055e-07,0.9996351003646851,0.00035278528230264783,1.1778426596720237e-05,1.298070095856474e-08
pinemarten_0687.jpg,pinemarten,1,0.002169265877455473,0.9942560791969299,0.0005591269000433385,0.002760663628578186,0.0002549259806983173
stoat_0964.jpg,stoat,3,2.1803209904192045e-08,2.780516297207214e-07,5.447640887723537e-06,0.9999485015869141,4.583658665069379e-05
weasel_0895.jpg,weasel,4,5.315107409842312e-05,0.0012493612011894584,2.0308675630076323e-06,0.21657902002334595,0.7821163535118103
weasel_0043.jpg,weasel,4,1.1550387313263855e-07,1.3974951116324519e-06,6.740433491358999e-07,0.00030666752718389034,0.9996911287307739
mink_0839.jpg,mink,0,0.9951601624488831,0.0037666636053472757,0.0003145736991427839,0.0004763473116327077,0.00028222790569998324
stoat_0874.jpg,stoat,3,3.4892505595962575e-07,2.7622904781310353e-06,2.9059651751595084e-07,0.9999957084655762,9.278103334509069e-07
stoat_0506.jpg,stoat,3,6.930132485649665e-07,6.154648144729435e-05,2.216957227574312e-06,0.9976528286933899,0.0022827070206403732
stoat_0892.jpg,stoat,3,4.785292730957735e-07,3.0599437650380423e-06,8.30568969831802e-05,0.9508573412895203,0.04905608668923378
weasel_0242.jpg,weasel,4,7.815615710171642e-09,3.673230608569611e-08,8.914304711060694e-11,0.0096341697499156,0.990365743637085
mink_0033.jpg,mink,0,0.9999767541885376,1.3517810657504015e-05,8.890885510481894e-06,1.1536082666907532e-07,7.458045274688629e-07
pinemarten_0433.jpg,pinemarten,1,1.1384989839768878e-08,0.9999997615814209,2.3073816468599517e-10,1.8509267363242543e-07,5.696051408321523e-10
stoat_0065.jpg,stoat,3,3.301295237179147e-08,5.6029712425242906e-08,5.156043130227772e-07,0.9665141105651855,0.033485300838947296
polecat_0910.jpg,polecat,2,4.053565498907119e-05,6.235338332771789e-06,0.9990204572677612,3.9408289012499154e-05,0.000893336720764637
pinemarten_0419.jpg,pinemarten,1,0.031191550195217133,0.9469559192657471,0.0204772986471653,0.0012750244932249188,0.00010016432497650385
weasel_0423.jpg,weasel,4,0.47077760100364685,0.40729549527168274,0.07148593664169312,0.0027811527252197266,0.04765978828072548
pinemarten_0670.jpg,pinemarten,1,0.0005569770000874996,0.9943574070930481,0.002877389080822468,0.0019957178737968206,0.00021257446496747434
pinemarten_0311.jpg,pinemarten,1,0.9890580773353577,0.010432706214487553,0.0003816507232841104,6.76794079481624e-05,5.985441748634912e-05
pinemarten_0727.jpg,pinemarten,1,0.00021029940398875624,0.9997804760932922,1.133953446696978e-06,3.8990506823211035e-07,7.696138709434308e-06
weasel_0213.jpg,weasel,4,2.673153289833863e-07,6.0016313909727614e-06,5.023580342822243e-07,0.05106431990861893,0.948928952217102
mink_0348.jpg,mink,0,0.1557137668132782,0.5359141826629639,0.30811649560928345,0.00021864459267817438,3.6968918720958754e-05
mink_0060.jpg,mink,0,0.994085431098938,0.0043013617396354675,0.00010763262253021821,0.001427541603334248,7.806625217199326e-05
pinemarten_0193.jpg,pinemarten,1,6.191149850565125e-07,0.9746672511100769,0.0028912259731441736,0.022398369386792183,4.255593739799224e-05
weasel_0910.jpg,weasel,4,2.0665329429903068e-05,5.40439316409902e-07,4.3834845087076246e-08,0.00019445920770522207,0.9997844099998474
mink_0209.jpg,mink,0,0.9435641765594482,0.03931284695863724,0.017120791599154472,1.090133309844532e-06,1.1757791753552738e-06
mink_0101.jpg,mink,0,0.9836607575416565,0.01618902012705803,0.0001411795528838411,6.769029369024793e-06,2.241239599243272e-06
polecat_0571.jpg,polecat,2,8.545448793029209e-08,1.5566059552440947e-09,0.9999998807907104,2.2011283906664403e-09,3.759634617517271e-11
polecat_0924.jpg,polecat,2,5.305361810314935e-06,0.006350338459014893,0.9936438798904419,3.4031424434033397e-07,1.0640824399388293e-07
polecat_0737.jpg,polecat,2,5.702926841877343e-07,2.087307620968204e-06,0.9999953508377075,1.8150069536204683e-06,1.662504161004108e-07
pinemarten_0083.jpg,pinemarten,1,7.428296866507367e-10,0.9999992847442627,2.2854553094475705e-07,4.919509706269309e-07,5.45691278830418e-08
pinemarten_0880.jpg,pinemarten,1,1.0479479506386724e-08,0.9999934434890747,1.8434889170748647e-06,8.501746151523548e-07,3.90825653084903e-06
weasel_0962.jpg,weasel,4,0.0003011289518326521,0.0021227304823696613,2.09113240998704e-05,0.027373794466257095,0.9701813459396362
pinemarten_0295.jpg,pinemarten,1,9.936510468833148e-05,0.9945555925369263,0.005341378040611744,3.57681096829765e-06,8.923272787342285e-08
stoat_0124.jpg,stoat,3,6.255518201214727e-07,0.0021416645031422377,1.5609763295287848e-06,0.9390011429786682,0.05885493382811546
weasel_0772.jpg,weasel,4,1.0017472959589213e-05,2.575266444182489e-05,8.75858063409396e-07,0.1754024177789688,0.8245609402656555
stoat_0737.jpg,stoat,3,8.856162025949743e-08,1.802551423679688e-06,6.125662821432343e-06,0.9967318773269653,0.003260101191699505
weasel_0890.jpg,weasel,4,9.799561695444936e-08,2.7112930638395483e-06,6.932901328582375e-07,0.0037461065221577883,0.996250331401825
pinemarten_0177.jpg,pinemarten,1,0.13427676260471344,0.3053334355354309,0.030008910223841667,0.5302687883377075,0.00011219442239962518
pinemarten_0682.jpg,pinemarten,1,0.003857522504404187,0.9960867166519165,6.970140020712279e-08,3.4968128602486104e-05,2.0826390027650632e-05
polecat_0049.jpg,polecat,2,5.765055448136991e-06,2.789245101553206e-08,0.9999934434890747,6.506342060674797e-07,2.7772951938231927e-08
stoat_0735.jpg,stoat,3,4.621536788818048e-07,2.0126647086726734e-06,9.348737876280211e-06,0.9851582646369934,0.014829885214567184
polecat_0636.jpg,polecat,2,1.486418659624178e-05,1.8851936829378246e-06,0.999446451663971,0.0005364310345612466,4.340545842751453e-07
weasel_0319.jpg,weasel,4,6.079947979742428e-06,7.916968192134277e-10,7.091420783922331e-10,0.0006137362797744572,0.9993801116943359
polecat_0076.jpg,polecat,2,2.7552368919714354e-05,4.26021915700403e-06,0.9999504089355469,1.5062821148603689e-05,2.7705177672032733e-06
polecat_0940.jpg,polecat,2,5.183306711842306e-06,0.0005349395796656609,0.9994542002677917,5.213339591136901e-06,4.6841856260471104e-07
weasel_0745.jpg,weasel,4,9.200594649882987e-05,3.4865377529058605e-05,6.99343072483316e-05,0.06917083263397217,0.9306324124336243
pinemarten_0096.jpg,pinemarten,1,3.005032169767219e-07,0.9999996423721313,6.163932031455488e-09,3.00322007262821e-08,3.5528922026628607e-09
pinemarten_0913.jpg,pinemarten,1,8.858698379299312e-07,0.9984080195426941,0.001262604258954525,0.00030772696482017636,2.0769755792571232e-05
mink_0340.jpg,mink,0,0.331481009721756,0.4162600338459015,0.2501402199268341,0.0012578165624290705,0.0008609342039562762
polecat_0142.jpg,polecat,2,3.7501658312066866e-07,1.9158081787651327e-09,0.9999995231628418,4.142328791090222e-08,1.4821112870322395e-07
stoat_0537.jpg,stoat,3,4.3390753212690925e-09,1.2446886330508278e-06,1.1414320510994003e-07,0.9989659786224365,0.0010327628115192056
weasel_0529.jpg,weasel,4,0.00025849047233350575,0.9883099794387817,0.00036585971247404814,0.0029867307748645544,0.00807894952595234
polecat_0138.jpg,polecat,2,0.009543558582663536,1.7152095097117126e-05,0.9904372096061707,2.1078101326565957e-06,3.147710359030498e-08
weasel_0347.jpg,weasel,4,4.6413603627115663e-07,4.198647729936056e-06,1.4628680219175294e-05,0.010778862051665783,0.9892019033432007
polecat_0993.jpg,polecat,2,2.179419652748038e-06,0.00102894171141088,0.9989394545555115,1.3064551239949651e-05,1.6339117792085744e-05
mink_0770.jpg,mink,0,0.9999923706054688,7.822697511983279e-08,7.308655369797634e-08,3.990645382145885e-06,3.4986940136150224e-06
weasel_0261.jpg,weasel,4,3.313966487894504e-07,3.551491878361901e-10,2.738514979228057e-07,0.00017791254504118115,0.9998214840888977
mink_0467.jpg,mink,0,0.9994176626205444,4.381036433187546e-06,0.0004478382761590183,7.744864706182852e-05,5.265339859761298e-05
weasel_0830.jpg,weasel,4,0.0005505541921593249,0.008148840628564358,2.8242418466106756e-06,0.14570249617099762,0.8455953001976013
stoat_0764.jpg,stoat,3,1.0499458767299075e-05,2.6452564270584844e-05,1.8727389488049084e-06,0.9998701810836792,9.097212023334578e-05
weasel_0127.jpg,weasel,4,6.80931000474061e-09,4.3420554902695585e-06,2.528034892534947e-09,0.007975884713232517,0.9920197129249573
weasel_0108.jpg,weasel,4,5.0643002680317295e-08,8.036047521864376e-12,1.1565690072323775e-10,5.626426718663424e-05,0.999943733215332
polecat_0641.jpg,polecat,2,8.294558284660525e-08,4.4365512508193206e-07,0.9999994039535522,3.770885115272904e-08,1.4741698528553115e-08
stoat_0175.jpg,stoat,3,2.604939375316917e-09,3.190088548876702e-08,2.222987660616127e-08,0.9999994039535522,5.186315092942095e-07
mink_0996.jpg,mink,0,0.9687743186950684,0.005760073196142912,0.024761933833360672,0.0006924887420609593,1.1213304787816014e-05
polecat_0316.jpg,polecat,2,0.0011694434797391295,0.007504692766815424,0.9905530214309692,0.0004550103622023016,0.00031781688448973
pinemarten_0410.jpg,pinemarten,1,0.0033999024890363216,0.9922492504119873,1.2676216556428699e-06,0.004316763021051884,3.288231891929172e-05
weasel_0659.jpg,weasel,4,1.9040415111248876e-07,8.440926535513427e-08,1.7168801935696365e-09,0.004010977689176798,0.995988667011261
weasel_0465.jpg,weasel,4,2.240291541966144e-05,0.024522386491298676,0.002652831608429551,0.00039136712439358234,0.972411036491394
stoat_0283.jpg,stoat,3,9.094085839933541e-07,0.002458394505083561,8.968743259174516e-07,0.9973424077033997,0.0001974265178432688
polecat_0239.jpg,polecat,2,0.012703914195299149,0.07164877653121948,0.9108847379684448,0.0047420309856534,2.0474910343182273e-05
mink_0552.jpg,mink,0,0.9888612627983093,0.004298627842217684,0.0031453182455152273,0.002630482893437147,0.0010643656132742763
pinemarten_0165.jpg,pinemarten,1,6.709840818075463e-05,0.9994392991065979,0.0003253980539739132,4.8558966227574274e-05,0.00011955607624258846
mink_0760.jpg,mink,0,0.9927113056182861,0.0011233133263885975,0.004761924501508474,0.00014900114911142737,0.0012544827768579125
weasel_0569.jpg,weasel,4,1.0196067279366616e-07,2.3259072889914023e-08,7.059659878905222e-08,0.008417539298534393,0.9915822148323059
stoat_0289.jpg,stoat,3,0.0003697723732329905,0.006866827141493559,4.6435721742454916e-05,0.903654158115387,0.08906272798776627
weasel_0123.jpg,weasel,4,8.962833248915558e-07,1.5477395365337543e-08,6.020525944450128e-08,0.003694753162562847,0.9963041543960571
mink_0153.jpg,mink,0,0.9933282136917114,0.0044517237693071365,0.001988773699849844,0.00021520786685869098,1.6095844330266118e-05
mink_0535.jpg,mink,0,0.9907106757164001,7.407982047880068e-05,0.009211376309394836,1.917808049256564e-06,1.960637973752455e-06
pinemarten_0958.jpg,pinemarten,1,7.61587681807896e-09,0.9999891519546509,1.099111159419408e-06,9.523565495328512e-06,1.6362962185212382e-07
stoat_0759.jpg,stoat,3,4.220404662191868e-05,0.003386320313438773,0.00015396827075164765,0.9860315322875977,0.010385978035628796
pinemarten_0786.jpg,pinemarten,1,4.157450916864036e-07,0.9999464750289917,1.70044950209558e-05,3.615285095293075e-05,1.3420683231402109e-08
pinemarten_0369.jpg,pinemarten,1,6.889175807600623e-08,0.9998045563697815,0.00019343028543516994,1.9097537915513385e-06,1.990821507646956e-09
pinemarten_0290.jpg,pinemarten,1,0.00031979611958377063,0.9976346492767334,1.705903559923172e-05,0.0019301011925563216,9.838166442932561e-05
mink_0519.jpg,mink,0,0.9999891519546509,1.0399682651041076e-05,4.3088226675536134e-07,1.1776008612685018e-08,8.394194672689537e-09
mink_0871.jpg,mink,0,1.0,1.9125058869917666e-08,1.080937916952962e-08,1.1512956810122432e-08,5.3860325976984313e-08
polecat_0568.jpg,polecat,2,2.066482693408034e-06,1.897871300116094e-07,0.9999741315841675,2.3529461032012478e-05,4.684292420620295e-08
mink_0230.jpg,mink,0,0.9969727993011475,0.002511776750907302,0.000503967865370214,9.791428055905271e-06,1.6353413911929238e-06
polecat_0062.jpg,polecat,2,1.225053551934252e-06,0.00018912703671958297,0.9998034834861755,6.101347025833093e-06,9.746966611601238e-08
polecat_0929.jpg,polecat,2,0.020907966420054436,6.527638470288366e-05,0.9790189266204834,7.459949301846791e-06,4.064509937506955e-07
mink_0435.jpg,mink,0,0.9997007846832275,4.219673792249523e-05,0.0002567559713497758,2.7475462616166624e-07,7.809177304807235e-08
weasel_0812.jpg,weasel,4,2.2234480923088995e-07,2.550073645579687e-07,1.6552860415686155e-06,0.0064078993164002895,0.9935899972915649
mink_0021.jpg,mink,0,0.9959296584129333,0.0025000267196446657,1.88473604794126e-05,0.0014150013448670506,0.00013635506911668926
polecat_0762.jpg,polecat,2,3.657677716262242e-09,4.999147762418943e-09,1.0,3.6613492238046774e-09,4.2943443245846424e-10
polecat_0624.jpg,polecat,2,8.590918696427252e-06,0.0017959706019610167,0.9977115392684937,0.0004820887406822294,1.7108962993006571e-06
weasel_0140.jpg,weasel,4,7.919825293356553e-05,0.9398481249809265,0.009243502281606197,0.03302179276943207,0.017807338386774063
weasel_0899.jpg,weasel,4,0.0006113654235377908,0.008811309933662415,6.187894177855924e-05,0.9774741530418396,0.013041330501437187
stoat_0846.jpg,stoat,3,1.88480370866273e-07,1.5963425994414138e-06,5.50868946902483e-07,0.9944716691970825,0.005526056978851557
stoat_0769.jpg,stoat,3,1.1788312548333124e-07,8.415368210989982e-05,6.46012736638113e-08,0.9996253252029419,0.0002903588756453246
mink_0460.jpg,mink,0,0.9999862909317017,1.261882880498888e-05,4.569668305975938e-07,1.796194766257031e-07,5.246104706202459e-07
mink_0229.jpg,mink,0,0.9999897480010986,2.2668170913675567e-06,3.918598849850241e-06,6.005510613249498e-07,3.440998398218653e-06
stoat_0273.jpg,stoat,3,2.573778346004474e-08,2.9064052498029014e-08,2.17868705476576e-06,0.9985361099243164,0.001461666775867343
pinemarten_0750.jpg,pinemarten,1,4.6486462679240503e-07,0.999817430973053,9.686217481430504e-07,0.00018103764159604907,1.5644202733255952e-07
stoat_0231.jpg,stoat,3,2.4276806342982127e-08,3.779506130285881e-07,3.487621569320254e-08,0.999573290348053,0.00042627876973710954
weasel_0444.jpg,weasel,4,1.816799704101868e-05,6.1107562032702845e-06,0.006608808878809214,0.0010877125896513462,0.9922791719436646
mink_0449.jpg,mink,0,0.9999340772628784,5.646234058076516e-05,9.377787137054838e-06,8.884851609991529e-08,6.671651231471287e-09
weasel_0392.jpg,weasel,4,1.3676194612344261e-06,2.0843934180447832e-05,8.819750973998453e-08,0.0018151280237361789,0.998162567615509
mink_0548.jpg,mink,0,0.9999426603317261,1.8851153527066344e-06,5.5365715525113046e-05,5.631909516523592e-08,8.433784870476302e-08
polecat_0190.jpg,polecat,2,9.428207704331726e-05,2.351224566154997e-06,0.9998778104782104,1.7612160263524856e-06,2.3685393898631446e-05
stoat_0972.jpg,stoat,3,2.8093578293919563e-05,0.5984233021736145,0.0012329680612310767,0.40028977394104004,2.5885039576678537e-05
stoat_0266.jpg,stoat,3,8.313129029602351e-08,1.924668822539388e-06,8.824570585375113e-08,0.999996542930603,1.401912527398963e-06
pinemarten_0467.jpg,pinemarten,1,7.700380777464488e-09,0.9999992847442627,5.953335957542549e-08,6.128614700173785e-07,5.454534601767591e-10
polecat_0885.jpg,polecat,2,0.0001700022112345323,0.002067927736788988,0.6436834931373596,0.35407721996307373,1.4261970591178397e-06
stoat_0509.jpg,stoat,3,3.883984049934952e-07,1.6087440599221736e-05,0.00012188715481897816,0.9988382458686829,0.0010234570363536477
pinemarten_0218.jpg,pinemarten,1,2.6088264348800294e-06,0.9999972581863403,1.1396003429808843e-07,3.0904942605047836e-08,2.5959984162327032e-11
mink_0867.jpg,mink,0,0.9999755620956421,6.908985596965067e-07,1.0708554327720776e-06,2.0773522919625975e-05,1.92893003259087e-06
polecat_0267.jpg,polecat,2,1.1381919193809154e-06,6.8675309883303726e-09,0.9999979734420776,7.918393407635449e-07,4.628696537167798e-09
pinemarten_0754.jpg,pinemarten,1,2.578654675744474e-05,0.99904865026474,0.0009181461064144969,6.979556019359734e-06,4.0340998452848e-07
weasel_0451.jpg,weasel,4,0.00625480804592371,0.00017020839732140303,0.00021143221238162369,0.028428206220269203,0.964935302734375
stoat_0584.jpg,stoat,3,3.9611336433154065e-07,0.0007956821937114,3.1060679361871735e-07,0.7497360110282898,0.24946755170822144
stoat_0128.jpg,stoat,3,7.897444476157034e-08,4.9522004275104337e-08,1.0948727322102059e-05,0.9728260636329651,0.02716294676065445
weasel_0403.jpg,weasel,4,2.625043816806283e-05,0.0016684153815731406,0.0004959910293109715,0.03163566812872887,0.9661737084388733
weasel_0371.jpg,weasel,4,0.017115574330091476,0.008462787605822086,4.50840343546588e-06,0.48647427558898926,0.4879428446292877
weasel_0446.jpg,weasel,4,3.906984886725695e-07,1.3394343056916114e-07,9.989774116547778e-05,0.0003207284025847912,0.9995788931846619
polecat_0362.jpg,polecat,2,4.117851393203864e-09,2.458470362398657e-06,0.9999651908874512,3.221461156499572e-05,9.732789152394616e-08
pinemarten_0798.jpg,pinemarten,1,7.626163522900242e-08,0.9994693398475647,2.6872335183725227e-06,0.0005262291524559259,1.6929188859649003e-06
weasel_0151.jpg,weasel,4,5.738334252214372e-09,1.4709479467800435e-10,3.1638075492779194e-10,0.00012374334619380534,0.9998762607574463
stoat_0491.jpg,stoat,3,6.207365004229359e-07,4.9024150939658284e-05,1.0130076589121018e-05,0.9666026830673218,0.033337581902742386
polecat_0987.jpg,polecat,2,0.004744385369122028,5.887509814783698e-06,0.9952396154403687,9.683978532848414e-06,4.4863321591037675e-07
stoat_0250.jpg,stoat,3,2.6695454380387673e-07,4.1110329220828135e-06,3.678143457364058e-06,0.9995300769805908,0.0004617803206201643
weasel_0732.jpg,weasel,4,1.1474885042161986e-07,7.260364327521529e-07,2.1754697598908024e-08,0.01478484645485878,0.9852142930030823
pinemarten_0650.jpg,pinemarten,1,6.126971925368707e-07,0.9999991655349731,1.2808838789624133e-07,1.3097205453505012e-07,2.688614308965498e-08
stoat_0435.jpg,stoat,3,2.1995823829001893e-07,6.127711458248086e-06,4.205611858765224e-09,0.9999924898147583,1.19624303351884e-06
pinemarten_0412.jpg,pinemarten,1,3.5404443821107634e-08,0.9999741315841675,2.1978476638651046e-07,2.567232513683848e-05,1.079525446812113e-08
weasel_0533.jpg,weasel,4,8.469509339192882e-05,1.4502258636639453e-05,0.000283884524833411,9.958834561984986e-05,0.9995172023773193
stoat_0691.jpg,stoat,3,1.4135932360659353e-05,1.3053045222477522e-07,1.460104385841987e-06,0.9473675489425659,0.05261669680476189
stoat_0989.jpg,stoat,3,5.288646320877888e-07,9.353867653771886e-07,0.00013972930901218206,0.9971206188201904,0.002738190582022071
weasel_0255.jpg,weasel,4,9.04448315850459e-05,6.641243999183644e-06,1.668831032475282e-06,0.8562638759613037,0.14363734424114227
polecat_0485.jpg,polecat,2,7.041141998342937e-06,2.575721964603872e-07,0.9999444484710693,4.301002263673581e-05,5.217224952502875e-06
mink_0508.jpg,mink,0,0.9999911785125732,4.823028120881645e-06,2.701160383367096e-06,2.8557937525874877e-07,9.81071366368269e-07
pinemarten_0940.jpg,pinemarten,1,0.0009471779339946806,0.9971831440925598,0.0017377629410475492,9.773653437150642e-05,3.41959239449352e-05
polecat_0742.jpg,polecat,2,1.942278686328791e-06,1.5576824807794765e-07,0.9999978542327881,7.383431466223556e-08,8.381753069386377e-10
polecat_0576.jpg,polecat,2,3.8765476347180083e-05,5.316849183145678e-07,0.9999583959579468,8.339671921930858e-07,1.4793921536693233e-06
mink_0864.jpg,mink,0,0.9999902248382568,1.7551217013078713e-07,4.75031001201387e-08,3.6304611512605334e-06,5.973472070763819e-06
stoat_0932.jpg,stoat,3,4.320347943576053e-05,0.007534087635576725,9.292068716604263e-05,0.9335290193557739,0.05880066752433777
pinemarten_0747.jpg,pinemarten,1,9.871487236523535e-07,0.9999983310699463,6.043539002575926e-09,7.603377980558435e-07,2.61668864354192e-09
pinemarten_0112.jpg,pinemarten,1,3.1078211577550974e-06,0.998323380947113,2.3870181848906213e-06,0.0016497088363394141,2.1446092432597652e-05
weasel_0486.jpg,weasel,4,1.0625853064993862e-05,7.758194260532036e-05,0.0004133335314691067,0.0005619361181743443,0.9989365935325623
polecat_0311.jpg,polecat,2,1.7111472061515087e-07,4.267804979463108e-05,0.9999504089355469,6.5525105128472205e-06,1.2803401716610097e-07
weasel_0448.jpg,weasel,4,0.0002137558622052893,0.00037058882298879325,0.00042342758388258517,0.003624159377068281,0.995368242263794
pinemarten_0581.jpg,pinemarten,1,1.3915104318584781e-05,0.9954276084899902,3.2909704259509454e-06,0.0002579663705546409,0.004297221079468727
polecat_0825.jpg,polecat,2,0.0014392419252544641,0.000126263388665393,0.9942885637283325,0.0032110537867993116,0.0009349330211989582
pinemarten_0448.jpg,pinemarten,1,1.4536690287059173e-06,0.9986787438392639,3.901369382219855e-06,0.0013036428717896342,1.2249767678440548e-05
pinemarten_0667.jpg,pinemarten,1,0.00029783687205053866,0.9985328912734985,0.0005974812665954232,0.00024856027448549867,0.00032326707150787115
pinemarten_0970.jpg,pinemarten,1,5.706074830413854e-07,0.9999948740005493,3.5938321616413305e-06,9.655838084654533e-07,8.662687456251206e-09
pinemarten_0479.jpg,pinemarten,1,0.00036453045322559774,0.9996311664581299,2.638283547184983e-07,2.833642611221876e-06,1.1774724271162995e-06
stoat_0034.jpg,stoat,3,0.00808283407241106,8.185290312212601e-07,2.3618096633981622e-07,0.24506229162216187,0.746853768825531
pinemarten_0975.jpg,pinemarten,1,0.00017177693371195346,0.9998155236244202,2.511600314392126e-07,1.2407963367877528e-05,1.370556361734998e-07
stoat_0056.jpg,stoat,3,0.002208055928349495,0.03762340173125267,0.01678188517689705,0.9193326234817505,0.024054015055298805
polecat_0416.jpg,polecat,2,9.610382221580949e-06,5.973090082989074e-05,0.9999285936355591,1.0546925750531955e-06,9.427911891179974e-07
pinemarten_0315.jpg,pinemarten,1,0.0001847319072112441,0.9994369149208069,2.223717274318915e-06,0.0003759816463571042,7.294737969232301e-08
pinemarten_0273.jpg,pinemarten,1,2.998714876412123e-08,0.999946117401123,5.381940718507394e-05,2.3623490719160145e-08,1.9543458518178625e-10
pinemarten_0815.jpg,pinemarten,1,0.9991328120231628,2.1951174858259037e-05,4.202822674415074e-05,0.0006364008877426386,0.00016691857308615
stoat_0510.jpg,stoat,3,1.017495776522992e-07,2.739876094892679e-07,7.066125817800639e-06,0.9999434947967529,4.914246528642252e-05
mink_0859.jpg,mink,0,0.9997342228889465,3.2967463994282298e-06,0.0001370516256429255,2.8240807296242565e-05,9.714395127957687e-05
polecat_0321.jpg,polecat,2,1.572045391640131e-07,2.2520916900248267e-05,0.9961108565330505,0.0035052266903221607,0.0003612619766499847
mink_0516.jpg,mink,0,0.9844751954078674,0.001037984504364431,0.014249276369810104,0.0002168891078326851,2.05132437258726e-05
weasel_0952.jpg,weasel,4,7.525187584178639e-09,9.732940497997333e-07,1.6763762687332928e-05,0.018102562054991722,0.981879711151123
pinemarten_0583.jpg,pinemarten,1,8.943455004351009e-11,1.0,4.4353035133504193e-10,3.656756897285618e-09,3.2123856352761493e-10
stoat_0887.jpg,stoat,3,0.0006589557742699981,2.220142232545186e-05,3.898152499459684e-06,0.9991570711135864,0.00015796803927514702
mink_0296.jpg,mink,0,0.9999986886978149,1.5480341630791372e-07,1.5548371834483987e-07,1.445841348868271e-07,8.379982432416e-07
pinemarten_0301.jpg,pinemarten,1,0.01038473378866911,0.9862523674964905,0.0033618758898228407,1.0557164387137163e-06,1.7269032426270314e-08
stoat_0444.jpg,stoat,3,4.269899545050748e-09,3.230977745261043e-05,1.2137104477005778e-06,0.9999080896377563,5.8373359934194013e-05
stoat_0270.jpg,stoat,3,6.301807076170007e-08,1.2486374600939598e-07,6.004055421726662e-07,0.9998866319656372,0.00011258828453719616
weasel_0501.jpg,weasel,4,1.1128524874948198e-06,2.5013381588223638e-08,1.6789788787718862e-05,0.000674390874337405,0.9993077516555786
weasel_0669.jpg,weasel,4,1.010124037748028e-06,1.9817274932165674e-08,9.841040338187668e-08,0.015339215286076069,0.9846595525741577
polecat_0328.jpg,polecat,2,1.2060995686624665e-05,9.708340257930104e-06,0.999852180480957,6.97839495842345e-05,5.6196378864115104e-05
stoat_0413.jpg,stoat,3,0.004655554424971342,0.001091587939299643,0.00025852848193608224,0.9925264120101929,0.0014679181622341275
polecat_0058.jpg,polecat,2,0.0012074063997715712,0.0035863190423697233,0.9907958507537842,0.004399729426950216,1.073587827704614e-05
weasel_0601.jpg,weasel,4,4.851976314057538e-07,1.3415797639471094e-10,5.812673009586433e-09,0.003047448117285967,0.9969520568847656
weasel_0368.jpg,weasel,4,2.8734689294651616e-08,5.0066660151060205e-08,1.9273354467941317e-08,0.0017596285324543715,0.9982403516769409
weasel_0329.jpg,weasel,4,8.64170601744263e-07,8.816365152597427e-06,1.623836993758232e-07,0.9897955060005188,0.010194556787610054
weasel_0458.jpg,weasel,4,6.678760837530717e-05,0.9787705540657043,0.005303598009049892,0.0003052240062970668,0.015553824603557587
stoat_0025.jpg,stoat,3,0.0005966532626189291,0.02501305192708969,3.441419039518223e-06,0.6910950541496277,0.2832917869091034
pinemarten_0305.jpg,pinemarten,1,0.0010692985961213708,0.9988836646080017,3.345770528540015e-05,1.1808179806394037e-05,1.7507277334516402e-06
pinemarten_0818.jpg,pinemarten,1,0.00019171183521393687,0.9915649890899658,0.007964207790791988,0.0002475362562108785,3.157785249641165e-05
polecat_0050.jpg,polecat,2,1.832297675719019e-05,2.8006143182324195e-08,0.9999814033508301,7.240669219754636e-08,1.0453485543848728e-07
stoat_0792.jpg,stoat,3,8.622798475244053e-08,5.945969974163745e-07,1.397324354002194e-07,0.772609293460846,0.22738990187644958
mink_0891.jpg,mink,0,0.9999886751174927,1.000142492557643e-05,8.599812417742214e-09,2.5431472749914974e-07,1.116164753511839e-06
pinemarten_0721.jpg,pinemarten,1,2.307000249857083e-05,0.9999721050262451,6.554474794029375e-07,2.46509017642893e-07,3.910734449164011e-06
mink_0159.jpg,mink,0,0.6957128643989563,0.0037656030617654324,0.2996791899204254,0.0005744951195083559,0.00026789051480591297
weasel_0839.jpg,weasel,4,0.0007280807476490736,0.0016337133711203933,0.021517973393201828,0.1691949963569641,0.8069251775741577
weasel_0384.jpg,weasel,4,9.78983436539238e-08,0.0001795999996829778,3.239008350419681e-08,0.020654166117310524,0.9791660904884338
stoat_0754.jpg,stoat,3,3.371547063579783e-05,0.00011190993245691061,7.031040240690345e-06,0.9972670078277588,0.0025804489850997925
polecat_0723.jpg,polecat,2,6.005182149237953e-05,8.312011914313189e-07,0.9999388456344604,1.6560601068249525e-07,1.2955064221387147e-07
weasel_0028.jpg,weasel,4,0.03420604020357132,0.00025994726456701756,1.3280561688588932e-05,0.011033008806407452,0.9544877409934998
mink_0514.jpg,mink,0,0.9999998807907104,4.3839527563704905e-08,7.707207316798304e-08,6.218383141742834e-09,2.776459284703492e-09
pinemarten_0163.jpg,pinemarten,1,0.016658367589116096,0.9107794165611267,0.049042243510484695,0.016384471207857132,0.00713546946644783
pinemarten_0979.jpg,pinemarten,1,1.4013963664183393e-05,0.9997528195381165,0.00020287367806304246,2.7798239898402244e-05,2.5632530196162406e-06
mink_0116.jpg,mink,0,0.818907618522644,0.01730620674788952,0.008629247546195984,0.1358209103345871,0.019335925579071045
mink_0380.jpg,mink,0,0.9999074935913086,1.434507453268452e-06,5.231208888289984e-07,5.152995800017379e-05,3.904644472640939e-05
pinemarten_0766.jpg,pinemarten,1,5.007421588487659e-09,1.0,9.063170658407671e-09,4.656344287923275e-08,1.9200121492701783e-09
stoat_0426.jpg,stoat,3,1.9373716853010592e-08,2.248779473745799e-08,2.402656491540256e-07,0.9710885882377625,0.02891113981604576
mink_0177.jpg,mink,0,0.8012405633926392,0.13556499779224396,0.05586099997162819,0.006344717461615801,0.000988772138953209
