path,classification,label
0_0_mink_0878.jpg,0,mink
0_0_otter_0335.jpg,1,otter
0_0_polecat_0431.jpg,3,polecat
0_0_mink_0308.jpg,0,mink
0_0_stoat_0827.jpg,4,stoat
0_0_stoat_0837.jpg,4,stoat
0_0_weasel_0005.jpg,5,weasel
0_0_stoat_0702.jpg,4,stoat
0_0_otter_0758.jpg,1,otter
0_0_mink_0750.jpg,0,mink
0_0_pinemarten_0474.jpg,2,pinemarten
0_0_pinemarten_0888.jpg,2,pinemarten
0_0_pinemarten_0092.jpg,2,pinemarten
0_0_weasel_0330.jpg,5,weasel
0_0_polecat_0084.jpg,3,polecat
0_0_otter_0430.jpg,1,otter
0_0_pinemarten_0090.jpg,2,pinemarten
0_0_mink_0260.jpg,0,mink
0_0_pinemarten_0213.jpg,2,pinemarten
0_0_mink_0226.jpg,0,mink
0_0_mink_0622.jpg,0,mink
0_0_otter_0761.jpg,1,otter
0_0_mink_0668.jpg,0,mink
0_0_mink_0112.jpg,0,mink
0_0_polecat_0971.jpg,3,polecat
0_0_weasel_0396.jpg,5,weasel
0_0_stoat_0726.jpg,4,stoat
0_0_pinemarten_0356.jpg,2,pinemarten
0_0_weasel_0235.jpg,5,weasel
0_0_stoat_0691.jpg,4,stoat
0_0_otter_0922.jpg,1,otter
0_1_otter_0922.jpg,1,otter
0_0_mink_0911.jpg,0,mink
0_1_mink_0911.jpg,0,mink
0_0_stoat_0339.jpg,4,stoat
0_0_pinemarten_0940.jpg,2,pinemarten
0_1_pinemarten_0940.jpg,2,pinemarten
0_0_otter_0352.jpg,1,otter
0_0_weasel_0402.jpg,5,weasel
0_0_mink_0746.jpg,0,mink
0_0_pinemarten_0985.jpg,2,pinemarten
0_0_stoat_0217.jpg,4,stoat
0_1_stoat_0217.jpg,4,stoat
0_0_stoat_0597.jpg,4,stoat
0_0_polecat_0869.jpg,3,polecat
0_0_mink_0348.jpg,0,mink
0_1_mink_0348.jpg,0,mink
0_0_otter_0032.jpg,1,otter
0_0_polecat_0755.jpg,3,polecat
0_1_polecat_0755.jpg,3,polecat
0_0_pinemarten_0921.jpg,2,pinemarten
0_0_otter_0433.jpg,1,otter
1_0_polecat_0280.jpg,3,polecat
0_0_mink_0797.jpg,0,mink
0_0_polecat_0674.jpg,3,polecat
0_0_mink_0261.jpg,0,mink
0_0_stoat_0640.jpg,4,stoat
0_0_stoat_0624.jpg,4,stoat
0_0_polecat_0530.jpg,3,polecat
0_0_weasel_0599.jpg,5,weasel
0_0_otter_0429.jpg,1,otter
0_0_polecat_0553.jpg,3,polecat
0_0_weasel_0807.jpg,5,weasel
0_0_mink_0489.jpg,0,mink
0_0_polecat_0946.jpg,3,polecat
0_0_otter_0208.jpg,1,otter
0_0_mink_0382.jpg,0,mink
0_0_otter_0765.jpg,1,otter
0_0_polecat_0404.jpg,3,polecat
0_0_stoat_0666.jpg,4,stoat
0_0_stoat_0210.jpg,4,stoat
0_0_stoat_0881.jpg,4,stoat
0_0_mink_0350.jpg,0,mink
0_0_mink_0886.jpg,0,mink
0_0_pinemarten_0152.jpg,2,pinemarten
0_0_otter_0325.jpg,1,otter
0_0_weasel_0322.jpg,5,weasel
0_0_pinemarten_0470.jpg,2,pinemarten
0_0_otter_0452.jpg,1,otter
0_0_otter_0481.jpg,1,otter
1_1_otter_0481.jpg,1,otter
0_0_polecat_0188.jpg,3,polecat
0_0_otter_0549.jpg,1,otter
0_0_polecat_0068.jpg,3,polecat
0_0_otter_0624.jpg,1,otter
0_0_otter_0802.jpg,1,otter
0_0_stoat_0005.jpg,4,stoat
0_0_stoat_0085.jpg,4,stoat
0_0_weasel_0889.jpg,5,weasel
0_0_pinemarten_0295.jpg,2,pinemarten
0_0_pinemarten_0396.jpg,2,pinemarten
0_1_pinemarten_0396.jpg,2,pinemarten
0_0_mink_0424.jpg,0,mink
0_0_otter_0532.jpg,1,otter
0_0_stoat_0128.jpg,4,stoat
2_0_polecat_0557.jpg,3,polecat
0_0_stoat_0795.jpg,4,stoat
0_0_stoat_0825.jpg,4,stoat
0_0_mink_0758.jpg,0,mink
0_0_otter_0101.jpg,1,otter
0_0_stoat_0947.jpg,4,stoat
0_0_mink_0361.jpg,0,mink
0_0_otter_0546.jpg,1,otter
0_0_mink_0931.jpg,0,mink
0_0_stoat_0032.jpg,4,stoat
0_0_otter_0983.jpg,1,otter
0_0_otter_0501.jpg,1,otter
0_0_polecat_0637.jpg,3,polecat
0_0_otter_0644.jpg,1,otter
0_0_otter_0880.jpg,1,otter
0_0_pinemarten_0631.jpg,2,pinemarten
0_0_polecat_0452.jpg,3,polecat
0_0_pinemarten_0018.jpg,2,pinemarten
0_0_pinemarten_0996.jpg,2,pinemarten
0_0_otter_0584.jpg,1,otter
0_0_polecat_0329.jpg,3,polecat
0_0_weasel_0689.jpg,5,weasel
0_0_otter_0538.jpg,1,otter
0_0_weasel_0549.jpg,5,weasel
0_0_weasel_0104.jpg,5,weasel
0_0_mink_0756.jpg,0,mink
0_0_polecat_0200.jpg,3,polecat
0_0_pinemarten_0430.jpg,2,pinemarten
0_0_weasel_0384.jpg,5,weasel
0_1_weasel_0384.jpg,5,weasel
0_0_stoat_0842.jpg,4,stoat
0_0_mink_0975.jpg,0,mink
0_0_polecat_0157.jpg,3,polecat
0_0_mink_0713.jpg,0,mink
0_0_weasel_0191.jpg,5,weasel
0_0_stoat_0626.jpg,4,stoat
0_1_stoat_0626.jpg,4,stoat
0_0_polecat_0325.jpg,3,polecat
0_0_mink_0302.jpg,0,mink
0_0_pinemarten_0954.jpg,2,pinemarten
0_0_weasel_0581.jpg,5,weasel
0_0_pinemarten_0433.jpg,2,pinemarten
0_0_otter_0300.jpg,1,otter
0_0_stoat_0188.jpg,4,stoat
0_0_weasel_0858.jpg,5,weasel
0_0_pinemarten_0205.jpg,2,pinemarten
0_0_polecat_0749.jpg,3,polecat
0_0_mink_0714.jpg,0,mink
0_0_weasel_0833.jpg,5,weasel
0_0_stoat_0225.jpg,4,stoat
0_0_polecat_0771.jpg,3,polecat
0_0_otter_0055.jpg,1,otter
0_0_weasel_0550.jpg,5,weasel
0_0_stoat_0575.jpg,4,stoat
0_0_pinemarten_0487.jpg,2,pinemarten
0_0_otter_0803.jpg,1,otter
0_0_pinemarten_0668.jpg,2,pinemarten
0_1_pinemarten_0668.jpg,2,pinemarten
0_0_pinemarten_0739.jpg,2,pinemarten
0_0_pinemarten_0377.jpg,2,pinemarten
0_0_stoat_0517.jpg,4,stoat
0_0_weasel_0567.jpg,5,weasel
0_0_pinemarten_0347.jpg,2,pinemarten
0_0_polecat_0462.jpg,3,polecat
0_0_weasel_0092.jpg,5,weasel
0_0_otter_0824.jpg,1,otter
0_0_pinemarten_0025.jpg,2,pinemarten
0_0_stoat_0073.jpg,4,stoat
0_0_stoat_0207.jpg,4,stoat
0_0_weasel_0484.jpg,5,weasel
0_0_otter_0967.jpg,1,otter
0_0_polecat_0161.jpg,3,polecat
0_0_polecat_0308.jpg,3,polecat
0_0_otter_0009.jpg,1,otter
0_0_otter_0056.jpg,1,otter
0_0_mink_0537.jpg,0,mink
0_0_weasel_0452.jpg,5,weasel
0_0_stoat_0330.jpg,4,stoat
0_0_polecat_0577.jpg,3,polecat
0_0_mink_0452.jpg,0,mink
0_0_stoat_0027.jpg,4,stoat
0_0_mink_0685.jpg,0,mink
0_0_stoat_0984.jpg,4,stoat
0_0_stoat_0001.jpg,4,stoat
0_0_weasel_0153.jpg,5,weasel
0_1_weasel_0153.jpg,5,weasel
0_0_weasel_0800.jpg,5,weasel
0_0_mink_0584.jpg,0,mink
0_0_otter_0499.jpg,1,otter
0_0_polecat_0323.jpg,3,polecat
0_0_stoat_0537.jpg,4,stoat
0_0_pinemarten_0351.jpg,2,pinemarten
0_0_mink_0532.jpg,0,mink
0_0_weasel_0692.jpg,5,weasel
0_0_stoat_0973.jpg,4,stoat
0_0_polecat_0773.jpg,3,polecat
0_0_polecat_0697.jpg,3,polecat
0_0_polecat_0810.jpg,3,polecat
0_0_weasel_0812.jpg,5,weasel
0_0_weasel_0193.jpg,5,weasel
0_0_mink_0497.jpg,0,mink
0_0_mink_0779.jpg,0,mink
0_0_stoat_0521.jpg,4,stoat
0_0_polecat_0747.jpg,3,polecat
0_0_weasel_0526.jpg,5,weasel
0_0_polecat_0830.jpg,3,polecat
0_0_pinemarten_0241.jpg,2,pinemarten
0_0_polecat_0938.jpg,3,polecat
0_0_polecat_0921.jpg,3,polecat
0_0_stoat_0960.jpg,4,stoat
0_0_stoat_0526.jpg,4,stoat
0_0_polecat_0531.jpg,3,polecat
0_0_otter_0249.jpg,1,otter
0_0_pinemarten_0722.jpg,2,pinemarten
0_0_mink_0012.jpg,0,mink
0_0_weasel_0228.jpg,5,weasel
0_0_weasel_0483.jpg,5,weasel
0_0_otter_0573.jpg,1,otter
0_0_mink_0966.jpg,0,mink
0_0_pinemarten_0789.jpg,2,pinemarten
0_0_mink_0018.jpg,0,mink
0_0_mink_0573.jpg,0,mink
0_0_mink_0356.jpg,0,mink
0_1_mink_0356.jpg,0,mink
0_0_mink_0696.jpg,0,mink
0_0_weasel_0448.jpg,5,weasel
0_0_stoat_0465.jpg,4,stoat
0_0_mink_0595.jpg,0,mink
0_0_otter_0110.jpg,1,otter
0_0_stoat_0174.jpg,4,stoat
0_1_stoat_0174.jpg,4,stoat
0_0_mink_0136.jpg,0,mink
0_0_pinemarten_0546.jpg,2,pinemarten
0_1_pinemarten_0546.jpg,2,pinemarten
0_0_pinemarten_0481.jpg,2,pinemarten
0_0_stoat_0195.jpg,4,stoat
0_0_otter_0668.jpg,1,otter
0_0_pinemarten_0887.jpg,2,pinemarten
0_0_mink_0251.jpg,0,mink
0_0_weasel_0773.jpg,5,weasel
0_0_polecat_0123.jpg,3,polecat
0_0_polecat_0838.jpg,3,polecat
0_0_mink_0790.jpg,0,mink
0_0_pinemarten_0298.jpg,2,pinemarten
0_0_pinemarten_0543.jpg,2,pinemarten
0_0_stoat_0744.jpg,4,stoat
0_0_otter_0030.jpg,1,otter
0_0_pinemarten_0915.jpg,2,pinemarten
0_0_otter_0336.jpg,1,otter
0_0_polecat_0258.jpg,3,polecat
0_0_stoat_0373.jpg,4,stoat
0_0_mink_0747.jpg,0,mink
0_0_mink_0970.jpg,0,mink
0_0_mink_0116.jpg,0,mink
0_1_mink_0116.jpg,0,mink
0_0_polecat_0215.jpg,3,polecat
0_0_stoat_0111.jpg,4,stoat
0_0_polecat_0266.jpg,3,polecat
0_0_otter_0504.jpg,1,otter
0_0_weasel_0415.jpg,5,weasel
0_0_pinemarten_0565.jpg,2,pinemarten
0_0_otter_0673.jpg,1,otter
0_0_pinemarten_0195.jpg,2,pinemarten
0_0_mink_0626.jpg,0,mink
0_0_pinemarten_0146.jpg,2,pinemarten
0_0_mink_0678.jpg,0,mink
0_0_polecat_0010.jpg,3,polecat
0_0_weasel_0659.jpg,5,weasel
0_0_weasel_0706.jpg,5,weasel
0_0_mink_0137.jpg,0,mink
0_0_pinemarten_0507.jpg,2,pinemarten
0_0_mink_1000.jpg,0,mink
0_0_polecat_0126.jpg,3,polecat
0_0_stoat_0944.jpg,4,stoat
0_0_otter_0610.jpg,1,otter
0_0_pinemarten_0412.jpg,2,pinemarten
0_0_stoat_0479.jpg,4,stoat
0_0_pinemarten_0247.jpg,2,pinemarten
0_1_pinemarten_0247.jpg,2,pinemarten
0_0_weasel_0789.jpg,5,weasel
0_0_weasel_0063.jpg,5,weasel
0_0_mink_0884.jpg,0,mink
0_0_weasel_0451.jpg,5,weasel
0_0_pinemarten_0741.jpg,2,pinemarten
0_0_polecat_0953.jpg,3,polecat
0_0_stoat_0372.jpg,4,stoat
0_0_stoat_0295.jpg,4,stoat
0_0_mink_0670.jpg,0,mink
0_0_stoat_0563.jpg,4,stoat
0_0_otter_0333.jpg,1,otter
0_0_polecat_0824.jpg,3,polecat
0_0_pinemarten_0318.jpg,2,pinemarten
0_0_weasel_0895.jpg,5,weasel
0_0_otter_0543.jpg,1,otter
0_0_stoat_0284.jpg,4,stoat
0_0_polecat_0704.jpg,3,polecat
0_0_pinemarten_0745.jpg,2,pinemarten
0_0_polecat_0870.jpg,3,polecat
0_0_polecat_0593.jpg,3,polecat
0_0_mink_0633.jpg,0,mink
0_0_mink_0731.jpg,0,mink
0_0_otter_0633.jpg,1,otter
0_0_stoat_0591.jpg,4,stoat
0_0_mink_0032.jpg,0,mink
0_1_mink_0032.jpg,0,mink
0_0_stoat_0484.jpg,4,stoat
0_0_stoat_0185.jpg,4,stoat
0_1_stoat_0185.jpg,4,stoat
0_0_weasel_0656.jpg,5,weasel
0_0_polecat_0052.jpg,3,polecat
0_0_mink_0257.jpg,0,mink
0_0_weasel_0770.jpg,5,weasel
0_0_mink_0297.jpg,0,mink
0_0_pinemarten_0416.jpg,2,pinemarten
0_0_pinemarten_0544.jpg,2,pinemarten
0_0_mink_0810.jpg,0,mink
0_0_otter_0658.jpg,1,otter
0_0_pinemarten_0083.jpg,2,pinemarten
0_0_weasel_0729.jpg,5,weasel
0_0_weasel_0213.jpg,5,weasel
0_0_stoat_0148.jpg,4,stoat
0_0_polecat_0438.jpg,3,polecat
0_0_otter_0893.jpg,1,otter
0_0_stoat_0746.jpg,4,stoat
0_0_mink_0364.jpg,0,mink
0_0_pinemarten_0391.jpg,2,pinemarten
0_0_stoat_0069.jpg,4,stoat
0_0_otter_0136.jpg,1,otter
0_0_mink_0548.jpg,0,mink
0_0_pinemarten_0798.jpg,2,pinemarten
0_0_otter_0115.jpg,1,otter
0_0_polecat_0706.jpg,3,polecat
0_0_mink_0200.jpg,0,mink
0_0_weasel_0502.jpg,5,weasel
0_0_otter_0227.jpg,1,otter
0_0_polecat_0368.jpg,3,polecat
0_0_polecat_0635.jpg,3,polecat
0_0_otter_0344.jpg,1,otter
0_0_pinemarten_0569.jpg,2,pinemarten
0_0_polecat_0213.jpg,3,polecat
0_0_stoat_0381.jpg,4,stoat
0_0_polecat_0864.jpg,3,polecat
0_0_weasel_0869.jpg,5,weasel
0_0_otter_0266.jpg,1,otter
0_0_weasel_0723.jpg,5,weasel
0_0_stoat_0176.jpg,4,stoat
0_0_weasel_0809.jpg,5,weasel
0_0_stoat_0822.jpg,4,stoat
0_0_otter_0211.jpg,1,otter
0_0_weasel_0819.jpg,5,weasel
0_0_weasel_0616.jpg,5,weasel
0_0_mink_0860.jpg,0,mink
0_0_stoat_0609.jpg,4,stoat
0_0_stoat_0448.jpg,4,stoat
0_0_stoat_0269.jpg,4,stoat
0_0_mink_0722.jpg,0,mink
0_0_otter_0791.jpg,1,otter
0_0_mink_0011.jpg,0,mink
0_0_mink_0540.jpg,0,mink
0_0_weasel_0859.jpg,5,weasel
0_0_stoat_0203.jpg,4,stoat
0_0_weasel_0598.jpg,5,weasel
0_0_mink_0569.jpg,0,mink
0_0_pinemarten_0472.jpg,2,pinemarten
0_1_pinemarten_0472.jpg,2,pinemarten
0_0_pinemarten_0208.jpg,2,pinemarten
0_0_mink_0050.jpg,0,mink
0_0_otter_0253.jpg,1,otter
0_1_otter_0253.jpg,1,otter
0_0_otter_0386.jpg,1,otter
0_0_polecat_0326.jpg,3,polecat
0_0_weasel_0233.jpg,5,weasel
0_0_mink_0130.jpg,0,mink
0_0_polecat_0618.jpg,3,polecat
0_0_pinemarten_0808.jpg,2,pinemarten
0_0_weasel_0753.jpg,5,weasel
0_0_weasel_0625.jpg,5,weasel
0_0_stoat_0209.jpg,4,stoat
0_0_polecat_0852.jpg,3,polecat
0_0_weasel_0654.jpg,5,weasel
0_0_pinemarten_0790.jpg,2,pinemarten
0_0_otter_0476.jpg,1,otter
0_0_polecat_0776.jpg,3,polecat
0_0_mink_0040.jpg,0,mink
0_0_polecat_0527.jpg,3,polecat
0_0_polecat_0151.jpg,3,polecat
0_0_polecat_0912.jpg,3,polecat
0_0_polecat_0841.jpg,3,polecat
0_0_pinemarten_0088.jpg,2,pinemarten
0_0_stoat_0758.jpg,4,stoat
0_0_polecat_0699.jpg,3,polecat
0_0_polecat_0616.jpg,3,polecat
0_0_otter_0340.jpg,1,otter
0_0_otter_0972.jpg,1,otter
0_0_mink_0383.jpg,0,mink
0_0_stoat_0566.jpg,4,stoat
0_0_otter_0400.jpg,1,otter
0_1_otter_0400.jpg,1,otter
0_0_pinemarten_0924.jpg,2,pinemarten
0_0_otter_0542.jpg,1,otter
0_0_weasel_0787.jpg,5,weasel
0_0_mink_0936.jpg,0,mink
0_0_weasel_0611.jpg,5,weasel
0_0_mink_0027.jpg,0,mink
0_0_mink_0634.jpg,0,mink
0_0_mink_0887.jpg,0,mink
0_0_pinemarten_1000.jpg,2,pinemarten
0_0_otter_0149.jpg,1,otter
0_0_polecat_0321.jpg,3,polecat
0_0_weasel_0566.jpg,5,weasel
0_0_stoat_0461.jpg,4,stoat
0_0_weasel_0725.jpg,5,weasel
0_0_stoat_0018.jpg,4,stoat
0_0_polecat_0020.jpg,3,polecat
0_0_weasel_0109.jpg,5,weasel
0_1_weasel_0109.jpg,5,weasel
0_0_weasel_0614.jpg,5,weasel
0_0_pinemarten_0597.jpg,2,pinemarten
0_0_otter_0345.jpg,1,otter
0_1_otter_0345.jpg,1,otter
0_0_polecat_0880.jpg,3,polecat
0_0_weasel_0925.jpg,5,weasel
0_0_stoat_0551.jpg,4,stoat
0_0_polecat_0643.jpg,3,polecat
0_0_otter_0784.jpg,1,otter
0_0_otter_0299.jpg,1,otter
0_0_stoat_0272.jpg,4,stoat
0_0_otter_0722.jpg,1,otter
0_0_mink_0449.jpg,0,mink
0_0_mink_0362.jpg,0,mink
0_0_otter_0829.jpg,1,otter
0_0_stoat_0850.jpg,4,stoat
0_0_weasel_0197.jpg,5,weasel
0_0_mink_0618.jpg,0,mink
0_0_otter_0698.jpg,1,otter
0_0_mink_0498.jpg,0,mink
0_0_stoat_0540.jpg,4,stoat
0_0_polecat_0202.jpg,3,polecat
0_0_polecat_0769.jpg,3,polecat
0_0_pinemarten_0460.jpg,2,pinemarten
0_0_mink_0787.jpg,0,mink
0_0_polecat_0664.jpg,3,polecat
0_0_stoat_0777.jpg,4,stoat
0_0_mink_0960.jpg,0,mink
0_0_pinemarten_0203.jpg,2,pinemarten
0_0_pinemarten_0054.jpg,2,pinemarten
0_0_mink_0115.jpg,0,mink
0_0_mink_0368.jpg,0,mink
0_0_pinemarten_0958.jpg,2,pinemarten
0_0_polecat_0449.jpg,3,polecat
0_0_otter_0528.jpg,1,otter
0_1_otter_0528.jpg,1,otter
0_0_stoat_0246.jpg,4,stoat
0_0_stoat_0328.jpg,4,stoat
0_0_weasel_0750.jpg,5,weasel
0_0_weasel_0563.jpg,5,weasel
0_0_pinemarten_0170.jpg,2,pinemarten
0_0_stoat_0671.jpg,4,stoat
0_0_polecat_0717.jpg,3,polecat
0_0_mink_0892.jpg,0,mink
0_0_weasel_0803.jpg,5,weasel
0_0_polecat_0137.jpg,3,polecat
0_0_pinemarten_0514.jpg,2,pinemarten
0_0_otter_0754.jpg,1,otter
0_0_pinemarten_0023.jpg,2,pinemarten
0_0_pinemarten_0847.jpg,2,pinemarten
0_0_otter_0555.jpg,1,otter
0_1_otter_0555.jpg,1,otter
0_0_stoat_0400.jpg,4,stoat
0_0_weasel_0243.jpg,5,weasel
0_0_pinemarten_0235.jpg,2,pinemarten
0_0_pinemarten_0904.jpg,2,pinemarten
0_0_polecat_0304.jpg,3,polecat
0_0_polecat_0529.jpg,3,polecat
0_0_otter_0272.jpg,1,otter
0_0_otter_0961.jpg,1,otter
0_0_weasel_0681.jpg,5,weasel
0_0_mink_0418.jpg,0,mink
0_0_otter_0634.jpg,1,otter
0_0_stoat_0482.jpg,4,stoat
0_0_polecat_0249.jpg,3,polecat
0_0_weasel_0756.jpg,5,weasel
0_0_stoat_0907.jpg,4,stoat
0_0_weasel_0335.jpg,5,weasel
0_0_otter_0341.jpg,1,otter
0_0_otter_0119.jpg,1,otter
0_0_polecat_0538.jpg,3,polecat
0_0_otter_0566.jpg,1,otter
0_0_polecat_0712.jpg,3,polecat
0_0_otter_0964.jpg,1,otter
0_0_stoat_0496.jpg,4,stoat
0_0_weasel_0286.jpg,5,weasel
0_0_weasel_0390.jpg,5,weasel
0_0_otter_0477.jpg,1,otter
0_0_pinemarten_0033.jpg,2,pinemarten
0_0_mink_0686.jpg,0,mink
0_0_weasel_0591.jpg,5,weasel
0_0_stoat_0157.jpg,4,stoat
0_0_otter_0311.jpg,1,otter
0_0_polecat_0600.jpg,3,polecat
0_0_polecat_0521.jpg,3,polecat
0_0_weasel_0715.jpg,5,weasel
0_0_polecat_0839.jpg,3,polecat
0_0_mink_0214.jpg,0,mink
0_0_otter_0223.jpg,1,otter
0_0_stoat_0009.jpg,4,stoat
0_0_mink_0463.jpg,0,mink
0_0_pinemarten_0680.jpg,2,pinemarten
0_0_polecat_0181.jpg,3,polecat
0_0_stoat_0227.jpg,4,stoat
0_0_pinemarten_0004.jpg,2,pinemarten
0_0_stoat_0618.jpg,4,stoat
0_0_stoat_0377.jpg,4,stoat
0_0_pinemarten_0130.jpg,2,pinemarten
0_0_polecat_0922.jpg,3,polecat
0_0_mink_0883.jpg,0,mink
0_0_weasel_0988.jpg,5,weasel
0_0_weasel_0697.jpg,5,weasel
0_0_mink_0337.jpg,0,mink
0_0_weasel_0259.jpg,5,weasel
0_0_otter_0670.jpg,1,otter
0_0_otter_0086.jpg,1,otter
0_0_stoat_0736.jpg,4,stoat
0_0_stoat_0371.jpg,4,stoat
0_0_stoat_0292.jpg,4,stoat
0_0_polecat_0083.jpg,3,polecat
0_0_stoat_0844.jpg,4,stoat
0_0_stoat_0200.jpg,4,stoat
0_0_mink_0146.jpg,0,mink
0_0_weasel_0317.jpg,5,weasel
0_0_stoat_0023.jpg,4,stoat
0_1_stoat_0023.jpg,4,stoat
0_0_pinemarten_0199.jpg,2,pinemarten
0_0_stoat_0440.jpg,4,stoat
0_0_polecat_0340.jpg,3,polecat
0_0_mink_0542.jpg,0,mink
0_0_stoat_0419.jpg,4,stoat
0_0_polecat_0455.jpg,3,polecat
0_0_polecat_0733.jpg,3,polecat
0_0_polecat_0208.jpg,3,polecat
0_0_otter_0562.jpg,1,otter
0_1_otter_0562.jpg,1,otter
0_0_polecat_0346.jpg,3,polecat
0_0_mink_0341.jpg,0,mink
0_0_pinemarten_0404.jpg,2,pinemarten
0_0_mink_0918.jpg,0,mink
0_0_otter_0674.jpg,1,otter
0_0_weasel_0168.jpg,5,weasel
0_0_weasel_0115.jpg,5,weasel
0_0_mink_0922.jpg,0,mink
0_0_mink_0831.jpg,0,mink
0_0_stoat_0224.jpg,4,stoat
0_0_pinemarten_0712.jpg,2,pinemarten
0_0_polecat_0080.jpg,3,polecat
0_0_polecat_0022.jpg,3,polecat
0_0_stoat_0208.jpg,4,stoat
0_0_pinemarten_0316.jpg,2,pinemarten
0_0_pinemarten_0894.jpg,2,pinemarten
0_1_pinemarten_0894.jpg,2,pinemarten
0_0_stoat_0026.jpg,4,stoat
0_1_stoat_0026.jpg,4,stoat
0_0_stoat_0962.jpg,4,stoat
0_0_mink_0732.jpg,0,mink
0_0_weasel_0262.jpg,5,weasel
0_0_stoat_0276.jpg,4,stoat
0_0_pinemarten_0862.jpg,2,pinemarten
0_0_weasel_0474.jpg,5,weasel
0_0_otter_0423.jpg,1,otter
0_0_otter_0259.jpg,1,otter
0_0_pinemarten_0091.jpg,2,pinemarten
0_0_mink_0073.jpg,0,mink
0_0_pinemarten_0420.jpg,2,pinemarten
0_0_stoat_0053.jpg,4,stoat
0_0_mink_0539.jpg,0,mink
0_0_stoat_0123.jpg,4,stoat
0_1_stoat_0123.jpg,4,stoat
0_0_otter_0853.jpg,1,otter
0_0_otter_0650.jpg,1,otter
0_1_otter_0650.jpg,1,otter
0_0_pinemarten_0708.jpg,2,pinemarten
0_0_weasel_0524.jpg,5,weasel
0_0_otter_0723.jpg,1,otter
0_0_pinemarten_0671.jpg,2,pinemarten
0_0_otter_0180.jpg,1,otter
0_0_polecat_0236.jpg,3,polecat
0_0_weasel_0072.jpg,5,weasel
0_0_otter_0063.jpg,1,otter
0_0_otter_0129.jpg,1,otter
0_0_otter_0782.jpg,1,otter
0_0_polecat_0282.jpg,3,polecat
0_0_stoat_0813.jpg,4,stoat
0_0_weasel_0518.jpg,5,weasel
0_0_otter_0072.jpg,1,otter
0_0_otter_0290.jpg,1,otter
0_0_polecat_0585.jpg,3,polecat
0_1_polecat_0585.jpg,3,polecat
0_0_otter_0425.jpg,1,otter
0_0_stoat_0899.jpg,4,stoat
0_0_mink_0431.jpg,0,mink
0_0_stoat_0766.jpg,4,stoat
0_0_mink_0406.jpg,0,mink
0_0_otter_0969.jpg,1,otter
0_0_mink_0213.jpg,0,mink
0_0_otter_0780.jpg,1,otter
0_0_pinemarten_0211.jpg,2,pinemarten
0_0_stoat_0663.jpg,4,stoat
0_0_pinemarten_0141.jpg,2,pinemarten
0_0_pinemarten_0510.jpg,2,pinemarten
0_0_mink_0193.jpg,0,mink
0_0_stoat_0706.jpg,4,stoat
0_0_pinemarten_0013.jpg,2,pinemarten
0_0_otter_0866.jpg,1,otter
0_0_polecat_0184.jpg,3,polecat
0_0_pinemarten_0572.jpg,2,pinemarten
0_0_weasel_0315.jpg,5,weasel
0_0_otter_0724.jpg,1,otter
0_0_weasel_0165.jpg,5,weasel
0_0_otter_0609.jpg,1,otter
0_0_pinemarten_0237.jpg,2,pinemarten
0_0_otter_0687.jpg,1,otter
0_0_otter_0583.jpg,1,otter
0_0_polecat_0018.jpg,3,polecat
0_0_weasel_0161.jpg,5,weasel
0_0_mink_0133.jpg,0,mink
0_0_mink_0641.jpg,0,mink
0_0_mink_0311.jpg,0,mink
0_0_mink_0896.jpg,0,mink
0_0_otter_0737.jpg,1,otter
0_0_polecat_0335.jpg,3,polecat
0_0_weasel_0764.jpg,5,weasel
0_0_otter_0113.jpg,1,otter
0_0_pinemarten_0426.jpg,2,pinemarten
0_0_mink_0984.jpg,0,mink
0_0_stoat_0544.jpg,4,stoat
0_0_polecat_0693.jpg,3,polecat
0_0_weasel_0151.jpg,5,weasel
0_1_weasel_0151.jpg,5,weasel
0_0_weasel_0627.jpg,5,weasel
0_0_stoat_0402.jpg,4,stoat
0_0_stoat_0358.jpg,4,stoat
0_0_pinemarten_0452.jpg,2,pinemarten
0_0_otter_0597.jpg,1,otter
0_0_otter_0446.jpg,1,otter
0_0_polecat_0337.jpg,3,polecat
0_0_polecat_0350.jpg,3,polecat
0_0_weasel_0169.jpg,5,weasel
0_0_pinemarten_0678.jpg,2,pinemarten
0_0_mink_0606.jpg,0,mink
0_1_mink_0606.jpg,0,mink
0_0_otter_0375.jpg,1,otter
0_1_otter_0375.jpg,1,otter
0_0_otter_0895.jpg,1,otter
0_0_pinemarten_0865.jpg,2,pinemarten
0_0_pinemarten_0754.jpg,2,pinemarten
0_0_polecat_0067.jpg,3,polecat
0_0_stoat_0417.jpg,4,stoat
0_0_mink_0939.jpg,0,mink
0_0_stoat_0634.jpg,4,stoat
0_0_stoat_0393.jpg,4,stoat
0_0_mink_0232.jpg,0,mink
0_0_weasel_0257.jpg,5,weasel
0_0_mink_0464.jpg,0,mink
0_0_otter_0424.jpg,1,otter
0_0_pinemarten_0210.jpg,2,pinemarten
0_0_mink_0708.jpg,0,mink
0_0_mink_0504.jpg,0,mink
0_0_otter_0004.jpg,1,otter
0_0_mink_0030.jpg,0,mink
0_1_mink_0030.jpg,0,mink
0_0_otter_0981.jpg,1,otter
0_0_mink_0913.jpg,0,mink
0_0_polecat_0822.jpg,3,polecat
0_0_stoat_0713.jpg,4,stoat
0_0_mink_0719.jpg,0,mink
0_0_mink_0836.jpg,0,mink
0_1_mink_0836.jpg,0,mink
0_0_otter_0076.jpg,1,otter
0_0_polecat_0945.jpg,3,polecat
0_0_pinemarten_0463.jpg,2,pinemarten
0_0_polecat_0903.jpg,3,polecat
0_0_weasel_0673.jpg,5,weasel
0_0_stoat_0674.jpg,4,stoat
0_0_mink_0522.jpg,0,mink
0_0_weasel_0741.jpg,5,weasel
0_0_weasel_0533.jpg,5,weasel
0_0_stoat_0360.jpg,4,stoat
0_0_pinemarten_0914.jpg,2,pinemarten
0_0_mink_0278.jpg,0,mink
0_0_pinemarten_0552.jpg,2,pinemarten
0_0_mink_0306.jpg,0,mink
0_0_polecat_0435.jpg,3,polecat
0_0_mink_0320.jpg,0,mink
0_0_otter_0250.jpg,1,otter
0_1_otter_0250.jpg,1,otter
0_0_pinemarten_0758.jpg,2,pinemarten
0_0_pinemarten_0022.jpg,2,pinemarten
0_0_polecat_0958.jpg,3,polecat
0_0_pinemarten_0967.jpg,2,pinemarten
0_0_otter_0924.jpg,1,otter
0_0_otter_0293.jpg,1,otter
0_0_stoat_0721.jpg,4,stoat
0_0_pinemarten_0716.jpg,2,pinemarten
0_0_polecat_0136.jpg,3,polecat
0_1_polecat_0136.jpg,3,polecat
0_0_pinemarten_0070.jpg,2,pinemarten
0_0_pinemarten_0176.jpg,2,pinemarten
0_0_pinemarten_0889.jpg,2,pinemarten
0_0_weasel_0646.jpg,5,weasel
0_0_polecat_0898.jpg,3,polecat
0_1_polecat_0898.jpg,3,polecat
0_2_polecat_0898.jpg,3,polecat
0_0_otter_0686.jpg,1,otter
0_0_weasel_0391.jpg,5,weasel
0_0_otter_0163.jpg,1,otter
0_0_weasel_0652.jpg,5,weasel
0_0_weasel_0429.jpg,5,weasel
0_0_weasel_0671.jpg,5,weasel
0_0_weasel_0618.jpg,5,weasel
0_0_otter_0793.jpg,1,otter
0_0_otter_0874.jpg,1,otter
0_0_otter_0181.jpg,1,otter
0_0_polecat_0731.jpg,3,polecat
0_0_polecat_0650.jpg,3,polecat
0_0_polecat_0879.jpg,3,polecat
0_0_pinemarten_0834.jpg,2,pinemarten
0_0_mink_0914.jpg,0,mink
0_0_otter_0439.jpg,1,otter
0_0_weasel_0857.jpg,5,weasel
0_0_otter_0251.jpg,1,otter
0_0_stoat_0214.jpg,4,stoat
0_0_mink_0801.jpg,0,mink
0_0_stoat_0892.jpg,4,stoat
0_0_otter_0255.jpg,1,otter
0_0_stoat_0943.jpg,4,stoat
0_0_mink_0971.jpg,0,mink
0_0_otter_0458.jpg,1,otter
0_0_polecat_0110.jpg,3,polecat
0_0_weasel_0903.jpg,5,weasel
0_0_stoat_0522.jpg,4,stoat
0_0_otter_0016.jpg,1,otter
0_0_polecat_0653.jpg,3,polecat
0_0_polecat_0634.jpg,3,polecat
0_0_weasel_0149.jpg,5,weasel
0_0_polecat_0700.jpg,3,polecat
0_0_polecat_0056.jpg,3,polecat
0_0_polecat_0738.jpg,3,polecat
0_1_polecat_0738.jpg,3,polecat
0_0_pinemarten_0392.jpg,2,pinemarten
0_1_pinemarten_0392.jpg,2,pinemarten
0_0_pinemarten_0424.jpg,2,pinemarten
0_0_polecat_0851.jpg,3,polecat
0_0_mink_0581.jpg,0,mink
0_0_weasel_0937.jpg,5,weasel
0_1_weasel_0937.jpg,5,weasel
0_0_weasel_0430.jpg,5,weasel
0_0_pinemarten_0890.jpg,2,pinemarten
0_0_stoat_0688.jpg,4,stoat
0_0_mink_0672.jpg,0,mink
0_0_polecat_0669.jpg,3,polecat
0_0_weasel_0571.jpg,5,weasel
0_0_weasel_0727.jpg,5,weasel
0_0_pinemarten_0788.jpg,2,pinemarten
0_0_weasel_0216.jpg,5,weasel
0_0_weasel_0328.jpg,5,weasel
0_0_pinemarten_0292.jpg,2,pinemarten
0_0_otter_0560.jpg,1,otter
0_0_pinemarten_0931.jpg,2,pinemarten
0_0_mink_0692.jpg,0,mink
0_0_otter_0628.jpg,1,otter
0_1_otter_0628.jpg,1,otter
0_0_stoat_0508.jpg,4,stoat
0_0_pinemarten_0253.jpg,2,pinemarten
0_0_stoat_0977.jpg,4,stoat
0_1_stoat_0977.jpg,4,stoat
0_0_polecat_0267.jpg,3,polecat
0_0_mink_0928.jpg,0,mink
0_0_pinemarten_0301.jpg,2,pinemarten
0_0_pinemarten_0431.jpg,2,pinemarten
0_0_weasel_0639.jpg,5,weasel
0_0_weasel_0795.jpg,5,weasel
0_0_pinemarten_0542.jpg,2,pinemarten
0_0_otter_0392.jpg,1,otter
0_0_stoat_0251.jpg,4,stoat
0_0_weasel_0636.jpg,5,weasel
0_0_mink_0017.jpg,0,mink
0_0_stoat_0932.jpg,4,stoat
0_0_mink_0031.jpg,0,mink
0_0_polecat_0119.jpg,3,polecat
0_0_weasel_0488.jpg,5,weasel
0_0_weasel_0476.jpg,5,weasel
0_0_weasel_0122.jpg,5,weasel
0_1_weasel_0122.jpg,5,weasel
0_0_pinemarten_0898.jpg,2,pinemarten
0_0_weasel_0022.jpg,5,weasel
0_0_otter_0564.jpg,1,otter
0_0_mink_0329.jpg,0,mink
0_0_stoat_0179.jpg,4,stoat
0_0_mink_0417.jpg,0,mink
0_0_stoat_0739.jpg,4,stoat
0_0_mink_0946.jpg,0,mink
0_0_mink_0598.jpg,0,mink
0_0_polecat_0150.jpg,3,polecat
0_0_pinemarten_0477.jpg,2,pinemarten
0_0_polecat_0821.jpg,3,polecat
0_0_polecat_0894.jpg,3,polecat
0_0_mink_0473.jpg,0,mink
0_0_weasel_0323.jpg,5,weasel
0_0_stoat_0868.jpg,4,stoat
0_0_weasel_0521.jpg,5,weasel
0_0_mink_0347.jpg,0,mink
0_1_mink_0347.jpg,0,mink
0_0_pinemarten_0784.jpg,2,pinemarten
0_1_pinemarten_0784.jpg,2,pinemarten
0_0_otter_0995.jpg,1,otter
0_0_polecat_0091.jpg,3,polecat
0_0_mink_0494.jpg,0,mink
0_0_pinemarten_0747.jpg,2,pinemarten
0_0_polecat_0007.jpg,3,polecat
0_0_pinemarten_0502.jpg,2,pinemarten
0_0_weasel_0852.jpg,5,weasel
0_1_weasel_0852.jpg,5,weasel
0_0_mink_0723.jpg,0,mink
0_0_weasel_0919.jpg,5,weasel
0_0_mink_0644.jpg,0,mink
0_0_polecat_0422.jpg,3,polecat
0_0_pinemarten_0935.jpg,2,pinemarten
0_0_pinemarten_0467.jpg,2,pinemarten
0_0_weasel_0139.jpg,5,weasel
0_0_stoat_0851.jpg,4,stoat
0_0_stoat_0865.jpg,4,stoat
0_0_weasel_0468.jpg,5,weasel
0_0_otter_0217.jpg,1,otter
0_0_weasel_0827.jpg,5,weasel
0_0_weasel_0593.jpg,5,weasel
0_0_polecat_0926.jpg,3,polecat
0_0_mink_0044.jpg,0,mink
0_0_polecat_0518.jpg,3,polecat
0_0_pinemarten_0312.jpg,2,pinemarten
0_0_weasel_0007.jpg,5,weasel
0_0_mink_0435.jpg,0,mink
0_0_weasel_0939.jpg,5,weasel
0_0_weasel_0469.jpg,5,weasel
0_0_mink_0318.jpg,0,mink
0_1_mink_0318.jpg,0,mink
0_0_stoat_0579.jpg,4,stoat
0_0_stoat_0257.jpg,4,stoat
0_0_weasel_0349.jpg,5,weasel
0_0_otter_0033.jpg,1,otter
0_0_stoat_0250.jpg,4,stoat
0_0_pinemarten_0911.jpg,2,pinemarten
0_0_pinemarten_0968.jpg,2,pinemarten
0_0_pinemarten_0766.jpg,2,pinemarten
0_0_polecat_0209.jpg,3,polecat
0_0_polecat_0172.jpg,3,polecat
0_0_pinemarten_0743.jpg,2,pinemarten
0_0_otter_0703.jpg,1,otter
0_0_mink_0759.jpg,0,mink
0_0_otter_0636.jpg,1,otter
0_0_pinemarten_0488.jpg,2,pinemarten
0_1_pinemarten_0488.jpg,2,pinemarten
0_0_weasel_0736.jpg,5,weasel
0_0_otter_0770.jpg,1,otter
0_0_pinemarten_0961.jpg,2,pinemarten
0_0_mink_0234.jpg,0,mink
0_0_weasel_0397.jpg,5,weasel
0_0_mink_0775.jpg,0,mink
0_0_otter_0897.jpg,1,otter
0_0_pinemarten_0323.jpg,2,pinemarten
0_0_polecat_0140.jpg,3,polecat
0_0_pinemarten_0256.jpg,2,pinemarten
0_0_otter_0742.jpg,1,otter
0_0_mink_0788.jpg,0,mink
0_0_stoat_0572.jpg,4,stoat
0_0_polecat_0648.jpg,3,polecat
0_0_weasel_0561.jpg,5,weasel
0_0_polecat_0044.jpg,3,polecat
0_0_polecat_0609.jpg,3,polecat
0_0_otter_0850.jpg,1,otter
0_0_pinemarten_0779.jpg,2,pinemarten
0_0_otter_0473.jpg,1,otter
0_0_mink_0607.jpg,0,mink
0_0_otter_0836.jpg,1,otter
0_0_otter_0580.jpg,1,otter
0_1_otter_0580.jpg,1,otter
0_0_mink_0345.jpg,0,mink
0_0_weasel_0284.jpg,5,weasel
0_0_weasel_0241.jpg,5,weasel
0_0_stoat_0831.jpg,4,stoat
0_0_pinemarten_0309.jpg,2,pinemarten
0_0_stoat_0384.jpg,4,stoat
0_0_otter_0308.jpg,1,otter
0_0_otter_0298.jpg,1,otter
0_0_pinemarten_0451.jpg,2,pinemarten
0_1_pinemarten_0451.jpg,2,pinemarten
0_0_stoat_0487.jpg,4,stoat
0_0_pinemarten_0880.jpg,2,pinemarten
0_0_otter_0303.jpg,1,otter
0_0_polecat_0763.jpg,3,polecat
0_0_weasel_0647.jpg,5,weasel
0_0_polecat_0411.jpg,3,polecat
0_0_mink_0583.jpg,0,mink
0_0_mink_0145.jpg,0,mink
0_0_otter_0766.jpg,1,otter
0_1_otter_0766.jpg,1,otter
0_0_otter_0364.jpg,1,otter
0_0_pinemarten_0098.jpg,2,pinemarten
0_0_otter_0435.jpg,1,otter
0_0_stoat_0919.jpg,4,stoat
0_0_pinemarten_0545.jpg,2,pinemarten
0_0_otter_0858.jpg,1,otter
0_0_weasel_0684.jpg,5,weasel
0_0_stoat_0592.jpg,4,stoat
0_0_weasel_0248.jpg,5,weasel
0_0_pinemarten_0333.jpg,2,pinemarten
0_0_stoat_0961.jpg,4,stoat
0_0_otter_0939.jpg,1,otter
0_0_polecat_0339.jpg,3,polecat
0_0_pinemarten_0518.jpg,2,pinemarten
0_0_stoat_0776.jpg,4,stoat
0_1_stoat_0776.jpg,4,stoat
0_0_stoat_0586.jpg,4,stoat
0_0_pinemarten_0464.jpg,2,pinemarten
0_0_weasel_0626.jpg,5,weasel
0_0_pinemarten_0115.jpg,2,pinemarten
0_0_pinemarten_0989.jpg,2,pinemarten
0_0_weasel_0258.jpg,5,weasel
0_0_stoat_0025.jpg,4,stoat
0_0_polecat_0625.jpg,3,polecat
0_0_weasel_0717.jpg,5,weasel
0_0_pinemarten_0436.jpg,2,pinemarten
0_0_otter_0496.jpg,1,otter
0_0_stoat_0830.jpg,4,stoat
0_0_stoat_0398.jpg,4,stoat
0_0_stoat_0513.jpg,4,stoat
0_0_otter_0482.jpg,1,otter
0_0_pinemarten_0448.jpg,2,pinemarten
0_0_weasel_0512.jpg,5,weasel
0_0_mink_0400.jpg,0,mink
0_0_stoat_0846.jpg,4,stoat
0_0_weasel_0024.jpg,5,weasel
0_0_pinemarten_0525.jpg,2,pinemarten
0_0_otter_0109.jpg,1,otter
0_0_stoat_0002.jpg,4,stoat
0_0_stoat_0723.jpg,4,stoat
0_0_stoat_0288.jpg,4,stoat
0_0_mink_0526.jpg,0,mink
0_0_otter_0512.jpg,1,otter
0_0_pinemarten_0385.jpg,2,pinemarten
0_0_polecat_0428.jpg,3,polecat
0_0_otter_0940.jpg,1,otter
0_0_pinemarten_0564.jpg,2,pinemarten
0_0_pinemarten_0791.jpg,2,pinemarten
0_0_stoat_0918.jpg,4,stoat
0_0_mink_0877.jpg,0,mink
0_0_pinemarten_0522.jpg,2,pinemarten
0_0_polecat_0023.jpg,3,polecat
0_0_polecat_0256.jpg,3,polecat
0_0_pinemarten_0756.jpg,2,pinemarten
0_0_stoat_0340.jpg,4,stoat
0_1_stoat_0340.jpg,4,stoat
0_0_otter_0331.jpg,1,otter
0_0_mink_0056.jpg,0,mink
0_0_polecat_0287.jpg,3,polecat
0_0_stoat_0507.jpg,4,stoat
0_0_polecat_0355.jpg,3,polecat
0_0_otter_0204.jpg,1,otter
0_0_polecat_0908.jpg,3,polecat
0_0_pinemarten_0378.jpg,2,pinemarten
0_0_otter_0162.jpg,1,otter
0_0_otter_0314.jpg,1,otter
0_0_weasel_0590.jpg,5,weasel
0_0_weasel_0025.jpg,5,weasel
0_0_polecat_0098.jpg,3,polecat
0_0_otter_0173.jpg,1,otter
0_0_otter_0720.jpg,1,otter
0_0_weasel_0368.jpg,5,weasel
0_0_mink_0250.jpg,0,mink
0_0_otter_0368.jpg,1,otter
0_0_mink_0591.jpg,0,mink
0_0_weasel_0069.jpg,5,weasel
0_0_mink_0660.jpg,0,mink
0_0_polecat_0015.jpg,3,polecat
0_1_polecat_0015.jpg,3,polecat
0_0_weasel_0185.jpg,5,weasel
0_0_polecat_0446.jpg,3,polecat
0_0_stoat_0443.jpg,4,stoat
0_0_stoat_0470.jpg,4,stoat
0_0_polecat_0294.jpg,3,polecat
0_0_polecat_0183.jpg,3,polecat
0_0_otter_0232.jpg,1,otter
0_0_pinemarten_0335.jpg,2,pinemarten
0_0_weasel_0442.jpg,5,weasel
0_1_weasel_0442.jpg,5,weasel
0_0_weasel_0186.jpg,5,weasel
0_0_pinemarten_0244.jpg,2,pinemarten
0_0_mink_0599.jpg,0,mink
0_0_mink_0239.jpg,0,mink
0_0_pinemarten_0503.jpg,2,pinemarten
0_0_stoat_0469.jpg,4,stoat
0_0_mink_0501.jpg,0,mink
0_0_mink_0422.jpg,0,mink
0_0_mink_0236.jpg,0,mink
0_0_pinemarten_0748.jpg,2,pinemarten
0_0_stoat_0698.jpg,4,stoat
0_0_polecat_0532.jpg,3,polecat
0_0_otter_0849.jpg,1,otter
0_0_polecat_0500.jpg,3,polecat
0_0_weasel_0076.jpg,5,weasel
0_1_weasel_0076.jpg,5,weasel
0_0_weasel_0864.jpg,5,weasel
0_0_polecat_0078.jpg,3,polecat
0_0_otter_0342.jpg,1,otter
0_0_mink_0245.jpg,0,mink
0_0_weasel_0774.jpg,5,weasel
0_0_polecat_0221.jpg,3,polecat
0_0_stoat_0119.jpg,4,stoat
0_0_weasel_0912.jpg,5,weasel
0_0_pinemarten_0425.jpg,2,pinemarten
0_0_mink_0008.jpg,0,mink
0_0_pinemarten_0167.jpg,2,pinemarten
0_0_polecat_0711.jpg,3,polecat
0_0_pinemarten_0652.jpg,2,pinemarten
0_0_weasel_0459.jpg,5,weasel
0_0_polecat_0385.jpg,3,polecat
0_0_pinemarten_0809.jpg,2,pinemarten
0_0_polecat_0902.jpg,3,polecat
0_0_stoat_0034.jpg,4,stoat
0_0_weasel_0989.jpg,5,weasel
0_0_stoat_0982.jpg,4,stoat
0_1_stoat_0982.jpg,4,stoat
0_0_polecat_0656.jpg,3,polecat
0_0_pinemarten_0994.jpg,2,pinemarten
0_1_pinemarten_0994.jpg,2,pinemarten
0_0_pinemarten_0116.jpg,2,pinemarten
0_0_stoat_0970.jpg,4,stoat
0_0_pinemarten_0362.jpg,2,pinemarten
0_0_weasel_0332.jpg,5,weasel
0_0_polecat_0974.jpg,3,polecat
0_0_polecat_0655.jpg,3,polecat
0_0_weasel_0666.jpg,5,weasel
0_0_mink_0873.jpg,0,mink
0_0_polecat_0369.jpg,3,polecat
0_1_polecat_0369.jpg,3,polecat
0_0_mink_0061.jpg,0,mink
0_0_mink_0148.jpg,0,mink
0_0_stoat_0135.jpg,4,stoat
0_0_polecat_0071.jpg,3,polecat
0_0_otter_0044.jpg,1,otter
0_0_otter_0099.jpg,1,otter
0_0_pinemarten_0879.jpg,2,pinemarten
0_0_weasel_0274.jpg,5,weasel
0_0_weasel_0100.jpg,5,weasel
0_0_mink_0084.jpg,0,mink
0_0_otter_0124.jpg,1,otter
0_0_pinemarten_0885.jpg,2,pinemarten
0_0_weasel_0714.jpg,5,weasel
0_0_polecat_0657.jpg,3,polecat
0_0_mink_0397.jpg,0,mink
0_0_pinemarten_0859.jpg,2,pinemarten
0_0_otter_0948.jpg,1,otter
0_0_polecat_0322.jpg,3,polecat
0_0_otter_0285.jpg,1,otter
0_0_stoat_0516.jpg,4,stoat
0_0_pinemarten_0350.jpg,2,pinemarten
0_0_weasel_0142.jpg,5,weasel
0_0_weasel_0870.jpg,5,weasel
0_0_stoat_0095.jpg,4,stoat
0_0_mink_0191.jpg,0,mink
0_0_weasel_0240.jpg,5,weasel
0_0_weasel_0754.jpg,5,weasel
0_0_mink_0479.jpg,0,mink
0_1_mink_0479.jpg,0,mink
0_0_stoat_0632.jpg,4,stoat
0_0_pinemarten_0357.jpg,2,pinemarten
0_0_mink_0658.jpg,0,mink
0_0_stoat_0604.jpg,4,stoat
0_0_mink_0051.jpg,0,mink
0_0_mink_0921.jpg,0,mink
0_0_stoat_0122.jpg,4,stoat
0_0_polecat_0598.jpg,3,polecat
0_0_mink_0351.jpg,0,mink
0_0_weasel_0001.jpg,5,weasel
0_0_stoat_0967.jpg,4,stoat
0_0_mink_0544.jpg,0,mink
0_0_pinemarten_0845.jpg,2,pinemarten
0_0_pinemarten_0549.jpg,2,pinemarten
0_0_stoat_0951.jpg,4,stoat
0_0_polecat_0622.jpg,3,polecat
0_0_polecat_0884.jpg,3,polecat
0_0_pinemarten_0254.jpg,2,pinemarten
0_0_stoat_0212.jpg,4,stoat
0_0_otter_0593.jpg,1,otter
0_0_polecat_0740.jpg,3,polecat
0_0_stoat_0936.jpg,4,stoat
0_0_weasel_0958.jpg,5,weasel
0_0_stoat_0502.jpg,4,stoat
0_0_otter_0664.jpg,1,otter
0_0_mink_0533.jpg,0,mink
0_0_mink_0639.jpg,0,mink
0_0_polecat_0599.jpg,3,polecat
0_1_polecat_0599.jpg,3,polecat
0_0_stoat_0816.jpg,4,stoat
0_0_stoat_0088.jpg,4,stoat
0_0_stoat_0022.jpg,4,stoat
0_0_mink_0973.jpg,0,mink
0_0_pinemarten_0626.jpg,2,pinemarten
0_0_polecat_0192.jpg,3,polecat
0_0_pinemarten_0506.jpg,2,pinemarten
0_0_polecat_0046.jpg,3,polecat
0_0_mink_0279.jpg,0,mink
0_0_weasel_0576.jpg,5,weasel
0_0_stoat_0299.jpg,4,stoat
0_1_stoat_0299.jpg,4,stoat
0_0_otter_0453.jpg,1,otter
0_0_polecat_0835.jpg,3,polecat
0_0_polecat_0383.jpg,3,polecat
0_0_mink_0480.jpg,0,mink
0_0_weasel_0892.jpg,5,weasel
0_0_mink_0487.jpg,0,mink
0_0_otter_0594.jpg,1,otter
0_0_pinemarten_0418.jpg,2,pinemarten
0_0_polecat_0113.jpg,3,polecat
0_0_stoat_0488.jpg,4,stoat
0_0_stoat_0762.jpg,4,stoat
0_0_polecat_0175.jpg,3,polecat
0_0_otter_0366.jpg,1,otter
0_0_stoat_0029.jpg,4,stoat
0_0_polecat_0514.jpg,3,polecat
0_1_polecat_0514.jpg,3,polecat
0_0_polecat_0561.jpg,3,polecat
0_0_mink_0420.jpg,0,mink
0_0_pinemarten_0683.jpg,2,pinemarten
0_0_otter_0432.jpg,1,otter
0_0_mink_0952.jpg,0,mink
0_0_mink_0592.jpg,0,mink
0_0_otter_0537.jpg,1,otter
0_0_pinemarten_0478.jpg,2,pinemarten
0_0_otter_0679.jpg,1,otter
0_0_polecat_0121.jpg,3,polecat
0_0_mink_0284.jpg,0,mink
0_0_weasel_0324.jpg,5,weasel
0_0_weasel_0831.jpg,5,weasel
0_0_otter_0087.jpg,1,otter
0_0_otter_0524.jpg,1,otter
0_0_mink_0550.jpg,0,mink
0_0_weasel_0336.jpg,5,weasel
0_0_stoat_0468.jpg,4,stoat
0_0_stoat_0801.jpg,4,stoat
0_0_pinemarten_0782.jpg,2,pinemarten
0_0_mink_0474.jpg,0,mink
0_0_polecat_0671.jpg,3,polecat
0_1_polecat_0671.jpg,3,polecat
0_0_mink_0204.jpg,0,mink
0_0_mink_0577.jpg,0,mink
0_0_pinemarten_0830.jpg,2,pinemarten
0_0_stoat_0695.jpg,4,stoat
0_0_pinemarten_0582.jpg,2,pinemarten
0_0_polecat_0334.jpg,3,polecat
0_0_pinemarten_0531.jpg,2,pinemarten
0_1_pinemarten_0531.jpg,2,pinemarten
0_0_mink_0778.jpg,0,mink
0_0_pinemarten_0245.jpg,2,pinemarten
0_0_weasel_0894.jpg,5,weasel
0_0_weasel_0797.jpg,5,weasel
0_0_otter_0796.jpg,1,otter
0_0_otter_0945.jpg,1,otter
0_0_stoat_0411.jpg,4,stoat
0_0_otter_0876.jpg,1,otter
0_0_polecat_0768.jpg,3,polecat
0_0_weasel_0911.jpg,5,weasel
0_0_otter_0558.jpg,1,otter
0_0_pinemarten_0657.jpg,2,pinemarten
0_0_polecat_0863.jpg,3,polecat
0_1_polecat_0863.jpg,3,polecat
0_0_mink_0454.jpg,0,mink
0_0_mink_0717.jpg,0,mink
0_0_otter_0525.jpg,1,otter
0_0_pinemarten_0962.jpg,2,pinemarten
0_0_stoat_0388.jpg,4,stoat
0_0_weasel_0455.jpg,5,weasel
0_0_polecat_0615.jpg,3,polecat
0_0_polecat_0840.jpg,3,polecat
0_1_polecat_0840.jpg,3,polecat
0_0_pinemarten_0202.jpg,2,pinemarten
0_0_mink_0853.jpg,0,mink
0_1_mink_0853.jpg,0,mink
0_0_weasel_0230.jpg,5,weasel
0_0_polecat_0576.jpg,3,polecat
0_0_pinemarten_0330.jpg,2,pinemarten
0_0_weasel_0886.jpg,5,weasel
0_0_stoat_0690.jpg,4,stoat
0_0_otter_0045.jpg,1,otter
0_0_pinemarten_0261.jpg,2,pinemarten
0_0_mink_0409.jpg,0,mink
0_1_mink_0409.jpg,0,mink
0_0_polecat_0413.jpg,3,polecat
0_0_mink_0104.jpg,0,mink
0_0_pinemarten_0818.jpg,2,pinemarten
0_0_pinemarten_0110.jpg,2,pinemarten
0_0_weasel_0623.jpg,5,weasel
0_0_pinemarten_0180.jpg,2,pinemarten
0_0_polecat_0005.jpg,3,polecat
0_0_weasel_0746.jpg,5,weasel
0_0_stoat_0946.jpg,4,stoat
0_0_weasel_0527.jpg,5,weasel
0_0_otter_0810.jpg,1,otter
0_0_otter_0843.jpg,1,otter
0_0_otter_0427.jpg,1,otter
0_0_polecat_0802.jpg,3,polecat
0_0_polecat_0756.jpg,3,polecat
0_0_polecat_0955.jpg,3,polecat
0_0_polecat_0935.jpg,3,polecat
0_0_polecat_0836.jpg,3,polecat
0_0_pinemarten_0692.jpg,2,pinemarten
0_0_weasel_0294.jpg,5,weasel
0_0_weasel_0695.jpg,5,weasel
0_0_stoat_0694.jpg,4,stoat
0_0_otter_0523.jpg,1,otter
0_0_polecat_0682.jpg,3,polecat
0_0_pinemarten_0150.jpg,2,pinemarten
0_0_mink_0446.jpg,0,mink
0_0_weasel_0759.jpg,5,weasel
0_0_mink_0552.jpg,0,mink
0_0_polecat_0757.jpg,3,polecat
0_0_otter_0879.jpg,1,otter
0_1_otter_0879.jpg,1,otter
0_2_otter_0879.jpg,1,otter
0_0_stoat_0182.jpg,4,stoat
0_1_stoat_0182.jpg,4,stoat
0_0_stoat_0329.jpg,4,stoat
0_0_stoat_0821.jpg,4,stoat
0_0_polecat_0940.jpg,3,polecat
0_0_stoat_0703.jpg,4,stoat
0_0_otter_0822.jpg,1,otter
0_0_stoat_0320.jpg,4,stoat
0_0_polecat_0305.jpg,3,polecat
0_0_stoat_0665.jpg,4,stoat
0_0_weasel_0539.jpg,5,weasel
0_0_stoat_0880.jpg,4,stoat
0_0_mink_0223.jpg,0,mink
0_0_polecat_0804.jpg,3,polecat
0_0_weasel_0682.jpg,5,weasel
0_0_stoat_0729.jpg,4,stoat
0_0_mink_0926.jpg,0,mink
0_0_polecat_0348.jpg,3,polecat
0_0_otter_0306.jpg,1,otter
0_0_polecat_0274.jpg,3,polecat
0_0_stoat_0104.jpg,4,stoat
0_0_polecat_0517.jpg,3,polecat
0_0_stoat_0323.jpg,4,stoat
0_0_otter_0053.jpg,1,otter
0_0_polecat_0376.jpg,3,polecat
0_0_weasel_0718.jpg,5,weasel
0_1_weasel_0718.jpg,5,weasel
0_0_otter_0870.jpg,1,otter
0_1_otter_0870.jpg,1,otter
0_0_pinemarten_0844.jpg,2,pinemarten
0_0_mink_0109.jpg,0,mink
0_0_mink_0285.jpg,0,mink
0_0_polecat_0060.jpg,3,polecat
0_0_pinemarten_0405.jpg,2,pinemarten
0_0_stoat_0860.jpg,4,stoat
0_0_weasel_0985.jpg,5,weasel
0_0_otter_0551.jpg,1,otter
0_0_mink_0426.jpg,0,mink
2_0_pinemarten_0853.jpg,2,pinemarten
0_0_pinemarten_0509.jpg,2,pinemarten
0_0_polecat_0472.jpg,3,polecat
0_0_mink_0142.jpg,0,mink
0_0_polecat_0849.jpg,3,polecat
0_0_otter_0716.jpg,1,otter
0_0_polecat_0173.jpg,3,polecat
0_0_polecat_0370.jpg,3,polecat
0_0_mink_0199.jpg,0,mink
0_0_pinemarten_0592.jpg,2,pinemarten
0_0_otter_0561.jpg,1,otter
0_0_weasel_0921.jpg,5,weasel
0_0_pinemarten_0878.jpg,2,pinemarten
0_0_otter_0833.jpg,1,otter
0_0_polecat_0540.jpg,3,polecat
0_0_otter_0154.jpg,1,otter
0_1_otter_0154.jpg,1,otter
0_0_stoat_0622.jpg,4,stoat
0_0_mink_0968.jpg,0,mink
0_0_otter_0823.jpg,1,otter
0_0_pinemarten_0667.jpg,2,pinemarten
0_0_otter_0398.jpg,1,otter
0_0_mink_0254.jpg,0,mink
0_0_polecat_0134.jpg,3,polecat
0_0_mink_0439.jpg,0,mink
0_0_pinemarten_0183.jpg,2,pinemarten
0_0_mink_0450.jpg,0,mink
0_0_otter_0614.jpg,1,otter
0_0_polecat_0770.jpg,3,polecat
0_0_pinemarten_0038.jpg,2,pinemarten
0_0_mink_0901.jpg,0,mink
0_0_polecat_0636.jpg,3,polecat
0_0_polecat_0644.jpg,3,polecat
0_0_weasel_0113.jpg,5,weasel
0_0_otter_0692.jpg,1,otter
0_1_otter_0692.jpg,1,otter
0_0_pinemarten_0941.jpg,2,pinemarten
0_0_mink_0077.jpg,0,mink
0_0_weasel_0791.jpg,5,weasel
0_0_stoat_0621.jpg,4,stoat
0_0_polecat_0605.jpg,3,polecat
0_0_otter_0521.jpg,1,otter
0_0_otter_0035.jpg,1,otter
0_0_pinemarten_0694.jpg,2,pinemarten
0_0_stoat_0356.jpg,4,stoat
0_0_pinemarten_0707.jpg,2,pinemarten
0_1_pinemarten_0707.jpg,2,pinemarten
0_0_weasel_0460.jpg,5,weasel
0_0_stoat_0382.jpg,4,stoat
0_0_polecat_0243.jpg,3,polecat
0_0_pinemarten_0558.jpg,2,pinemarten
0_0_stoat_0286.jpg,4,stoat
0_0_polecat_0440.jpg,3,polecat
0_0_polecat_0989.jpg,3,polecat
0_0_stoat_0635.jpg,4,stoat
0_0_weasel_0456.jpg,5,weasel
0_0_pinemarten_0355.jpg,2,pinemarten
0_0_otter_0875.jpg,1,otter
0_0_stoat_0028.jpg,4,stoat
0_0_mink_0179.jpg,0,mink
0_0_otter_0654.jpg,1,otter
0_0_stoat_0165.jpg,4,stoat
0_1_stoat_0165.jpg,4,stoat
0_0_weasel_0313.jpg,5,weasel
0_0_mink_0355.jpg,0,mink
0_0_otter_0281.jpg,1,otter
0_0_polecat_0982.jpg,3,polecat
0_0_stoat_0627.jpg,4,stoat
0_0_weasel_0868.jpg,5,weasel
0_0_weasel_0356.jpg,5,weasel
0_0_otter_0973.jpg,1,otter
0_0_otter_0951.jpg,1,otter
0_0_mink_0415.jpg,0,mink
0_0_stoat_0045.jpg,4,stoat
0_0_otter_0662.jpg,1,otter
0_0_otter_0976.jpg,1,otter
0_0_weasel_0745.jpg,5,weasel
0_0_otter_0783.jpg,1,otter
0_0_polecat_0548.jpg,3,polecat
0_0_weasel_0668.jpg,5,weasel
0_0_polecat_0552.jpg,3,polecat
0_0_mink_0411.jpg,0,mink
0_0_mink_0083.jpg,0,mink
0_0_polecat_0262.jpg,3,polecat
0_0_polecat_0714.jpg,3,polecat
0_0_stoat_0712.jpg,4,stoat
0_0_weasel_0437.jpg,5,weasel
0_0_stoat_0131.jpg,4,stoat
0_0_otter_0621.jpg,1,otter
0_0_weasel_0441.jpg,5,weasel
0_0_mink_0060.jpg,0,mink
0_0_polecat_0480.jpg,3,polecat
0_0_stoat_0565.jpg,4,stoat
0_0_mink_0155.jpg,0,mink
0_0_polecat_0746.jpg,3,polecat
0_0_polecat_0030.jpg,3,polecat
0_0_pinemarten_0120.jpg,2,pinemarten
0_0_polecat_0445.jpg,3,polecat
0_1_polecat_0445.jpg,3,polecat
0_0_stoat_0955.jpg,4,stoat
0_0_otter_0632.jpg,1,otter
0_0_weasel_0730.jpg,5,weasel
0_0_otter_0380.jpg,1,otter
0_1_otter_0380.jpg,1,otter
0_0_pinemarten_0540.jpg,2,pinemarten
0_0_pinemarten_0233.jpg,2,pinemarten
0_0_otter_0677.jpg,1,otter
0_0_mink_0834.jpg,0,mink
0_0_weasel_0287.jpg,5,weasel
0_0_polecat_0169.jpg,3,polecat
0_0_otter_0827.jpg,1,otter
0_0_stoat_0094.jpg,4,stoat
0_0_weasel_0272.jpg,5,weasel
0_0_pinemarten_0922.jpg,2,pinemarten
0_0_otter_0740.jpg,1,otter
0_0_mink_0180.jpg,0,mink
0_0_weasel_0960.jpg,5,weasel
0_0_weasel_0583.jpg,5,weasel
0_0_pinemarten_0422.jpg,2,pinemarten
0_0_polecat_0608.jpg,3,polecat
0_0_mink_0125.jpg,0,mink
0_0_pinemarten_0099.jpg,2,pinemarten
0_0_weasel_0867.jpg,5,weasel
0_0_otter_0315.jpg,1,otter
0_1_otter_0315.jpg,1,otter
0_0_otter_0399.jpg,1,otter
0_0_weasel_0667.jpg,5,weasel
0_0_weasel_0348.jpg,5,weasel
0_0_weasel_0026.jpg,5,weasel
0_0_polecat_0896.jpg,3,polecat
0_0_pinemarten_0750.jpg,2,pinemarten
0_0_weasel_0585.jpg,5,weasel
0_0_stoat_0784.jpg,4,stoat
0_0_stoat_0658.jpg,4,stoat
0_0_polecat_0732.jpg,3,polecat
0_0_polecat_0931.jpg,3,polecat
0_0_weasel_0251.jpg,5,weasel
0_0_weasel_0822.jpg,5,weasel
0_0_pinemarten_0087.jpg,2,pinemarten
0_0_weasel_0850.jpg,5,weasel
0_0_otter_0681.jpg,1,otter
0_0_mink_0948.jpg,0,mink
0_0_pinemarten_0677.jpg,2,pinemarten
0_0_otter_0934.jpg,1,otter
0_0_mink_0653.jpg,0,mink
0_0_weasel_0596.jpg,5,weasel
0_1_weasel_0596.jpg,5,weasel
0_0_pinemarten_0181.jpg,2,pinemarten
0_0_stoat_0550.jpg,4,stoat
0_0_polecat_0995.jpg,3,polecat
0_0_mink_0695.jpg,0,mink
0_0_weasel_0217.jpg,5,weasel
0_0_polecat_0541.jpg,3,polecat
0_0_pinemarten_0603.jpg,2,pinemarten
0_0_otter_0332.jpg,1,otter
0_0_polecat_0925.jpg,3,polecat
0_0_stoat_0238.jpg,4,stoat
0_0_mink_0907.jpg,0,mink
0_0_pinemarten_0479.jpg,2,pinemarten
0_0_mink_0334.jpg,0,mink
0_0_stoat_0800.jpg,4,stoat
0_0_polecat_0189.jpg,3,polecat
0_0_mink_0866.jpg,0,mink
0_0_weasel_0560.jpg,5,weasel
0_0_otter_0121.jpg,1,otter
0_0_weasel_0297.jpg,5,weasel
0_0_weasel_0920.jpg,5,weasel
0_0_stoat_0215.jpg,4,stoat
0_0_otter_0267.jpg,1,otter
0_0_stoat_0178.jpg,4,stoat
0_0_weasel_0863.jpg,5,weasel
0_0_mink_0078.jpg,0,mink
0_0_mink_0064.jpg,0,mink
0_0_weasel_0884.jpg,5,weasel
0_0_polecat_0715.jpg,3,polecat
0_0_otter_0454.jpg,1,otter
0_0_stoat_0259.jpg,4,stoat
0_0_polecat_0858.jpg,3,polecat
0_0_otter_0514.jpg,1,otter
0_0_mink_0197.jpg,0,mink
0_0_weasel_0131.jpg,5,weasel
0_0_pinemarten_0359.jpg,2,pinemarten
0_0_mink_0603.jpg,0,mink
0_0_stoat_0648.jpg,4,stoat
0_0_pinemarten_0017.jpg,2,pinemarten
0_0_otter_0393.jpg,1,otter
0_0_stoat_0773.jpg,4,stoat
0_0_mink_0124.jpg,0,mink
0_0_pinemarten_0723.jpg,2,pinemarten
0_0_mink_0789.jpg,0,mink
0_0_polecat_0228.jpg,3,polecat
0_0_otter_0215.jpg,1,otter
0_0_otter_0792.jpg,1,otter
0_0_otter_0347.jpg,1,otter
0_0_otter_0148.jpg,1,otter
0_0_otter_0762.jpg,1,otter
0_0_stoat_0839.jpg,4,stoat
0_0_weasel_0610.jpg,5,weasel
0_0_otter_0036.jpg,1,otter
0_0_mink_0698.jpg,0,mink
0_0_polecat_0495.jpg,3,polecat
0_0_pinemarten_0930.jpg,2,pinemarten
0_0_otter_0144.jpg,1,otter
0_0_stoat_0682.jpg,4,stoat
0_0_weasel_0108.jpg,5,weasel
0_0_polecat_0602.jpg,3,polecat
0_0_stoat_0952.jpg,4,stoat
0_0_stoat_0808.jpg,4,stoat
0_0_stoat_0196.jpg,4,stoat
0_0_polecat_0933.jpg,3,polecat
0_0_weasel_0713.jpg,5,weasel
0_0_weasel_0709.jpg,5,weasel
0_0_polecat_0766.jpg,3,polecat
0_0_weasel_0221.jpg,5,weasel
0_0_polecat_0973.jpg,3,polecat
0_0_stoat_0871.jpg,4,stoat
0_0_mink_0576.jpg,0,mink
0_0_otter_0491.jpg,1,otter
0_0_polecat_0264.jpg,3,polecat
0_0_weasel_0975.jpg,5,weasel
0_0_otter_0046.jpg,1,otter
0_0_weasel_0445.jpg,5,weasel
0_1_weasel_0445.jpg,5,weasel
0_0_stoat_0287.jpg,4,stoat
0_0_stoat_0235.jpg,4,stoat
0_0_otter_0738.jpg,1,otter
0_0_weasel_0205.jpg,5,weasel
0_0_polecat_0678.jpg,3,polecat
0_0_weasel_0270.jpg,5,weasel
0_0_stoat_0096.jpg,4,stoat
0_0_mink_0665.jpg,0,mink
0_0_polecat_0127.jpg,3,polecat
0_0_polecat_0932.jpg,3,polecat
0_0_otter_0212.jpg,1,otter
0_0_otter_0797.jpg,1,otter
0_0_otter_0464.jpg,1,otter
0_0_mink_0579.jpg,0,mink
0_0_polecat_0051.jpg,3,polecat
0_0_otter_0428.jpg,1,otter
0_0_mink_0864.jpg,0,mink
0_0_stoat_0449.jpg,4,stoat
0_0_otter_0602.jpg,1,otter
0_0_stoat_0253.jpg,4,stoat
0_0_stoat_0386.jpg,4,stoat
0_0_mink_0843.jpg,0,mink
0_0_pinemarten_0136.jpg,2,pinemarten
0_0_polecat_0027.jpg,3,polecat
0_0_pinemarten_0767.jpg,2,pinemarten
0_0_stoat_0617.jpg,4,stoat
0_0_otter_0307.jpg,1,otter
0_0_polecat_0139.jpg,3,polecat
0_0_mink_0087.jpg,0,mink
0_0_otter_0065.jpg,1,otter
0_0_weasel_0893.jpg,5,weasel
0_0_otter_0923.jpg,1,otter
0_1_otter_0923.jpg,1,otter
0_0_stoat_0908.jpg,4,stoat
0_0_polecat_0566.jpg,3,polecat
0_0_weasel_0657.jpg,5,weasel
0_0_polecat_0117.jpg,3,polecat
0_1_polecat_0117.jpg,3,polecat
0_0_weasel_0208.jpg,5,weasel
0_0_weasel_0487.jpg,5,weasel
0_0_stoat_0336.jpg,4,stoat
0_0_mink_0943.jpg,0,mink
0_0_pinemarten_0469.jpg,2,pinemarten
0_0_weasel_0175.jpg,5,weasel
0_0_otter_0862.jpg,1,otter
0_0_otter_0545.jpg,1,otter
0_0_polecat_0610.jpg,3,polecat
0_0_weasel_0083.jpg,5,weasel
0_0_stoat_0434.jpg,4,stoat
0_0_polecat_0076.jpg,3,polecat
0_0_otter_0631.jpg,1,otter
0_0_polecat_0891.jpg,3,polecat
0_0_otter_0372.jpg,1,otter
0_0_mink_0074.jpg,0,mink
0_0_weasel_0693.jpg,5,weasel
0_0_stoat_0742.jpg,4,stoat
0_0_otter_0771.jpg,1,otter
0_0_mink_0429.jpg,0,mink
0_0_otter_0096.jpg,1,otter
0_0_weasel_0621.jpg,5,weasel
0_0_mink_0158.jpg,0,mink
0_0_stoat_0089.jpg,4,stoat
0_0_weasel_0293.jpg,5,weasel
0_0_stoat_0166.jpg,4,stoat
0_0_stoat_0460.jpg,4,stoat
0_0_stoat_0594.jpg,4,stoat
0_0_weasel_0970.jpg,5,weasel
0_0_pinemarten_0062.jpg,2,pinemarten
0_0_stoat_0493.jpg,4,stoat
0_0_pinemarten_0123.jpg,2,pinemarten
0_0_mink_0974.jpg,0,mink
0_0_polecat_0743.jpg,3,polecat
0_0_mink_0212.jpg,0,mink
0_0_mink_0600.jpg,0,mink
0_0_mink_0985.jpg,0,mink
0_0_mink_0774.jpg,0,mink
0_0_mink_0421.jpg,0,mink
0_0_mink_0623.jpg,0,mink
0_1_mink_0623.jpg,0,mink
0_0_otter_0764.jpg,1,otter
0_0_stoat_0564.jpg,4,stoat
0_0_mink_0396.jpg,0,mink
0_0_weasel_0772.jpg,5,weasel
0_0_polecat_0523.jpg,3,polecat
0_0_mink_0211.jpg,0,mink
0_0_stoat_0054.jpg,4,stoat
0_0_weasel_0517.jpg,5,weasel
0_1_weasel_0517.jpg,5,weasel
0_0_polecat_0734.jpg,3,polecat
0_0_polecat_0081.jpg,3,polecat
0_0_weasel_0837.jpg,5,weasel
0_0_mink_0055.jpg,0,mink
0_0_weasel_0027.jpg,5,weasel
0_0_otter_0932.jpg,1,otter
0_0_polecat_0817.jpg,3,polecat
0_0_pinemarten_0563.jpg,2,pinemarten
0_0_mink_0683.jpg,0,mink
0_0_polecat_0807.jpg,3,polecat
0_0_otter_0170.jpg,1,otter
0_0_stoat_0048.jpg,4,stoat
0_0_mink_0506.jpg,0,mink
0_0_pinemarten_0248.jpg,2,pinemarten
0_0_stoat_0447.jpg,4,stoat
0_0_pinemarten_0737.jpg,2,pinemarten
0_1_pinemarten_0737.jpg,2,pinemarten
0_0_weasel_0844.jpg,5,weasel
0_0_stoat_0542.jpg,4,stoat
0_0_stoat_0408.jpg,4,stoat
0_0_stoat_0043.jpg,4,stoat
0_0_weasel_0467.jpg,5,weasel
0_0_mink_0010.jpg,0,mink
0_0_otter_0020.jpg,1,otter
0_0_stoat_0884.jpg,4,stoat
0_0_mink_0140.jpg,0,mink
0_0_stoat_0186.jpg,4,stoat
0_0_stoat_0829.jpg,4,stoat
0_0_polecat_0285.jpg,3,polecat
0_0_polecat_0957.jpg,3,polecat
0_0_polecat_0352.jpg,3,polecat
0_0_mink_0182.jpg,0,mink
0_0_polecat_0705.jpg,3,polecat
0_0_mink_0954.jpg,0,mink
0_0_polecat_0421.jpg,3,polecat
0_0_mink_0127.jpg,0,mink
0_0_weasel_0117.jpg,5,weasel
0_0_pinemarten_0866.jpg,2,pinemarten
0_0_otter_0530.jpg,1,otter
0_0_mink_0149.jpg,0,mink
0_0_polecat_0574.jpg,3,polecat
0_0_weasel_0758.jpg,5,weasel
0_0_otter_0471.jpg,1,otter
0_0_pinemarten_0432.jpg,2,pinemarten
0_0_stoat_0110.jpg,4,stoat
0_0_polecat_0093.jpg,3,polecat
0_0_otter_0048.jpg,1,otter
0_0_pinemarten_0219.jpg,2,pinemarten
0_0_mink_0760.jpg,0,mink
0_0_mink_0924.jpg,0,mink
0_0_weasel_0120.jpg,5,weasel
0_0_pinemarten_0480.jpg,2,pinemarten
0_0_stoat_0717.jpg,4,stoat
0_0_polecat_0095.jpg,3,polecat
0_0_weasel_0311.jpg,5,weasel
0_0_polecat_0351.jpg,3,polecat
0_0_stoat_0787.jpg,4,stoat
0_0_polecat_0827.jpg,3,polecat
0_0_mink_0007.jpg,0,mink
0_0_otter_0998.jpg,1,otter
0_0_mink_0659.jpg,0,mink
0_0_mink_0944.jpg,0,mink
0_0_mink_0546.jpg,0,mink
0_0_polecat_0490.jpg,3,polecat
0_0_pinemarten_0604.jpg,2,pinemarten
0_0_stoat_0734.jpg,4,stoat
0_0_pinemarten_0856.jpg,2,pinemarten
0_0_otter_0310.jpg,1,otter
0_0_otter_0241.jpg,1,otter
0_0_otter_0856.jpg,1,otter
0_0_weasel_0702.jpg,5,weasel
0_0_otter_0690.jpg,1,otter
0_0_polecat_0403.jpg,3,polecat
0_0_mink_0620.jpg,0,mink
0_0_weasel_0278.jpg,5,weasel
0_0_polecat_0392.jpg,3,polecat
0_0_pinemarten_0394.jpg,2,pinemarten
0_0_weasel_0288.jpg,5,weasel
0_0_stoat_0037.jpg,4,stoat
0_0_mink_0817.jpg,0,mink
0_0_otter_0497.jpg,1,otter
0_0_polecat_0437.jpg,3,polecat
0_0_stoat_0163.jpg,4,stoat
0_0_polecat_0961.jpg,3,polecat
0_0_otter_0238.jpg,1,otter
0_0_weasel_0299.jpg,5,weasel
0_0_mink_0216.jpg,0,mink
0_0_stoat_0092.jpg,4,stoat
0_0_pinemarten_0231.jpg,2,pinemarten
0_0_pinemarten_0998.jpg,2,pinemarten
0_0_otter_0979.jpg,1,otter
0_0_pinemarten_0684.jpg,2,pinemarten
0_0_otter_0641.jpg,1,otter
0_1_otter_0641.jpg,1,otter
0_0_polecat_0233.jpg,3,polecat
0_0_stoat_0644.jpg,4,stoat
0_0_polecat_0114.jpg,3,polecat
0_0_otter_0718.jpg,1,otter
0_0_pinemarten_0696.jpg,2,pinemarten
0_0_weasel_0817.jpg,5,weasel
0_0_polecat_0255.jpg,3,polecat
0_0_polecat_0570.jpg,3,polecat
0_0_stoat_0463.jpg,4,stoat
0_0_stoat_0361.jpg,4,stoat
0_0_mink_0496.jpg,0,mink
0_1_mink_0496.jpg,0,mink
0_0_pinemarten_0438.jpg,2,pinemarten
0_0_mink_0026.jpg,0,mink
0_0_pinemarten_0449.jpg,2,pinemarten
0_0_stoat_0228.jpg,4,stoat
0_0_mink_0219.jpg,0,mink
0_0_mink_0793.jpg,0,mink
0_0_stoat_0532.jpg,4,stoat
0_0_mink_0444.jpg,0,mink
0_0_otter_0161.jpg,1,otter
0_0_pinemarten_0516.jpg,2,pinemarten
0_0_weasel_0842.jpg,5,weasel
0_0_pinemarten_0135.jpg,2,pinemarten
0_0_polecat_0832.jpg,3,polecat
0_0_stoat_0878.jpg,4,stoat
0_0_stoat_0102.jpg,4,stoat
0_0_weasel_0053.jpg,5,weasel
0_0_pinemarten_0609.jpg,2,pinemarten
0_0_mink_0694.jpg,0,mink
0_0_pinemarten_0277.jpg,2,pinemarten
0_0_polecat_0399.jpg,3,polecat
0_0_pinemarten_0262.jpg,2,pinemarten
0_0_pinemarten_0249.jpg,2,pinemarten
0_0_pinemarten_0577.jpg,2,pinemarten
0_0_mink_0042.jpg,0,mink
0_0_otter_0322.jpg,1,otter
0_0_pinemarten_0562.jpg,2,pinemarten
0_0_stoat_0941.jpg,4,stoat
0_0_otter_0305.jpg,1,otter
0_0_mink_0619.jpg,0,mink
0_1_mink_0619.jpg,0,mink
0_2_mink_0619.jpg,0,mink
0_0_mink_0025.jpg,0,mink
0_0_polecat_0800.jpg,3,polecat
0_1_polecat_0800.jpg,3,polecat
0_2_polecat_0800.jpg,3,polecat
0_0_mink_0259.jpg,0,mink
0_0_polecat_0300.jpg,3,polecat
0_0_otter_0288.jpg,1,otter
0_0_polecat_0061.jpg,3,polecat
0_0_weasel_0318.jpg,5,weasel
0_0_weasel_0594.jpg,5,weasel
0_0_polecat_0303.jpg,3,polecat
0_0_weasel_0409.jpg,5,weasel
0_0_polecat_0590.jpg,3,polecat
0_0_otter_0795.jpg,1,otter
0_0_weasel_0930.jpg,5,weasel
0_0_otter_0937.jpg,1,otter
0_1_otter_0937.jpg,1,otter
0_0_pinemarten_0441.jpg,2,pinemarten
0_0_pinemarten_0383.jpg,2,pinemarten
0_0_polecat_0994.jpg,3,polecat
0_0_weasel_0898.jpg,5,weasel
0_0_stoat_0281.jpg,4,stoat
0_0_pinemarten_0561.jpg,2,pinemarten
0_0_stoat_0917.jpg,4,stoat
0_0_weasel_0337.jpg,5,weasel
0_0_otter_0126.jpg,1,otter
0_0_weasel_0849.jpg,5,weasel
0_0_weasel_0651.jpg,5,weasel
0_0_weasel_0475.jpg,5,weasel
0_0_otter_0689.jpg,1,otter
0_0_mink_0818.jpg,0,mink
0_0_otter_0944.jpg,1,otter
0_0_mink_0354.jpg,0,mink
0_0_pinemarten_0103.jpg,2,pinemarten
0_1_pinemarten_0103.jpg,2,pinemarten
0_0_weasel_0877.jpg,5,weasel
0_0_otter_0355.jpg,1,otter
0_0_polecat_0897.jpg,3,polecat
0_0_otter_0688.jpg,1,otter
0_0_mink_0949.jpg,0,mink
0_0_mink_0043.jpg,0,mink
0_0_pinemarten_0370.jpg,2,pinemarten
0_1_pinemarten_0370.jpg,2,pinemarten
0_0_pinemarten_0444.jpg,2,pinemarten
0_0_weasel_0246.jpg,5,weasel
0_0_otter_0008.jpg,1,otter
0_0_weasel_0806.jpg,5,weasel
0_0_mink_0558.jpg,0,mink
0_0_weasel_0575.jpg,5,weasel
0_0_otter_0735.jpg,1,otter
0_0_weasel_0413.jpg,5,weasel
0_0_otter_0773.jpg,1,otter
0_0_mink_0947.jpg,0,mink
0_0_mink_0049.jpg,0,mink
0_0_weasel_0680.jpg,5,weasel
0_0_otter_0412.jpg,1,otter
0_0_otter_0041.jpg,1,otter
0_0_stoat_0803.jpg,4,stoat
0_0_stoat_0140.jpg,4,stoat
0_1_stoat_0140.jpg,4,stoat
0_0_polecat_0689.jpg,3,polecat
0_0_polecat_0803.jpg,3,polecat
0_0_polecat_0154.jpg,3,polecat
0_1_polecat_0154.jpg,3,polecat
0_0_stoat_0602.jpg,4,stoat
0_0_stoat_0929.jpg,4,stoat
0_0_mink_0134.jpg,0,mink
0_0_pinemarten_0874.jpg,2,pinemarten
0_0_otter_0328.jpg,1,otter
0_0_stoat_0514.jpg,4,stoat
0_0_pinemarten_0727.jpg,2,pinemarten
0_0_weasel_0588.jpg,5,weasel
0_0_weasel_0536.jpg,5,weasel
0_0_weasel_0392.jpg,5,weasel
0_0_mink_0378.jpg,0,mink
0_0_pinemarten_0570.jpg,2,pinemarten
0_0_polecat_0470.jpg,3,polecat
0_0_mink_0826.jpg,0,mink
0_0_pinemarten_0595.jpg,2,pinemarten
0_0_pinemarten_0238.jpg,2,pinemarten
0_0_pinemarten_0398.jpg,2,pinemarten
0_0_mink_0484.jpg,0,mink
0_0_mink_0054.jpg,0,mink
0_0_stoat_0921.jpg,4,stoat
0_0_stoat_0410.jpg,4,stoat
0_0_pinemarten_0877.jpg,2,pinemarten
0_0_stoat_0778.jpg,4,stoat
0_0_polecat_0889.jpg,3,polecat
0_0_weasel_0078.jpg,5,weasel
0_0_stoat_0149.jpg,4,stoat
0_0_stoat_0727.jpg,4,stoat
0_0_polecat_0681.jpg,3,polecat
0_0_otter_0220.jpg,1,otter
0_0_otter_0595.jpg,1,otter
0_0_polecat_0883.jpg,3,polecat
0_0_weasel_0522.jpg,5,weasel
0_0_mink_0642.jpg,0,mink
0_0_stoat_0928.jpg,4,stoat
0_0_pinemarten_0864.jpg,2,pinemarten
0_0_pinemarten_0616.jpg,2,pinemarten
0_0_mink_0894.jpg,0,mink
0_0_otter_0943.jpg,1,otter
0_0_pinemarten_0073.jpg,2,pinemarten
0_0_polecat_0388.jpg,3,polecat
0_0_pinemarten_0870.jpg,2,pinemarten
0_0_pinemarten_0278.jpg,2,pinemarten
0_0_mink_0650.jpg,0,mink
0_0_otter_0421.jpg,1,otter
0_0_weasel_0408.jpg,5,weasel
0_0_mink_0151.jpg,0,mink
0_0_polecat_0562.jpg,3,polecat
0_0_mink_0589.jpg,0,mink
0_0_polecat_0167.jpg,3,polecat
0_0_mink_0110.jpg,0,mink
0_0_stoat_0991.jpg,4,stoat
0_0_pinemarten_0243.jpg,2,pinemarten
0_0_pinemarten_0014.jpg,2,pinemarten
0_0_otter_0440.jpg,1,otter
0_0_mink_0718.jpg,0,mink
0_0_weasel_0136.jpg,5,weasel
0_0_pinemarten_0067.jpg,2,pinemarten
0_0_otter_0191.jpg,1,otter
0_0_pinemarten_0539.jpg,2,pinemarten
0_0_otter_0369.jpg,1,otter
0_0_mink_0076.jpg,0,mink
0_0_pinemarten_0635.jpg,2,pinemarten
0_0_weasel_0466.jpg,5,weasel
0_0_polecat_0780.jpg,3,polecat
0_0_stoat_0643.jpg,4,stoat
0_0_polecat_0012.jpg,3,polecat
0_0_otter_0589.jpg,1,otter
0_0_mink_0366.jpg,0,mink
0_0_otter_0070.jpg,1,otter
0_0_weasel_0674.jpg,5,weasel
0_0_weasel_0558.jpg,5,weasel
0_0_mink_0588.jpg,0,mink
0_0_polecat_0901.jpg,3,polecat
0_0_weasel_0316.jpg,5,weasel
0_0_pinemarten_0649.jpg,2,pinemarten
0_0_mink_0001.jpg,0,mink
0_0_polecat_0998.jpg,3,polecat
0_0_stoat_0926.jpg,4,stoat
0_0_stoat_0893.jpg,4,stoat
0_0_pinemarten_0751.jpg,2,pinemarten
0_0_mink_0128.jpg,0,mink
0_0_mink_0387.jpg,0,mink
0_0_pinemarten_0875.jpg,2,pinemarten
0_0_pinemarten_0010.jpg,2,pinemarten
0_0_polecat_0718.jpg,3,polecat
0_0_otter_0975.jpg,1,otter
0_0_otter_0193.jpg,1,otter
0_0_otter_0715.jpg,1,otter
0_0_stoat_0409.jpg,4,stoat
0_0_weasel_0972.jpg,5,weasel
0_0_mink_0515.jpg,0,mink
0_0_polecat_0512.jpg,3,polecat
0_0_mink_0141.jpg,0,mink
0_0_weasel_0878.jpg,5,weasel
0_1_weasel_0878.jpg,5,weasel
0_0_otter_0559.jpg,1,otter
0_0_polecat_0604.jpg,3,polecat
0_1_polecat_0604.jpg,3,polecat
0_0_polecat_0229.jpg,3,polecat
0_0_otter_0659.jpg,1,otter
0_0_stoat_0490.jpg,4,stoat
0_0_polecat_0319.jpg,3,polecat
0_0_mink_0804.jpg,0,mink
0_0_pinemarten_0226.jpg,2,pinemarten
0_0_stoat_0959.jpg,4,stoat
0_0_stoat_0730.jpg,4,stoat
0_0_polecat_0414.jpg,3,polecat
0_0_otter_0916.jpg,1,otter
0_0_stoat_0198.jpg,4,stoat
0_1_stoat_0198.jpg,4,stoat
0_0_otter_0123.jpg,1,otter
0_0_polecat_0111.jpg,3,polecat
0_0_otter_0465.jpg,1,otter
0_0_weasel_0917.jpg,5,weasel
0_0_pinemarten_0122.jpg,2,pinemarten
0_0_mink_0636.jpg,0,mink
0_0_mink_0062.jpg,0,mink
0_0_pinemarten_0024.jpg,2,pinemarten
0_0_pinemarten_0733.jpg,2,pinemarten
0_0_polecat_0967.jpg,3,polecat
0_0_pinemarten_0689.jpg,2,pinemarten
0_0_stoat_0652.jpg,4,stoat
0_0_polecat_0203.jpg,3,polecat
0_0_mink_0690.jpg,0,mink
0_0_pinemarten_0475.jpg,2,pinemarten
0_0_polecat_0573.jpg,3,polecat
0_0_weasel_0757.jpg,5,weasel
0_0_stoat_0971.jpg,4,stoat
0_1_stoat_0971.jpg,4,stoat
0_0_polecat_0092.jpg,3,polecat
0_0_pinemarten_0735.jpg,2,pinemarten
0_0_mink_0518.jpg,0,mink
0_0_pinemarten_0197.jpg,2,pinemarten
0_0_otter_0933.jpg,1,otter
0_0_polecat_0013.jpg,3,polecat
0_0_weasel_0992.jpg,5,weasel
0_0_pinemarten_0701.jpg,2,pinemarten
0_0_polecat_0439.jpg,3,polecat
0_0_otter_0728.jpg,1,otter
0_0_otter_0017.jpg,1,otter
0_0_polecat_0888.jpg,3,polecat
0_0_stoat_0916.jpg,4,stoat
0_0_weasel_0099.jpg,5,weasel
0_0_stoat_0312.jpg,4,stoat
0_0_stoat_0014.jpg,4,stoat
0_0_weasel_0630.jpg,5,weasel
0_0_stoat_0407.jpg,4,stoat
0_0_polecat_0471.jpg,3,polecat
0_0_stoat_0313.jpg,4,stoat
0_1_stoat_0313.jpg,4,stoat
0_0_stoat_0673.jpg,4,stoat
1_1_stoat_0673.jpg,4,stoat
0_0_weasel_0744.jpg,5,weasel
0_0_stoat_0875.jpg,4,stoat
0_0_polecat_0155.jpg,3,polecat
0_0_pinemarten_0173.jpg,2,pinemarten
0_0_polecat_0866.jpg,3,polecat
0_0_otter_0214.jpg,1,otter
0_0_mink_0069.jpg,0,mink
0_0_pinemarten_0553.jpg,2,pinemarten
0_0_otter_0278.jpg,1,otter
0_0_pinemarten_0319.jpg,2,pinemarten
0_0_mink_0039.jpg,0,mink
0_0_stoat_0473.jpg,4,stoat
0_0_otter_0073.jpg,1,otter
0_0_pinemarten_0281.jpg,2,pinemarten
0_0_mink_0075.jpg,0,mink
0_0_mink_0237.jpg,0,mink
0_0_stoat_0574.jpg,4,stoat
0_0_otter_0018.jpg,1,otter
0_0_stoat_0994.jpg,4,stoat
0_0_weasel_0403.jpg,5,weasel
0_0_polecat_0580.jpg,3,polecat
0_0_pinemarten_0493.jpg,2,pinemarten
0_0_mink_0358.jpg,0,mink
0_0_stoat_0117.jpg,4,stoat
0_0_polecat_0179.jpg,3,polecat
0_0_mink_0433.jpg,0,mink
0_0_mink_0820.jpg,0,mink
0_0_pinemarten_0389.jpg,2,pinemarten
0_0_stoat_0136.jpg,4,stoat
0_0_polecat_0160.jpg,3,polecat
0_0_stoat_0406.jpg,4,stoat
0_0_stoat_0191.jpg,4,stoat
0_0_mink_0545.jpg,0,mink
0_0_pinemarten_0290.jpg,2,pinemarten
0_0_mink_0342.jpg,0,mink
0_0_pinemarten_0527.jpg,2,pinemarten
0_0_pinemarten_0049.jpg,2,pinemarten
0_0_stoat_0997.jpg,4,stoat
0_0_weasel_0946.jpg,5,weasel
0_0_polecat_0295.jpg,3,polecat
0_0_polecat_0039.jpg,3,polecat
0_0_weasel_0114.jpg,5,weasel
0_0_pinemarten_0068.jpg,2,pinemarten
0_0_weasel_0195.jpg,5,weasel
0_0_mink_0486.jpg,0,mink
0_0_otter_0775.jpg,1,otter
0_1_otter_0775.jpg,1,otter
0_0_polecat_0398.jpg,3,polecat
0_0_stoat_0911.jpg,4,stoat
0_0_pinemarten_0528.jpg,2,pinemarten
0_0_mink_0932.jpg,0,mink
0_0_otter_0936.jpg,1,otter
0_0_pinemarten_0459.jpg,2,pinemarten
0_0_pinemarten_0230.jpg,2,pinemarten
0_0_polecat_0960.jpg,3,polecat
0_0_pinemarten_0850.jpg,2,pinemarten
0_0_stoat_0823.jpg,4,stoat
0_0_stoat_0334.jpg,4,stoat
0_0_stoat_0078.jpg,4,stoat
0_0_weasel_0020.jpg,5,weasel
0_0_otter_0831.jpg,1,otter
0_0_mink_0360.jpg,0,mink
0_0_pinemarten_0011.jpg,2,pinemarten
0_0_stoat_0047.jpg,4,stoat
0_0_mink_0094.jpg,0,mink
0_0_weasel_0580.jpg,5,weasel
0_0_mink_0782.jpg,0,mink
0_1_mink_0782.jpg,0,mink
0_0_mink_0676.jpg,0,mink
0_0_otter_0153.jpg,1,otter
0_0_pinemarten_0252.jpg,2,pinemarten
0_0_polecat_0026.jpg,3,polecat
0_0_polecat_0019.jpg,3,polecat
0_0_otter_0116.jpg,1,otter
0_0_stoat_0130.jpg,4,stoat
0_0_pinemarten_0734.jpg,2,pinemarten
0_0_pinemarten_0676.jpg,2,pinemarten
0_0_stoat_0364.jpg,4,stoat
0_0_pinemarten_0148.jpg,2,pinemarten
0_0_weasel_0030.jpg,5,weasel
0_0_polecat_0097.jpg,3,polecat
0_1_polecat_0097.jpg,3,polecat
0_0_pinemarten_0698.jpg,2,pinemarten
0_0_stoat_0789.jpg,4,stoat
0_0_pinemarten_0140.jpg,2,pinemarten
0_0_pinemarten_0567.jpg,2,pinemarten
0_0_mink_0412.jpg,0,mink
0_0_polecat_0690.jpg,3,polecat
0_0_stoat_0180.jpg,4,stoat
0_0_otter_0519.jpg,1,otter
0_0_otter_0226.jpg,1,otter
0_0_pinemarten_0770.jpg,2,pinemarten
0_0_otter_0474.jpg,1,otter
0_0_polecat_0860.jpg,3,polecat
0_0_stoat_0036.jpg,4,stoat
0_0_weasel_0678.jpg,5,weasel
0_0_weasel_0305.jpg,5,weasel
0_1_weasel_0305.jpg,5,weasel
0_0_pinemarten_0927.jpg,2,pinemarten
0_0_stoat_0063.jpg,4,stoat
0_0_polecat_0826.jpg,3,polecat
0_0_stoat_0623.jpg,4,stoat
0_0_weasel_0326.jpg,5,weasel
0_0_pinemarten_0670.jpg,2,pinemarten
0_0_stoat_0874.jpg,4,stoat
0_0_stoat_0720.jpg,4,stoat
0_0_stoat_0735.jpg,4,stoat
0_0_pinemarten_0673.jpg,2,pinemarten
0_0_otter_0237.jpg,1,otter
0_0_weasel_0748.jpg,5,weasel
0_1_weasel_0748.jpg,5,weasel
0_0_weasel_0080.jpg,5,weasel
0_0_mink_0357.jpg,0,mink
0_0_weasel_0210.jpg,5,weasel
0_0_stoat_0275.jpg,4,stoat
0_0_polecat_0564.jpg,3,polecat
0_0_mink_0164.jpg,0,mink
0_0_otter_0854.jpg,1,otter
0_0_weasel_0054.jpg,5,weasel
0_0_mink_0482.jpg,0,mink
0_0_stoat_0809.jpg,4,stoat
0_0_mink_0377.jpg,0,mink
0_0_pinemarten_0491.jpg,2,pinemarten
0_0_pinemarten_0812.jpg,2,pinemarten
0_0_mink_0791.jpg,0,mink
0_0_weasel_0395.jpg,5,weasel
0_0_polecat_0525.jpg,3,polecat
0_0_otter_0374.jpg,1,otter
0_1_otter_0374.jpg,1,otter
0_2_otter_0374.jpg,1,otter
0_3_otter_0374.jpg,1,otter
0_0_mink_0895.jpg,0,mink
0_0_pinemarten_0186.jpg,2,pinemarten
0_0_otter_0395.jpg,1,otter
0_0_polecat_0429.jpg,3,polecat
0_0_pinemarten_0584.jpg,2,pinemarten
0_0_stoat_0529.jpg,4,stoat
0_0_mink_0481.jpg,0,mink
0_0_weasel_0354.jpg,5,weasel
0_1_weasel_0354.jpg,5,weasel
0_0_otter_0444.jpg,1,otter
0_0_pinemarten_0981.jpg,2,pinemarten
0_0_polecat_0707.jpg,3,polecat
0_0_weasel_0003.jpg,5,weasel
0_0_stoat_0455.jpg,4,stoat
0_0_pinemarten_0440.jpg,2,pinemarten
0_0_polecat_0606.jpg,3,polecat
0_0_otter_0739.jpg,1,otter
0_0_mink_0468.jpg,0,mink
0_0_weasel_0732.jpg,5,weasel
0_0_pinemarten_0483.jpg,2,pinemarten
0_0_stoat_0241.jpg,4,stoat
0_0_otter_0890.jpg,1,otter
0_0_pinemarten_0050.jpg,2,pinemarten
0_0_weasel_0176.jpg,5,weasel
0_0_otter_0760.jpg,1,otter
0_0_pinemarten_0786.jpg,2,pinemarten
0_0_mink_0298.jpg,0,mink
0_0_polecat_0375.jpg,3,polecat
0_0_mink_0538.jpg,0,mink
0_0_pinemarten_0645.jpg,2,pinemarten
0_0_stoat_0108.jpg,4,stoat
0_0_otter_0074.jpg,1,otter
0_0_mink_0266.jpg,0,mink
0_0_mink_0102.jpg,0,mink
0_0_mink_0850.jpg,0,mink
0_0_stoat_0118.jpg,4,stoat
0_0_weasel_0883.jpg,5,weasel
0_0_pinemarten_0640.jpg,2,pinemarten
0_0_polecat_0396.jpg,3,polecat
0_0_otter_0037.jpg,1,otter
0_0_otter_0680.jpg,1,otter
0_0_mink_0440.jpg,0,mink
0_0_otter_0221.jpg,1,otter
0_0_weasel_0492.jpg,5,weasel
0_0_otter_0135.jpg,1,otter
0_0_otter_0892.jpg,1,otter
0_0_weasel_0277.jpg,5,weasel
0_0_pinemarten_0188.jpg,2,pinemarten
0_0_weasel_0157.jpg,5,weasel
0_0_weasel_0472.jpg,5,weasel
0_0_stoat_0527.jpg,4,stoat
0_0_weasel_0947.jpg,5,weasel
0_0_polecat_0017.jpg,3,polecat
0_0_polecat_0141.jpg,3,polecat
0_0_pinemarten_0523.jpg,2,pinemarten
0_0_pinemarten_0920.jpg,2,pinemarten
0_0_mink_0047.jpg,0,mink
0_0_otter_0353.jpg,1,otter
0_0_mink_0814.jpg,0,mink
0_0_pinemarten_0346.jpg,2,pinemarten
0_0_mink_0933.jpg,0,mink
0_0_pinemarten_0040.jpg,2,pinemarten
0_0_weasel_0586.jpg,5,weasel
0_0_stoat_0338.jpg,4,stoat
0_0_pinemarten_0587.jpg,2,pinemarten
0_0_otter_0804.jpg,1,otter
0_0_mink_0513.jpg,0,mink
0_0_polecat_0686.jpg,3,polecat
0_0_weasel_0793.jpg,5,weasel
0_0_weasel_0462.jpg,5,weasel
0_0_weasel_0900.jpg,5,weasel
0_0_stoat_0968.jpg,4,stoat
0_0_mink_0590.jpg,0,mink
0_0_mink_0009.jpg,0,mink
0_0_stoat_0568.jpg,4,stoat
0_0_otter_0750.jpg,1,otter
0_0_mink_0987.jpg,0,mink
0_1_mink_0987.jpg,0,mink
0_0_stoat_0081.jpg,4,stoat
0_0_mink_0875.jpg,0,mink
0_0_stoat_0414.jpg,4,stoat
0_0_mink_0859.jpg,0,mink
0_0_otter_0700.jpg,1,otter
0_0_mink_0998.jpg,0,mink
0_0_mink_0784.jpg,0,mink
0_0_mink_0910.jpg,0,mink
0_0_pinemarten_0913.jpg,2,pinemarten
0_0_polecat_0311.jpg,3,polecat
0_0_stoat_0888.jpg,4,stoat
0_0_weasel_0615.jpg,5,weasel
0_0_otter_0067.jpg,1,otter
0_0_stoat_0420.jpg,4,stoat
0_0_polecat_0592.jpg,3,polecat
0_0_mink_0811.jpg,0,mink
0_0_pinemarten_0442.jpg,2,pinemarten
0_0_weasel_0480.jpg,5,weasel
0_0_pinemarten_0403.jpg,2,pinemarten
0_0_polecat_0535.jpg,3,polecat
0_0_weasel_0499.jpg,5,weasel
0_0_otter_0492.jpg,1,otter
0_0_polecat_0964.jpg,3,polecat
0_0_polecat_0661.jpg,3,polecat
0_0_weasel_0058.jpg,5,weasel
0_0_stoat_0818.jpg,4,stoat
0_0_otter_0578.jpg,1,otter
0_1_otter_0578.jpg,1,otter
0_2_otter_0578.jpg,1,otter
0_0_polecat_0216.jpg,3,polecat
0_0_stoat_0060.jpg,4,stoat
0_0_weasel_0331.jpg,5,weasel
0_0_otter_0516.jpg,1,otter
0_0_polecat_0871.jpg,3,polecat
0_0_pinemarten_0695.jpg,2,pinemarten
0_0_pinemarten_0573.jpg,2,pinemarten
0_0_weasel_0872.jpg,5,weasel
0_0_polecat_0400.jpg,3,polecat
0_0_otter_0103.jpg,1,otter
0_0_pinemarten_0705.jpg,2,pinemarten
0_0_otter_0883.jpg,1,otter
0_0_pinemarten_0109.jpg,2,pinemarten
0_0_stoat_0724.jpg,4,stoat
0_1_stoat_0724.jpg,4,stoat
0_0_otter_0863.jpg,1,otter
0_0_otter_0511.jpg,1,otter
0_0_otter_0146.jpg,1,otter
0_0_otter_0743.jpg,1,otter
0_0_polecat_0132.jpg,3,polecat
0_0_pinemarten_0097.jpg,2,pinemarten
0_0_otter_0312.jpg,1,otter
0_0_otter_0235.jpg,1,otter
0_0_polecat_0087.jpg,3,polecat
0_0_otter_0098.jpg,1,otter
0_0_weasel_0605.jpg,5,weasel
0_0_mink_0874.jpg,0,mink
0_0_weasel_0909.jpg,5,weasel
0_0_polecat_0723.jpg,3,polecat
0_0_polecat_0999.jpg,3,polecat
0_0_polecat_0356.jpg,3,polecat
0_0_pinemarten_0947.jpg,2,pinemarten
0_1_pinemarten_0947.jpg,2,pinemarten
0_0_pinemarten_0686.jpg,2,pinemarten
0_0_otter_0838.jpg,1,otter
0_0_otter_0197.jpg,1,otter
0_0_stoat_0232.jpg,4,stoat
0_0_pinemarten_0174.jpg,2,pinemarten
0_0_mink_0844.jpg,0,mink
0_0_polecat_0526.jpg,3,polecat
0_0_weasel_0033.jpg,5,weasel
0_0_weasel_0244.jpg,5,weasel
0_0_pinemarten_0949.jpg,2,pinemarten
0_0_polecat_0168.jpg,3,polecat
0_0_stoat_0304.jpg,4,stoat
0_0_pinemarten_0105.jpg,2,pinemarten
0_0_mink_0862.jpg,0,mink
0_0_weasel_0509.jpg,5,weasel
0_0_weasel_0962.jpg,5,weasel
0_0_weasel_0308.jpg,5,weasel
0_0_mink_0729.jpg,0,mink
0_0_weasel_0950.jpg,5,weasel
0_0_otter_0475.jpg,1,otter
0_0_mink_0322.jpg,0,mink
0_0_polecat_0463.jpg,3,polecat
0_0_mink_0147.jpg,0,mink
0_0_otter_0190.jpg,1,otter
0_1_otter_0190.jpg,1,otter
0_0_otter_0540.jpg,1,otter
0_0_weasel_0816.jpg,5,weasel
0_0_mink_0740.jpg,0,mink
0_0_pinemarten_0928.jpg,2,pinemarten
0_0_stoat_0237.jpg,4,stoat
0_0_polecat_0149.jpg,3,polecat
0_0_mink_0399.jpg,0,mink
0_0_otter_0721.jpg,1,otter
0_0_mink_0669.jpg,0,mink
0_0_mink_0553.jpg,0,mink
0_0_pinemarten_0063.jpg,2,pinemarten
0_0_weasel_0843.jpg,5,weasel
0_0_mink_0969.jpg,0,mink
0_0_mink_0602.jpg,0,mink
0_0_mink_0445.jpg,0,mink
0_0_weasel_0957.jpg,5,weasel
0_0_pinemarten_0169.jpg,2,pinemarten
0_0_weasel_0707.jpg,5,weasel
0_0_pinemarten_0332.jpg,2,pinemarten
0_0_weasel_0021.jpg,5,weasel
0_0_weasel_0405.jpg,5,weasel
0_0_polecat_0684.jpg,3,polecat
0_0_polecat_0519.jpg,3,polecat
0_0_pinemarten_0532.jpg,2,pinemarten
0_0_mink_0265.jpg,0,mink
0_0_weasel_0670.jpg,5,weasel
0_0_polecat_0336.jpg,3,polecat
0_0_stoat_0612.jpg,4,stoat
0_1_stoat_0612.jpg,4,stoat
0_0_weasel_0091.jpg,5,weasel
0_0_stoat_0847.jpg,4,stoat
2_0_pinemarten_0639.jpg,2,pinemarten
0_0_stoat_0775.jpg,4,stoat
0_0_stoat_0206.jpg,4,stoat
0_0_polecat_0812.jpg,3,polecat
0_0_polecat_0698.jpg,3,polecat
0_0_polecat_0034.jpg,3,polecat
0_0_pinemarten_0863.jpg,2,pinemarten
0_0_weasel_0177.jpg,5,weasel
0_0_weasel_0661.jpg,5,weasel
0_0_weasel_0245.jpg,5,weasel
0_0_pinemarten_0372.jpg,2,pinemarten
0_0_weasel_0913.jpg,5,weasel
0_0_pinemarten_0036.jpg,2,pinemarten
0_0_stoat_0476.jpg,4,stoat
0_0_polecat_0073.jpg,3,polecat
0_0_mink_0757.jpg,0,mink
0_0_weasel_0199.jpg,5,weasel
0_0_otter_0401.jpg,1,otter
0_0_stoat_0270.jpg,4,stoat
0_0_pinemarten_0829.jpg,2,pinemarten
0_0_stoat_0310.jpg,4,stoat
0_0_mink_0323.jpg,0,mink
0_0_mink_0900.jpg,0,mink
0_0_pinemarten_0709.jpg,2,pinemarten
0_0_otter_0977.jpg,1,otter
0_0_stoat_0725.jpg,4,stoat
0_0_weasel_0705.jpg,5,weasel
0_0_stoat_0369.jpg,4,stoat
0_0_polecat_0873.jpg,3,polecat
0_0_otter_0980.jpg,1,otter
0_0_stoat_0896.jpg,4,stoat
0_0_pinemarten_0537.jpg,2,pinemarten
0_0_pinemarten_0297.jpg,2,pinemarten
0_1_pinemarten_0297.jpg,2,pinemarten
0_0_otter_0243.jpg,1,otter
0_0_stoat_0291.jpg,4,stoat
0_0_otter_0675.jpg,1,otter
0_0_weasel_0622.jpg,5,weasel
0_0_stoat_0454.jpg,4,stoat
0_0_pinemarten_0833.jpg,2,pinemarten
0_0_stoat_0183.jpg,4,stoat
0_0_otter_0185.jpg,1,otter
0_0_otter_0081.jpg,1,otter
0_0_pinemarten_0662.jpg,2,pinemarten
0_0_otter_0083.jpg,1,otter
0_0_polecat_0563.jpg,3,polecat
0_0_pinemarten_0637.jpg,2,pinemarten
0_0_stoat_0098.jpg,4,stoat
0_0_pinemarten_0661.jpg,2,pinemarten
0_0_mink_0807.jpg,0,mink
0_0_stoat_0072.jpg,4,stoat
0_0_stoat_0211.jpg,4,stoat
0_0_weasel_0572.jpg,5,weasel
0_0_otter_0818.jpg,1,otter
0_0_stoat_0836.jpg,4,stoat
0_0_stoat_0051.jpg,4,stoat
0_0_polecat_0595.jpg,3,polecat
0_0_weasel_0555.jpg,5,weasel
0_0_stoat_0012.jpg,4,stoat
0_0_polecat_0736.jpg,3,polecat
0_0_otter_0390.jpg,1,otter
0_0_weasel_0124.jpg,5,weasel
0_0_weasel_0386.jpg,5,weasel
0_1_weasel_0386.jpg,5,weasel
0_2_weasel_0386.jpg,5,weasel
0_0_weasel_0075.jpg,5,weasel
0_0_weasel_0776.jpg,5,weasel
0_0_weasel_0603.jpg,5,weasel
0_0_stoat_0016.jpg,4,stoat
0_0_pinemarten_0446.jpg,2,pinemarten
0_0_mink_0715.jpg,0,mink
0_0_pinemarten_0682.jpg,2,pinemarten
0_0_mink_0890.jpg,0,mink
0_1_mink_0890.jpg,0,mink
0_0_mink_0176.jpg,0,mink
0_0_pinemarten_0058.jpg,2,pinemarten
0_0_otter_0713.jpg,1,otter
0_0_otter_0277.jpg,1,otter
0_0_stoat_0350.jpg,4,stoat
0_0_pinemarten_0625.jpg,2,pinemarten
0_0_mink_0709.jpg,0,mink
0_0_mink_0512.jpg,0,mink
0_0_stoat_0220.jpg,4,stoat
0_0_stoat_0732.jpg,4,stoat
0_0_stoat_0745.jpg,4,stoat
0_0_pinemarten_0374.jpg,2,pinemarten
0_0_stoat_0912.jpg,4,stoat
0_0_stoat_0325.jpg,4,stoat
0_0_otter_0354.jpg,1,otter
0_0_pinemarten_0264.jpg,2,pinemarten
0_0_mink_0621.jpg,0,mink
0_0_stoat_0518.jpg,4,stoat
0_0_polecat_0148.jpg,3,polecat
0_0_polecat_0919.jpg,3,polecat
0_0_weasel_0344.jpg,5,weasel
0_0_otter_0416.jpg,1,otter
0_0_mink_0228.jpg,0,mink
0_0_stoat_0525.jpg,4,stoat
0_0_stoat_0599.jpg,4,stoat
0_0_stoat_0924.jpg,4,stoat
0_0_polecat_0937.jpg,3,polecat
0_0_pinemarten_0765.jpg,2,pinemarten
0_1_pinemarten_0765.jpg,2,pinemarten
0_0_mink_0594.jpg,0,mink
0_0_polecat_0146.jpg,3,polecat
0_0_mink_0502.jpg,0,mink
0_0_pinemarten_0530.jpg,2,pinemarten
0_0_mink_0929.jpg,0,mink
0_0_otter_0534.jpg,1,otter
0_0_otter_0090.jpg,1,otter
0_0_mink_0785.jpg,0,mink
0_0_pinemarten_0656.jpg,2,pinemarten
0_0_polecat_0474.jpg,3,polecat
0_1_polecat_0474.jpg,3,polecat
0_0_weasel_0592.jpg,5,weasel
0_0_stoat_0607.jpg,4,stoat
0_0_polecat_0823.jpg,3,polecat
0_0_weasel_0998.jpg,5,weasel
0_0_weasel_0694.jpg,5,weasel
0_0_mink_0177.jpg,0,mink
0_0_weasel_0374.jpg,5,weasel
0_0_mink_0821.jpg,0,mink
0_0_weasel_0755.jpg,5,weasel
0_0_mink_0829.jpg,0,mink
0_0_weasel_0412.jpg,5,weasel
0_1_weasel_0412.jpg,5,weasel
0_0_pinemarten_0034.jpg,2,pinemarten
0_0_stoat_0590.jpg,4,stoat
0_0_polecat_0941.jpg,3,polecat
0_0_stoat_0559.jpg,4,stoat
0_0_pinemarten_0578.jpg,2,pinemarten
0_0_weasel_0784.jpg,5,weasel
0_0_stoat_0049.jpg,4,stoat
0_0_otter_0125.jpg,1,otter
0_0_weasel_0528.jpg,5,weasel
0_0_weasel_0279.jpg,5,weasel
0_0_pinemarten_0046.jpg,2,pinemarten
0_0_otter_0184.jpg,1,otter
0_0_mink_0510.jpg,0,mink
0_0_otter_0577.jpg,1,otter
0_0_mink_0824.jpg,0,mink
0_0_polecat_0831.jpg,3,polecat
0_0_pinemarten_0647.jpg,2,pinemarten
0_0_polecat_0031.jpg,3,polecat
0_0_polecat_0432.jpg,3,polecat
0_0_pinemarten_0289.jpg,2,pinemarten
0_0_weasel_0495.jpg,5,weasel
0_0_pinemarten_0634.jpg,2,pinemarten
0_0_mink_0852.jpg,0,mink
0_0_otter_0010.jpg,1,otter
0_0_polecat_0009.jpg,3,polecat
0_0_weasel_0242.jpg,5,weasel
0_0_stoat_0799.jpg,4,stoat
0_0_stoat_0806.jpg,4,stoat
0_0_weasel_0346.jpg,5,weasel
0_0_weasel_0037.jpg,5,weasel
0_0_stoat_0300.jpg,4,stoat
0_0_pinemarten_0849.jpg,2,pinemarten
0_0_stoat_0486.jpg,4,stoat
0_0_stoat_0333.jpg,4,stoat
0_0_mink_0991.jpg,0,mink
0_0_stoat_0935.jpg,4,stoat
0_0_stoat_0714.jpg,4,stoat
0_0_otter_0608.jpg,1,otter
0_0_otter_0415.jpg,1,otter
0_0_otter_0707.jpg,1,otter
0_0_weasel_0609.jpg,5,weasel
0_0_otter_0244.jpg,1,otter
0_0_mink_0442.jpg,0,mink
0_0_stoat_0804.jpg,4,stoat
0_0_otter_0807.jpg,1,otter
0_0_mink_0737.jpg,0,mink
0_0_stoat_0738.jpg,4,stoat
0_0_polecat_0384.jpg,3,polecat
0_0_mink_0571.jpg,0,mink
0_0_polecat_0166.jpg,3,polecat
0_0_polecat_0499.jpg,3,polecat
0_0_stoat_0177.jpg,4,stoat
0_0_otter_0663.jpg,1,otter
0_0_stoat_0897.jpg,4,stoat
0_0_stoat_0068.jpg,4,stoat
0_0_stoat_0708.jpg,4,stoat
0_1_stoat_0708.jpg,4,stoat
0_0_stoat_0528.jpg,4,stoat
0_0_mink_0225.jpg,0,mink
0_0_pinemarten_0421.jpg,2,pinemarten
0_1_pinemarten_0421.jpg,2,pinemarten
0_2_pinemarten_0421.jpg,2,pinemarten
0_0_otter_0280.jpg,1,otter
0_0_weasel_0520.jpg,5,weasel
0_0_pinemarten_0437.jpg,2,pinemarten
0_0_weasel_0450.jpg,5,weasel
0_0_polecat_0487.jpg,3,polecat
0_0_pinemarten_0934.jpg,2,pinemarten
0_0_mink_0432.jpg,0,mink
0_0_otter_0989.jpg,1,otter
0_0_otter_0952.jpg,1,otter
0_0_polecat_0373.jpg,3,polecat
0_0_pinemarten_0720.jpg,2,pinemarten
0_1_pinemarten_0720.jpg,2,pinemarten
0_0_otter_0774.jpg,1,otter
0_0_mink_0310.jpg,0,mink
0_0_weasel_0513.jpg,5,weasel
0_0_stoat_0006.jpg,4,stoat
0_0_stoat_0077.jpg,4,stoat
0_0_otter_0544.jpg,1,otter
0_0_pinemarten_0093.jpg,2,pinemarten
0_0_stoat_0986.jpg,4,stoat
0_0_polecat_0687.jpg,3,polecat
0_0_weasel_0295.jpg,5,weasel
0_0_otter_0200.jpg,1,otter
0_0_pinemarten_0643.jpg,2,pinemarten
0_0_otter_0040.jpg,1,otter
0_0_stoat_0940.jpg,4,stoat
0_0_mink_0172.jpg,0,mink
0_0_mink_0327.jpg,0,mink
0_0_mink_0710.jpg,0,mink
0_0_otter_0394.jpg,1,otter
0_0_pinemarten_0760.jpg,2,pinemarten
0_0_pinemarten_0571.jpg,2,pinemarten
0_0_otter_1000.jpg,1,otter
0_0_weasel_0669.jpg,5,weasel
0_1_weasel_0669.jpg,5,weasel
0_0_pinemarten_0633.jpg,2,pinemarten
0_0_mink_0181.jpg,0,mink
0_0_weasel_0209.jpg,5,weasel
0_0_otter_0591.jpg,1,otter
0_0_otter_0994.jpg,1,otter
0_1_otter_0994.jpg,1,otter
0_0_polecat_0788.jpg,3,polecat
0_1_polecat_0788.jpg,3,polecat
0_0_polecat_0344.jpg,3,polecat
0_0_pinemarten_0327.jpg,2,pinemarten
0_0_pinemarten_0520.jpg,2,pinemarten
0_0_stoat_0061.jpg,4,stoat
0_0_mink_0514.jpg,0,mink
0_0_mink_0483.jpg,0,mink
0_0_weasel_0719.jpg,5,weasel
0_0_mink_0038.jpg,0,mink
0_0_mink_0470.jpg,0,mink
0_0_weasel_0285.jpg,5,weasel
0_0_mink_0321.jpg,0,mink
0_0_stoat_0436.jpg,4,stoat
0_0_stoat_0583.jpg,4,stoat
0_0_otter_0414.jpg,1,otter
0_1_otter_0414.jpg,1,otter
0_0_mink_0587.jpg,0,mink
0_0_otter_0941.jpg,1,otter
0_0_mink_0324.jpg,0,mink
0_0_stoat_0963.jpg,4,stoat
0_0_pinemarten_0574.jpg,2,pinemarten
0_0_otter_0348.jpg,1,otter
0_0_weasel_0704.jpg,5,weasel
0_0_otter_0338.jpg,1,otter
0_0_mink_0248.jpg,0,mink
0_0_stoat_0510.jpg,4,stoat
0_0_mink_0800.jpg,0,mink
0_0_weasel_0373.jpg,5,weasel
0_0_mink_0046.jpg,0,mink
0_0_weasel_0683.jpg,5,weasel
0_0_pinemarten_0229.jpg,2,pinemarten
0_0_mink_0093.jpg,0,mink
0_0_otter_0167.jpg,1,otter
0_0_stoat_0441.jpg,4,stoat
0_0_mink_0272.jpg,0,mink
0_0_otter_0599.jpg,1,otter
0_0_otter_0385.jpg,1,otter
0_0_polecat_0868.jpg,3,polecat
0_0_polecat_0972.jpg,3,polecat
0_0_pinemarten_0596.jpg,2,pinemarten
0_0_otter_0264.jpg,1,otter
0_0_stoat_0519.jpg,4,stoat
0_0_weasel_0404.jpg,5,weasel
0_0_stoat_0347.jpg,4,stoat
0_0_weasel_0498.jpg,5,weasel
0_0_pinemarten_0512.jpg,2,pinemarten
0_0_pinemarten_0400.jpg,2,pinemarten
0_0_weasel_0698.jpg,5,weasel
0_0_otter_0702.jpg,1,otter
0_0_stoat_0710.jpg,4,stoat
0_0_weasel_0716.jpg,5,weasel
0_0_pinemarten_0314.jpg,2,pinemarten
0_0_polecat_0049.jpg,3,polecat
0_0_mink_0994.jpg,0,mink
0_0_pinemarten_0258.jpg,2,pinemarten
0_0_weasel_0023.jpg,5,weasel
0_0_weasel_0353.jpg,5,weasel
0_0_weasel_0066.jpg,5,weasel
0_0_mink_0802.jpg,0,mink
0_0_stoat_0444.jpg,4,stoat
0_0_stoat_0639.jpg,4,stoat
0_0_stoat_0722.jpg,4,stoat
0_0_otter_0515.jpg,1,otter
0_0_pinemarten_0869.jpg,2,pinemarten
0_0_otter_0629.jpg,1,otter
0_1_otter_0629.jpg,1,otter
0_0_otter_0169.jpg,1,otter
0_0_mink_0391.jpg,0,mink
0_0_stoat_0697.jpg,4,stoat
0_0_polecat_0464.jpg,3,polecat
0_0_stoat_0785.jpg,4,stoat
0_0_weasel_0645.jpg,5,weasel
0_1_weasel_0645.jpg,5,weasel
0_2_weasel_0645.jpg,5,weasel
0_0_pinemarten_0607.jpg,2,pinemarten
0_0_stoat_0346.jpg,4,stoat
0_0_pinemarten_0225.jpg,2,pinemarten
0_0_stoat_0481.jpg,4,stoat
0_0_otter_0166.jpg,1,otter
0_0_stoat_0772.jpg,4,stoat
0_0_stoat_0547.jpg,4,stoat
0_0_mink_0286.jpg,0,mink
0_0_mink_0495.jpg,0,mink
0_0_polecat_0032.jpg,3,polecat
0_0_polecat_0865.jpg,3,polecat
0_0_pinemarten_0576.jpg,2,pinemarten
0_0_otter_0494.jpg,1,otter
0_0_stoat_0213.jpg,4,stoat
0_0_pinemarten_0142.jpg,2,pinemarten
0_0_pinemarten_0977.jpg,2,pinemarten
0_0_stoat_0614.jpg,4,stoat
0_1_stoat_0614.jpg,4,stoat
0_0_stoat_0589.jpg,4,stoat
0_0_weasel_0740.jpg,5,weasel
0_0_polecat_0488.jpg,3,polecat
0_0_mink_0034.jpg,0,mink
0_0_stoat_0610.jpg,4,stoat
0_0_weasel_0665.jpg,5,weasel
0_0_polecat_0720.jpg,3,polecat
0_0_pinemarten_0353.jpg,2,pinemarten
0_0_polecat_0333.jpg,3,polecat
0_0_polecat_0847.jpg,3,polecat
0_0_otter_0038.jpg,1,otter
0_0_polecat_0591.jpg,3,polecat
0_1_polecat_0591.jpg,3,polecat
0_0_stoat_0151.jpg,4,stoat
0_1_stoat_0151.jpg,4,stoat
0_0_otter_0847.jpg,1,otter
0_0_mink_0317.jpg,0,mink
0_0_polecat_0556.jpg,3,polecat
0_0_stoat_0767.jpg,4,stoat
0_0_pinemarten_0679.jpg,2,pinemarten
0_0_pinemarten_0002.jpg,2,pinemarten
0_0_otter_0271.jpg,1,otter
0_0_weasel_0557.jpg,5,weasel
0_0_weasel_0204.jpg,5,weasel
0_0_pinemarten_0079.jpg,2,pinemarten
0_1_pinemarten_0079.jpg,2,pinemarten
0_0_otter_0426.jpg,1,otter
0_0_stoat_0205.jpg,4,stoat
0_0_mink_0156.jpg,0,mink
0_0_pinemarten_0566.jpg,2,pinemarten
0_0_polecat_0315.jpg,3,polecat
0_0_mink_0712.jpg,0,mink
0_0_otter_0590.jpg,1,otter
0_0_pinemarten_0636.jpg,2,pinemarten
0_0_pinemarten_0982.jpg,2,pinemarten
0_1_pinemarten_0982.jpg,2,pinemarten
0_0_otter_0246.jpg,1,otter
0_0_polecat_0048.jpg,3,polecat
0_0_stoat_0146.jpg,4,stoat
0_0_stoat_0641.jpg,4,stoat
0_0_mink_0293.jpg,0,mink
0_0_polecat_0299.jpg,3,polecat
0_0_otter_0809.jpg,1,otter
0_0_polecat_0906.jpg,3,polecat
0_0_stoat_0418.jpg,4,stoat
0_0_otter_0351.jpg,1,otter
0_0_stoat_0261.jpg,4,stoat
0_0_polecat_0409.jpg,3,polecat
0_0_otter_0489.jpg,1,otter
0_0_otter_0062.jpg,1,otter
0_0_mink_0071.jpg,0,mink
0_0_weasel_0260.jpg,5,weasel
0_0_weasel_0095.jpg,5,weasel
0_0_pinemarten_0615.jpg,2,pinemarten
0_0_otter_0195.jpg,1,otter
0_0_stoat_0501.jpg,4,stoat
0_0_weasel_0896.jpg,5,weasel
0_0_polecat_0042.jpg,3,polecat
0_0_stoat_0066.jpg,4,stoat
0_0_mink_0897.jpg,0,mink
0_0_weasel_0738.jpg,5,weasel
0_0_stoat_0397.jpg,4,stoat
0_0_stoat_0289.jpg,4,stoat
0_0_polecat_0021.jpg,3,polecat
0_1_polecat_0021.jpg,3,polecat
0_0_otter_0201.jpg,1,otter
0_0_stoat_0003.jpg,4,stoat
0_0_weasel_0148.jpg,5,weasel
0_0_stoat_0668.jpg,4,stoat
0_0_weasel_0167.jpg,5,weasel
0_0_otter_0888.jpg,1,otter
0_0_weasel_0690.jpg,5,weasel
0_0_mink_0681.jpg,0,mink
0_0_pinemarten_0717.jpg,2,pinemarten
0_0_stoat_0103.jpg,4,stoat
0_0_pinemarten_0468.jpg,2,pinemarten
0_0_stoat_0938.jpg,4,stoat
0_0_polecat_0611.jpg,3,polecat
0_0_pinemarten_0950.jpg,2,pinemarten
0_0_pinemarten_0951.jpg,2,pinemarten
0_0_weasel_0546.jpg,5,weasel
0_0_stoat_0993.jpg,4,stoat
0_0_pinemarten_0232.jpg,2,pinemarten
0_0_stoat_0321.jpg,4,stoat
0_0_pinemarten_0153.jpg,2,pinemarten
0_0_pinemarten_0201.jpg,2,pinemarten
0_0_weasel_0357.jpg,5,weasel
0_0_polecat_0762.jpg,3,polecat
0_0_weasel_0292.jpg,5,weasel
0_0_polecat_0381.jpg,3,polecat
0_0_otter_0506.jpg,1,otter
0_0_weasel_0853.jpg,5,weasel
0_0_mink_0835.jpg,0,mink
0_0_otter_0697.jpg,1,otter
0_0_weasel_0551.jpg,5,weasel
0_0_polecat_0286.jpg,3,polecat
0_0_weasel_0097.jpg,5,weasel
0_0_weasel_0046.jpg,5,weasel
0_0_weasel_0219.jpg,5,weasel
0_0_stoat_0153.jpg,4,stoat
0_0_stoat_0064.jpg,4,stoat
0_0_pinemarten_0192.jpg,2,pinemarten
0_0_polecat_0444.jpg,3,polecat
0_0_pinemarten_0827.jpg,2,pinemarten
0_0_pinemarten_0082.jpg,2,pinemarten
0_0_pinemarten_0836.jpg,2,pinemarten
0_0_polecat_0805.jpg,3,polecat
0_0_polecat_0818.jpg,3,polecat
0_0_polecat_0627.jpg,3,polecat
0_0_pinemarten_0215.jpg,2,pinemarten
1_1_pinemarten_0215.jpg,2,pinemarten
0_0_mink_0273.jpg,0,mink
0_0_otter_0384.jpg,1,otter
0_0_pinemarten_0550.jpg,2,pinemarten
0_0_otter_0139.jpg,1,otter
0_0_polecat_0069.jpg,3,polecat
0_0_pinemarten_0817.jpg,2,pinemarten
0_0_pinemarten_0987.jpg,2,pinemarten
0_0_pinemarten_0942.jpg,2,pinemarten
0_0_weasel_0304.jpg,5,weasel
0_0_mink_0438.jpg,0,mink
0_0_polecat_0077.jpg,3,polecat
0_0_pinemarten_0113.jpg,2,pinemarten
0_0_pinemarten_0078.jpg,2,pinemarten
0_0_mink_0443.jpg,0,mink
0_0_polecat_0819.jpg,3,polecat
0_0_pinemarten_0908.jpg,2,pinemarten
0_0_pinemarten_0041.jpg,2,pinemarten
0_0_polecat_0423.jpg,3,polecat
0_0_weasel_0595.jpg,5,weasel
0_0_weasel_0778.jpg,5,weasel
0_1_weasel_0778.jpg,5,weasel
0_0_mink_0738.jpg,0,mink
0_0_weasel_0534.jpg,5,weasel
0_0_mink_0389.jpg,0,mink
0_0_stoat_0383.jpg,4,stoat
0_0_pinemarten_0821.jpg,2,pinemarten
0_0_stoat_0937.jpg,4,stoat
0_0_stoat_0786.jpg,4,stoat
0_1_stoat_0786.jpg,4,stoat
0_0_otter_0708.jpg,1,otter
0_0_weasel_0506.jpg,5,weasel
0_0_mink_0275.jpg,0,mink
0_0_pinemarten_0144.jpg,2,pinemarten
0_0_polecat_0038.jpg,3,polecat
0_0_weasel_0342.jpg,5,weasel
0_0_stoat_0506.jpg,4,stoat
0_1_stoat_0506.jpg,4,stoat
0_0_otter_0240.jpg,1,otter
0_1_otter_0240.jpg,1,otter
0_0_mink_0003.jpg,0,mink
0_0_otter_0058.jpg,1,otter
0_0_mink_0645.jpg,0,mink
0_0_polecat_0633.jpg,3,polecat
0_0_mink_0798.jpg,0,mink
0_0_otter_0733.jpg,1,otter
0_0_polecat_0513.jpg,3,polecat
0_0_mink_0706.jpg,0,mink
0_0_polecat_0086.jpg,3,polecat
0_1_polecat_0086.jpg,3,polecat
0_0_weasel_0225.jpg,5,weasel
0_0_stoat_0024.jpg,4,stoat
0_0_pinemarten_0710.jpg,2,pinemarten
0_0_otter_0025.jpg,1,otter
0_0_otter_0921.jpg,1,otter
0_0_otter_0753.jpg,1,otter
0_0_otter_0140.jpg,1,otter
0_0_pinemarten_0031.jpg,2,pinemarten
0_0_weasel_0617.jpg,5,weasel
0_0_pinemarten_0164.jpg,2,pinemarten
0_0_otter_0192.jpg,1,otter
0_0_weasel_0123.jpg,5,weasel
0_0_otter_0907.jpg,1,otter
0_0_otter_0894.jpg,1,otter
0_0_otter_0495.jpg,1,otter
0_0_mink_0183.jpg,0,mink
0_0_stoat_0432.jpg,4,stoat
0_0_mink_0203.jpg,0,mink
0_0_pinemarten_0800.jpg,2,pinemarten
0_0_pinemarten_0804.jpg,2,pinemarten
0_0_mink_0098.jpg,0,mink
0_0_stoat_0925.jpg,4,stoat
0_0_mink_0799.jpg,0,mink
0_0_otter_0286.jpg,1,otter
0_0_polecat_0458.jpg,3,polecat
0_1_polecat_0458.jpg,3,polecat
0_0_otter_0006.jpg,1,otter
0_0_pinemarten_0435.jpg,2,pinemarten
0_0_mink_0416.jpg,0,mink
0_0_polecat_0374.jpg,3,polecat
0_0_stoat_0258.jpg,4,stoat
0_0_stoat_0890.jpg,4,stoat
0_0_weasel_0269.jpg,5,weasel
0_0_mink_0809.jpg,0,mink
0_0_stoat_0301.jpg,4,stoat
0_0_otter_0830.jpg,1,otter
0_0_stoat_0020.jpg,4,stoat
0_0_polecat_0240.jpg,3,polecat
0_0_otter_0388.jpg,1,otter
0_1_otter_0388.jpg,1,otter
0_0_weasel_0905.jpg,5,weasel
0_0_polecat_0448.jpg,3,polecat
0_0_pinemarten_0434.jpg,2,pinemarten
0_0_stoat_0467.jpg,4,stoat
0_0_mink_0057.jpg,0,mink
0_0_polecat_0390.jpg,3,polecat
0_0_otter_0727.jpg,1,otter
0_0_pinemarten_0406.jpg,2,pinemarten
0_0_polecat_0549.jpg,3,polecat
0_0_mink_0741.jpg,0,mink
0_0_stoat_0263.jpg,4,stoat
0_0_weasel_0102.jpg,5,weasel
0_1_weasel_0102.jpg,5,weasel
0_0_polecat_0846.jpg,3,polecat
0_0_otter_0247.jpg,1,otter
0_1_otter_0247.jpg,1,otter
0_0_pinemarten_0504.jpg,2,pinemarten
0_0_otter_0730.jpg,1,otter
0_0_polecat_0545.jpg,3,polecat
0_0_stoat_0934.jpg,4,stoat
0_0_mink_0815.jpg,0,mink
0_0_stoat_0042.jpg,4,stoat
0_0_mink_0447.jpg,0,mink
0_0_weasel_0267.jpg,5,weasel
0_0_otter_0156.jpg,1,otter
0_0_mink_0842.jpg,0,mink
0_0_pinemarten_0505.jpg,2,pinemarten
0_0_otter_0947.jpg,1,otter
0_0_mink_0305.jpg,0,mink
0_0_polecat_0895.jpg,3,polecat
0_0_stoat_0608.jpg,4,stoat
0_1_stoat_0608.jpg,4,stoat
0_0_weasel_0619.jpg,5,weasel
0_0_weasel_0604.jpg,5,weasel
0_0_mink_0941.jpg,0,mink
0_1_mink_0941.jpg,0,mink
0_0_otter_0731.jpg,1,otter
0_0_polecat_0825.jpg,3,polecat
0_0_weasel_0047.jpg,5,weasel
0_0_polecat_0045.jpg,3,polecat
0_0_polecat_0408.jpg,3,polecat
0_1_polecat_0408.jpg,3,polecat
0_0_stoat_0759.jpg,4,stoat
0_0_weasel_0410.jpg,5,weasel
0_0_otter_0265.jpg,1,otter
0_0_polecat_0224.jpg,3,polecat
0_0_pinemarten_0030.jpg,2,pinemarten
0_0_pinemarten_0382.jpg,2,pinemarten
0_0_otter_0600.jpg,1,otter
0_0_weasel_0799.jpg,5,weasel
0_0_polecat_0761.jpg,3,polecat
0_0_mink_0628.jpg,0,mink
0_0_otter_0317.jpg,1,otter
0_0_otter_0905.jpg,1,otter
0_0_mink_0536.jpg,0,mink
0_0_otter_0563.jpg,1,otter
0_0_otter_0079.jpg,1,otter
0_0_otter_0788.jpg,1,otter
0_0_mink_0294.jpg,0,mink
0_0_weasel_0663.jpg,5,weasel
0_0_otter_0389.jpg,1,otter
0_0_weasel_0061.jpg,5,weasel
0_0_weasel_0801.jpg,5,weasel
0_1_weasel_0801.jpg,5,weasel
0_0_stoat_0966.jpg,4,stoat
0_0_mink_0838.jpg,0,mink
0_0_polecat_0194.jpg,3,polecat
0_0_polecat_0878.jpg,3,polecat
0_0_pinemarten_0613.jpg,2,pinemarten
0_0_otter_0860.jpg,1,otter
0_0_otter_0900.jpg,1,otter
0_0_otter_0138.jpg,1,otter
0_0_mink_0917.jpg,0,mink
0_0_pinemarten_0191.jpg,2,pinemarten
0_0_mink_0528.jpg,0,mink
0_0_polecat_0980.jpg,3,polecat
0_0_weasel_0417.jpg,5,weasel
0_0_mink_0263.jpg,0,mink
0_0_mink_0427.jpg,0,mink
0_0_mink_0688.jpg,0,mink
0_0_otter_0233.jpg,1,otter
0_0_weasel_0675.jpg,5,weasel
0_0_weasel_0431.jpg,5,weasel
0_0_otter_0592.jpg,1,otter
0_0_otter_0915.jpg,1,otter
0_0_pinemarten_0131.jpg,2,pinemarten
0_0_weasel_0974.jpg,5,weasel
0_0_mink_0951.jpg,0,mink
0_0_stoat_0511.jpg,4,stoat
0_0_stoat_0774.jpg,4,stoat
0_0_mink_0198.jpg,0,mink
0_0_otter_0377.jpg,1,otter
0_0_stoat_0887.jpg,4,stoat
0_0_mink_0441.jpg,0,mink
0_0_pinemarten_0618.jpg,2,pinemarten
0_0_polecat_0886.jpg,3,polecat
0_0_mink_0240.jpg,0,mink
0_0_pinemarten_0257.jpg,2,pinemarten
0_0_weasel_0686.jpg,5,weasel
0_0_otter_0565.jpg,1,otter
0_0_pinemarten_0978.jpg,2,pinemarten
0_0_stoat_0277.jpg,4,stoat
0_0_pinemarten_0583.jpg,2,pinemarten
0_0_pinemarten_0608.jpg,2,pinemarten
0_0_pinemarten_0726.jpg,2,pinemarten
0_0_pinemarten_0048.jpg,2,pinemarten
0_0_stoat_0341.jpg,4,stoat
0_0_pinemarten_0349.jpg,2,pinemarten
0_0_stoat_0115.jpg,4,stoat
0_0_stoat_0169.jpg,4,stoat
0_0_weasel_0427.jpg,5,weasel
0_0_weasel_0141.jpg,5,weasel
0_0_stoat_0531.jpg,4,stoat
0_0_stoat_0353.jpg,4,stoat
0_0_polecat_0741.jpg,3,polecat
0_0_pinemarten_0907.jpg,2,pinemarten
0_0_polecat_0187.jpg,3,polecat
0_0_otter_0605.jpg,1,otter
0_0_otter_0358.jpg,1,otter
0_0_stoat_0770.jpg,4,stoat
0_0_stoat_0416.jpg,4,stoat
0_0_otter_0486.jpg,1,otter
0_0_weasel_0178.jpg,5,weasel
0_0_mink_0448.jpg,0,mink
0_0_mink_0716.jpg,0,mink
0_0_stoat_0067.jpg,4,stoat
0_0_polecat_0581.jpg,3,polecat
0_0_pinemarten_0368.jpg,2,pinemarten
0_0_mink_0582.jpg,0,mink
0_0_weasel_0739.jpg,5,weasel
0_0_pinemarten_0855.jpg,2,pinemarten
0_0_polecat_0410.jpg,3,polecat
0_0_pinemarten_0227.jpg,2,pinemarten
0_0_otter_0861.jpg,1,otter
0_0_mink_0370.jpg,0,mink
0_0_weasel_0067.jpg,5,weasel
0_0_mink_0992.jpg,0,mink
0_0_otter_0483.jpg,1,otter
0_0_weasel_0339.jpg,5,weasel
0_0_mink_0751.jpg,0,mink
0_0_weasel_0321.jpg,5,weasel
0_1_weasel_0321.jpg,5,weasel
0_0_mink_0833.jpg,0,mink
0_0_polecat_0328.jpg,3,polecat
0_0_weasel_0160.jpg,5,weasel
0_0_pinemarten_0854.jpg,2,pinemarten
0_0_polecat_0138.jpg,3,polecat
0_0_stoat_0686.jpg,4,stoat
0_0_otter_0548.jpg,1,otter
0_0_mink_0704.jpg,0,mink
0_0_mink_0627.jpg,0,mink
0_0_pinemarten_0675.jpg,2,pinemarten
0_0_mink_0091.jpg,0,mink
0_0_otter_0060.jpg,1,otter
0_0_weasel_0034.jpg,5,weasel
0_0_otter_0183.jpg,1,otter
0_0_weasel_0224.jpg,5,weasel
0_0_mink_0781.jpg,0,mink
0_0_weasel_0995.jpg,5,weasel
0_0_polecat_0913.jpg,3,polecat
0_1_polecat_0913.jpg,3,polecat
0_0_mink_0029.jpg,0,mink
0_1_mink_0029.jpg,0,mink
0_0_weasel_0147.jpg,5,weasel
0_0_polecat_0341.jpg,3,polecat
0_0_mink_0070.jpg,0,mink
0_0_otter_0024.jpg,1,otter
0_0_pinemarten_0946.jpg,2,pinemarten
0_0_mink_0352.jpg,0,mink
0_0_polecat_0170.jpg,3,polecat
0_0_weasel_0662.jpg,5,weasel
0_0_weasel_0829.jpg,5,weasel
0_0_weasel_0028.jpg,5,weasel
0_0_stoat_0687.jpg,4,stoat
0_0_polecat_0505.jpg,3,polecat
0_0_weasel_0290.jpg,5,weasel
0_0_polecat_0362.jpg,3,polecat
0_0_pinemarten_0980.jpg,2,pinemarten
0_0_stoat_0242.jpg,4,stoat
0_0_polecat_0331.jpg,3,polecat
0_0_stoat_0771.jpg,4,stoat
0_0_mink_0372.jpg,0,mink
0_0_pinemarten_0379.jpg,2,pinemarten
0_0_polecat_0197.jpg,3,polecat
1_1_polecat_0197.jpg,3,polecat
0_0_otter_0864.jpg,1,otter
0_0_polecat_0647.jpg,3,polecat
0_0_pinemarten_0296.jpg,2,pinemarten
0_0_mink_0024.jpg,0,mink
0_0_stoat_0363.jpg,4,stoat
0_0_stoat_0464.jpg,4,stoat
0_0_mink_0904.jpg,0,mink
0_0_polecat_0861.jpg,3,polecat
0_0_stoat_0538.jpg,4,stoat
0_0_pinemarten_0778.jpg,2,pinemarten
0_1_pinemarten_0778.jpg,2,pinemarten
0_0_pinemarten_0285.jpg,2,pinemarten
0_0_pinemarten_0423.jpg,2,pinemarten
0_0_weasel_0196.jpg,5,weasel
0_0_weasel_0214.jpg,5,weasel
0_0_pinemarten_0548.jpg,2,pinemarten
0_0_stoat_0439.jpg,4,stoat
0_0_stoat_0308.jpg,4,stoat
0_0_otter_0813.jpg,1,otter
0_0_polecat_0752.jpg,3,polecat
0_0_otter_0568.jpg,1,otter
0_0_otter_0649.jpg,1,otter
0_0_polecat_0459.jpg,3,polecat
0_0_otter_0776.jpg,1,otter
0_1_otter_0776.jpg,1,otter
0_0_weasel_0419.jpg,5,weasel
0_0_stoat_0814.jpg,4,stoat
0_0_polecat_0628.jpg,3,polecat
0_0_otter_0585.jpg,1,otter
0_0_mink_0508.jpg,0,mink
0_0_polecat_0691.jpg,3,polecat
1_0_stoat_0747.jpg,4,stoat
0_1_stoat_0747.jpg,4,stoat
0_0_polecat_0539.jpg,3,polecat
0_1_polecat_0539.jpg,3,polecat
0_0_polecat_0271.jpg,3,polecat
0_0_weasel_0138.jpg,5,weasel
0_0_pinemarten_0699.jpg,2,pinemarten
0_0_pinemarten_0307.jpg,2,pinemarten
0_0_mink_0465.jpg,0,mink
0_0_mink_0121.jpg,0,mink
0_0_mink_0326.jpg,0,mink
0_0_pinemarten_0196.jpg,2,pinemarten
0_0_polecat_0778.jpg,3,polecat
0_0_weasel_0298.jpg,5,weasel
0_0_stoat_0616.jpg,4,stoat
0_0_stoat_0344.jpg,4,stoat
0_0_polecat_0082.jpg,3,polecat
0_0_mink_0596.jpg,0,mink
0_0_polecat_0358.jpg,3,polecat
0_0_polecat_0745.jpg,3,polecat
0_0_mink_0238.jpg,0,mink
0_1_mink_0238.jpg,0,mink
0_0_mink_0885.jpg,0,mink
0_0_polecat_0568.jpg,3,polecat
0_0_weasel_0904.jpg,5,weasel
0_0_weasel_0400.jpg,5,weasel
0_0_weasel_0009.jpg,5,weasel
0_0_stoat_0309.jpg,4,stoat
0_0_mink_0336.jpg,0,mink
0_0_otter_0787.jpg,1,otter
0_0_mink_0168.jpg,0,mink
0_0_pinemarten_0873.jpg,2,pinemarten
0_0_pinemarten_0340.jpg,2,pinemarten
0_1_pinemarten_0340.jpg,2,pinemarten
0_0_mink_0343.jpg,0,mink
0_0_polecat_0668.jpg,3,polecat
0_0_otter_0417.jpg,1,otter
0_0_stoat_0909.jpg,4,stoat
0_0_weasel_0103.jpg,5,weasel
0_0_otter_0187.jpg,1,otter
0_0_otter_0618.jpg,1,otter
0_0_weasel_0821.jpg,5,weasel
0_0_polecat_0397.jpg,3,polecat
0_0_polecat_0652.jpg,3,polecat
0_0_weasel_0573.jpg,5,weasel
0_0_pinemarten_0194.jpg,2,pinemarten
0_0_mink_0923.jpg,0,mink
0_0_otter_0950.jpg,1,otter
0_0_stoat_0167.jpg,4,stoat
0_1_stoat_0167.jpg,4,stoat
0_0_mink_0693.jpg,0,mink
0_0_otter_0088.jpg,1,otter
0_0_polecat_0035.jpg,3,polecat
0_0_otter_0812.jpg,1,otter
0_0_weasel_0938.jpg,5,weasel
0_0_polecat_0214.jpg,3,polecat
0_0_weasel_0052.jpg,5,weasel
0_0_mink_0138.jpg,0,mink
0_0_pinemarten_0551.jpg,2,pinemarten
0_0_polecat_0296.jpg,3,polecat
0_0_polecat_0484.jpg,3,polecat
0_0_polecat_0624.jpg,3,polecat
0_0_otter_0612.jpg,1,otter
0_1_otter_0612.jpg,1,otter
0_0_stoat_0577.jpg,4,stoat
0_0_stoat_0711.jpg,4,stoat
0_0_polecat_0834.jpg,3,polecat
0_0_mink_0568.jpg,0,mink
0_0_otter_0617.jpg,1,otter
0_0_mink_0097.jpg,0,mink
0_0_pinemarten_0803.jpg,2,pinemarten
0_0_pinemarten_0515.jpg,2,pinemarten
0_0_mink_0950.jpg,0,mink
0_0_pinemarten_0045.jpg,2,pinemarten
0_0_polecat_0467.jpg,3,polecat
0_0_polecat_0182.jpg,3,polecat
0_0_pinemarten_0462.jpg,2,pinemarten
0_0_polecat_0198.jpg,3,polecat
0_0_otter_0752.jpg,1,otter
0_0_otter_0092.jpg,1,otter
0_0_otter_0064.jpg,1,otter
0_0_otter_0552.jpg,1,otter
0_0_stoat_0945.jpg,4,stoat
0_0_mink_0856.jpg,0,mink
0_0_polecat_0833.jpg,3,polecat
0_0_mink_0654.jpg,0,mink
0_0_stoat_0127.jpg,4,stoat
0_0_pinemarten_0706.jpg,2,pinemarten
0_0_polecat_0796.jpg,3,polecat
0_0_mink_0313.jpg,0,mink
0_0_weasel_0041.jpg,5,weasel
0_0_pinemarten_0508.jpg,2,pinemarten
0_0_weasel_0329.jpg,5,weasel
0_0_mink_0996.jpg,0,mink
0_0_pinemarten_0171.jpg,2,pinemarten
0_0_mink_0469.jpg,0,mink
0_0_stoat_0949.jpg,4,stoat
0_0_polecat_0515.jpg,3,polecat
0_0_polecat_0122.jpg,3,polecat
0_0_otter_0684.jpg,1,otter
0_0_mink_0466.jpg,0,mink
0_0_otter_0786.jpg,1,otter
0_0_pinemarten_0559.jpg,2,pinemarten
0_0_weasel_0574.jpg,5,weasel
0_0_otter_0825.jpg,1,otter
0_0_stoat_0683.jpg,4,stoat
0_0_pinemarten_0411.jpg,2,pinemarten
0_0_stoat_0335.jpg,4,stoat
0_0_pinemarten_0787.jpg,2,pinemarten
0_0_pinemarten_0348.jpg,2,pinemarten
0_0_weasel_0798.jpg,5,weasel
0_0_stoat_0351.jpg,4,stoat
0_0_pinemarten_0108.jpg,2,pinemarten
0_0_weasel_0871.jpg,5,weasel
0_0_stoat_0249.jpg,4,stoat
0_0_pinemarten_0832.jpg,2,pinemarten
0_0_otter_0438.jpg,1,otter
0_0_polecat_0639.jpg,3,polecat
0_0_stoat_0424.jpg,4,stoat
0_0_stoat_0011.jpg,4,stoat
0_0_pinemarten_0501.jpg,2,pinemarten
0_0_polecat_0405.jpg,3,polecat
0_0_stoat_0317.jpg,4,stoat
0_0_mink_0434.jpg,0,mink
0_0_stoat_0355.jpg,4,stoat
0_0_pinemarten_0759.jpg,2,pinemarten
0_0_weasel_0289.jpg,5,weasel
0_0_pinemarten_0666.jpg,2,pinemarten
0_0_weasel_0426.jpg,5,weasel
0_0_pinemarten_0486.jpg,2,pinemarten
0_0_mink_0646.jpg,0,mink
0_0_otter_0234.jpg,1,otter
0_0_pinemarten_0579.jpg,2,pinemarten
0_0_weasel_0771.jpg,5,weasel
0_0_pinemarten_0255.jpg,2,pinemarten
0_0_stoat_0480.jpg,4,stoat
0_0_polecat_0128.jpg,3,polecat
0_0_polecat_0004.jpg,3,polecat
0_0_weasel_0314.jpg,5,weasel
0_0_weasel_0966.jpg,5,weasel
0_0_stoat_0244.jpg,4,stoat
0_0_stoat_0763.jpg,4,stoat
0_0_stoat_0515.jpg,4,stoat
0_0_otter_0057.jpg,1,otter
0_0_weasel_0846.jpg,5,weasel
0_0_mink_0408.jpg,0,mink
0_0_mink_0906.jpg,0,mink
0_0_mink_0680.jpg,0,mink
0_0_polecat_0426.jpg,3,polecat
0_0_polecat_0006.jpg,3,polecat
0_0_pinemarten_0457.jpg,2,pinemarten
0_0_pinemarten_0172.jpg,2,pinemarten
0_0_otter_0171.jpg,1,otter
0_0_otter_0756.jpg,1,otter
0_0_otter_0694.jpg,1,otter
0_0_pinemarten_0835.jpg,2,pinemarten
0_0_weasel_0252.jpg,5,weasel
0_0_stoat_0587.jpg,4,stoat
0_0_pinemarten_0402.jpg,2,pinemarten
0_0_weasel_0948.jpg,5,weasel
0_0_pinemarten_0338.jpg,2,pinemarten
0_0_mink_0978.jpg,0,mink
0_0_stoat_0906.jpg,4,stoat
0_0_stoat_0910.jpg,4,stoat
0_0_mink_0867.jpg,0,mink
0_1_mink_0867.jpg,0,mink
0_0_weasel_0232.jpg,5,weasel
0_0_polecat_0062.jpg,3,polecat
0_0_otter_0603.jpg,1,otter
0_0_otter_0963.jpg,1,otter
0_0_polecat_0784.jpg,3,polecat
0_0_pinemarten_0846.jpg,2,pinemarten
0_0_stoat_0106.jpg,4,stoat
0_0_otter_0381.jpg,1,otter
0_1_otter_0381.jpg,1,otter
0_0_weasel_0922.jpg,5,weasel
0_0_polecat_0992.jpg,3,polecat
0_0_pinemarten_0876.jpg,2,pinemarten
0_0_weasel_0369.jpg,5,weasel
0_0_polecat_0058.jpg,3,polecat
0_0_pinemarten_0072.jpg,2,pinemarten
0_0_weasel_0482.jpg,5,weasel
0_0_weasel_0762.jpg,5,weasel
0_0_mink_0689.jpg,0,mink
0_0_mink_0291.jpg,0,mink
0_0_polecat_0036.jpg,3,polecat
0_0_stoat_0885.jpg,4,stoat
0_0_otter_0203.jpg,1,otter
0_0_pinemarten_0317.jpg,2,pinemarten
0_0_otter_0100.jpg,1,otter
0_0_pinemarten_0702.jpg,2,pinemarten
0_0_stoat_0539.jpg,4,stoat
0_0_otter_0199.jpg,1,otter
0_0_otter_0705.jpg,1,otter
0_0_pinemarten_0858.jpg,2,pinemarten
0_0_polecat_0053.jpg,3,polecat
0_0_polecat_0722.jpg,3,polecat
0_0_mink_0478.jpg,0,mink
0_0_stoat_0793.jpg,4,stoat
0_0_weasel_0897.jpg,5,weasel
0_0_otter_0852.jpg,1,otter
0_0_polecat_0565.jpg,3,polecat
0_0_stoat_0794.jpg,4,stoat
0_0_polecat_0843.jpg,3,polecat
0_0_polecat_0391.jpg,3,polecat
0_0_otter_0745.jpg,1,otter
0_0_mink_0365.jpg,0,mink
0_0_pinemarten_0606.jpg,2,pinemarten
0_0_pinemarten_0586.jpg,2,pinemarten
0_0_polecat_0904.jpg,3,polecat
0_0_otter_0365.jpg,1,otter
0_0_polecat_0785.jpg,3,polecat
0_0_otter_0954.jpg,1,otter
0_0_otter_0142.jpg,1,otter
0_0_pinemarten_0055.jpg,2,pinemarten
0_0_mink_0763.jpg,0,mink
0_0_weasel_0600.jpg,5,weasel
0_0_mink_0651.jpg,0,mink
0_0_weasel_0365.jpg,5,weasel
0_0_otter_0767.jpg,1,otter
0_0_mink_0152.jpg,0,mink
0_0_mink_0333.jpg,0,mink
0_0_polecat_0033.jpg,3,polecat
0_0_otter_0837.jpg,1,otter
0_0_pinemarten_0868.jpg,2,pinemarten
0_0_weasel_0388.jpg,5,weasel
0_0_otter_0926.jpg,1,otter
0_0_polecat_0663.jpg,3,polecat
0_0_stoat_0057.jpg,4,stoat
0_0_polecat_0261.jpg,3,polecat
0_0_stoat_0113.jpg,4,stoat
0_0_pinemarten_0959.jpg,2,pinemarten
0_0_stoat_0223.jpg,4,stoat
0_0_weasel_0180.jpg,5,weasel
0_0_mink_0673.jpg,0,mink
0_0_stoat_0168.jpg,4,stoat
0_0_pinemarten_0519.jpg,2,pinemarten
0_0_otter_0279.jpg,1,otter
0_1_otter_0279.jpg,1,otter
0_0_otter_0451.jpg,1,otter
0_0_otter_0049.jpg,1,otter
0_0_mink_0934.jpg,0,mink
0_0_stoat_0394.jpg,4,stoat
0_0_pinemarten_0697.jpg,2,pinemarten
0_0_polecat_0252.jpg,3,polecat
0_0_mink_0058.jpg,0,mink
0_0_weasel_0478.jpg,5,weasel
2_0_stoat_0160.jpg,4,stoat
0_1_stoat_0160.jpg,4,stoat
0_0_weasel_0835.jpg,5,weasel
0_0_pinemarten_0535.jpg,2,pinemarten
0_0_otter_0043.jpg,1,otter
0_1_otter_0043.jpg,1,otter
0_0_pinemarten_0410.jpg,2,pinemarten
0_0_pinemarten_0848.jpg,2,pinemarten
0_0_weasel_0602.jpg,5,weasel
0_0_mink_0616.jpg,0,mink
0_0_mink_0516.jpg,0,mink
0_0_otter_0709.jpg,1,otter
0_0_pinemarten_0265.jpg,2,pinemarten
0_0_mink_0524.jpg,0,mink
0_1_mink_0524.jpg,0,mink
0_0_mink_0430.jpg,0,mink
0_0_stoat_0126.jpg,4,stoat
0_0_pinemarten_0651.jpg,2,pinemarten
0_0_polecat_0230.jpg,3,polecat
0_0_polecat_0079.jpg,3,polecat
0_0_weasel_0170.jpg,5,weasel
0_0_stoat_0150.jpg,4,stoat
0_0_polecat_0257.jpg,3,polecat
0_0_pinemarten_0016.jpg,2,pinemarten
0_0_stoat_0307.jpg,4,stoat
0_0_stoat_0429.jpg,4,stoat
0_0_weasel_0952.jpg,5,weasel
0_0_stoat_0752.jpg,4,stoat
0_0_polecat_0993.jpg,3,polecat
0_1_polecat_0993.jpg,3,polecat
0_0_stoat_0866.jpg,4,stoat
0_0_weasel_0200.jpg,5,weasel
0_0_pinemarten_0415.jpg,2,pinemarten
0_0_mink_0349.jpg,0,mink
0_0_otter_0586.jpg,1,otter
0_0_polecat_0497.jpg,3,polecat
0_0_weasel_0068.jpg,5,weasel
0_0_pinemarten_0250.jpg,2,pinemarten
0_0_weasel_0303.jpg,5,weasel
0_0_weasel_0394.jpg,5,weasel
0_0_pinemarten_0860.jpg,2,pinemarten
0_0_pinemarten_0724.jpg,2,pinemarten
0_0_weasel_0529.jpg,5,weasel
0_0_otter_0485.jpg,1,otter
0_1_otter_0485.jpg,1,otter
0_0_stoat_0007.jpg,4,stoat
0_0_weasel_0726.jpg,5,weasel
0_0_polecat_0193.jpg,3,polecat
0_0_otter_0007.jpg,1,otter
0_0_weasel_0767.jpg,5,weasel
0_0_pinemarten_0461.jpg,2,pinemarten
0_0_mink_0262.jpg,0,mink
0_0_polecat_0528.jpg,3,polecat
0_0_stoat_0435.jpg,4,stoat
0_1_stoat_0435.jpg,4,stoat
0_0_polecat_0378.jpg,3,polecat
0_0_weasel_0531.jpg,5,weasel
0_0_stoat_0578.jpg,4,stoat
0_0_mink_0194.jpg,0,mink
0_0_otter_0268.jpg,1,otter
0_0_mink_0640.jpg,0,mink
0_0_otter_0230.jpg,1,otter
0_0_otter_0383.jpg,1,otter
0_0_mink_0988.jpg,0,mink
0_0_weasel_0202.jpg,5,weasel
0_0_otter_0899.jpg,1,otter
0_1_otter_0899.jpg,1,otter
0_0_polecat_0509.jpg,3,polecat
0_0_weasel_0851.jpg,5,weasel
0_0_stoat_0783.jpg,4,stoat
0_1_stoat_0783.jpg,4,stoat
0_0_stoat_0755.jpg,4,stoat
0_0_stoat_0326.jpg,4,stoat
0_0_weasel_0841.jpg,5,weasel
0_1_weasel_0841.jpg,5,weasel
0_0_weasel_0496.jpg,5,weasel
0_0_otter_0467.jpg,1,otter
0_0_otter_0671.jpg,1,otter
0_0_otter_0470.jpg,1,otter
0_0_weasel_0906.jpg,5,weasel
0_0_otter_0205.jpg,1,otter
0_0_stoat_0950.jpg,4,stoat
0_0_pinemarten_0713.jpg,2,pinemarten
0_0_pinemarten_0805.jpg,2,pinemarten
0_0_mink_0652.jpg,0,mink
0_0_pinemarten_0871.jpg,2,pinemarten
0_0_polecat_0997.jpg,3,polecat
0_0_mink_0233.jpg,0,mink
0_0_otter_0869.jpg,1,otter
0_1_otter_0869.jpg,1,otter
0_0_otter_0457.jpg,1,otter
0_0_otter_0997.jpg,1,otter
0_0_mink_0520.jpg,0,mink
0_1_mink_0520.jpg,0,mink
0_0_stoat_0798.jpg,4,stoat
0_0_stoat_0297.jpg,4,stoat
0_0_pinemarten_0190.jpg,2,pinemarten
0_0_otter_0872.jpg,1,otter
0_0_otter_0102.jpg,1,otter
0_0_stoat_0365.jpg,4,stoat
0_0_pinemarten_0731.jpg,2,pinemarten
0_0_stoat_0905.jpg,4,stoat
0_0_otter_0327.jpg,1,otter
0_0_stoat_0442.jpg,4,stoat
0_0_weasel_0760.jpg,5,weasel
0_0_weasel_0712.jpg,5,weasel
0_0_polecat_0842.jpg,3,polecat
0_0_pinemarten_0439.jpg,2,pinemarten
0_0_pinemarten_0236.jpg,2,pinemarten
0_0_stoat_0472.jpg,4,stoat
0_0_polecat_0855.jpg,3,polecat
0_0_stoat_0981.jpg,4,stoat
0_0_otter_0886.jpg,1,otter
0_0_mink_0762.jpg,0,mink
0_0_polecat_0363.jpg,3,polecat
0_0_pinemarten_0266.jpg,2,pinemarten
0_0_mink_0154.jpg,0,mink
0_0_polecat_0969.jpg,3,polecat
0_0_stoat_0050.jpg,4,stoat
0_0_stoat_0975.jpg,4,stoat
0_0_stoat_0391.jpg,4,stoat
0_0_weasel_0436.jpg,5,weasel
0_0_polecat_0716.jpg,3,polecat
0_0_otter_0587.jpg,1,otter
0_0_pinemarten_0499.jpg,2,pinemarten
0_0_otter_0105.jpg,1,otter
0_0_pinemarten_0771.jpg,2,pinemarten
0_0_weasel_0154.jpg,5,weasel
0_0_weasel_0129.jpg,5,weasel
0_0_polecat_0481.jpg,3,polecat
0_0_weasel_0301.jpg,5,weasel
0_0_pinemarten_0660.jpg,2,pinemarten
0_0_otter_0260.jpg,1,otter
0_0_weasel_0700.jpg,5,weasel
0_0_pinemarten_0568.jpg,2,pinemarten
0_0_mink_0288.jpg,0,mink
0_0_weasel_0347.jpg,5,weasel
0_0_otter_0488.jpg,1,otter
0_0_otter_0984.jpg,1,otter
0_0_mink_0957.jpg,0,mink
0_0_weasel_0273.jpg,5,weasel
0_0_pinemarten_0214.jpg,2,pinemarten
0_1_pinemarten_0214.jpg,2,pinemarten
0_0_otter_0859.jpg,1,otter
0_0_weasel_0307.jpg,5,weasel
0_0_weasel_0601.jpg,5,weasel
0_0_mink_0300.jpg,0,mink
0_1_mink_0300.jpg,0,mink
0_0_mink_0543.jpg,0,mink
0_0_weasel_0918.jpg,5,weasel
0_0_polecat_0002.jpg,3,polecat
0_0_polecat_0909.jpg,3,polecat
0_1_polecat_0909.jpg,3,polecat
0_0_otter_0014.jpg,1,otter
0_0_weasel_0491.jpg,5,weasel
0_0_pinemarten_0988.jpg,2,pinemarten
0_0_mink_0268.jpg,0,mink
0_0_weasel_0655.jpg,5,weasel
0_0_otter_0529.jpg,1,otter
0_0_weasel_0500.jpg,5,weasel
0_0_weasel_0173.jpg,5,weasel
0_0_otter_0343.jpg,1,otter
0_0_weasel_0976.jpg,5,weasel
0_0_pinemarten_0419.jpg,2,pinemarten
0_0_weasel_0722.jpg,5,weasel
0_0_weasel_0779.jpg,5,weasel
0_0_pinemarten_0101.jpg,2,pinemarten
0_0_stoat_0585.jpg,4,stoat
0_0_weasel_0105.jpg,5,weasel
0_0_stoat_0477.jpg,4,stoat
0_0_polecat_0212.jpg,3,polecat
0_0_stoat_0976.jpg,4,stoat
0_0_stoat_0862.jpg,4,stoat
0_0_pinemarten_0621.jpg,2,pinemarten
0_0_pinemarten_0390.jpg,2,pinemarten
0_0_otter_0213.jpg,1,otter
0_0_stoat_0864.jpg,4,stoat
0_0_mink_0827.jpg,0,mink
0_0_pinemarten_0541.jpg,2,pinemarten
0_0_stoat_0557.jpg,4,stoat
0_1_stoat_0557.jpg,4,stoat
0_2_stoat_0557.jpg,4,stoat
0_0_otter_0274.jpg,1,otter
0_0_otter_0022.jpg,1,otter
0_0_weasel_0055.jpg,5,weasel
0_0_otter_0848.jpg,1,otter
0_1_otter_0848.jpg,1,otter
0_0_weasel_0677.jpg,5,weasel
0_1_weasel_0677.jpg,5,weasel
0_0_weasel_0855.jpg,5,weasel
0_0_pinemarten_0134.jpg,2,pinemarten
0_0_weasel_0775.jpg,5,weasel
0_0_stoat_0080.jpg,4,stoat
0_1_stoat_0080.jpg,4,stoat
0_0_pinemarten_0780.jpg,2,pinemarten
0_0_weasel_0077.jpg,5,weasel
0_0_mink_0905.jpg,0,mink
0_0_weasel_0435.jpg,5,weasel
0_0_stoat_0038.jpg,4,stoat
0_0_otter_0442.jpg,1,otter
0_0_pinemarten_0360.jpg,2,pinemarten
0_0_stoat_0898.jpg,4,stoat
0_0_stoat_0453.jpg,4,stoat
0_0_polecat_0498.jpg,3,polecat
0_0_mink_0471.jpg,0,mink
0_0_stoat_0841.jpg,4,stoat
0_0_otter_0301.jpg,1,otter
0_0_pinemarten_0823.jpg,2,pinemarten
0_0_polecat_0037.jpg,3,polecat
0_0_polecat_0332.jpg,3,polecat
0_0_stoat_0826.jpg,4,stoat
0_0_polecat_0292.jpg,3,polecat
0_0_polecat_0874.jpg,3,polecat
0_0_mink_0119.jpg,0,mink
0_0_mink_0020.jpg,0,mink
0_0_pinemarten_0513.jpg,2,pinemarten
0_0_stoat_0075.jpg,4,stoat
0_0_pinemarten_0466.jpg,2,pinemarten
0_0_stoat_0913.jpg,4,stoat
0_0_pinemarten_0936.jpg,2,pinemarten
0_0_mink_0451.jpg,0,mink
0_0_pinemarten_0496.jpg,2,pinemarten
0_0_polecat_0359.jpg,3,polecat
0_0_otter_0052.jpg,1,otter
0_0_pinemarten_0273.jpg,2,pinemarten
0_0_otter_0826.jpg,1,otter
0_0_pinemarten_0690.jpg,2,pinemarten
0_0_polecat_0158.jpg,3,polecat
0_0_pinemarten_0157.jpg,2,pinemarten
0_1_pinemarten_0157.jpg,2,pinemarten
0_0_mink_0979.jpg,0,mink
0_0_weasel_0514.jpg,5,weasel
0_0_weasel_0464.jpg,5,weasel
0_0_pinemarten_0600.jpg,2,pinemarten
0_0_otter_0557.jpg,1,otter
0_0_mink_0222.jpg,0,mink
0_0_weasel_0954.jpg,5,weasel
0_0_weasel_0597.jpg,5,weasel
0_0_weasel_0664.jpg,5,weasel
0_0_stoat_0234.jpg,4,stoat
0_0_polecat_0968.jpg,3,polecat
0_0_polecat_0263.jpg,3,polecat
0_0_stoat_0569.jpg,4,stoat
0_0_stoat_0979.jpg,4,stoat
0_0_otter_0224.jpg,1,otter
0_0_weasel_0641.jpg,5,weasel
0_1_weasel_0641.jpg,5,weasel
0_0_stoat_0995.jpg,4,stoat
0_0_weasel_0969.jpg,5,weasel
1_1_weasel_0969.jpg,5,weasel
0_0_weasel_0377.jpg,5,weasel
0_0_stoat_0175.jpg,4,stoat
0_1_stoat_0175.jpg,4,stoat
0_0_mink_0893.jpg,0,mink
0_0_weasel_0182.jpg,5,weasel
0_0_weasel_0079.jpg,5,weasel
0_0_stoat_0990.jpg,4,stoat
0_0_pinemarten_0554.jpg,2,pinemarten
0_0_mink_0185.jpg,0,mink
0_0_otter_0262.jpg,1,otter
0_0_weasel_0434.jpg,5,weasel
0_0_otter_0965.jpg,1,otter
0_0_polecat_0623.jpg,3,polecat
0_0_otter_0819.jpg,1,otter
0_0_polecat_0739.jpg,3,polecat
0_0_polecat_0872.jpg,3,polecat
0_0_pinemarten_0769.jpg,2,pinemarten
0_0_pinemarten_0373.jpg,2,pinemarten
0_0_polecat_0813.jpg,3,polecat
0_0_mink_0488.jpg,0,mink
0_0_stoat_0989.jpg,4,stoat
0_1_stoat_0989.jpg,4,stoat
0_0_pinemarten_0810.jpg,2,pinemarten
0_0_polecat_0298.jpg,3,polecat
0_0_pinemarten_0721.jpg,2,pinemarten
0_0_weasel_0454.jpg,5,weasel
0_0_weasel_0544.jpg,5,weasel
0_0_pinemarten_0557.jpg,2,pinemarten
0_0_stoat_0293.jpg,4,stoat
0_0_otter_0857.jpg,1,otter
0_0_polecat_0222.jpg,3,polecat
0_0_mink_0453.jpg,0,mink
0_0_mink_0221.jpg,0,mink
0_0_otter_0968.jpg,1,otter
0_0_otter_0835.jpg,1,otter
0_0_weasel_0359.jpg,5,weasel
0_0_otter_0493.jpg,1,otter
0_0_polecat_0885.jpg,3,polecat
0_0_mink_0608.jpg,0,mink
0_0_pinemarten_0895.jpg,2,pinemarten
0_0_mink_0095.jpg,0,mink
0_1_mink_0095.jpg,0,mink
0_0_pinemarten_0077.jpg,2,pinemarten
0_0_pinemarten_0408.jpg,2,pinemarten
0_0_stoat_0396.jpg,4,stoat
0_0_otter_0881.jpg,1,otter
0_0_mink_0401.jpg,0,mink
0_0_otter_0744.jpg,1,otter
0_0_polecat_0165.jpg,3,polecat
0_0_weasel_0765.jpg,5,weasel
0_0_mink_0016.jpg,0,mink
0_0_weasel_0676.jpg,5,weasel
0_0_stoat_0894.jpg,4,stoat
0_0_mink_0385.jpg,0,mink
0_0_polecat_0456.jpg,3,polecat
2_0_otter_0276.jpg,1,otter
0_0_mink_0249.jpg,0,mink
0_0_mink_0247.jpg,0,mink
0_0_otter_0112.jpg,1,otter
0_0_stoat_0779.jpg,4,stoat
0_0_stoat_0184.jpg,4,stoat
0_0_otter_0931.jpg,1,otter
0_0_mink_0123.jpg,0,mink
0_0_stoat_0782.jpg,4,stoat
0_0_pinemarten_0841.jpg,2,pinemarten
0_0_polecat_0324.jpg,3,polecat
0_0_weasel_0422.jpg,5,weasel
0_0_polecat_0479.jpg,3,polecat
0_0_weasel_0648.jpg,5,weasel
0_0_otter_0531.jpg,1,otter
0_0_stoat_0534.jpg,4,stoat
0_0_otter_0207.jpg,1,otter
0_0_weasel_0119.jpg,5,weasel
0_0_pinemarten_0653.jpg,2,pinemarten
0_0_otter_0034.jpg,1,otter
0_0_pinemarten_0212.jpg,2,pinemarten
0_0_weasel_0370.jpg,5,weasel
0_0_polecat_0797.jpg,3,polecat
0_0_polecat_0777.jpg,3,polecat
0_0_weasel_0963.jpg,5,weasel
0_0_weasel_0174.jpg,5,weasel
0_0_weasel_0479.jpg,5,weasel
0_0_polecat_0451.jpg,3,polecat
0_0_stoat_0152.jpg,4,stoat
0_0_stoat_0556.jpg,4,stoat
0_0_mink_0371.jpg,0,mink
0_0_weasel_0932.jpg,5,weasel
0_1_weasel_0932.jpg,5,weasel
0_0_mink_0111.jpg,0,mink
0_0_mink_0276.jpg,0,mink
0_0_otter_0570.jpg,1,otter
0_0_mink_0359.jpg,0,mink
0_0_pinemarten_0189.jpg,2,pinemarten
0_0_polecat_0003.jpg,3,polecat
0_0_stoat_0669.jpg,4,stoat
0_0_mink_0828.jpg,0,mink
0_0_polecat_0677.jpg,3,polecat
0_0_polecat_0641.jpg,3,polecat
0_0_mink_0423.jpg,0,mink
0_0_otter_0361.jpg,1,otter
0_0_mink_0235.jpg,0,mink
0_0_mink_0319.jpg,0,mink
0_0_stoat_0792.jpg,4,stoat
0_0_pinemarten_0132.jpg,2,pinemarten
0_0_polecat_0349.jpg,3,polecat
0_0_stoat_0554.jpg,4,stoat
0_0_mink_0394.jpg,0,mink
0_0_polecat_0856.jpg,3,polecat
0_0_stoat_0425.jpg,4,stoat
0_0_mink_0307.jpg,0,mink
0_0_pinemarten_0166.jpg,2,pinemarten
0_0_otter_0487.jpg,1,otter
0_0_otter_0778.jpg,1,otter
0_0_polecat_0310.jpg,3,polecat
0_0_otter_0160.jpg,1,otter
0_0_pinemarten_0799.jpg,2,pinemarten
0_0_otter_0480.jpg,1,otter
0_0_otter_0450.jpg,1,otter
0_0_pinemarten_0074.jpg,2,pinemarten
0_0_mink_0733.jpg,0,mink
0_0_weasel_0461.jpg,5,weasel
0_0_pinemarten_0925.jpg,2,pinemarten
0_1_pinemarten_0925.jpg,2,pinemarten
0_0_weasel_0387.jpg,5,weasel
0_0_otter_0337.jpg,1,otter
0_0_stoat_0642.jpg,4,stoat
0_0_mink_0090.jpg,0,mink
0_0_otter_0068.jpg,1,otter
0_0_mink_0246.jpg,0,mink
0_0_pinemarten_0785.jpg,2,pinemarten
0_0_weasel_0220.jpg,5,weasel
0_0_mink_0374.jpg,0,mink
0_0_pinemarten_0752.jpg,2,pinemarten
0_0_mink_0187.jpg,0,mink
0_0_polecat_0293.jpg,3,polecat
0_0_pinemarten_0624.jpg,2,pinemarten
0_0_stoat_0992.jpg,4,stoat
0_0_weasel_0980.jpg,5,weasel
0_0_otter_0071.jpg,1,otter
0_0_polecat_0275.jpg,3,polecat
0_0_pinemarten_0429.jpg,2,pinemarten
0_0_polecat_0510.jpg,3,polecat
0_0_mink_0721.jpg,0,mink
0_0_pinemarten_0006.jpg,2,pinemarten
0_0_polecat_0371.jpg,3,polecat
0_0_mink_0205.jpg,0,mink
0_0_stoat_0659.jpg,4,stoat
0_0_stoat_0561.jpg,4,stoat
0_0_polecat_0231.jpg,3,polecat
0_0_polecat_0380.jpg,3,polecat
0_0_stoat_0380.jpg,4,stoat
0_0_otter_0397.jpg,1,otter
0_1_otter_0397.jpg,1,otter
0_0_mink_0045.jpg,0,mink
0_1_mink_0045.jpg,0,mink
0_0_stoat_0810.jpg,4,stoat
0_0_weasel_0967.jpg,5,weasel
0_1_weasel_0967.jpg,5,weasel
0_0_pinemarten_0028.jpg,2,pinemarten
0_0_pinemarten_0026.jpg,2,pinemarten
0_0_stoat_0426.jpg,4,stoat
0_0_mink_0753.jpg,0,mink
0_0_weasel_0508.jpg,5,weasel
0_0_polecat_0419.jpg,3,polecat
0_0_stoat_0395.jpg,4,stoat
0_0_stoat_0562.jpg,4,stoat
0_0_mink_0705.jpg,0,mink
0_0_otter_0120.jpg,1,otter
0_0_weasel_0820.jpg,5,weasel
0_0_weasel_0653.jpg,5,weasel
0_0_polecat_0582.jpg,3,polecat
0_0_stoat_0392.jpg,4,stoat
0_0_pinemarten_0458.jpg,2,pinemarten
0_0_weasel_0956.jpg,5,weasel
0_0_mink_0287.jpg,0,mink
0_0_mink_0195.jpg,0,mink
0_0_mink_0143.jpg,0,mink
0_0_weasel_0535.jpg,5,weasel
0_0_otter_0657.jpg,1,otter
0_0_otter_0711.jpg,1,otter
0_0_mink_0611.jpg,0,mink
0_0_polecat_0630.jpg,3,polecat
0_0_weasel_0860.jpg,5,weasel
0_0_polecat_0288.jpg,3,polecat
0_0_weasel_0711.jpg,5,weasel
0_0_mink_0283.jpg,0,mink
0_0_stoat_0459.jpg,4,stoat
0_0_polecat_0482.jpg,3,polecat
0_0_stoat_0342.jpg,4,stoat
0_0_otter_0536.jpg,1,otter
0_0_otter_0576.jpg,1,otter
0_0_polecat_0959.jpg,3,polecat
0_0_pinemarten_0753.jpg,2,pinemarten
0_0_mink_0013.jpg,0,mink
0_0_stoat_0412.jpg,4,stoat
0_1_stoat_0412.jpg,4,stoat
0_0_pinemarten_0955.jpg,2,pinemarten
0_0_mink_0560.jpg,0,mink
0_1_mink_0560.jpg,0,mink
0_0_mink_0301.jpg,0,mink
0_1_mink_0301.jpg,0,mink
0_0_weasel_0320.jpg,5,weasel
0_0_otter_0194.jpg,1,otter
0_0_weasel_0385.jpg,5,weasel
0_0_otter_0248.jpg,1,otter
0_0_otter_0535.jpg,1,otter
0_0_polecat_0742.jpg,3,polecat
0_0_stoat_0922.jpg,4,stoat
0_1_stoat_0922.jpg,4,stoat
0_0_mink_0617.jpg,0,mink
0_0_weasel_0923.jpg,5,weasel
0_0_weasel_0389.jpg,5,weasel
0_0_stoat_0931.jpg,4,stoat
0_0_pinemarten_0826.jpg,2,pinemarten
0_0_pinemarten_0703.jpg,2,pinemarten
0_0_stoat_0631.jpg,4,stoat
0_0_weasel_0414.jpg,5,weasel
0_0_otter_0326.jpg,1,otter
0_0_mink_0624.jpg,0,mink
0_0_weasel_0250.jpg,5,weasel
0_0_otter_0655.jpg,1,otter
0_0_otter_0206.jpg,1,otter
0_0_weasel_0608.jpg,5,weasel
0_0_polecat_0090.jpg,3,polecat
0_0_stoat_0741.jpg,4,stoat
0_0_polecat_0496.jpg,3,polecat
0_0_weasel_0577.jpg,5,weasel
