path,classification,label
mink_0001.jpg,0,mink
mink_0002.jpg,0,mink
mink_0003.jpg,0,mink
mink_0004.jpg,0,mink
mink_0005.jpg,0,mink
mink_0006.jpg,0,mink
mink_0007.jpg,0,mink
mink_0008.jpg,0,mink
mink_0009.jpg,0,mink
mink_0010.jpg,0,mink
mink_0011.jpg,0,mink
mink_0012.jpg,0,mink
mink_0013.jpg,0,mink
mink_0014.jpg,0,mink
mink_0015.jpg,0,mink
mink_0016.jpg,0,mink
mink_0017.jpg,0,mink
mink_0018.jpg,0,mink
mink_0019.jpg,0,mink
mink_0020.jpg,0,mink
mink_0021.jpg,0,mink
mink_0022.jpg,0,mink
mink_0023.jpg,0,mink
mink_0024.jpg,0,mink
mink_0025.jpg,0,mink
mink_0026.jpg,0,mink
mink_0027.jpg,0,mink
mink_0028.jpg,0,mink
mink_0029.jpg,0,mink
mink_0030.jpg,0,mink
mink_0031.jpg,0,mink
mink_0032.jpg,0,mink
mink_0033.jpg,0,mink
mink_0034.jpg,0,mink
mink_0035.jpg,0,mink
mink_0036.jpg,0,mink
mink_0037.jpg,0,mink
mink_0038.jpg,0,mink
mink_0039.jpg,0,mink
mink_0040.jpg,0,mink
mink_0041.jpg,0,mink
mink_0042.jpg,0,mink
mink_0043.jpg,0,mink
mink_0044.jpg,0,mink
mink_0045.jpg,0,mink
mink_0046.jpg,0,mink
mink_0047.jpg,0,mink
mink_0048.jpg,0,mink
mink_0049.jpg,0,mink
mink_0050.jpg,0,mink
mink_0051.jpg,0,mink
mink_0052.jpg,0,mink
mink_0053.jpg,0,mink
mink_0054.jpg,0,mink
mink_0055.jpg,0,mink
mink_0056.jpg,0,mink
mink_0057.jpg,0,mink
mink_0058.jpg,0,mink
mink_0059.jpg,0,mink
mink_0060.jpg,0,mink
mink_0061.jpg,0,mink
mink_0062.jpg,0,mink
mink_0063.jpg,0,mink
mink_0064.jpg,0,mink
mink_0065.jpg,0,mink
mink_0066.jpg,0,mink
mink_0067.jpg,0,mink
mink_0068.jpg,0,mink
mink_0069.jpg,0,mink
mink_0070.jpg,0,mink
mink_0071.jpg,0,mink
mink_0072.jpg,0,mink
mink_0073.jpg,0,mink
mink_0074.jpg,0,mink
mink_0075.jpg,0,mink
mink_0076.jpg,0,mink
mink_0077.jpg,0,mink
mink_0078.jpg,0,mink
mink_0079.jpg,0,mink
mink_0080.jpg,0,mink
mink_0081.jpg,0,mink
mink_0082.jpg,0,mink
mink_0083.jpg,0,mink
mink_0084.jpg,0,mink
mink_0085.jpg,0,mink
mink_0086.jpg,0,mink
mink_0087.jpg,0,mink
mink_0088.jpg,0,mink
mink_0089.jpg,0,mink
mink_0090.jpg,0,mink
mink_0091.jpg,0,mink
mink_0092.jpg,0,mink
mink_0093.jpg,0,mink
mink_0094.jpg,0,mink
mink_0095.jpg,0,mink
mink_0096.jpg,0,mink
mink_0097.jpg,0,mink
mink_0098.jpg,0,mink
mink_0099.jpg,0,mink
mink_0100.jpg,0,mink
mink_0101.jpg,0,mink
mink_0102.jpg,0,mink
mink_0103.jpg,0,mink
mink_0104.jpg,0,mink
mink_0105.jpg,0,mink
mink_0106.jpg,0,mink
mink_0107.jpg,0,mink
mink_0108.jpg,0,mink
mink_0109.jpg,0,mink
mink_0110.jpg,0,mink
mink_0111.jpg,0,mink
mink_0112.jpg,0,mink
mink_0113.jpg,0,mink
mink_0114.jpg,0,mink
mink_0115.jpg,0,mink
mink_0116.jpg,0,mink
mink_0117.jpg,0,mink
mink_0118.jpg,0,mink
mink_0119.jpg,0,mink
mink_0120.jpg,0,mink
mink_0121.jpg,0,mink
mink_0122.jpg,0,mink
mink_0123.jpg,0,mink
mink_0124.jpg,0,mink
mink_0125.jpg,0,mink
mink_0126.jpg,0,mink
mink_0127.jpg,0,mink
mink_0128.jpg,0,mink
mink_0129.jpg,0,mink
mink_0130.jpg,0,mink
mink_0131.jpg,0,mink
mink_0132.jpg,0,mink
mink_0133.jpg,0,mink
mink_0134.jpg,0,mink
mink_0135.jpg,0,mink
mink_0136.jpg,0,mink
mink_0137.jpg,0,mink
mink_0138.jpg,0,mink
mink_0139.jpg,0,mink
mink_0140.jpg,0,mink
mink_0141.jpg,0,mink
mink_0142.jpg,0,mink
mink_0143.jpg,0,mink
mink_0144.jpg,0,mink
mink_0145.jpg,0,mink
mink_0146.jpg,0,mink
mink_0147.jpg,0,mink
mink_0148.jpg,0,mink
mink_0149.jpg,0,mink
mink_0150.jpg,0,mink
mink_0151.jpg,0,mink
mink_0152.jpg,0,mink
mink_0153.jpg,0,mink
mink_0154.jpg,0,mink
mink_0155.jpg,0,mink
mink_0156.jpg,0,mink
mink_0157.jpg,0,mink
mink_0158.jpg,0,mink
mink_0159.jpg,0,mink
mink_0160.jpg,0,mink
mink_0161.jpg,0,mink
mink_0162.jpg,0,mink
mink_0163.jpg,0,mink
mink_0164.jpg,0,mink
mink_0165.jpg,0,mink
mink_0166.jpg,0,mink
mink_0167.jpg,0,mink
mink_0168.jpg,0,mink
mink_0169.jpg,0,mink
mink_0170.jpg,0,mink
mink_0171.jpg,0,mink
mink_0172.jpg,0,mink
mink_0173.jpg,0,mink
mink_0174.jpg,0,mink
mink_0175.jpg,0,mink
mink_0176.jpg,0,mink
mink_0177.jpg,0,mink
mink_0178.jpg,0,mink
mink_0179.jpg,0,mink
mink_0180.jpg,0,mink
mink_0181.jpg,0,mink
mink_0182.jpg,0,mink
mink_0183.jpg,0,mink
mink_0184.jpg,0,mink
mink_0185.jpg,0,mink
mink_0186.jpg,0,mink
mink_0187.jpg,0,mink
mink_0188.jpg,0,mink
mink_0189.jpg,0,mink
mink_0190.jpg,0,mink
mink_0191.jpg,0,mink
mink_0192.jpg,0,mink
mink_0193.jpg,0,mink
mink_0194.jpg,0,mink
mink_0195.jpg,0,mink
mink_0196.jpg,0,mink
mink_0197.jpg,0,mink
mink_0198.jpg,0,mink
mink_0199.jpg,0,mink
mink_0200.jpg,0,mink
mink_0201.jpg,0,mink
mink_0202.jpg,0,mink
mink_0203.jpg,0,mink
mink_0204.jpg,0,mink
mink_0205.jpg,0,mink
mink_0206.jpg,0,mink
mink_0207.jpg,0,mink
mink_0208.jpg,0,mink
mink_0209.jpg,0,mink
mink_0210.jpg,0,mink
mink_0211.jpg,0,mink
mink_0212.jpg,0,mink
mink_0213.jpg,0,mink
mink_0214.jpg,0,mink
mink_0215.jpg,0,mink
mink_0216.jpg,0,mink
mink_0217.jpg,0,mink
mink_0218.jpg,0,mink
mink_0219.jpg,0,mink
mink_0220.jpg,0,mink
mink_0221.jpg,0,mink
mink_0222.jpg,0,mink
mink_0223.jpg,0,mink
mink_0224.jpg,0,mink
mink_0225.jpg,0,mink
mink_0226.jpg,0,mink
mink_0227.jpg,0,mink
mink_0228.jpg,0,mink
mink_0229.jpg,0,mink
mink_0230.jpg,0,mink
mink_0231.jpg,0,mink
mink_0232.jpg,0,mink
mink_0233.jpg,0,mink
mink_0234.jpg,0,mink
mink_0235.jpg,0,mink
mink_0236.jpg,0,mink
mink_0237.jpg,0,mink
mink_0238.jpg,0,mink
mink_0239.jpg,0,mink
mink_0240.jpg,0,mink
mink_0241.jpg,0,mink
mink_0242.jpg,0,mink
mink_0243.jpg,0,mink
mink_0244.jpg,0,mink
mink_0245.jpg,0,mink
mink_0246.jpg,0,mink
mink_0247.jpg,0,mink
mink_0248.jpg,0,mink
mink_0249.jpg,0,mink
mink_0250.jpg,0,mink
mink_0251.jpg,0,mink
mink_0252.jpg,0,mink
mink_0253.jpg,0,mink
mink_0254.jpg,0,mink
mink_0255.jpg,0,mink
mink_0256.jpg,0,mink
mink_0257.jpg,0,mink
mink_0258.jpg,0,mink
mink_0259.jpg,0,mink
mink_0260.jpg,0,mink
mink_0261.jpg,0,mink
mink_0262.jpg,0,mink
mink_0263.jpg,0,mink
mink_0264.jpg,0,mink
mink_0265.jpg,0,mink
mink_0266.jpg,0,mink
mink_0267.jpg,0,mink
mink_0268.jpg,0,mink
mink_0269.jpg,0,mink
mink_0270.jpg,0,mink
mink_0271.jpg,0,mink
mink_0272.jpg,0,mink
mink_0273.jpg,0,mink
mink_0274.jpg,0,mink
mink_0275.jpg,0,mink
mink_0276.jpg,0,mink
mink_0277.jpg,0,mink
mink_0278.jpg,0,mink
mink_0279.jpg,0,mink
mink_0280.jpg,0,mink
mink_0281.jpg,0,mink
mink_0282.jpg,0,mink
mink_0283.jpg,0,mink
mink_0284.jpg,0,mink
mink_0285.jpg,0,mink
mink_0286.jpg,0,mink
mink_0287.jpg,0,mink
mink_0288.jpg,0,mink
mink_0289.jpg,0,mink
mink_0290.jpg,0,mink
mink_0291.jpg,0,mink
mink_0292.jpg,0,mink
mink_0293.jpg,0,mink
mink_0294.jpg,0,mink
mink_0295.jpg,0,mink
mink_0296.jpg,0,mink
mink_0297.jpg,0,mink
mink_0298.jpg,0,mink
mink_0299.jpg,0,mink
mink_0300.jpg,0,mink
mink_0301.jpg,0,mink
mink_0302.jpg,0,mink
mink_0303.jpg,0,mink
mink_0304.jpg,0,mink
mink_0305.jpg,0,mink
mink_0306.jpg,0,mink
mink_0307.jpg,0,mink
mink_0308.jpg,0,mink
mink_0309.jpg,0,mink
mink_0310.jpg,0,mink
mink_0311.jpg,0,mink
mink_0312.jpg,0,mink
mink_0313.jpg,0,mink
mink_0314.jpg,0,mink
mink_0315.jpg,0,mink
mink_0316.jpg,0,mink
mink_0317.jpg,0,mink
mink_0318.jpg,0,mink
mink_0319.jpg,0,mink
mink_0320.jpg,0,mink
mink_0321.jpg,0,mink
mink_0322.jpg,0,mink
mink_0323.jpg,0,mink
mink_0324.jpg,0,mink
mink_0325.jpg,0,mink
mink_0326.jpg,0,mink
mink_0327.jpg,0,mink
mink_0328.jpg,0,mink
mink_0329.jpg,0,mink
mink_0330.jpg,0,mink
mink_0331.jpg,0,mink
mink_0332.jpg,0,mink
mink_0333.jpg,0,mink
mink_0334.jpg,0,mink
mink_0335.jpg,0,mink
mink_0336.jpg,0,mink
mink_0337.jpg,0,mink
mink_0338.jpg,0,mink
mink_0339.jpg,0,mink
mink_0340.jpg,0,mink
mink_0341.jpg,0,mink
mink_0342.jpg,0,mink
mink_0343.jpg,0,mink
mink_0344.jpg,0,mink
mink_0345.jpg,0,mink
mink_0346.jpg,0,mink
mink_0347.jpg,0,mink
mink_0348.jpg,0,mink
mink_0349.jpg,0,mink
mink_0350.jpg,0,mink
mink_0351.jpg,0,mink
mink_0352.jpg,0,mink
mink_0353.jpg,0,mink
mink_0354.jpg,0,mink
mink_0355.jpg,0,mink
mink_0356.jpg,0,mink
mink_0357.jpg,0,mink
mink_0358.jpg,0,mink
mink_0359.jpg,0,mink
mink_0360.jpg,0,mink
mink_0361.jpg,0,mink
mink_0362.jpg,0,mink
mink_0363.jpg,0,mink
mink_0364.jpg,0,mink
mink_0365.jpg,0,mink
mink_0366.jpg,0,mink
mink_0367.jpg,0,mink
mink_0368.jpg,0,mink
mink_0369.jpg,0,mink
mink_0370.jpg,0,mink
mink_0371.jpg,0,mink
mink_0372.jpg,0,mink
mink_0373.jpg,0,mink
mink_0374.jpg,0,mink
mink_0375.jpg,0,mink
mink_0376.jpg,0,mink
mink_0377.jpg,0,mink
mink_0378.jpg,0,mink
mink_0379.jpg,0,mink
mink_0380.jpg,0,mink
mink_0381.jpg,0,mink
mink_0382.jpg,0,mink
mink_0383.jpg,0,mink
mink_0384.jpg,0,mink
mink_0385.jpg,0,mink
mink_0386.jpg,0,mink
mink_0387.jpg,0,mink
mink_0388.jpg,0,mink
mink_0389.jpg,0,mink
mink_0390.jpg,0,mink
mink_0391.jpg,0,mink
mink_0392.jpg,0,mink
mink_0393.jpg,0,mink
mink_0394.jpg,0,mink
mink_0395.jpg,0,mink
mink_0396.jpg,0,mink
mink_0397.jpg,0,mink
mink_0398.jpg,0,mink
mink_0399.jpg,0,mink
mink_0400.jpg,0,mink
mink_0401.jpg,0,mink
mink_0402.jpg,0,mink
mink_0403.jpg,0,mink
mink_0404.jpg,0,mink
mink_0405.jpg,0,mink
mink_0406.jpg,0,mink
mink_0407.jpg,0,mink
mink_0408.jpg,0,mink
mink_0409.jpg,0,mink
mink_0410.jpg,0,mink
mink_0411.jpg,0,mink
mink_0412.jpg,0,mink
mink_0413.jpg,0,mink
mink_0414.jpg,0,mink
mink_0415.jpg,0,mink
mink_0416.jpg,0,mink
mink_0417.jpg,0,mink
mink_0418.jpg,0,mink
mink_0419.jpg,0,mink
mink_0420.jpg,0,mink
mink_0421.jpg,0,mink
mink_0422.jpg,0,mink
mink_0423.jpg,0,mink
mink_0424.jpg,0,mink
mink_0425.jpg,0,mink
mink_0426.jpg,0,mink
mink_0427.jpg,0,mink
mink_0428.jpg,0,mink
mink_0429.jpg,0,mink
mink_0430.jpg,0,mink
mink_0431.jpg,0,mink
mink_0432.jpg,0,mink
mink_0433.jpg,0,mink
mink_0434.jpg,0,mink
mink_0435.jpg,0,mink
mink_0436.jpg,0,mink
mink_0437.jpg,0,mink
mink_0438.jpg,0,mink
mink_0439.jpg,0,mink
mink_0440.jpg,0,mink
mink_0441.jpg,0,mink
mink_0442.jpg,0,mink
mink_0443.jpg,0,mink
mink_0444.jpg,0,mink
mink_0445.jpg,0,mink
mink_0446.jpg,0,mink
mink_0447.jpg,0,mink
mink_0448.jpg,0,mink
mink_0449.jpg,0,mink
mink_0450.jpg,0,mink
mink_0451.jpg,0,mink
mink_0452.jpg,0,mink
mink_0453.jpg,0,mink
mink_0454.jpg,0,mink
mink_0455.jpg,0,mink
mink_0456.jpg,0,mink
mink_0457.jpg,0,mink
mink_0458.jpg,0,mink
mink_0459.jpg,0,mink
mink_0460.jpg,0,mink
mink_0461.jpg,0,mink
mink_0462.jpg,0,mink
mink_0463.jpg,0,mink
mink_0464.jpg,0,mink
mink_0465.jpg,0,mink
mink_0466.jpg,0,mink
mink_0467.jpg,0,mink
mink_0468.jpg,0,mink
mink_0469.jpg,0,mink
mink_0470.jpg,0,mink
mink_0471.jpg,0,mink
mink_0472.jpg,0,mink
mink_0473.jpg,0,mink
mink_0474.jpg,0,mink
mink_0475.jpg,0,mink
mink_0476.jpg,0,mink
mink_0477.jpg,0,mink
mink_0478.jpg,0,mink
mink_0479.jpg,0,mink
mink_0480.jpg,0,mink
mink_0481.jpg,0,mink
mink_0482.jpg,0,mink
mink_0483.jpg,0,mink
mink_0484.jpg,0,mink
mink_0485.jpg,0,mink
mink_0486.jpg,0,mink
mink_0487.jpg,0,mink
mink_0488.jpg,0,mink
mink_0489.jpg,0,mink
mink_0490.jpg,0,mink
mink_0491.jpg,0,mink
mink_0492.jpg,0,mink
mink_0493.jpg,0,mink
mink_0494.jpg,0,mink
mink_0495.jpg,0,mink
mink_0496.jpg,0,mink
mink_0497.jpg,0,mink
mink_0498.jpg,0,mink
mink_0499.jpg,0,mink
mink_0500.jpg,0,mink
mink_0501.jpg,0,mink
mink_0502.jpg,0,mink
mink_0503.jpg,0,mink
mink_0504.jpg,0,mink
mink_0505.jpg,0,mink
mink_0506.jpg,0,mink
mink_0507.jpg,0,mink
mink_0508.jpg,0,mink
mink_0509.jpg,0,mink
mink_0510.jpg,0,mink
mink_0511.jpg,0,mink
mink_0512.jpg,0,mink
mink_0513.jpg,0,mink
mink_0514.jpg,0,mink
mink_0515.jpg,0,mink
mink_0516.jpg,0,mink
mink_0517.jpg,0,mink
mink_0518.jpg,0,mink
mink_0519.jpg,0,mink
mink_0520.jpg,0,mink
mink_0521.jpg,0,mink
mink_0522.jpg,0,mink
mink_0523.jpg,0,mink
mink_0524.jpg,0,mink
mink_0525.jpg,0,mink
mink_0526.jpg,0,mink
mink_0527.jpg,0,mink
mink_0528.jpg,0,mink
mink_0529.jpg,0,mink
mink_0530.jpg,0,mink
mink_0531.jpg,0,mink
mink_0532.jpg,0,mink
mink_0533.jpg,0,mink
mink_0534.jpg,0,mink
mink_0535.jpg,0,mink
mink_0536.jpg,0,mink
mink_0537.jpg,0,mink
mink_0538.jpg,0,mink
mink_0539.jpg,0,mink
mink_0540.jpg,0,mink
mink_0541.jpg,0,mink
mink_0542.jpg,0,mink
mink_0543.jpg,0,mink
mink_0544.jpg,0,mink
mink_0545.jpg,0,mink
mink_0546.jpg,0,mink
mink_0547.jpg,0,mink
mink_0548.jpg,0,mink
mink_0549.jpg,0,mink
mink_0550.jpg,0,mink
mink_0551.jpg,0,mink
mink_0552.jpg,0,mink
mink_0553.jpg,0,mink
mink_0554.jpg,0,mink
mink_0555.jpg,0,mink
mink_0556.jpg,0,mink
mink_0557.jpg,0,mink
mink_0558.jpg,0,mink
mink_0559.jpg,0,mink
mink_0560.jpg,0,mink
mink_0561.jpg,0,mink
mink_0562.jpg,0,mink
mink_0563.jpg,0,mink
mink_0564.jpg,0,mink
mink_0565.jpg,0,mink
mink_0566.jpg,0,mink
mink_0567.jpg,0,mink
mink_0568.jpg,0,mink
mink_0569.jpg,0,mink
mink_0570.jpg,0,mink
mink_0571.jpg,0,mink
mink_0572.jpg,0,mink
mink_0573.jpg,0,mink
mink_0574.jpg,0,mink
mink_0575.jpg,0,mink
mink_0576.jpg,0,mink
mink_0577.jpg,0,mink
mink_0578.jpg,0,mink
mink_0579.jpg,0,mink
mink_0580.jpg,0,mink
mink_0581.jpg,0,mink
mink_0582.jpg,0,mink
mink_0583.jpg,0,mink
mink_0584.jpg,0,mink
mink_0585.jpg,0,mink
mink_0586.jpg,0,mink
mink_0587.jpg,0,mink
mink_0588.jpg,0,mink
mink_0589.jpg,0,mink
mink_0590.jpg,0,mink
mink_0591.jpg,0,mink
mink_0592.jpg,0,mink
mink_0593.jpg,0,mink
mink_0594.jpg,0,mink
mink_0595.jpg,0,mink
mink_0596.jpg,0,mink
mink_0597.jpg,0,mink
mink_0598.jpg,0,mink
mink_0599.jpg,0,mink
mink_0600.jpg,0,mink
mink_0601.jpg,0,mink
mink_0602.jpg,0,mink
mink_0603.jpg,0,mink
mink_0604.jpg,0,mink
mink_0605.jpg,0,mink
mink_0606.jpg,0,mink
mink_0607.jpg,0,mink
mink_0608.jpg,0,mink
mink_0609.jpg,0,mink
mink_0610.jpg,0,mink
mink_0611.jpg,0,mink
mink_0612.jpg,0,mink
mink_0613.jpg,0,mink
mink_0614.jpg,0,mink
mink_0615.jpg,0,mink
mink_0616.jpg,0,mink
mink_0617.jpg,0,mink
mink_0618.jpg,0,mink
mink_0619.jpg,0,mink
mink_0620.jpg,0,mink
mink_0621.jpg,0,mink
mink_0622.jpg,0,mink
mink_0623.jpg,0,mink
mink_0624.jpg,0,mink
mink_0625.jpg,0,mink
mink_0626.jpg,0,mink
mink_0627.jpg,0,mink
mink_0628.jpg,0,mink
mink_0629.jpg,0,mink
mink_0630.jpg,0,mink
mink_0631.jpg,0,mink
mink_0632.jpg,0,mink
mink_0633.jpg,0,mink
mink_0634.jpg,0,mink
mink_0635.jpg,0,mink
mink_0636.jpg,0,mink
mink_0637.jpg,0,mink
mink_0638.jpg,0,mink
mink_0639.jpg,0,mink
mink_0640.jpg,0,mink
mink_0641.jpg,0,mink
mink_0642.jpg,0,mink
mink_0643.jpg,0,mink
mink_0644.jpg,0,mink
mink_0645.jpg,0,mink
mink_0646.jpg,0,mink
mink_0647.jpg,0,mink
mink_0648.jpg,0,mink
mink_0649.jpg,0,mink
mink_0650.jpg,0,mink
mink_0651.jpg,0,mink
mink_0652.jpg,0,mink
mink_0653.jpg,0,mink
mink_0654.jpg,0,mink
mink_0655.jpg,0,mink
mink_0656.jpg,0,mink
mink_0657.jpg,0,mink
mink_0658.jpg,0,mink
mink_0659.jpg,0,mink
mink_0660.jpg,0,mink
mink_0661.jpg,0,mink
mink_0662.jpg,0,mink
mink_0663.jpg,0,mink
mink_0664.jpg,0,mink
mink_0665.jpg,0,mink
mink_0666.jpg,0,mink
mink_0667.jpg,0,mink
mink_0668.jpg,0,mink
mink_0669.jpg,0,mink
mink_0670.jpg,0,mink
mink_0671.jpg,0,mink
mink_0672.jpg,0,mink
mink_0673.jpg,0,mink
mink_0674.jpg,0,mink
mink_0675.jpg,0,mink
mink_0676.jpg,0,mink
mink_0677.jpg,0,mink
mink_0678.jpg,0,mink
mink_0679.jpg,0,mink
mink_0680.jpg,0,mink
mink_0681.jpg,0,mink
mink_0682.jpg,0,mink
mink_0683.jpg,0,mink
mink_0684.jpg,0,mink
mink_0685.jpg,0,mink
mink_0686.jpg,0,mink
mink_0687.jpg,0,mink
mink_0688.jpg,0,mink
mink_0689.jpg,0,mink
mink_0690.jpg,0,mink
mink_0691.jpg,0,mink
mink_0692.jpg,0,mink
mink_0693.jpg,0,mink
mink_0694.jpg,0,mink
mink_0695.jpg,0,mink
mink_0696.jpg,0,mink
mink_0697.jpg,0,mink
mink_0698.jpg,0,mink
mink_0699.jpg,0,mink
mink_0700.jpg,0,mink
mink_0701.jpg,0,mink
mink_0702.jpg,0,mink
mink_0703.jpg,0,mink
mink_0704.jpg,0,mink
mink_0705.jpg,0,mink
mink_0706.jpg,0,mink
mink_0707.jpg,0,mink
mink_0708.jpg,0,mink
mink_0709.jpg,0,mink
mink_0710.jpg,0,mink
mink_0711.jpg,0,mink
mink_0712.jpg,0,mink
mink_0713.jpg,0,mink
mink_0714.jpg,0,mink
mink_0715.jpg,0,mink
mink_0716.jpg,0,mink
mink_0717.jpg,0,mink
mink_0718.jpg,0,mink
mink_0719.jpg,0,mink
mink_0720.jpg,0,mink
mink_0721.jpg,0,mink
mink_0722.jpg,0,mink
mink_0723.jpg,0,mink
mink_0724.jpg,0,mink
mink_0725.jpg,0,mink
mink_0726.jpg,0,mink
mink_0727.jpg,0,mink
mink_0728.jpg,0,mink
mink_0729.jpg,0,mink
mink_0730.jpg,0,mink
mink_0731.jpg,0,mink
mink_0732.jpg,0,mink
mink_0733.jpg,0,mink
mink_0734.jpg,0,mink
mink_0735.jpg,0,mink
mink_0736.jpg,0,mink
mink_0737.jpg,0,mink
mink_0738.jpg,0,mink
mink_0739.jpg,0,mink
mink_0740.jpg,0,mink
mink_0741.jpg,0,mink
mink_0742.jpg,0,mink
mink_0743.jpg,0,mink
mink_0744.jpg,0,mink
mink_0745.jpg,0,mink
mink_0746.jpg,0,mink
mink_0747.jpg,0,mink
mink_0748.jpg,0,mink
mink_0749.jpg,0,mink
mink_0750.jpg,0,mink
mink_0751.jpg,0,mink
mink_0752.jpg,0,mink
mink_0753.jpg,0,mink
mink_0754.jpg,0,mink
mink_0755.jpg,0,mink
mink_0756.jpg,0,mink
mink_0757.jpg,0,mink
mink_0758.jpg,0,mink
mink_0759.jpg,0,mink
mink_0760.jpg,0,mink
mink_0761.jpg,0,mink
mink_0762.jpg,0,mink
mink_0763.jpg,0,mink
mink_0764.jpg,0,mink
mink_0765.jpg,0,mink
mink_0766.jpg,0,mink
mink_0767.jpg,0,mink
mink_0768.jpg,0,mink
mink_0769.jpg,0,mink
mink_0770.jpg,0,mink
mink_0771.jpg,0,mink
mink_0772.jpg,0,mink
mink_0773.jpg,0,mink
mink_0774.jpg,0,mink
mink_0775.jpg,0,mink
mink_0776.jpg,0,mink
mink_0777.jpg,0,mink
mink_0778.jpg,0,mink
mink_0779.jpg,0,mink
mink_0780.jpg,0,mink
mink_0781.jpg,0,mink
mink_0782.jpg,0,mink
mink_0783.jpg,0,mink
mink_0784.jpg,0,mink
mink_0785.jpg,0,mink
mink_0786.jpg,0,mink
mink_0787.jpg,0,mink
mink_0788.jpg,0,mink
mink_0789.jpg,0,mink
mink_0790.jpg,0,mink
mink_0791.jpg,0,mink
mink_0792.jpg,0,mink
mink_0793.jpg,0,mink
mink_0794.jpg,0,mink
mink_0795.jpg,0,mink
mink_0796.jpg,0,mink
mink_0797.jpg,0,mink
mink_0798.jpg,0,mink
mink_0799.jpg,0,mink
mink_0800.jpg,0,mink
mink_0801.jpg,0,mink
mink_0802.jpg,0,mink
mink_0803.jpg,0,mink
mink_0804.jpg,0,mink
mink_0805.jpg,0,mink
mink_0806.jpg,0,mink
mink_0807.jpg,0,mink
mink_0808.jpg,0,mink
mink_0809.jpg,0,mink
mink_0810.jpg,0,mink
mink_0811.jpg,0,mink
mink_0812.jpg,0,mink
mink_0813.jpg,0,mink
mink_0814.jpg,0,mink
mink_0815.jpg,0,mink
mink_0816.jpg,0,mink
mink_0817.jpg,0,mink
mink_0818.jpg,0,mink
mink_0819.jpg,0,mink
mink_0820.jpg,0,mink
mink_0821.jpg,0,mink
mink_0822.jpg,0,mink
mink_0823.jpg,0,mink
mink_0824.jpg,0,mink
mink_0825.jpg,0,mink
mink_0826.jpg,0,mink
mink_0827.jpg,0,mink
mink_0828.jpg,0,mink
mink_0829.jpg,0,mink
mink_0830.jpg,0,mink
mink_0831.jpg,0,mink
mink_0832.jpg,0,mink
mink_0833.jpg,0,mink
mink_0834.jpg,0,mink
mink_0835.jpg,0,mink
mink_0836.jpg,0,mink
mink_0837.jpg,0,mink
mink_0838.jpg,0,mink
mink_0839.jpg,0,mink
mink_0840.jpg,0,mink
mink_0841.jpg,0,mink
mink_0842.jpg,0,mink
mink_0843.jpg,0,mink
mink_0844.jpg,0,mink
mink_0845.jpg,0,mink
mink_0846.jpg,0,mink
mink_0847.jpg,0,mink
mink_0848.jpg,0,mink
mink_0849.jpg,0,mink
mink_0850.jpg,0,mink
mink_0851.jpg,0,mink
mink_0852.jpg,0,mink
mink_0853.jpg,0,mink
mink_0854.jpg,0,mink
mink_0855.jpg,0,mink
mink_0856.jpg,0,mink
mink_0857.jpg,0,mink
mink_0858.jpg,0,mink
mink_0859.jpg,0,mink
mink_0860.jpg,0,mink
mink_0861.jpg,0,mink
mink_0862.jpg,0,mink
mink_0863.jpg,0,mink
mink_0864.jpg,0,mink
mink_0865.jpg,0,mink
mink_0866.jpg,0,mink
mink_0867.jpg,0,mink
mink_0868.jpg,0,mink
mink_0869.jpg,0,mink
mink_0870.jpg,0,mink
mink_0871.jpg,0,mink
mink_0872.jpg,0,mink
mink_0873.jpg,0,mink
mink_0874.jpg,0,mink
mink_0875.jpg,0,mink
mink_0876.jpg,0,mink
mink_0877.jpg,0,mink
mink_0878.jpg,0,mink
mink_0879.jpg,0,mink
mink_0880.jpg,0,mink
mink_0881.jpg,0,mink
mink_0882.jpg,0,mink
mink_0883.jpg,0,mink
mink_0884.jpg,0,mink
mink_0885.jpg,0,mink
mink_0886.jpg,0,mink
mink_0887.jpg,0,mink
mink_0888.jpg,0,mink
mink_0889.jpg,0,mink
mink_0890.jpg,0,mink
mink_0891.jpg,0,mink
mink_0892.jpg,0,mink
mink_0893.jpg,0,mink
mink_0894.jpg,0,mink
mink_0895.jpg,0,mink
mink_0896.jpg,0,mink
mink_0897.jpg,0,mink
mink_0898.jpg,0,mink
mink_0899.jpg,0,mink
mink_0900.jpg,0,mink
mink_0901.jpg,0,mink
mink_0902.jpg,0,mink
mink_0903.jpg,0,mink
mink_0904.jpg,0,mink
mink_0905.jpg,0,mink
mink_0906.jpg,0,mink
mink_0907.jpg,0,mink
mink_0908.jpg,0,mink
mink_0909.jpg,0,mink
mink_0910.jpg,0,mink
mink_0911.jpg,0,mink
mink_0912.jpg,0,mink
mink_0913.jpg,0,mink
mink_0914.jpg,0,mink
mink_0915.jpg,0,mink
mink_0916.jpg,0,mink
mink_0917.jpg,0,mink
mink_0918.jpg,0,mink
mink_0919.jpg,0,mink
mink_0920.jpg,0,mink
mink_0921.jpg,0,mink
mink_0922.jpg,0,mink
mink_0923.jpg,0,mink
mink_0924.jpg,0,mink
mink_0925.jpg,0,mink
mink_0926.jpg,0,mink
mink_0927.jpg,0,mink
mink_0928.jpg,0,mink
mink_0929.jpg,0,mink
mink_0930.jpg,0,mink
mink_0931.jpg,0,mink
mink_0932.jpg,0,mink
mink_0933.jpg,0,mink
mink_0934.jpg,0,mink
mink_0935.jpg,0,mink
mink_0936.jpg,0,mink
mink_0937.jpg,0,mink
mink_0938.jpg,0,mink
mink_0939.jpg,0,mink
mink_0940.jpg,0,mink
mink_0941.jpg,0,mink
mink_0942.jpg,0,mink
mink_0943.jpg,0,mink
mink_0944.jpg,0,mink
mink_0945.jpg,0,mink
mink_0946.jpg,0,mink
mink_0947.jpg,0,mink
mink_0948.jpg,0,mink
mink_0949.jpg,0,mink
mink_0950.jpg,0,mink
mink_0951.jpg,0,mink
mink_0952.jpg,0,mink
mink_0953.jpg,0,mink
mink_0954.jpg,0,mink
mink_0955.jpg,0,mink
mink_0956.jpg,0,mink
mink_0957.jpg,0,mink
mink_0958.jpg,0,mink
mink_0959.jpg,0,mink
mink_0960.jpg,0,mink
mink_0961.jpg,0,mink
mink_0962.jpg,0,mink
mink_0963.jpg,0,mink
mink_0964.jpg,0,mink
mink_0965.jpg,0,mink
mink_0966.jpg,0,mink
mink_0967.jpg,0,mink
mink_0968.jpg,0,mink
mink_0969.jpg,0,mink
mink_0970.jpg,0,mink
mink_0971.jpg,0,mink
mink_0972.jpg,0,mink
mink_0973.jpg,0,mink
mink_0974.jpg,0,mink
mink_0975.jpg,0,mink
mink_0976.jpg,0,mink
mink_0977.jpg,0,mink
mink_0978.jpg,0,mink
mink_0979.jpg,0,mink
mink_0980.jpg,0,mink
mink_0981.jpg,0,mink
mink_0982.jpg,0,mink
mink_0983.jpg,0,mink
mink_0984.jpg,0,mink
mink_0985.jpg,0,mink
mink_0986.jpg,0,mink
mink_0987.jpg,0,mink
mink_0988.jpg,0,mink
mink_0989.jpg,0,mink
mink_0990.jpg,0,mink
mink_0991.jpg,0,mink
mink_0992.jpg,0,mink
mink_0993.jpg,0,mink
mink_0994.jpg,0,mink
mink_0995.jpg,0,mink
mink_0996.jpg,0,mink
mink_0997.jpg,0,mink
mink_0998.jpg,0,mink
mink_0999.jpg,0,mink
mink_1000.jpg,0,mink
otter_0001.jpg,1,otter
otter_0002.jpg,1,otter
otter_0003.jpg,1,otter
otter_0004.jpg,1,otter
otter_0005.jpg,1,otter
otter_0006.jpg,1,otter
otter_0007.jpg,1,otter
otter_0008.jpg,1,otter
otter_0009.jpg,1,otter
otter_0010.jpg,1,otter
otter_0011.jpg,1,otter
otter_0012.jpg,1,otter
otter_0013.jpg,1,otter
otter_0014.jpg,1,otter
otter_0015.jpg,1,otter
otter_0016.jpg,1,otter
otter_0017.jpg,1,otter
otter_0018.jpg,1,otter
otter_0019.jpg,1,otter
otter_0020.jpg,1,otter
otter_0021.jpg,1,otter
otter_0022.jpg,1,otter
otter_0023.jpg,1,otter
otter_0024.jpg,1,otter
otter_0025.jpg,1,otter
otter_0026.jpg,1,otter
otter_0027.jpg,1,otter
otter_0028.jpg,1,otter
otter_0029.jpg,1,otter
otter_0030.jpg,1,otter
otter_0031.jpg,1,otter
otter_0032.jpg,1,otter
otter_0033.jpg,1,otter
otter_0034.jpg,1,otter
otter_0035.jpg,1,otter
otter_0036.jpg,1,otter
otter_0037.jpg,1,otter
otter_0038.jpg,1,otter
otter_0039.jpg,1,otter
otter_0040.jpg,1,otter
otter_0041.jpg,1,otter
otter_0042.jpg,1,otter
otter_0043.jpg,1,otter
otter_0044.jpg,1,otter
otter_0045.jpg,1,otter
otter_0046.jpg,1,otter
otter_0047.jpg,1,otter
otter_0048.jpg,1,otter
otter_0049.jpg,1,otter
otter_0050.jpg,1,otter
otter_0051.jpg,1,otter
otter_0052.jpg,1,otter
otter_0053.jpg,1,otter
otter_0054.jpg,1,otter
otter_0055.jpg,1,otter
otter_0056.jpg,1,otter
otter_0057.jpg,1,otter
otter_0058.jpg,1,otter
otter_0059.jpg,1,otter
otter_0060.jpg,1,otter
otter_0061.jpg,1,otter
otter_0062.jpg,1,otter
otter_0063.jpg,1,otter
otter_0064.jpg,1,otter
otter_0065.jpg,1,otter
otter_0066.jpg,1,otter
otter_0067.jpg,1,otter
otter_0068.jpg,1,otter
otter_0069.jpg,1,otter
otter_0070.jpg,1,otter
otter_0071.jpg,1,otter
otter_0072.jpg,1,otter
otter_0073.jpg,1,otter
otter_0074.jpg,1,otter
otter_0075.jpg,1,otter
otter_0076.jpg,1,otter
otter_0077.jpg,1,otter
otter_0078.jpg,1,otter
otter_0079.jpg,1,otter
otter_0080.jpg,1,otter
otter_0081.jpg,1,otter
otter_0082.jpg,1,otter
otter_0083.jpg,1,otter
otter_0084.jpg,1,otter
otter_0085.jpg,1,otter
otter_0086.jpg,1,otter
otter_0087.jpg,1,otter
otter_0088.jpg,1,otter
otter_0089.jpg,1,otter
otter_0090.jpg,1,otter
otter_0091.jpg,1,otter
otter_0092.jpg,1,otter
otter_0093.jpg,1,otter
otter_0094.jpg,1,otter
otter_0095.jpg,1,otter
otter_0096.jpg,1,otter
otter_0097.jpg,1,otter
otter_0098.jpg,1,otter
otter_0099.jpg,1,otter
otter_0100.jpg,1,otter
otter_0101.jpg,1,otter
otter_0102.jpg,1,otter
otter_0103.jpg,1,otter
otter_0104.jpg,1,otter
otter_0105.jpg,1,otter
otter_0106.jpg,1,otter
otter_0107.jpg,1,otter
otter_0108.jpg,1,otter
otter_0109.jpg,1,otter
otter_0110.jpg,1,otter
otter_0111.jpg,1,otter
otter_0112.jpg,1,otter
otter_0113.jpg,1,otter
otter_0114.jpg,1,otter
otter_0115.jpg,1,otter
otter_0116.jpg,1,otter
otter_0117.jpg,1,otter
otter_0118.jpg,1,otter
otter_0119.jpg,1,otter
otter_0120.jpg,1,otter
otter_0121.jpg,1,otter
otter_0122.jpg,1,otter
otter_0123.jpg,1,otter
otter_0124.jpg,1,otter
otter_0125.jpg,1,otter
otter_0126.jpg,1,otter
otter_0127.jpg,1,otter
otter_0128.jpg,1,otter
otter_0129.jpg,1,otter
otter_0130.jpg,1,otter
otter_0131.jpg,1,otter
otter_0132.jpg,1,otter
otter_0133.jpg,1,otter
otter_0134.jpg,1,otter
otter_0135.jpg,1,otter
otter_0136.jpg,1,otter
otter_0137.jpg,1,otter
otter_0138.jpg,1,otter
otter_0139.jpg,1,otter
otter_0140.jpg,1,otter
otter_0141.jpg,1,otter
otter_0142.jpg,1,otter
otter_0143.jpg,1,otter
otter_0144.jpg,1,otter
otter_0145.jpg,1,otter
otter_0146.jpg,1,otter
otter_0147.jpg,1,otter
otter_0148.jpg,1,otter
otter_0149.jpg,1,otter
otter_0150.jpg,1,otter
otter_0151.jpg,1,otter
otter_0152.jpg,1,otter
otter_0153.jpg,1,otter
otter_0154.jpg,1,otter
otter_0155.jpg,1,otter
otter_0156.jpg,1,otter
otter_0157.jpg,1,otter
otter_0158.jpg,1,otter
otter_0159.jpg,1,otter
otter_0160.jpg,1,otter
otter_0161.jpg,1,otter
otter_0162.jpg,1,otter
otter_0163.jpg,1,otter
otter_0164.jpg,1,otter
otter_0165.jpg,1,otter
otter_0166.jpg,1,otter
otter_0167.jpg,1,otter
otter_0168.jpg,1,otter
otter_0169.jpg,1,otter
otter_0170.jpg,1,otter
otter_0171.jpg,1,otter
otter_0172.jpg,1,otter
otter_0173.jpg,1,otter
otter_0174.jpg,1,otter
otter_0175.jpg,1,otter
otter_0176.jpg,1,otter
otter_0177.jpg,1,otter
otter_0178.jpg,1,otter
otter_0179.jpg,1,otter
otter_0180.jpg,1,otter
otter_0181.jpg,1,otter
otter_0182.jpg,1,otter
otter_0183.jpg,1,otter
otter_0184.jpg,1,otter
otter_0185.jpg,1,otter
otter_0186.jpg,1,otter
otter_0187.jpg,1,otter
otter_0188.jpg,1,otter
otter_0189.jpg,1,otter
otter_0190.jpg,1,otter
otter_0191.jpg,1,otter
otter_0192.jpg,1,otter
otter_0193.jpg,1,otter
otter_0194.jpg,1,otter
otter_0195.jpg,1,otter
otter_0196.jpg,1,otter
otter_0197.jpg,1,otter
otter_0198.jpg,1,otter
otter_0199.jpg,1,otter
otter_0200.jpg,1,otter
otter_0201.jpg,1,otter
otter_0202.jpg,1,otter
otter_0203.jpg,1,otter
otter_0204.jpg,1,otter
otter_0205.jpg,1,otter
otter_0206.jpg,1,otter
otter_0207.jpg,1,otter
otter_0208.jpg,1,otter
otter_0209.jpg,1,otter
otter_0210.jpg,1,otter
otter_0211.jpg,1,otter
otter_0212.jpg,1,otter
otter_0213.jpg,1,otter
otter_0214.jpg,1,otter
otter_0215.jpg,1,otter
otter_0216.jpg,1,otter
otter_0217.jpg,1,otter
otter_0218.jpg,1,otter
otter_0219.jpg,1,otter
otter_0220.jpg,1,otter
otter_0221.jpg,1,otter
otter_0222.jpg,1,otter
otter_0223.jpg,1,otter
otter_0224.jpg,1,otter
otter_0225.jpg,1,otter
otter_0226.jpg,1,otter
otter_0227.jpg,1,otter
otter_0228.jpg,1,otter
otter_0229.jpg,1,otter
otter_0230.jpg,1,otter
otter_0231.jpg,1,otter
otter_0232.jpg,1,otter
otter_0233.jpg,1,otter
otter_0234.jpg,1,otter
otter_0235.jpg,1,otter
otter_0236.jpg,1,otter
otter_0237.jpg,1,otter
otter_0238.jpg,1,otter
otter_0239.jpg,1,otter
otter_0240.jpg,1,otter
otter_0241.jpg,1,otter
otter_0242.jpg,1,otter
otter_0243.jpg,1,otter
otter_0244.jpg,1,otter
otter_0245.jpg,1,otter
otter_0246.jpg,1,otter
otter_0247.jpg,1,otter
otter_0248.jpg,1,otter
otter_0249.jpg,1,otter
otter_0250.jpg,1,otter
otter_0251.jpg,1,otter
otter_0252.jpg,1,otter
otter_0253.jpg,1,otter
otter_0254.jpg,1,otter
otter_0255.jpg,1,otter
otter_0256.jpg,1,otter
otter_0257.jpg,1,otter
otter_0258.jpg,1,otter
otter_0259.jpg,1,otter
otter_0260.jpg,1,otter
otter_0261.jpg,1,otter
otter_0262.jpg,1,otter
otter_0263.jpg,1,otter
otter_0264.jpg,1,otter
otter_0265.jpg,1,otter
otter_0266.jpg,1,otter
otter_0267.jpg,1,otter
otter_0268.jpg,1,otter
otter_0269.jpg,1,otter
otter_0270.jpg,1,otter
otter_0271.jpg,1,otter
otter_0272.jpg,1,otter
otter_0273.jpg,1,otter
otter_0274.jpg,1,otter
otter_0275.jpg,1,otter
otter_0276.jpg,1,otter
otter_0277.jpg,1,otter
otter_0278.jpg,1,otter
otter_0279.jpg,1,otter
otter_0280.jpg,1,otter
otter_0281.jpg,1,otter
otter_0282.jpg,1,otter
otter_0283.jpg,1,otter
otter_0284.jpg,1,otter
otter_0285.jpg,1,otter
otter_0286.jpg,1,otter
otter_0287.jpg,1,otter
otter_0288.jpg,1,otter
otter_0289.jpg,1,otter
otter_0290.jpg,1,otter
otter_0291.jpg,1,otter
otter_0292.jpg,1,otter
otter_0293.jpg,1,otter
otter_0294.jpg,1,otter
otter_0295.jpg,1,otter
otter_0296.jpg,1,otter
otter_0297.jpg,1,otter
otter_0298.jpg,1,otter
otter_0299.jpg,1,otter
otter_0300.jpg,1,otter
otter_0301.jpg,1,otter
otter_0302.jpg,1,otter
otter_0303.jpg,1,otter
otter_0304.jpg,1,otter
otter_0305.jpg,1,otter
otter_0306.jpg,1,otter
otter_0307.jpg,1,otter
otter_0308.jpg,1,otter
otter_0309.jpg,1,otter
otter_0310.jpg,1,otter
otter_0311.jpg,1,otter
otter_0312.jpg,1,otter
otter_0313.jpg,1,otter
otter_0314.jpg,1,otter
otter_0315.jpg,1,otter
otter_0316.jpg,1,otter
otter_0317.jpg,1,otter
otter_0318.jpg,1,otter
otter_0319.jpg,1,otter
otter_0320.jpg,1,otter
otter_0321.jpg,1,otter
otter_0322.jpg,1,otter
otter_0323.jpg,1,otter
otter_0324.jpg,1,otter
otter_0325.jpg,1,otter
otter_0326.jpg,1,otter
otter_0327.jpg,1,otter
otter_0328.jpg,1,otter
otter_0329.jpg,1,otter
otter_0330.jpg,1,otter
otter_0331.jpg,1,otter
otter_0332.jpg,1,otter
otter_0333.jpg,1,otter
otter_0334.jpg,1,otter
otter_0335.jpg,1,otter
otter_0336.jpg,1,otter
otter_0337.jpg,1,otter
otter_0338.jpg,1,otter
otter_0339.jpg,1,otter
otter_0340.jpg,1,otter
otter_0341.jpg,1,otter
otter_0342.jpg,1,otter
otter_0343.jpg,1,otter
otter_0344.jpg,1,otter
otter_0345.jpg,1,otter
otter_0346.jpg,1,otter
otter_0347.jpg,1,otter
otter_0348.jpg,1,otter
otter_0349.jpg,1,otter
otter_0350.jpg,1,otter
otter_0351.jpg,1,otter
otter_0352.jpg,1,otter
otter_0353.jpg,1,otter
otter_0354.jpg,1,otter
otter_0355.jpg,1,otter
otter_0356.jpg,1,otter
otter_0357.jpg,1,otter
otter_0358.jpg,1,otter
otter_0359.jpg,1,otter
otter_0360.jpg,1,otter
otter_0361.jpg,1,otter
otter_0362.jpg,1,otter
otter_0363.jpg,1,otter
otter_0364.jpg,1,otter
otter_0365.jpg,1,otter
otter_0366.jpg,1,otter
otter_0367.jpg,1,otter
otter_0368.jpg,1,otter
otter_0369.jpg,1,otter
otter_0370.jpg,1,otter
otter_0371.jpg,1,otter
otter_0372.jpg,1,otter
otter_0373.jpg,1,otter
otter_0374.jpg,1,otter
otter_0375.jpg,1,otter
otter_0376.jpg,1,otter
otter_0377.jpg,1,otter
otter_0378.jpg,1,otter
otter_0379.jpg,1,otter
otter_0380.jpg,1,otter
otter_0381.jpg,1,otter
otter_0382.jpg,1,otter
otter_0383.jpg,1,otter
otter_0384.jpg,1,otter
otter_0385.jpg,1,otter
otter_0386.jpg,1,otter
otter_0387.jpg,1,otter
otter_0388.jpg,1,otter
otter_0389.jpg,1,otter
otter_0390.jpg,1,otter
otter_0391.jpg,1,otter
otter_0392.jpg,1,otter
otter_0393.jpg,1,otter
otter_0394.jpg,1,otter
otter_0395.jpg,1,otter
otter_0396.jpg,1,otter
otter_0397.jpg,1,otter
otter_0398.jpg,1,otter
otter_0399.jpg,1,otter
otter_0400.jpg,1,otter
otter_0401.jpg,1,otter
otter_0402.jpg,1,otter
otter_0403.jpg,1,otter
otter_0404.jpg,1,otter
otter_0405.jpg,1,otter
otter_0406.jpg,1,otter
otter_0407.jpg,1,otter
otter_0408.jpg,1,otter
otter_0409.jpg,1,otter
otter_0410.jpg,1,otter
otter_0411.jpg,1,otter
otter_0412.jpg,1,otter
otter_0413.jpg,1,otter
otter_0414.jpg,1,otter
otter_0415.jpg,1,otter
otter_0416.jpg,1,otter
otter_0417.jpg,1,otter
otter_0418.jpg,1,otter
otter_0419.jpg,1,otter
otter_0420.jpg,1,otter
otter_0421.jpg,1,otter
otter_0422.jpg,1,otter
otter_0423.jpg,1,otter
otter_0424.jpg,1,otter
otter_0425.jpg,1,otter
otter_0426.jpg,1,otter
otter_0427.jpg,1,otter
otter_0428.jpg,1,otter
otter_0429.jpg,1,otter
otter_0430.jpg,1,otter
otter_0431.jpg,1,otter
otter_0432.jpg,1,otter
otter_0433.jpg,1,otter
otter_0434.jpg,1,otter
otter_0435.jpg,1,otter
otter_0436.jpg,1,otter
otter_0437.jpg,1,otter
otter_0438.jpg,1,otter
otter_0439.jpg,1,otter
otter_0440.jpg,1,otter
otter_0441.jpg,1,otter
otter_0442.jpg,1,otter
otter_0443.jpg,1,otter
otter_0444.jpg,1,otter
otter_0445.jpg,1,otter
otter_0446.jpg,1,otter
otter_0447.jpg,1,otter
otter_0448.jpg,1,otter
otter_0449.jpg,1,otter
otter_0450.jpg,1,otter
otter_0451.jpg,1,otter
otter_0452.jpg,1,otter
otter_0453.jpg,1,otter
otter_0454.jpg,1,otter
otter_0455.jpg,1,otter
otter_0456.jpg,1,otter
otter_0457.jpg,1,otter
otter_0458.jpg,1,otter
otter_0459.jpg,1,otter
otter_0460.jpg,1,otter
otter_0461.jpg,1,otter
otter_0462.jpg,1,otter
otter_0463.jpg,1,otter
otter_0464.jpg,1,otter
otter_0465.jpg,1,otter
otter_0466.jpg,1,otter
otter_0467.jpg,1,otter
otter_0468.jpg,1,otter
otter_0469.jpg,1,otter
otter_0470.jpg,1,otter
otter_0471.jpg,1,otter
otter_0472.jpg,1,otter
otter_0473.jpg,1,otter
otter_0474.jpg,1,otter
otter_0475.jpg,1,otter
otter_0476.jpg,1,otter
otter_0477.jpg,1,otter
otter_0478.jpg,1,otter
otter_0479.jpg,1,otter
otter_0480.jpg,1,otter
otter_0481.jpg,1,otter
otter_0482.jpg,1,otter
otter_0483.jpg,1,otter
otter_0484.jpg,1,otter
otter_0485.jpg,1,otter
otter_0486.jpg,1,otter
otter_0487.jpg,1,otter
otter_0488.jpg,1,otter
otter_0489.jpg,1,otter
otter_0490.jpg,1,otter
otter_0491.jpg,1,otter
otter_0492.jpg,1,otter
otter_0493.jpg,1,otter
otter_0494.jpg,1,otter
otter_0495.jpg,1,otter
otter_0496.jpg,1,otter
otter_0497.jpg,1,otter
otter_0498.jpg,1,otter
otter_0499.jpg,1,otter
otter_0500.jpg,1,otter
otter_0501.jpg,1,otter
otter_0502.jpg,1,otter
otter_0503.jpg,1,otter
otter_0504.jpg,1,otter
otter_0505.jpg,1,otter
otter_0506.jpg,1,otter
otter_0507.jpg,1,otter
otter_0508.jpg,1,otter
otter_0509.jpg,1,otter
otter_0510.jpg,1,otter
otter_0511.jpg,1,otter
otter_0512.jpg,1,otter
otter_0513.jpg,1,otter
otter_0514.jpg,1,otter
otter_0515.jpg,1,otter
otter_0516.jpg,1,otter
otter_0517.jpg,1,otter
otter_0518.jpg,1,otter
otter_0519.jpg,1,otter
otter_0520.jpg,1,otter
otter_0521.jpg,1,otter
otter_0522.jpg,1,otter
otter_0523.jpg,1,otter
otter_0524.jpg,1,otter
otter_0525.jpg,1,otter
otter_0526.jpg,1,otter
otter_0527.jpg,1,otter
otter_0528.jpg,1,otter
otter_0529.jpg,1,otter
otter_0530.jpg,1,otter
otter_0531.jpg,1,otter
otter_0532.jpg,1,otter
otter_0533.jpg,1,otter
otter_0534.jpg,1,otter
otter_0535.jpg,1,otter
otter_0536.jpg,1,otter
otter_0537.jpg,1,otter
otter_0538.jpg,1,otter
otter_0539.jpg,1,otter
otter_0540.jpg,1,otter
otter_0541.jpg,1,otter
otter_0542.jpg,1,otter
otter_0543.jpg,1,otter
otter_0544.jpg,1,otter
otter_0545.jpg,1,otter
otter_0546.jpg,1,otter
otter_0547.jpg,1,otter
otter_0548.jpg,1,otter
otter_0549.jpg,1,otter
otter_0550.jpg,1,otter
otter_0551.jpg,1,otter
otter_0552.jpg,1,otter
otter_0553.jpg,1,otter
otter_0554.jpg,1,otter
otter_0555.jpg,1,otter
otter_0556.jpg,1,otter
otter_0557.jpg,1,otter
otter_0558.jpg,1,otter
otter_0559.jpg,1,otter
otter_0560.jpg,1,otter
otter_0561.jpg,1,otter
otter_0562.jpg,1,otter
otter_0563.jpg,1,otter
otter_0564.jpg,1,otter
otter_0565.jpg,1,otter
otter_0566.jpg,1,otter
otter_0567.jpg,1,otter
otter_0568.jpg,1,otter
otter_0569.jpg,1,otter
otter_0570.jpg,1,otter
otter_0571.jpg,1,otter
otter_0572.jpg,1,otter
otter_0573.jpg,1,otter
otter_0574.jpg,1,otter
otter_0575.jpg,1,otter
otter_0576.jpg,1,otter
otter_0577.jpg,1,otter
otter_0578.jpg,1,otter
otter_0579.jpg,1,otter
otter_0580.jpg,1,otter
otter_0581.jpg,1,otter
otter_0582.jpg,1,otter
otter_0583.jpg,1,otter
otter_0584.jpg,1,otter
otter_0585.jpg,1,otter
otter_0586.jpg,1,otter
otter_0587.jpg,1,otter
otter_0588.jpg,1,otter
otter_0589.jpg,1,otter
otter_0590.jpg,1,otter
otter_0591.jpg,1,otter
otter_0592.jpg,1,otter
otter_0593.jpg,1,otter
otter_0594.jpg,1,otter
otter_0595.jpg,1,otter
otter_0596.jpg,1,otter
otter_0597.jpg,1,otter
otter_0598.jpg,1,otter
otter_0599.jpg,1,otter
otter_0600.jpg,1,otter
otter_0601.jpg,1,otter
otter_0602.jpg,1,otter
otter_0603.jpg,1,otter
otter_0604.jpg,1,otter
otter_0605.jpg,1,otter
otter_0606.jpg,1,otter
otter_0607.jpg,1,otter
otter_0608.jpg,1,otter
otter_0609.jpg,1,otter
otter_0610.jpg,1,otter
otter_0611.jpg,1,otter
otter_0612.jpg,1,otter
otter_0613.jpg,1,otter
otter_0614.jpg,1,otter
otter_0615.jpg,1,otter
otter_0616.jpg,1,otter
otter_0617.jpg,1,otter
otter_0618.jpg,1,otter
otter_0619.jpg,1,otter
otter_0620.jpg,1,otter
otter_0621.jpg,1,otter
otter_0622.jpg,1,otter
otter_0623.jpg,1,otter
otter_0624.jpg,1,otter
otter_0625.jpg,1,otter
otter_0626.jpg,1,otter
otter_0627.jpg,1,otter
otter_0628.jpg,1,otter
otter_0629.jpg,1,otter
otter_0630.jpg,1,otter
otter_0631.jpg,1,otter
otter_0632.jpg,1,otter
otter_0633.jpg,1,otter
otter_0634.jpg,1,otter
otter_0635.jpg,1,otter
otter_0636.jpg,1,otter
otter_0637.jpg,1,otter
otter_0638.jpg,1,otter
otter_0639.jpg,1,otter
otter_0640.jpg,1,otter
otter_0641.jpg,1,otter
otter_0642.jpg,1,otter
otter_0643.jpg,1,otter
otter_0644.jpg,1,otter
otter_0645.jpg,1,otter
otter_0646.jpg,1,otter
otter_0647.jpg,1,otter
otter_0648.jpg,1,otter
otter_0649.jpg,1,otter
otter_0650.jpg,1,otter
otter_0651.jpg,1,otter
otter_0652.jpg,1,otter
otter_0653.jpg,1,otter
otter_0654.jpg,1,otter
otter_0655.jpg,1,otter
otter_0656.jpg,1,otter
otter_0657.jpg,1,otter
otter_0658.jpg,1,otter
otter_0659.jpg,1,otter
otter_0660.jpg,1,otter
otter_0661.jpg,1,otter
otter_0662.jpg,1,otter
otter_0663.jpg,1,otter
otter_0664.jpg,1,otter
otter_0665.jpg,1,otter
otter_0666.jpg,1,otter
otter_0667.jpg,1,otter
otter_0668.jpg,1,otter
otter_0669.jpg,1,otter
otter_0670.jpg,1,otter
otter_0671.jpg,1,otter
otter_0672.jpg,1,otter
otter_0673.jpg,1,otter
otter_0674.jpg,1,otter
otter_0675.jpg,1,otter
otter_0676.jpg,1,otter
otter_0677.jpg,1,otter
otter_0678.jpg,1,otter
otter_0679.jpg,1,otter
otter_0680.jpg,1,otter
otter_0681.jpg,1,otter
otter_0682.jpg,1,otter
otter_0683.jpg,1,otter
otter_0684.jpg,1,otter
otter_0685.jpg,1,otter
otter_0686.jpg,1,otter
otter_0687.jpg,1,otter
otter_0688.jpg,1,otter
otter_0689.jpg,1,otter
otter_0690.jpg,1,otter
otter_0691.jpg,1,otter
otter_0692.jpg,1,otter
otter_0693.jpg,1,otter
otter_0694.jpg,1,otter
otter_0695.jpg,1,otter
otter_0696.jpg,1,otter
otter_0697.jpg,1,otter
otter_0698.jpg,1,otter
otter_0699.jpg,1,otter
otter_0700.jpg,1,otter
otter_0701.jpg,1,otter
otter_0702.jpg,1,otter
otter_0703.jpg,1,otter
otter_0704.jpg,1,otter
otter_0705.jpg,1,otter
otter_0706.jpg,1,otter
otter_0707.jpg,1,otter
otter_0708.jpg,1,otter
otter_0709.jpg,1,otter
otter_0710.jpg,1,otter
otter_0711.jpg,1,otter
otter_0712.jpg,1,otter
otter_0713.jpg,1,otter
otter_0714.jpg,1,otter
otter_0715.jpg,1,otter
otter_0716.jpg,1,otter
otter_0717.jpg,1,otter
otter_0718.jpg,1,otter
otter_0719.jpg,1,otter
otter_0720.jpg,1,otter
otter_0721.jpg,1,otter
otter_0722.jpg,1,otter
otter_0723.jpg,1,otter
otter_0724.jpg,1,otter
otter_0725.jpg,1,otter
otter_0726.jpg,1,otter
otter_0727.jpg,1,otter
otter_0728.jpg,1,otter
otter_0729.jpg,1,otter
otter_0730.jpg,1,otter
otter_0731.jpg,1,otter
otter_0732.jpg,1,otter
otter_0733.jpg,1,otter
otter_0734.jpg,1,otter
otter_0735.jpg,1,otter
otter_0736.jpg,1,otter
otter_0737.jpg,1,otter
otter_0738.jpg,1,otter
otter_0739.jpg,1,otter
otter_0740.jpg,1,otter
otter_0741.jpg,1,otter
otter_0742.jpg,1,otter
otter_0743.jpg,1,otter
otter_0744.jpg,1,otter
otter_0745.jpg,1,otter
otter_0746.jpg,1,otter
otter_0747.jpg,1,otter
otter_0748.jpg,1,otter
otter_0749.jpg,1,otter
otter_0750.jpg,1,otter
otter_0751.jpg,1,otter
otter_0752.jpg,1,otter
otter_0753.jpg,1,otter
otter_0754.jpg,1,otter
otter_0755.jpg,1,otter
otter_0756.jpg,1,otter
otter_0757.jpg,1,otter
otter_0758.jpg,1,otter
otter_0759.jpg,1,otter
otter_0760.jpg,1,otter
otter_0761.jpg,1,otter
otter_0762.jpg,1,otter
otter_0763.jpg,1,otter
otter_0764.jpg,1,otter
otter_0765.jpg,1,otter
otter_0766.jpg,1,otter
otter_0767.jpg,1,otter
otter_0768.jpg,1,otter
otter_0769.jpg,1,otter
otter_0770.jpg,1,otter
otter_0771.jpg,1,otter
otter_0772.jpg,1,otter
otter_0773.jpg,1,otter
otter_0774.jpg,1,otter
otter_0775.jpg,1,otter
otter_0776.jpg,1,otter
otter_0777.jpg,1,otter
otter_0778.jpg,1,otter
otter_0779.jpg,1,otter
otter_0780.jpg,1,otter
otter_0781.jpg,1,otter
otter_0782.jpg,1,otter
otter_0783.jpg,1,otter
otter_0784.jpg,1,otter
otter_0785.jpg,1,otter
otter_0786.jpg,1,otter
otter_0787.jpg,1,otter
otter_0788.jpg,1,otter
otter_0789.jpg,1,otter
otter_0790.jpg,1,otter
otter_0791.jpg,1,otter
otter_0792.jpg,1,otter
otter_0793.jpg,1,otter
otter_0794.jpg,1,otter
otter_0795.jpg,1,otter
otter_0796.jpg,1,otter
otter_0797.jpg,1,otter
otter_0798.jpg,1,otter
otter_0799.jpg,1,otter
otter_0800.jpg,1,otter
otter_0801.jpg,1,otter
otter_0802.jpg,1,otter
otter_0803.jpg,1,otter
otter_0804.jpg,1,otter
otter_0805.jpg,1,otter
otter_0806.jpg,1,otter
otter_0807.jpg,1,otter
otter_0808.jpg,1,otter
otter_0809.jpg,1,otter
otter_0810.jpg,1,otter
otter_0811.jpg,1,otter
otter_0812.jpg,1,otter
otter_0813.jpg,1,otter
otter_0814.jpg,1,otter
otter_0815.jpg,1,otter
otter_0816.jpg,1,otter
otter_0817.jpg,1,otter
otter_0818.jpg,1,otter
otter_0819.jpg,1,otter
otter_0820.jpg,1,otter
otter_0821.jpg,1,otter
otter_0822.jpg,1,otter
otter_0823.jpg,1,otter
otter_0824.jpg,1,otter
otter_0825.jpg,1,otter
otter_0826.jpg,1,otter
otter_0827.jpg,1,otter
otter_0828.jpg,1,otter
otter_0829.jpg,1,otter
otter_0830.jpg,1,otter
otter_0831.jpg,1,otter
otter_0832.jpg,1,otter
otter_0833.jpg,1,otter
otter_0834.jpg,1,otter
otter_0835.jpg,1,otter
otter_0836.jpg,1,otter
otter_0837.jpg,1,otter
otter_0838.jpg,1,otter
otter_0839.jpg,1,otter
otter_0840.jpg,1,otter
otter_0841.jpg,1,otter
otter_0842.jpg,1,otter
otter_0843.jpg,1,otter
otter_0844.jpg,1,otter
otter_0845.jpg,1,otter
otter_0846.jpg,1,otter
otter_0847.jpg,1,otter
otter_0848.jpg,1,otter
otter_0849.jpg,1,otter
otter_0850.jpg,1,otter
otter_0851.jpg,1,otter
otter_0852.jpg,1,otter
otter_0853.jpg,1,otter
otter_0854.jpg,1,otter
otter_0855.jpg,1,otter
otter_0856.jpg,1,otter
otter_0857.jpg,1,otter
otter_0858.jpg,1,otter
otter_0859.jpg,1,otter
otter_0860.jpg,1,otter
otter_0861.jpg,1,otter
otter_0862.jpg,1,otter
otter_0863.jpg,1,otter
otter_0864.jpg,1,otter
otter_0865.jpg,1,otter
otter_0866.jpg,1,otter
otter_0867.jpg,1,otter
otter_0868.jpg,1,otter
otter_0869.jpg,1,otter
otter_0870.jpg,1,otter
otter_0871.jpg,1,otter
otter_0872.jpg,1,otter
otter_0873.jpg,1,otter
otter_0874.jpg,1,otter
otter_0875.jpg,1,otter
otter_0876.jpg,1,otter
otter_0877.jpg,1,otter
otter_0878.jpg,1,otter
otter_0879.jpg,1,otter
otter_0880.jpg,1,otter
otter_0881.jpg,1,otter
otter_0882.jpg,1,otter
otter_0883.jpg,1,otter
otter_0884.jpg,1,otter
otter_0885.jpg,1,otter
otter_0886.jpg,1,otter
otter_0887.jpg,1,otter
otter_0888.jpg,1,otter
otter_0889.jpg,1,otter
otter_0890.jpg,1,otter
otter_0891.jpg,1,otter
otter_0892.jpg,1,otter
otter_0893.jpg,1,otter
otter_0894.jpg,1,otter
otter_0895.jpg,1,otter
otter_0896.jpg,1,otter
otter_0897.jpg,1,otter
otter_0898.jpg,1,otter
otter_0899.jpg,1,otter
otter_0900.jpg,1,otter
otter_0901.jpg,1,otter
otter_0902.jpg,1,otter
otter_0903.jpg,1,otter
otter_0904.jpg,1,otter
otter_0905.jpg,1,otter
otter_0906.jpg,1,otter
otter_0907.jpg,1,otter
otter_0908.jpg,1,otter
otter_0909.jpg,1,otter
otter_0910.jpg,1,otter
otter_0911.jpg,1,otter
otter_0912.jpg,1,otter
otter_0913.jpg,1,otter
otter_0914.jpg,1,otter
otter_0915.jpg,1,otter
otter_0916.jpg,1,otter
otter_0917.jpg,1,otter
otter_0918.jpg,1,otter
otter_0919.jpg,1,otter
otter_0920.jpg,1,otter
otter_0921.jpg,1,otter
otter_0922.jpg,1,otter
otter_0923.jpg,1,otter
otter_0924.jpg,1,otter
otter_0925.jpg,1,otter
otter_0926.jpg,1,otter
otter_0927.jpg,1,otter
otter_0928.jpg,1,otter
otter_0929.jpg,1,otter
otter_0930.jpg,1,otter
otter_0931.jpg,1,otter
otter_0932.jpg,1,otter
otter_0933.jpg,1,otter
otter_0934.jpg,1,otter
otter_0935.jpg,1,otter
otter_0936.jpg,1,otter
otter_0937.jpg,1,otter
otter_0938.jpg,1,otter
otter_0939.jpg,1,otter
otter_0940.jpg,1,otter
otter_0941.jpg,1,otter
otter_0942.jpg,1,otter
otter_0943.jpg,1,otter
otter_0944.jpg,1,otter
otter_0945.jpg,1,otter
otter_0946.jpg,1,otter
otter_0947.jpg,1,otter
otter_0948.jpg,1,otter
otter_0949.jpg,1,otter
otter_0950.jpg,1,otter
otter_0951.jpg,1,otter
otter_0952.jpg,1,otter
otter_0953.jpg,1,otter
otter_0954.jpg,1,otter
otter_0955.jpg,1,otter
otter_0956.jpg,1,otter
otter_0957.jpg,1,otter
otter_0958.jpg,1,otter
otter_0959.jpg,1,otter
otter_0960.jpg,1,otter
otter_0961.jpg,1,otter
otter_0962.jpg,1,otter
otter_0963.jpg,1,otter
otter_0964.jpg,1,otter
otter_0965.jpg,1,otter
otter_0966.jpg,1,otter
otter_0967.jpg,1,otter
otter_0968.jpg,1,otter
otter_0969.jpg,1,otter
otter_0970.jpg,1,otter
otter_0971.jpg,1,otter
otter_0972.jpg,1,otter
otter_0973.jpg,1,otter
otter_0974.jpg,1,otter
otter_0975.jpg,1,otter
otter_0976.jpg,1,otter
otter_0977.jpg,1,otter
otter_0978.jpg,1,otter
otter_0979.jpg,1,otter
otter_0980.jpg,1,otter
otter_0981.jpg,1,otter
otter_0982.jpg,1,otter
otter_0983.jpg,1,otter
otter_0984.jpg,1,otter
otter_0985.jpg,1,otter
otter_0986.jpg,1,otter
otter_0987.jpg,1,otter
otter_0988.jpg,1,otter
otter_0989.jpg,1,otter
otter_0990.jpg,1,otter
otter_0991.jpg,1,otter
otter_0992.jpg,1,otter
otter_0993.jpg,1,otter
otter_0994.jpg,1,otter
otter_0995.jpg,1,otter
otter_0996.jpg,1,otter
otter_0997.jpg,1,otter
otter_0998.jpg,1,otter
otter_0999.jpg,1,otter
otter_1000.jpg,1,otter
pinemarten_0001.jpg,2,pinemarten
pinemarten_0002.jpg,2,pinemarten
pinemarten_0003.jpg,2,pinemarten
pinemarten_0004.jpg,2,pinemarten
pinemarten_0005.jpg,2,pinemarten
pinemarten_0006.jpg,2,pinemarten
pinemarten_0007.jpg,2,pinemarten
pinemarten_0008.jpg,2,pinemarten
pinemarten_0009.jpg,2,pinemarten
pinemarten_0010.jpg,2,pinemarten
pinemarten_0011.jpg,2,pinemarten
pinemarten_0012.jpg,2,pinemarten
pinemarten_0013.jpg,2,pinemarten
pinemarten_0014.jpg,2,pinemarten
pinemarten_0015.jpg,2,pinemarten
pinemarten_0016.jpg,2,pinemarten
pinemarten_0017.jpg,2,pinemarten
pinemarten_0018.jpg,2,pinemarten
pinemarten_0019.jpg,2,pinemarten
pinemarten_0020.jpg,2,pinemarten
pinemarten_0021.jpg,2,pinemarten
pinemarten_0022.jpg,2,pinemarten
pinemarten_0023.jpg,2,pinemarten
pinemarten_0024.jpg,2,pinemarten
pinemarten_0025.jpg,2,pinemarten
pinemarten_0026.jpg,2,pinemarten
pinemarten_0027.jpg,2,pinemarten
pinemarten_0028.jpg,2,pinemarten
pinemarten_0029.jpg,2,pinemarten
pinemarten_0030.jpg,2,pinemarten
pinemarten_0031.jpg,2,pinemarten
pinemarten_0032.jpg,2,pinemarten
pinemarten_0033.jpg,2,pinemarten
pinemarten_0034.jpg,2,pinemarten
pinemarten_0035.jpg,2,pinemarten
pinemarten_0036.jpg,2,pinemarten
pinemarten_0037.jpg,2,pinemarten
pinemarten_0038.jpg,2,pinemarten
pinemarten_0039.jpg,2,pinemarten
pinemarten_0040.jpg,2,pinemarten
pinemarten_0041.jpg,2,pinemarten
pinemarten_0042.jpg,2,pinemarten
pinemarten_0043.jpg,2,pinemarten
pinemarten_0044.jpg,2,pinemarten
pinemarten_0045.jpg,2,pinemarten
pinemarten_0046.jpg,2,pinemarten
pinemarten_0047.jpg,2,pinemarten
pinemarten_0048.jpg,2,pinemarten
pinemarten_0049.jpg,2,pinemarten
pinemarten_0050.jpg,2,pinemarten
pinemarten_0051.jpg,2,pinemarten
pinemarten_0052.jpg,2,pinemarten
pinemarten_0053.jpg,2,pinemarten
pinemarten_0054.jpg,2,pinemarten
pinemarten_0055.jpg,2,pinemarten
pinemarten_0056.jpg,2,pinemarten
pinemarten_0057.jpg,2,pinemarten
pinemarten_0058.jpg,2,pinemarten
pinemarten_0059.jpg,2,pinemarten
pinemarten_0060.jpg,2,pinemarten
pinemarten_0061.jpg,2,pinemarten
pinemarten_0062.jpg,2,pinemarten
pinemarten_0063.jpg,2,pinemarten
pinemarten_0064.jpg,2,pinemarten
pinemarten_0065.jpg,2,pinemarten
pinemarten_0066.jpg,2,pinemarten
pinemarten_0067.jpg,2,pinemarten
pinemarten_0068.jpg,2,pinemarten
pinemarten_0069.jpg,2,pinemarten
pinemarten_0070.jpg,2,pinemarten
pinemarten_0071.jpg,2,pinemarten
pinemarten_0072.jpg,2,pinemarten
pinemarten_0073.jpg,2,pinemarten
pinemarten_0074.jpg,2,pinemarten
pinemarten_0075.jpg,2,pinemarten
pinemarten_0076.jpg,2,pinemarten
pinemarten_0077.jpg,2,pinemarten
pinemarten_0078.jpg,2,pinemarten
pinemarten_0079.jpg,2,pinemarten
pinemarten_0080.jpg,2,pinemarten
pinemarten_0081.jpg,2,pinemarten
pinemarten_0082.jpg,2,pinemarten
pinemarten_0083.jpg,2,pinemarten
pinemarten_0084.jpg,2,pinemarten
pinemarten_0085.jpg,2,pinemarten
pinemarten_0086.jpg,2,pinemarten
pinemarten_0087.jpg,2,pinemarten
pinemarten_0088.jpg,2,pinemarten
pinemarten_0089.jpg,2,pinemarten
pinemarten_0090.jpg,2,pinemarten
pinemarten_0091.jpg,2,pinemarten
pinemarten_0092.jpg,2,pinemarten
pinemarten_0093.jpg,2,pinemarten
pinemarten_0094.jpg,2,pinemarten
pinemarten_0095.jpg,2,pinemarten
pinemarten_0096.jpg,2,pinemarten
pinemarten_0097.jpg,2,pinemarten
pinemarten_0098.jpg,2,pinemarten
pinemarten_0099.jpg,2,pinemarten
pinemarten_0100.jpg,2,pinemarten
pinemarten_0101.jpg,2,pinemarten
pinemarten_0102.jpg,2,pinemarten
pinemarten_0103.jpg,2,pinemarten
pinemarten_0104.jpg,2,pinemarten
pinemarten_0105.jpg,2,pinemarten
pinemarten_0106.jpg,2,pinemarten
pinemarten_0107.jpg,2,pinemarten
pinemarten_0108.jpg,2,pinemarten
pinemarten_0109.jpg,2,pinemarten
pinemarten_0110.jpg,2,pinemarten
pinemarten_0111.jpg,2,pinemarten
pinemarten_0112.jpg,2,pinemarten
pinemarten_0113.jpg,2,pinemarten
pinemarten_0114.jpg,2,pinemarten
pinemarten_0115.jpg,2,pinemarten
pinemarten_0116.jpg,2,pinemarten
pinemarten_0117.jpg,2,pinemarten
pinemarten_0118.jpg,2,pinemarten
pinemarten_0119.jpg,2,pinemarten
pinemarten_0120.jpg,2,pinemarten
pinemarten_0121.jpg,2,pinemarten
pinemarten_0122.jpg,2,pinemarten
pinemarten_0123.jpg,2,pinemarten
pinemarten_0124.jpg,2,pinemarten
pinemarten_0125.jpg,2,pinemarten
pinemarten_0126.jpg,2,pinemarten
pinemarten_0127.jpg,2,pinemarten
pinemarten_0128.jpg,2,pinemarten
pinemarten_0129.jpg,2,pinemarten
pinemarten_0130.jpg,2,pinemarten
pinemarten_0131.jpg,2,pinemarten
pinemarten_0132.jpg,2,pinemarten
pinemarten_0133.jpg,2,pinemarten
pinemarten_0134.jpg,2,pinemarten
pinemarten_0135.jpg,2,pinemarten
pinemarten_0136.jpg,2,pinemarten
pinemarten_0137.jpg,2,pinemarten
pinemarten_0138.jpg,2,pinemarten
pinemarten_0139.jpg,2,pinemarten
pinemarten_0140.jpg,2,pinemarten
pinemarten_0141.jpg,2,pinemarten
pinemarten_0142.jpg,2,pinemarten
pinemarten_0143.jpg,2,pinemarten
pinemarten_0144.jpg,2,pinemarten
pinemarten_0145.jpg,2,pinemarten
pinemarten_0146.jpg,2,pinemarten
pinemarten_0147.jpg,2,pinemarten
pinemarten_0148.jpg,2,pinemarten
pinemarten_0149.jpg,2,pinemarten
pinemarten_0150.jpg,2,pinemarten
pinemarten_0151.jpg,2,pinemarten
pinemarten_0152.jpg,2,pinemarten
pinemarten_0153.jpg,2,pinemarten
pinemarten_0154.jpg,2,pinemarten
pinemarten_0155.jpg,2,pinemarten
pinemarten_0156.jpg,2,pinemarten
pinemarten_0157.jpg,2,pinemarten
pinemarten_0158.jpg,2,pinemarten
pinemarten_0159.jpg,2,pinemarten
pinemarten_0160.jpg,2,pinemarten
pinemarten_0161.jpg,2,pinemarten
pinemarten_0162.jpg,2,pinemarten
pinemarten_0163.jpg,2,pinemarten
pinemarten_0164.jpg,2,pinemarten
pinemarten_0165.jpg,2,pinemarten
pinemarten_0166.jpg,2,pinemarten
pinemarten_0167.jpg,2,pinemarten
pinemarten_0168.jpg,2,pinemarten
pinemarten_0169.jpg,2,pinemarten
pinemarten_0170.jpg,2,pinemarten
pinemarten_0171.jpg,2,pinemarten
pinemarten_0172.jpg,2,pinemarten
pinemarten_0173.jpg,2,pinemarten
pinemarten_0174.jpg,2,pinemarten
pinemarten_0175.jpg,2,pinemarten
pinemarten_0176.jpg,2,pinemarten
pinemarten_0177.jpg,2,pinemarten
pinemarten_0178.jpg,2,pinemarten
pinemarten_0179.jpg,2,pinemarten
pinemarten_0180.jpg,2,pinemarten
pinemarten_0181.jpg,2,pinemarten
pinemarten_0182.jpg,2,pinemarten
pinemarten_0183.jpg,2,pinemarten
pinemarten_0184.jpg,2,pinemarten
pinemarten_0185.jpg,2,pinemarten
pinemarten_0186.jpg,2,pinemarten
pinemarten_0187.jpg,2,pinemarten
pinemarten_0188.jpg,2,pinemarten
pinemarten_0189.jpg,2,pinemarten
pinemarten_0190.jpg,2,pinemarten
pinemarten_0191.jpg,2,pinemarten
pinemarten_0192.jpg,2,pinemarten
pinemarten_0193.jpg,2,pinemarten
pinemarten_0194.jpg,2,pinemarten
pinemarten_0195.jpg,2,pinemarten
pinemarten_0196.jpg,2,pinemarten
pinemarten_0197.jpg,2,pinemarten
pinemarten_0198.jpg,2,pinemarten
pinemarten_0199.jpg,2,pinemarten
pinemarten_0200.jpg,2,pinemarten
pinemarten_0201.jpg,2,pinemarten
pinemarten_0202.jpg,2,pinemarten
pinemarten_0203.jpg,2,pinemarten
pinemarten_0204.jpg,2,pinemarten
pinemarten_0205.jpg,2,pinemarten
pinemarten_0206.jpg,2,pinemarten
pinemarten_0207.jpg,2,pinemarten
pinemarten_0208.jpg,2,pinemarten
pinemarten_0209.jpg,2,pinemarten
pinemarten_0210.jpg,2,pinemarten
pinemarten_0211.jpg,2,pinemarten
pinemarten_0212.jpg,2,pinemarten
pinemarten_0213.jpg,2,pinemarten
pinemarten_0214.jpg,2,pinemarten
pinemarten_0215.jpg,2,pinemarten
pinemarten_0216.jpg,2,pinemarten
pinemarten_0217.jpg,2,pinemarten
pinemarten_0218.jpg,2,pinemarten
pinemarten_0219.jpg,2,pinemarten
pinemarten_0220.jpg,2,pinemarten
pinemarten_0221.jpg,2,pinemarten
pinemarten_0222.jpg,2,pinemarten
pinemarten_0223.jpg,2,pinemarten
pinemarten_0224.jpg,2,pinemarten
pinemarten_0225.jpg,2,pinemarten
pinemarten_0226.jpg,2,pinemarten
pinemarten_0227.jpg,2,pinemarten
pinemarten_0228.jpg,2,pinemarten
pinemarten_0229.jpg,2,pinemarten
pinemarten_0230.jpg,2,pinemarten
pinemarten_0231.jpg,2,pinemarten
pinemarten_0232.jpg,2,pinemarten
pinemarten_0233.jpg,2,pinemarten
pinemarten_0234.jpg,2,pinemarten
pinemarten_0235.jpg,2,pinemarten
pinemarten_0236.jpg,2,pinemarten
pinemarten_0237.jpg,2,pinemarten
pinemarten_0238.jpg,2,pinemarten
pinemarten_0239.jpg,2,pinemarten
pinemarten_0240.jpg,2,pinemarten
pinemarten_0241.jpg,2,pinemarten
pinemarten_0242.jpg,2,pinemarten
pinemarten_0243.jpg,2,pinemarten
pinemarten_0244.jpg,2,pinemarten
pinemarten_0245.jpg,2,pinemarten
pinemarten_0246.jpg,2,pinemarten
pinemarten_0247.jpg,2,pinemarten
pinemarten_0248.jpg,2,pinemarten
pinemarten_0249.jpg,2,pinemarten
pinemarten_0250.jpg,2,pinemarten
pinemarten_0251.jpg,2,pinemarten
pinemarten_0252.jpg,2,pinemarten
pinemarten_0253.jpg,2,pinemarten
pinemarten_0254.jpg,2,pinemarten
pinemarten_0255.jpg,2,pinemarten
pinemarten_0256.jpg,2,pinemarten
pinemarten_0257.jpg,2,pinemarten
pinemarten_0258.jpg,2,pinemarten
pinemarten_0259.jpg,2,pinemarten
pinemarten_0260.jpg,2,pinemarten
pinemarten_0261.jpg,2,pinemarten
pinemarten_0262.jpg,2,pinemarten
pinemarten_0263.jpg,2,pinemarten
pinemarten_0264.jpg,2,pinemarten
pinemarten_0265.jpg,2,pinemarten
pinemarten_0266.jpg,2,pinemarten
pinemarten_0267.jpg,2,pinemarten
pinemarten_0268.jpg,2,pinemarten
pinemarten_0269.jpg,2,pinemarten
pinemarten_0270.jpg,2,pinemarten
pinemarten_0271.jpg,2,pinemarten
pinemarten_0272.jpg,2,pinemarten
pinemarten_0273.jpg,2,pinemarten
pinemarten_0274.jpg,2,pinemarten
pinemarten_0275.jpg,2,pinemarten
pinemarten_0276.jpg,2,pinemarten
pinemarten_0277.jpg,2,pinemarten
pinemarten_0278.jpg,2,pinemarten
pinemarten_0279.jpg,2,pinemarten
pinemarten_0280.jpg,2,pinemarten
pinemarten_0281.jpg,2,pinemarten
pinemarten_0282.jpg,2,pinemarten
pinemarten_0283.jpg,2,pinemarten
pinemarten_0284.jpg,2,pinemarten
pinemarten_0285.jpg,2,pinemarten
pinemarten_0286.jpg,2,pinemarten
pinemarten_0287.jpg,2,pinemarten
pinemarten_0288.jpg,2,pinemarten
pinemarten_0289.jpg,2,pinemarten
pinemarten_0290.jpg,2,pinemarten
pinemarten_0291.jpg,2,pinemarten
pinemarten_0292.jpg,2,pinemarten
pinemarten_0293.jpg,2,pinemarten
pinemarten_0294.jpg,2,pinemarten
pinemarten_0295.jpg,2,pinemarten
pinemarten_0296.jpg,2,pinemarten
pinemarten_0297.jpg,2,pinemarten
pinemarten_0298.jpg,2,pinemarten
pinemarten_0299.jpg,2,pinemarten
pinemarten_0300.jpg,2,pinemarten
pinemarten_0301.jpg,2,pinemarten
pinemarten_0302.jpg,2,pinemarten
pinemarten_0303.jpg,2,pinemarten
pinemarten_0304.jpg,2,pinemarten
pinemarten_0305.jpg,2,pinemarten
pinemarten_0306.jpg,2,pinemarten
pinemarten_0307.jpg,2,pinemarten
pinemarten_0308.jpg,2,pinemarten
pinemarten_0309.jpg,2,pinemarten
pinemarten_0310.jpg,2,pinemarten
pinemarten_0311.jpg,2,pinemarten
pinemarten_0312.jpg,2,pinemarten
pinemarten_0313.jpg,2,pinemarten
pinemarten_0314.jpg,2,pinemarten
pinemarten_0315.jpg,2,pinemarten
pinemarten_0316.jpg,2,pinemarten
pinemarten_0317.jpg,2,pinemarten
pinemarten_0318.jpg,2,pinemarten
pinemarten_0319.jpg,2,pinemarten
pinemarten_0320.jpg,2,pinemarten
pinemarten_0321.jpg,2,pinemarten
pinemarten_0322.jpg,2,pinemarten
pinemarten_0323.jpg,2,pinemarten
pinemarten_0324.jpg,2,pinemarten
pinemarten_0325.jpg,2,pinemarten
pinemarten_0326.jpg,2,pinemarten
pinemarten_0327.jpg,2,pinemarten
pinemarten_0328.jpg,2,pinemarten
pinemarten_0329.jpg,2,pinemarten
pinemarten_0330.jpg,2,pinemarten
pinemarten_0331.jpg,2,pinemarten
pinemarten_0332.jpg,2,pinemarten
pinemarten_0333.jpg,2,pinemarten
pinemarten_0334.jpg,2,pinemarten
pinemarten_0335.jpg,2,pinemarten
pinemarten_0336.jpg,2,pinemarten
pinemarten_0337.jpg,2,pinemarten
pinemarten_0338.jpg,2,pinemarten
pinemarten_0339.jpg,2,pinemarten
pinemarten_0340.jpg,2,pinemarten
pinemarten_0341.jpg,2,pinemarten
pinemarten_0342.jpg,2,pinemarten
pinemarten_0343.jpg,2,pinemarten
pinemarten_0344.jpg,2,pinemarten
pinemarten_0345.jpg,2,pinemarten
pinemarten_0346.jpg,2,pinemarten
pinemarten_0347.jpg,2,pinemarten
pinemarten_0348.jpg,2,pinemarten
pinemarten_0349.jpg,2,pinemarten
pinemarten_0350.jpg,2,pinemarten
pinemarten_0351.jpg,2,pinemarten
pinemarten_0352.jpg,2,pinemarten
pinemarten_0353.jpg,2,pinemarten
pinemarten_0354.jpg,2,pinemarten
pinemarten_0355.jpg,2,pinemarten
pinemarten_0356.jpg,2,pinemarten
pinemarten_0357.jpg,2,pinemarten
pinemarten_0358.jpg,2,pinemarten
pinemarten_0359.jpg,2,pinemarten
pinemarten_0360.jpg,2,pinemarten
pinemarten_0361.jpg,2,pinemarten
pinemarten_0362.jpg,2,pinemarten
pinemarten_0363.jpg,2,pinemarten
pinemarten_0364.jpg,2,pinemarten
pinemarten_0365.jpg,2,pinemarten
pinemarten_0366.jpg,2,pinemarten
pinemarten_0367.jpg,2,pinemarten
pinemarten_0368.jpg,2,pinemarten
pinemarten_0369.jpg,2,pinemarten
pinemarten_0370.jpg,2,pinemarten
pinemarten_0371.jpg,2,pinemarten
pinemarten_0372.jpg,2,pinemarten
pinemarten_0373.jpg,2,pinemarten
pinemarten_0374.jpg,2,pinemarten
pinemarten_0375.jpg,2,pinemarten
pinemarten_0376.jpg,2,pinemarten
pinemarten_0377.jpg,2,pinemarten
pinemarten_0378.jpg,2,pinemarten
pinemarten_0379.jpg,2,pinemarten
pinemarten_0380.jpg,2,pinemarten
pinemarten_0381.jpg,2,pinemarten
pinemarten_0382.jpg,2,pinemarten
pinemarten_0383.jpg,2,pinemarten
pinemarten_0384.jpg,2,pinemarten
pinemarten_0385.jpg,2,pinemarten
pinemarten_0386.jpg,2,pinemarten
pinemarten_0387.jpg,2,pinemarten
pinemarten_0388.jpg,2,pinemarten
pinemarten_0389.jpg,2,pinemarten
pinemarten_0390.jpg,2,pinemarten
pinemarten_0391.jpg,2,pinemarten
pinemarten_0392.jpg,2,pinemarten
pinemarten_0393.jpg,2,pinemarten
pinemarten_0394.jpg,2,pinemarten
pinemarten_0395.jpg,2,pinemarten
pinemarten_0396.jpg,2,pinemarten
pinemarten_0397.jpg,2,pinemarten
pinemarten_0398.jpg,2,pinemarten
pinemarten_0399.jpg,2,pinemarten
pinemarten_0400.jpg,2,pinemarten
pinemarten_0401.jpg,2,pinemarten
pinemarten_0402.jpg,2,pinemarten
pinemarten_0403.jpg,2,pinemarten
pinemarten_0404.jpg,2,pinemarten
pinemarten_0405.jpg,2,pinemarten
pinemarten_0406.jpg,2,pinemarten
pinemarten_0407.jpg,2,pinemarten
pinemarten_0408.jpg,2,pinemarten
pinemarten_0409.jpg,2,pinemarten
pinemarten_0410.jpg,2,pinemarten
pinemarten_0411.jpg,2,pinemarten
pinemarten_0412.jpg,2,pinemarten
pinemarten_0413.jpg,2,pinemarten
pinemarten_0414.jpg,2,pinemarten
pinemarten_0415.jpg,2,pinemarten
pinemarten_0416.jpg,2,pinemarten
pinemarten_0417.jpg,2,pinemarten
pinemarten_0418.jpg,2,pinemarten
pinemarten_0419.jpg,2,pinemarten
pinemarten_0420.jpg,2,pinemarten
pinemarten_0421.jpg,2,pinemarten
pinemarten_0422.jpg,2,pinemarten
pinemarten_0423.jpg,2,pinemarten
pinemarten_0424.jpg,2,pinemarten
pinemarten_0425.jpg,2,pinemarten
pinemarten_0426.jpg,2,pinemarten
pinemarten_0427.jpg,2,pinemarten
pinemarten_0428.jpg,2,pinemarten
pinemarten_0429.jpg,2,pinemarten
pinemarten_0430.jpg,2,pinemarten
pinemarten_0431.jpg,2,pinemarten
pinemarten_0432.jpg,2,pinemarten
pinemarten_0433.jpg,2,pinemarten
pinemarten_0434.jpg,2,pinemarten
pinemarten_0435.jpg,2,pinemarten
pinemarten_0436.jpg,2,pinemarten
pinemarten_0437.jpg,2,pinemarten
pinemarten_0438.jpg,2,pinemarten
pinemarten_0439.jpg,2,pinemarten
pinemarten_0440.jpg,2,pinemarten
pinemarten_0441.jpg,2,pinemarten
pinemarten_0442.jpg,2,pinemarten
pinemarten_0443.jpg,2,pinemarten
pinemarten_0444.jpg,2,pinemarten
pinemarten_0445.jpg,2,pinemarten
pinemarten_0446.jpg,2,pinemarten
pinemarten_0447.jpg,2,pinemarten
pinemarten_0448.jpg,2,pinemarten
pinemarten_0449.jpg,2,pinemarten
pinemarten_0450.jpg,2,pinemarten
pinemarten_0451.jpg,2,pinemarten
pinemarten_0452.jpg,2,pinemarten
pinemarten_0453.jpg,2,pinemarten
pinemarten_0454.jpg,2,pinemarten
pinemarten_0455.jpg,2,pinemarten
pinemarten_0456.jpg,2,pinemarten
pinemarten_0457.jpg,2,pinemarten
pinemarten_0458.jpg,2,pinemarten
pinemarten_0459.jpg,2,pinemarten
pinemarten_0460.jpg,2,pinemarten
pinemarten_0461.jpg,2,pinemarten
pinemarten_0462.jpg,2,pinemarten
pinemarten_0463.jpg,2,pinemarten
pinemarten_0464.jpg,2,pinemarten
pinemarten_0465.jpg,2,pinemarten
pinemarten_0466.jpg,2,pinemarten
pinemarten_0467.jpg,2,pinemarten
pinemarten_0468.jpg,2,pinemarten
pinemarten_0469.jpg,2,pinemarten
pinemarten_0470.jpg,2,pinemarten
pinemarten_0471.jpg,2,pinemarten
pinemarten_0472.jpg,2,pinemarten
pinemarten_0473.jpg,2,pinemarten
pinemarten_0474.jpg,2,pinemarten
pinemarten_0475.jpg,2,pinemarten
pinemarten_0476.jpg,2,pinemarten
pinemarten_0477.jpg,2,pinemarten
pinemarten_0478.jpg,2,pinemarten
pinemarten_0479.jpg,2,pinemarten
pinemarten_0480.jpg,2,pinemarten
pinemarten_0481.jpg,2,pinemarten
pinemarten_0482.jpg,2,pinemarten
pinemarten_0483.jpg,2,pinemarten
pinemarten_0484.jpg,2,pinemarten
pinemarten_0485.jpg,2,pinemarten
pinemarten_0486.jpg,2,pinemarten
pinemarten_0487.jpg,2,pinemarten
pinemarten_0488.jpg,2,pinemarten
pinemarten_0489.jpg,2,pinemarten
pinemarten_0490.jpg,2,pinemarten
pinemarten_0491.jpg,2,pinemarten
pinemarten_0492.jpg,2,pinemarten
pinemarten_0493.jpg,2,pinemarten
pinemarten_0494.jpg,2,pinemarten
pinemarten_0495.jpg,2,pinemarten
pinemarten_0496.jpg,2,pinemarten
pinemarten_0497.jpg,2,pinemarten
pinemarten_0498.jpg,2,pinemarten
pinemarten_0499.jpg,2,pinemarten
pinemarten_0500.jpg,2,pinemarten
pinemarten_0501.jpg,2,pinemarten
pinemarten_0502.jpg,2,pinemarten
pinemarten_0503.jpg,2,pinemarten
pinemarten_0504.jpg,2,pinemarten
pinemarten_0505.jpg,2,pinemarten
pinemarten_0506.jpg,2,pinemarten
pinemarten_0507.jpg,2,pinemarten
pinemarten_0508.jpg,2,pinemarten
pinemarten_0509.jpg,2,pinemarten
pinemarten_0510.jpg,2,pinemarten
pinemarten_0511.jpg,2,pinemarten
pinemarten_0512.jpg,2,pinemarten
pinemarten_0513.jpg,2,pinemarten
pinemarten_0514.jpg,2,pinemarten
pinemarten_0515.jpg,2,pinemarten
pinemarten_0516.jpg,2,pinemarten
pinemarten_0517.jpg,2,pinemarten
pinemarten_0518.jpg,2,pinemarten
pinemarten_0519.jpg,2,pinemarten
pinemarten_0520.jpg,2,pinemarten
pinemarten_0521.jpg,2,pinemarten
pinemarten_0522.jpg,2,pinemarten
pinemarten_0523.jpg,2,pinemarten
pinemarten_0524.jpg,2,pinemarten
pinemarten_0525.jpg,2,pinemarten
pinemarten_0526.jpg,2,pinemarten
pinemarten_0527.jpg,2,pinemarten
pinemarten_0528.jpg,2,pinemarten
pinemarten_0529.jpg,2,pinemarten
pinemarten_0530.jpg,2,pinemarten
pinemarten_0531.jpg,2,pinemarten
pinemarten_0532.jpg,2,pinemarten
pinemarten_0533.jpg,2,pinemarten
pinemarten_0534.jpg,2,pinemarten
pinemarten_0535.jpg,2,pinemarten
pinemarten_0536.jpg,2,pinemarten
pinemarten_0537.jpg,2,pinemarten
pinemarten_0538.jpg,2,pinemarten
pinemarten_0539.jpg,2,pinemarten
pinemarten_0540.jpg,2,pinemarten
pinemarten_0541.jpg,2,pinemarten
pinemarten_0542.jpg,2,pinemarten
pinemarten_0543.jpg,2,pinemarten
pinemarten_0544.jpg,2,pinemarten
pinemarten_0545.jpg,2,pinemarten
pinemarten_0546.jpg,2,pinemarten
pinemarten_0547.jpg,2,pinemarten
pinemarten_0548.jpg,2,pinemarten
pinemarten_0549.jpg,2,pinemarten
pinemarten_0550.jpg,2,pinemarten
pinemarten_0551.jpg,2,pinemarten
pinemarten_0552.jpg,2,pinemarten
pinemarten_0553.jpg,2,pinemarten
pinemarten_0554.jpg,2,pinemarten
pinemarten_0555.jpg,2,pinemarten
pinemarten_0556.jpg,2,pinemarten
pinemarten_0557.jpg,2,pinemarten
pinemarten_0558.jpg,2,pinemarten
pinemarten_0559.jpg,2,pinemarten
pinemarten_0560.jpg,2,pinemarten
pinemarten_0561.jpg,2,pinemarten
pinemarten_0562.jpg,2,pinemarten
pinemarten_0563.jpg,2,pinemarten
pinemarten_0564.jpg,2,pinemarten
pinemarten_0565.jpg,2,pinemarten
pinemarten_0566.jpg,2,pinemarten
pinemarten_0567.jpg,2,pinemarten
pinemarten_0568.jpg,2,pinemarten
pinemarten_0569.jpg,2,pinemarten
pinemarten_0570.jpg,2,pinemarten
pinemarten_0571.jpg,2,pinemarten
pinemarten_0572.jpg,2,pinemarten
pinemarten_0573.jpg,2,pinemarten
pinemarten_0574.jpg,2,pinemarten
pinemarten_0575.jpg,2,pinemarten
pinemarten_0576.jpg,2,pinemarten
pinemarten_0577.jpg,2,pinemarten
pinemarten_0578.jpg,2,pinemarten
pinemarten_0579.jpg,2,pinemarten
pinemarten_0580.jpg,2,pinemarten
pinemarten_0581.jpg,2,pinemarten
pinemarten_0582.jpg,2,pinemarten
pinemarten_0583.jpg,2,pinemarten
pinemarten_0584.jpg,2,pinemarten
pinemarten_0585.jpg,2,pinemarten
pinemarten_0586.jpg,2,pinemarten
pinemarten_0587.jpg,2,pinemarten
pinemarten_0588.jpg,2,pinemarten
pinemarten_0589.jpg,2,pinemarten
pinemarten_0590.jpg,2,pinemarten
pinemarten_0591.jpg,2,pinemarten
pinemarten_0592.jpg,2,pinemarten
pinemarten_0593.jpg,2,pinemarten
pinemarten_0594.jpg,2,pinemarten
pinemarten_0595.jpg,2,pinemarten
pinemarten_0596.jpg,2,pinemarten
pinemarten_0597.jpg,2,pinemarten
pinemarten_0598.jpg,2,pinemarten
pinemarten_0599.jpg,2,pinemarten
pinemarten_0600.jpg,2,pinemarten
pinemarten_0601.jpg,2,pinemarten
pinemarten_0602.jpg,2,pinemarten
pinemarten_0603.jpg,2,pinemarten
pinemarten_0604.jpg,2,pinemarten
pinemarten_0605.jpg,2,pinemarten
pinemarten_0606.jpg,2,pinemarten
pinemarten_0607.jpg,2,pinemarten
pinemarten_0608.jpg,2,pinemarten
pinemarten_0609.jpg,2,pinemarten
pinemarten_0610.jpg,2,pinemarten
pinemarten_0611.jpg,2,pinemarten
pinemarten_0612.jpg,2,pinemarten
pinemarten_0613.jpg,2,pinemarten
pinemarten_0614.jpg,2,pinemarten
pinemarten_0615.jpg,2,pinemarten
pinemarten_0616.jpg,2,pinemarten
pinemarten_0617.jpg,2,pinemarten
pinemarten_0618.jpg,2,pinemarten
pinemarten_0619.jpg,2,pinemarten
pinemarten_0620.jpg,2,pinemarten
pinemarten_0621.jpg,2,pinemarten
pinemarten_0622.jpg,2,pinemarten
pinemarten_0623.jpg,2,pinemarten
pinemarten_0624.jpg,2,pinemarten
pinemarten_0625.jpg,2,pinemarten
pinemarten_0626.jpg,2,pinemarten
pinemarten_0627.jpg,2,pinemarten
pinemarten_0628.jpg,2,pinemarten
pinemarten_0629.jpg,2,pinemarten
pinemarten_0630.jpg,2,pinemarten
pinemarten_0631.jpg,2,pinemarten
pinemarten_0632.jpg,2,pinemarten
pinemarten_0633.jpg,2,pinemarten
pinemarten_0634.jpg,2,pinemarten
pinemarten_0635.jpg,2,pinemarten
pinemarten_0636.jpg,2,pinemarten
pinemarten_0637.jpg,2,pinemarten
pinemarten_0638.jpg,2,pinemarten
pinemarten_0639.jpg,2,pinemarten
pinemarten_0640.jpg,2,pinemarten
pinemarten_0641.jpg,2,pinemarten
pinemarten_0642.jpg,2,pinemarten
pinemarten_0643.jpg,2,pinemarten
pinemarten_0644.jpg,2,pinemarten
pinemarten_0645.jpg,2,pinemarten
pinemarten_0646.jpg,2,pinemarten
pinemarten_0647.jpg,2,pinemarten
pinemarten_0648.jpg,2,pinemarten
pinemarten_0649.jpg,2,pinemarten
pinemarten_0650.jpg,2,pinemarten
pinemarten_0651.jpg,2,pinemarten
pinemarten_0652.jpg,2,pinemarten
pinemarten_0653.jpg,2,pinemarten
pinemarten_0654.jpg,2,pinemarten
pinemarten_0655.jpg,2,pinemarten
pinemarten_0656.jpg,2,pinemarten
pinemarten_0657.jpg,2,pinemarten
pinemarten_0658.jpg,2,pinemarten
pinemarten_0659.jpg,2,pinemarten
pinemarten_0660.jpg,2,pinemarten
pinemarten_0661.jpg,2,pinemarten
pinemarten_0662.jpg,2,pinemarten
pinemarten_0663.jpg,2,pinemarten
pinemarten_0664.jpg,2,pinemarten
pinemarten_0665.jpg,2,pinemarten
pinemarten_0666.jpg,2,pinemarten
pinemarten_0667.jpg,2,pinemarten
pinemarten_0668.jpg,2,pinemarten
pinemarten_0669.jpg,2,pinemarten
pinemarten_0670.jpg,2,pinemarten
pinemarten_0671.jpg,2,pinemarten
pinemarten_0672.jpg,2,pinemarten
pinemarten_0673.jpg,2,pinemarten
pinemarten_0674.jpg,2,pinemarten
pinemarten_0675.jpg,2,pinemarten
pinemarten_0676.jpg,2,pinemarten
pinemarten_0677.jpg,2,pinemarten
pinemarten_0678.jpg,2,pinemarten
pinemarten_0679.jpg,2,pinemarten
pinemarten_0680.jpg,2,pinemarten
pinemarten_0681.jpg,2,pinemarten
pinemarten_0682.jpg,2,pinemarten
pinemarten_0683.jpg,2,pinemarten
pinemarten_0684.jpg,2,pinemarten
pinemarten_0685.jpg,2,pinemarten
pinemarten_0686.jpg,2,pinemarten
pinemarten_0687.jpg,2,pinemarten
pinemarten_0688.jpg,2,pinemarten
pinemarten_0689.jpg,2,pinemarten
pinemarten_0690.jpg,2,pinemarten
pinemarten_0691.jpg,2,pinemarten
pinemarten_0692.jpg,2,pinemarten
pinemarten_0693.jpg,2,pinemarten
pinemarten_0694.jpg,2,pinemarten
pinemarten_0695.jpg,2,pinemarten
pinemarten_0696.jpg,2,pinemarten
pinemarten_0697.jpg,2,pinemarten
pinemarten_0698.jpg,2,pinemarten
pinemarten_0699.jpg,2,pinemarten
pinemarten_0700.jpg,2,pinemarten
pinemarten_0701.jpg,2,pinemarten
pinemarten_0702.jpg,2,pinemarten
pinemarten_0703.jpg,2,pinemarten
pinemarten_0704.jpg,2,pinemarten
pinemarten_0705.jpg,2,pinemarten
pinemarten_0706.jpg,2,pinemarten
pinemarten_0707.jpg,2,pinemarten
pinemarten_0708.jpg,2,pinemarten
pinemarten_0709.jpg,2,pinemarten
pinemarten_0710.jpg,2,pinemarten
pinemarten_0711.jpg,2,pinemarten
pinemarten_0712.jpg,2,pinemarten
pinemarten_0713.jpg,2,pinemarten
pinemarten_0714.jpg,2,pinemarten
pinemarten_0715.jpg,2,pinemarten
pinemarten_0716.jpg,2,pinemarten
pinemarten_0717.jpg,2,pinemarten
pinemarten_0718.jpg,2,pinemarten
pinemarten_0719.jpg,2,pinemarten
pinemarten_0720.jpg,2,pinemarten
pinemarten_0721.jpg,2,pinemarten
pinemarten_0722.jpg,2,pinemarten
pinemarten_0723.jpg,2,pinemarten
pinemarten_0724.jpg,2,pinemarten
pinemarten_0725.jpg,2,pinemarten
pinemarten_0726.jpg,2,pinemarten
pinemarten_0727.jpg,2,pinemarten
pinemarten_0728.jpg,2,pinemarten
pinemarten_0729.jpg,2,pinemarten
pinemarten_0730.jpg,2,pinemarten
pinemarten_0731.jpg,2,pinemarten
pinemarten_0732.jpg,2,pinemarten
pinemarten_0733.jpg,2,pinemarten
pinemarten_0734.jpg,2,pinemarten
pinemarten_0735.jpg,2,pinemarten
pinemarten_0736.jpg,2,pinemarten
pinemarten_0737.jpg,2,pinemarten
pinemarten_0738.jpg,2,pinemarten
pinemarten_0739.jpg,2,pinemarten
pinemarten_0740.jpg,2,pinemarten
pinemarten_0741.jpg,2,pinemarten
pinemarten_0742.jpg,2,pinemarten
pinemarten_0743.jpg,2,pinemarten
pinemarten_0744.jpg,2,pinemarten
pinemarten_0745.jpg,2,pinemarten
pinemarten_0746.jpg,2,pinemarten
pinemarten_0747.jpg,2,pinemarten
pinemarten_0748.jpg,2,pinemarten
pinemarten_0749.jpg,2,pinemarten
pinemarten_0750.jpg,2,pinemarten
pinemarten_0751.jpg,2,pinemarten
pinemarten_0752.jpg,2,pinemarten
pinemarten_0753.jpg,2,pinemarten
pinemarten_0754.jpg,2,pinemarten
pinemarten_0755.jpg,2,pinemarten
pinemarten_0756.jpg,2,pinemarten
pinemarten_0757.jpg,2,pinemarten
pinemarten_0758.jpg,2,pinemarten
pinemarten_0759.jpg,2,pinemarten
pinemarten_0760.jpg,2,pinemarten
pinemarten_0761.jpg,2,pinemarten
pinemarten_0762.jpg,2,pinemarten
pinemarten_0763.jpg,2,pinemarten
pinemarten_0764.jpg,2,pinemarten
pinemarten_0765.jpg,2,pinemarten
pinemarten_0766.jpg,2,pinemarten
pinemarten_0767.jpg,2,pinemarten
pinemarten_0768.jpg,2,pinemarten
pinemarten_0769.jpg,2,pinemarten
pinemarten_0770.jpg,2,pinemarten
pinemarten_0771.jpg,2,pinemarten
pinemarten_0772.jpg,2,pinemarten
pinemarten_0773.jpg,2,pinemarten
pinemarten_0774.jpg,2,pinemarten
pinemarten_0775.jpg,2,pinemarten
pinemarten_0776.jpg,2,pinemarten
pinemarten_0777.jpg,2,pinemarten
pinemarten_0778.jpg,2,pinemarten
pinemarten_0779.jpg,2,pinemarten
pinemarten_0780.jpg,2,pinemarten
pinemarten_0781.jpg,2,pinemarten
pinemarten_0782.jpg,2,pinemarten
pinemarten_0783.jpg,2,pinemarten
pinemarten_0784.jpg,2,pinemarten
pinemarten_0785.jpg,2,pinemarten
pinemarten_0786.jpg,2,pinemarten
pinemarten_0787.jpg,2,pinemarten
pinemarten_0788.jpg,2,pinemarten
pinemarten_0789.jpg,2,pinemarten
pinemarten_0790.jpg,2,pinemarten
pinemarten_0791.jpg,2,pinemarten
pinemarten_0792.jpg,2,pinemarten
pinemarten_0793.jpg,2,pinemarten
pinemarten_0794.jpg,2,pinemarten
pinemarten_0795.jpg,2,pinemarten
pinemarten_0796.jpg,2,pinemarten
pinemarten_0797.jpg,2,pinemarten
pinemarten_0798.jpg,2,pinemarten
pinemarten_0799.jpg,2,pinemarten
pinemarten_0800.jpg,2,pinemarten
pinemarten_0801.jpg,2,pinemarten
pinemarten_0802.jpg,2,pinemarten
pinemarten_0803.jpg,2,pinemarten
pinemarten_0804.jpg,2,pinemarten
pinemarten_0805.jpg,2,pinemarten
pinemarten_0806.jpg,2,pinemarten
pinemarten_0807.jpg,2,pinemarten
pinemarten_0808.jpg,2,pinemarten
pinemarten_0809.jpg,2,pinemarten
pinemarten_0810.jpg,2,pinemarten
pinemarten_0811.jpg,2,pinemarten
pinemarten_0812.jpg,2,pinemarten
pinemarten_0813.jpg,2,pinemarten
pinemarten_0814.jpg,2,pinemarten
pinemarten_0815.jpg,2,pinemarten
pinemarten_0816.jpg,2,pinemarten
pinemarten_0817.jpg,2,pinemarten
pinemarten_0818.jpg,2,pinemarten
pinemarten_0819.jpg,2,pinemarten
pinemarten_0820.jpg,2,pinemarten
pinemarten_0821.jpg,2,pinemarten
pinemarten_0822.jpg,2,pinemarten
pinemarten_0823.jpg,2,pinemarten
pinemarten_0824.jpg,2,pinemarten
pinemarten_0825.jpg,2,pinemarten
pinemarten_0826.jpg,2,pinemarten
pinemarten_0827.jpg,2,pinemarten
pinemarten_0828.jpg,2,pinemarten
pinemarten_0829.jpg,2,pinemarten
pinemarten_0830.jpg,2,pinemarten
pinemarten_0831.jpg,2,pinemarten
pinemarten_0832.jpg,2,pinemarten
pinemarten_0833.jpg,2,pinemarten
pinemarten_0834.jpg,2,pinemarten
pinemarten_0835.jpg,2,pinemarten
pinemarten_0836.jpg,2,pinemarten
pinemarten_0837.jpg,2,pinemarten
pinemarten_0838.jpg,2,pinemarten
pinemarten_0839.jpg,2,pinemarten
pinemarten_0840.jpg,2,pinemarten
pinemarten_0841.jpg,2,pinemarten
pinemarten_0842.jpg,2,pinemarten
pinemarten_0843.jpg,2,pinemarten
pinemarten_0844.jpg,2,pinemarten
pinemarten_0845.jpg,2,pinemarten
pinemarten_0846.jpg,2,pinemarten
pinemarten_0847.jpg,2,pinemarten
pinemarten_0848.jpg,2,pinemarten
pinemarten_0849.jpg,2,pinemarten
pinemarten_0850.jpg,2,pinemarten
pinemarten_0851.jpg,2,pinemarten
pinemarten_0852.jpg,2,pinemarten
pinemarten_0853.jpg,2,pinemarten
pinemarten_0854.jpg,2,pinemarten
pinemarten_0855.jpg,2,pinemarten
pinemarten_0856.jpg,2,pinemarten
pinemarten_0857.jpg,2,pinemarten
pinemarten_0858.jpg,2,pinemarten
pinemarten_0859.jpg,2,pinemarten
pinemarten_0860.jpg,2,pinemarten
pinemarten_0861.jpg,2,pinemarten
pinemarten_0862.jpg,2,pinemarten
pinemarten_0863.jpg,2,pinemarten
pinemarten_0864.jpg,2,pinemarten
pinemarten_0865.jpg,2,pinemarten
pinemarten_0866.jpg,2,pinemarten
pinemarten_0867.jpg,2,pinemarten
pinemarten_0868.jpg,2,pinemarten
pinemarten_0869.jpg,2,pinemarten
pinemarten_0870.jpg,2,pinemarten
pinemarten_0871.jpg,2,pinemarten
pinemarten_0872.jpg,2,pinemarten
pinemarten_0873.jpg,2,pinemarten
pinemarten_0874.jpg,2,pinemarten
pinemarten_0875.jpg,2,pinemarten
pinemarten_0876.jpg,2,pinemarten
pinemarten_0877.jpg,2,pinemarten
pinemarten_0878.jpg,2,pinemarten
pinemarten_0879.jpg,2,pinemarten
pinemarten_0880.jpg,2,pinemarten
pinemarten_0881.jpg,2,pinemarten
pinemarten_0882.jpg,2,pinemarten
pinemarten_0883.jpg,2,pinemarten
pinemarten_0884.jpg,2,pinemarten
pinemarten_0885.jpg,2,pinemarten
pinemarten_0886.jpg,2,pinemarten
pinemarten_0887.jpg,2,pinemarten
pinemarten_0888.jpg,2,pinemarten
pinemarten_0889.jpg,2,pinemarten
pinemarten_0890.jpg,2,pinemarten
pinemarten_0891.jpg,2,pinemarten
pinemarten_0892.jpg,2,pinemarten
pinemarten_0893.jpg,2,pinemarten
pinemarten_0894.jpg,2,pinemarten
pinemarten_0895.jpg,2,pinemarten
pinemarten_0896.jpg,2,pinemarten
pinemarten_0897.jpg,2,pinemarten
pinemarten_0898.jpg,2,pinemarten
pinemarten_0899.jpg,2,pinemarten
pinemarten_0900.jpg,2,pinemarten
pinemarten_0901.jpg,2,pinemarten
pinemarten_0902.jpg,2,pinemarten
pinemarten_0903.jpg,2,pinemarten
pinemarten_0904.jpg,2,pinemarten
pinemarten_0905.jpg,2,pinemarten
pinemarten_0906.jpg,2,pinemarten
pinemarten_0907.jpg,2,pinemarten
pinemarten_0908.jpg,2,pinemarten
pinemarten_0909.jpg,2,pinemarten
pinemarten_0910.jpg,2,pinemarten
pinemarten_0911.jpg,2,pinemarten
pinemarten_0912.jpg,2,pinemarten
pinemarten_0913.jpg,2,pinemarten
pinemarten_0914.jpg,2,pinemarten
pinemarten_0915.jpg,2,pinemarten
pinemarten_0916.jpg,2,pinemarten
pinemarten_0917.jpg,2,pinemarten
pinemarten_0918.jpg,2,pinemarten
pinemarten_0919.jpg,2,pinemarten
pinemarten_0920.jpg,2,pinemarten
pinemarten_0921.jpg,2,pinemarten
pinemarten_0922.jpg,2,pinemarten
pinemarten_0923.jpg,2,pinemarten
pinemarten_0924.jpg,2,pinemarten
pinemarten_0925.jpg,2,pinemarten
pinemarten_0926.jpg,2,pinemarten
pinemarten_0927.jpg,2,pinemarten
pinemarten_0928.jpg,2,pinemarten
pinemarten_0929.jpg,2,pinemarten
pinemarten_0930.jpg,2,pinemarten
pinemarten_0931.jpg,2,pinemarten
pinemarten_0932.jpg,2,pinemarten
pinemarten_0933.jpg,2,pinemarten
pinemarten_0934.jpg,2,pinemarten
pinemarten_0935.jpg,2,pinemarten
pinemarten_0936.jpg,2,pinemarten
pinemarten_0937.jpg,2,pinemarten
pinemarten_0938.jpg,2,pinemarten
pinemarten_0939.jpg,2,pinemarten
pinemarten_0940.jpg,2,pinemarten
pinemarten_0941.jpg,2,pinemarten
pinemarten_0942.jpg,2,pinemarten
pinemarten_0943.jpg,2,pinemarten
pinemarten_0944.jpg,2,pinemarten
pinemarten_0945.jpg,2,pinemarten
pinemarten_0946.jpg,2,pinemarten
pinemarten_0947.jpg,2,pinemarten
pinemarten_0948.jpg,2,pinemarten
pinemarten_0949.jpg,2,pinemarten
pinemarten_0950.jpg,2,pinemarten
pinemarten_0951.jpg,2,pinemarten
pinemarten_0952.jpg,2,pinemarten
pinemarten_0953.jpg,2,pinemarten
pinemarten_0954.jpg,2,pinemarten
pinemarten_0955.jpg,2,pinemarten
pinemarten_0956.jpg,2,pinemarten
pinemarten_0957.jpg,2,pinemarten
pinemarten_0958.jpg,2,pinemarten
pinemarten_0959.jpg,2,pinemarten
pinemarten_0960.jpg,2,pinemarten
pinemarten_0961.jpg,2,pinemarten
pinemarten_0962.jpg,2,pinemarten
pinemarten_0963.jpg,2,pinemarten
pinemarten_0964.jpg,2,pinemarten
pinemarten_0965.jpg,2,pinemarten
pinemarten_0966.jpg,2,pinemarten
pinemarten_0967.jpg,2,pinemarten
pinemarten_0968.jpg,2,pinemarten
pinemarten_0969.jpg,2,pinemarten
pinemarten_0970.jpg,2,pinemarten
pinemarten_0971.jpg,2,pinemarten
pinemarten_0972.jpg,2,pinemarten
pinemarten_0973.jpg,2,pinemarten
pinemarten_0974.jpg,2,pinemarten
pinemarten_0975.jpg,2,pinemarten
pinemarten_0976.jpg,2,pinemarten
pinemarten_0977.jpg,2,pinemarten
pinemarten_0978.jpg,2,pinemarten
pinemarten_0979.jpg,2,pinemarten
pinemarten_0980.jpg,2,pinemarten
pinemarten_0981.jpg,2,pinemarten
pinemarten_0982.jpg,2,pinemarten
pinemarten_0983.jpg,2,pinemarten
pinemarten_0984.jpg,2,pinemarten
pinemarten_0985.jpg,2,pinemarten
pinemarten_0986.jpg,2,pinemarten
pinemarten_0987.jpg,2,pinemarten
pinemarten_0988.jpg,2,pinemarten
pinemarten_0989.jpg,2,pinemarten
pinemarten_0990.jpg,2,pinemarten
pinemarten_0991.jpg,2,pinemarten
pinemarten_0992.jpg,2,pinemarten
pinemarten_0993.jpg,2,pinemarten
pinemarten_0994.jpg,2,pinemarten
pinemarten_0995.jpg,2,pinemarten
pinemarten_0996.jpg,2,pinemarten
pinemarten_0997.jpg,2,pinemarten
pinemarten_0998.jpg,2,pinemarten
pinemarten_0999.jpg,2,pinemarten
pinemarten_1000.jpg,2,pinemarten
polecat_0001.jpg,3,polecat
polecat_0002.jpg,3,polecat
polecat_0003.jpg,3,polecat
polecat_0004.jpg,3,polecat
polecat_0005.jpg,3,polecat
polecat_0006.jpg,3,polecat
polecat_0007.jpg,3,polecat
polecat_0008.jpg,3,polecat
polecat_0009.jpg,3,polecat
polecat_0010.jpg,3,polecat
polecat_0011.jpg,3,polecat
polecat_0012.jpg,3,polecat
polecat_0013.jpg,3,polecat
polecat_0014.jpg,3,polecat
polecat_0015.jpg,3,polecat
polecat_0016.jpg,3,polecat
polecat_0017.jpg,3,polecat
polecat_0018.jpg,3,polecat
polecat_0019.jpg,3,polecat
polecat_0020.jpg,3,polecat
polecat_0021.jpg,3,polecat
polecat_0022.jpg,3,polecat
polecat_0023.jpg,3,polecat
polecat_0024.jpg,3,polecat
polecat_0025.jpg,3,polecat
polecat_0026.jpg,3,polecat
polecat_0027.jpg,3,polecat
polecat_0028.jpg,3,polecat
polecat_0029.jpg,3,polecat
polecat_0030.jpg,3,polecat
polecat_0031.jpg,3,polecat
polecat_0032.jpg,3,polecat
polecat_0033.jpg,3,polecat
polecat_0034.jpg,3,polecat
polecat_0035.jpg,3,polecat
polecat_0036.jpg,3,polecat
polecat_0037.jpg,3,polecat
polecat_0038.jpg,3,polecat
polecat_0039.jpg,3,polecat
polecat_0040.jpg,3,polecat
polecat_0041.jpg,3,polecat
polecat_0042.jpg,3,polecat
polecat_0043.jpg,3,polecat
polecat_0044.jpg,3,polecat
polecat_0045.jpg,3,polecat
polecat_0046.jpg,3,polecat
polecat_0047.jpg,3,polecat
polecat_0048.jpg,3,polecat
polecat_0049.jpg,3,polecat
polecat_0050.jpg,3,polecat
polecat_0051.jpg,3,polecat
polecat_0052.jpg,3,polecat
polecat_0053.jpg,3,polecat
polecat_0054.jpg,3,polecat
polecat_0055.jpg,3,polecat
polecat_0056.jpg,3,polecat
polecat_0057.jpg,3,polecat
polecat_0058.jpg,3,polecat
polecat_0059.jpg,3,polecat
polecat_0060.jpg,3,polecat
polecat_0061.jpg,3,polecat
polecat_0062.jpg,3,polecat
polecat_0063.jpg,3,polecat
polecat_0064.jpg,3,polecat
polecat_0065.jpg,3,polecat
polecat_0066.jpg,3,polecat
polecat_0067.jpg,3,polecat
polecat_0068.jpg,3,polecat
polecat_0069.jpg,3,polecat
polecat_0070.jpg,3,polecat
polecat_0071.jpg,3,polecat
polecat_0072.jpg,3,polecat
polecat_0073.jpg,3,polecat
polecat_0074.jpg,3,polecat
polecat_0075.jpg,3,polecat
polecat_0076.jpg,3,polecat
polecat_0077.jpg,3,polecat
polecat_0078.jpg,3,polecat
polecat_0079.jpg,3,polecat
polecat_0080.jpg,3,polecat
polecat_0081.jpg,3,polecat
polecat_0082.jpg,3,polecat
polecat_0083.jpg,3,polecat
polecat_0084.jpg,3,polecat
polecat_0085.jpg,3,polecat
polecat_0086.jpg,3,polecat
polecat_0087.jpg,3,polecat
polecat_0088.jpg,3,polecat
polecat_0089.jpg,3,polecat
polecat_0090.jpg,3,polecat
polecat_0091.jpg,3,polecat
polecat_0092.jpg,3,polecat
polecat_0093.jpg,3,polecat
polecat_0094.jpg,3,polecat
polecat_0095.jpg,3,polecat
polecat_0096.jpg,3,polecat
polecat_0097.jpg,3,polecat
polecat_0098.jpg,3,polecat
polecat_0099.jpg,3,polecat
polecat_0100.jpg,3,polecat
polecat_0101.jpg,3,polecat
polecat_0102.jpg,3,polecat
polecat_0103.jpg,3,polecat
polecat_0104.jpg,3,polecat
polecat_0105.jpg,3,polecat
polecat_0106.jpg,3,polecat
polecat_0107.jpg,3,polecat
polecat_0108.jpg,3,polecat
polecat_0109.jpg,3,polecat
polecat_0110.jpg,3,polecat
polecat_0111.jpg,3,polecat
polecat_0112.jpg,3,polecat
polecat_0113.jpg,3,polecat
polecat_0114.jpg,3,polecat
polecat_0115.jpg,3,polecat
polecat_0116.jpg,3,polecat
polecat_0117.jpg,3,polecat
polecat_0118.jpg,3,polecat
polecat_0119.jpg,3,polecat
polecat_0120.jpg,3,polecat
polecat_0121.jpg,3,polecat
polecat_0122.jpg,3,polecat
polecat_0123.jpg,3,polecat
polecat_0124.jpg,3,polecat
polecat_0125.jpg,3,polecat
polecat_0126.jpg,3,polecat
polecat_0127.jpg,3,polecat
polecat_0128.jpg,3,polecat
polecat_0129.jpg,3,polecat
polecat_0130.jpg,3,polecat
polecat_0131.jpg,3,polecat
polecat_0132.jpg,3,polecat
polecat_0133.jpg,3,polecat
polecat_0134.jpg,3,polecat
polecat_0135.jpg,3,polecat
polecat_0136.jpg,3,polecat
polecat_0137.jpg,3,polecat
polecat_0138.jpg,3,polecat
polecat_0139.jpg,3,polecat
polecat_0140.jpg,3,polecat
polecat_0141.jpg,3,polecat
polecat_0142.jpg,3,polecat
polecat_0143.jpg,3,polecat
polecat_0144.jpg,3,polecat
polecat_0145.jpg,3,polecat
polecat_0146.jpg,3,polecat
polecat_0147.jpg,3,polecat
polecat_0148.jpg,3,polecat
polecat_0149.jpg,3,polecat
polecat_0150.jpg,3,polecat
polecat_0151.jpg,3,polecat
polecat_0152.jpg,3,polecat
polecat_0153.jpg,3,polecat
polecat_0154.jpg,3,polecat
polecat_0155.jpg,3,polecat
polecat_0156.jpg,3,polecat
polecat_0157.jpg,3,polecat
polecat_0158.jpg,3,polecat
polecat_0159.jpg,3,polecat
polecat_0160.jpg,3,polecat
polecat_0161.jpg,3,polecat
polecat_0162.jpg,3,polecat
polecat_0163.jpg,3,polecat
polecat_0164.jpg,3,polecat
polecat_0165.jpg,3,polecat
polecat_0166.jpg,3,polecat
polecat_0167.jpg,3,polecat
polecat_0168.jpg,3,polecat
polecat_0169.jpg,3,polecat
polecat_0170.jpg,3,polecat
polecat_0171.jpg,3,polecat
polecat_0172.jpg,3,polecat
polecat_0173.jpg,3,polecat
polecat_0174.jpg,3,polecat
polecat_0175.jpg,3,polecat
polecat_0176.jpg,3,polecat
polecat_0177.jpg,3,polecat
polecat_0178.jpg,3,polecat
polecat_0179.jpg,3,polecat
polecat_0180.jpg,3,polecat
polecat_0181.jpg,3,polecat
polecat_0182.jpg,3,polecat
polecat_0183.jpg,3,polecat
polecat_0184.jpg,3,polecat
polecat_0185.jpg,3,polecat
polecat_0186.jpg,3,polecat
polecat_0187.jpg,3,polecat
polecat_0188.jpg,3,polecat
polecat_0189.jpg,3,polecat
polecat_0190.jpg,3,polecat
polecat_0191.jpg,3,polecat
polecat_0192.jpg,3,polecat
polecat_0193.jpg,3,polecat
polecat_0194.jpg,3,polecat
polecat_0195.jpg,3,polecat
polecat_0196.jpg,3,polecat
polecat_0197.jpg,3,polecat
polecat_0198.jpg,3,polecat
polecat_0199.jpg,3,polecat
polecat_0200.jpg,3,polecat
polecat_0201.jpg,3,polecat
polecat_0202.jpg,3,polecat
polecat_0203.jpg,3,polecat
polecat_0204.jpg,3,polecat
polecat_0205.jpg,3,polecat
polecat_0206.jpg,3,polecat
polecat_0207.jpg,3,polecat
polecat_0208.jpg,3,polecat
polecat_0209.jpg,3,polecat
polecat_0210.jpg,3,polecat
polecat_0211.jpg,3,polecat
polecat_0212.jpg,3,polecat
polecat_0213.jpg,3,polecat
polecat_0214.jpg,3,polecat
polecat_0215.jpg,3,polecat
polecat_0216.jpg,3,polecat
polecat_0217.jpg,3,polecat
polecat_0218.jpg,3,polecat
polecat_0219.jpg,3,polecat
polecat_0220.jpg,3,polecat
polecat_0221.jpg,3,polecat
polecat_0222.jpg,3,polecat
polecat_0223.jpg,3,polecat
polecat_0224.jpg,3,polecat
polecat_0225.jpg,3,polecat
polecat_0226.jpg,3,polecat
polecat_0227.jpg,3,polecat
polecat_0228.jpg,3,polecat
polecat_0229.jpg,3,polecat
polecat_0230.jpg,3,polecat
polecat_0231.jpg,3,polecat
polecat_0232.jpg,3,polecat
polecat_0233.jpg,3,polecat
polecat_0234.jpg,3,polecat
polecat_0235.jpg,3,polecat
polecat_0236.jpg,3,polecat
polecat_0237.jpg,3,polecat
polecat_0238.jpg,3,polecat
polecat_0239.jpg,3,polecat
polecat_0240.jpg,3,polecat
polecat_0241.jpg,3,polecat
polecat_0242.jpg,3,polecat
polecat_0243.jpg,3,polecat
polecat_0244.jpg,3,polecat
polecat_0245.jpg,3,polecat
polecat_0246.jpg,3,polecat
polecat_0247.jpg,3,polecat
polecat_0248.jpg,3,polecat
polecat_0249.jpg,3,polecat
polecat_0250.jpg,3,polecat
polecat_0251.jpg,3,polecat
polecat_0252.jpg,3,polecat
polecat_0253.jpg,3,polecat
polecat_0254.jpg,3,polecat
polecat_0255.jpg,3,polecat
polecat_0256.jpg,3,polecat
polecat_0257.jpg,3,polecat
polecat_0258.jpg,3,polecat
polecat_0259.jpg,3,polecat
polecat_0260.jpg,3,polecat
polecat_0261.jpg,3,polecat
polecat_0262.jpg,3,polecat
polecat_0263.jpg,3,polecat
polecat_0264.jpg,3,polecat
polecat_0265.jpg,3,polecat
polecat_0266.jpg,3,polecat
polecat_0267.jpg,3,polecat
polecat_0268.jpg,3,polecat
polecat_0269.jpg,3,polecat
polecat_0270.jpg,3,polecat
polecat_0271.jpg,3,polecat
polecat_0272.jpg,3,polecat
polecat_0273.jpg,3,polecat
polecat_0274.jpg,3,polecat
polecat_0275.jpg,3,polecat
polecat_0276.jpg,3,polecat
polecat_0277.jpg,3,polecat
polecat_0278.jpg,3,polecat
polecat_0279.jpg,3,polecat
polecat_0280.jpg,3,polecat
polecat_0281.jpg,3,polecat
polecat_0282.jpg,3,polecat
polecat_0283.jpg,3,polecat
polecat_0284.jpg,3,polecat
polecat_0285.jpg,3,polecat
polecat_0286.jpg,3,polecat
polecat_0287.jpg,3,polecat
polecat_0288.jpg,3,polecat
polecat_0289.jpg,3,polecat
polecat_0290.jpg,3,polecat
polecat_0291.jpg,3,polecat
polecat_0292.jpg,3,polecat
polecat_0293.jpg,3,polecat
polecat_0294.jpg,3,polecat
polecat_0295.jpg,3,polecat
polecat_0296.jpg,3,polecat
polecat_0297.jpg,3,polecat
polecat_0298.jpg,3,polecat
polecat_0299.jpg,3,polecat
polecat_0300.jpg,3,polecat
polecat_0301.jpg,3,polecat
polecat_0302.jpg,3,polecat
polecat_0303.jpg,3,polecat
polecat_0304.jpg,3,polecat
polecat_0305.jpg,3,polecat
polecat_0306.jpg,3,polecat
polecat_0307.jpg,3,polecat
polecat_0308.jpg,3,polecat
polecat_0309.jpg,3,polecat
polecat_0310.jpg,3,polecat
polecat_0311.jpg,3,polecat
polecat_0312.jpg,3,polecat
polecat_0313.jpg,3,polecat
polecat_0314.jpg,3,polecat
polecat_0315.jpg,3,polecat
polecat_0316.jpg,3,polecat
polecat_0317.jpg,3,polecat
polecat_0318.jpg,3,polecat
polecat_0319.jpg,3,polecat
polecat_0320.jpg,3,polecat
polecat_0321.jpg,3,polecat
polecat_0322.jpg,3,polecat
polecat_0323.jpg,3,polecat
polecat_0324.jpg,3,polecat
polecat_0325.jpg,3,polecat
polecat_0326.jpg,3,polecat
polecat_0327.jpg,3,polecat
polecat_0328.jpg,3,polecat
polecat_0329.jpg,3,polecat
polecat_0330.jpg,3,polecat
polecat_0331.jpg,3,polecat
polecat_0332.jpg,3,polecat
polecat_0333.jpg,3,polecat
polecat_0334.jpg,3,polecat
polecat_0335.jpg,3,polecat
polecat_0336.jpg,3,polecat
polecat_0337.jpg,3,polecat
polecat_0338.jpg,3,polecat
polecat_0339.jpg,3,polecat
polecat_0340.jpg,3,polecat
polecat_0341.jpg,3,polecat
polecat_0342.jpg,3,polecat
polecat_0343.jpg,3,polecat
polecat_0344.jpg,3,polecat
polecat_0345.jpg,3,polecat
polecat_0346.jpg,3,polecat
polecat_0347.jpg,3,polecat
polecat_0348.jpg,3,polecat
polecat_0349.jpg,3,polecat
polecat_0350.jpg,3,polecat
polecat_0351.jpg,3,polecat
polecat_0352.jpg,3,polecat
polecat_0353.jpg,3,polecat
polecat_0354.jpg,3,polecat
polecat_0355.jpg,3,polecat
polecat_0356.jpg,3,polecat
polecat_0357.jpg,3,polecat
polecat_0358.jpg,3,polecat
polecat_0359.jpg,3,polecat
polecat_0360.jpg,3,polecat
polecat_0361.jpg,3,polecat
polecat_0362.jpg,3,polecat
polecat_0363.jpg,3,polecat
polecat_0364.jpg,3,polecat
polecat_0365.jpg,3,polecat
polecat_0366.jpg,3,polecat
polecat_0367.jpg,3,polecat
polecat_0368.jpg,3,polecat
polecat_0369.jpg,3,polecat
polecat_0370.jpg,3,polecat
polecat_0371.jpg,3,polecat
polecat_0372.jpg,3,polecat
polecat_0373.jpg,3,polecat
polecat_0374.jpg,3,polecat
polecat_0375.jpg,3,polecat
polecat_0376.jpg,3,polecat
polecat_0377.jpg,3,polecat
polecat_0378.jpg,3,polecat
polecat_0379.jpg,3,polecat
polecat_0380.jpg,3,polecat
polecat_0381.jpg,3,polecat
polecat_0382.jpg,3,polecat
polecat_0383.jpg,3,polecat
polecat_0384.jpg,3,polecat
polecat_0385.jpg,3,polecat
polecat_0386.jpg,3,polecat
polecat_0387.jpg,3,polecat
polecat_0388.jpg,3,polecat
polecat_0389.jpg,3,polecat
polecat_0390.jpg,3,polecat
polecat_0391.jpg,3,polecat
polecat_0392.jpg,3,polecat
polecat_0393.jpg,3,polecat
polecat_0394.jpg,3,polecat
polecat_0395.jpg,3,polecat
polecat_0396.jpg,3,polecat
polecat_0397.jpg,3,polecat
polecat_0398.jpg,3,polecat
polecat_0399.jpg,3,polecat
polecat_0400.jpg,3,polecat
polecat_0401.jpg,3,polecat
polecat_0402.jpg,3,polecat
polecat_0403.jpg,3,polecat
polecat_0404.jpg,3,polecat
polecat_0405.jpg,3,polecat
polecat_0406.jpg,3,polecat
polecat_0407.jpg,3,polecat
polecat_0408.jpg,3,polecat
polecat_0409.jpg,3,polecat
polecat_0410.jpg,3,polecat
polecat_0411.jpg,3,polecat
polecat_0412.jpg,3,polecat
polecat_0413.jpg,3,polecat
polecat_0414.jpg,3,polecat
polecat_0415.jpg,3,polecat
polecat_0416.jpg,3,polecat
polecat_0417.jpg,3,polecat
polecat_0418.jpg,3,polecat
polecat_0419.jpg,3,polecat
polecat_0420.jpg,3,polecat
polecat_0421.jpg,3,polecat
polecat_0422.jpg,3,polecat
polecat_0423.jpg,3,polecat
polecat_0424.jpg,3,polecat
polecat_0425.jpg,3,polecat
polecat_0426.jpg,3,polecat
polecat_0427.jpg,3,polecat
polecat_0428.jpg,3,polecat
polecat_0429.jpg,3,polecat
polecat_0430.jpg,3,polecat
polecat_0431.jpg,3,polecat
polecat_0432.jpg,3,polecat
polecat_0433.jpg,3,polecat
polecat_0434.jpg,3,polecat
polecat_0435.jpg,3,polecat
polecat_0436.jpg,3,polecat
polecat_0437.jpg,3,polecat
polecat_0438.jpg,3,polecat
polecat_0439.jpg,3,polecat
polecat_0440.jpg,3,polecat
polecat_0441.jpg,3,polecat
polecat_0442.jpg,3,polecat
polecat_0443.jpg,3,polecat
polecat_0444.jpg,3,polecat
polecat_0445.jpg,3,polecat
polecat_0446.jpg,3,polecat
polecat_0447.jpg,3,polecat
polecat_0448.jpg,3,polecat
polecat_0449.jpg,3,polecat
polecat_0450.jpg,3,polecat
polecat_0451.jpg,3,polecat
polecat_0452.jpg,3,polecat
polecat_0453.jpg,3,polecat
polecat_0454.jpg,3,polecat
polecat_0455.jpg,3,polecat
polecat_0456.jpg,3,polecat
polecat_0457.jpg,3,polecat
polecat_0458.jpg,3,polecat
polecat_0459.jpg,3,polecat
polecat_0460.jpg,3,polecat
polecat_0461.jpg,3,polecat
polecat_0462.jpg,3,polecat
polecat_0463.jpg,3,polecat
polecat_0464.jpg,3,polecat
polecat_0465.jpg,3,polecat
polecat_0466.jpg,3,polecat
polecat_0467.jpg,3,polecat
polecat_0468.jpg,3,polecat
polecat_0469.jpg,3,polecat
polecat_0470.jpg,3,polecat
polecat_0471.jpg,3,polecat
polecat_0472.jpg,3,polecat
polecat_0473.jpg,3,polecat
polecat_0474.jpg,3,polecat
polecat_0475.jpg,3,polecat
polecat_0476.jpg,3,polecat
polecat_0477.jpg,3,polecat
polecat_0478.jpg,3,polecat
polecat_0479.jpg,3,polecat
polecat_0480.jpg,3,polecat
polecat_0481.jpg,3,polecat
polecat_0482.jpg,3,polecat
polecat_0483.jpg,3,polecat
polecat_0484.jpg,3,polecat
polecat_0485.jpg,3,polecat
polecat_0486.jpg,3,polecat
polecat_0487.jpg,3,polecat
polecat_0488.jpg,3,polecat
polecat_0489.jpg,3,polecat
polecat_0490.jpg,3,polecat
polecat_0491.jpg,3,polecat
polecat_0492.jpg,3,polecat
polecat_0493.jpg,3,polecat
polecat_0494.jpg,3,polecat
polecat_0495.jpg,3,polecat
polecat_0496.jpg,3,polecat
polecat_0497.jpg,3,polecat
polecat_0498.jpg,3,polecat
polecat_0499.jpg,3,polecat
polecat_0500.jpg,3,polecat
polecat_0501.jpg,3,polecat
polecat_0502.jpg,3,polecat
polecat_0503.jpg,3,polecat
polecat_0504.jpg,3,polecat
polecat_0505.jpg,3,polecat
polecat_0506.jpg,3,polecat
polecat_0507.jpg,3,polecat
polecat_0508.jpg,3,polecat
polecat_0509.jpg,3,polecat
polecat_0510.jpg,3,polecat
polecat_0511.jpg,3,polecat
polecat_0512.jpg,3,polecat
polecat_0513.jpg,3,polecat
polecat_0514.jpg,3,polecat
polecat_0515.jpg,3,polecat
polecat_0516.jpg,3,polecat
polecat_0517.jpg,3,polecat
polecat_0518.jpg,3,polecat
polecat_0519.jpg,3,polecat
polecat_0520.jpg,3,polecat
polecat_0521.jpg,3,polecat
polecat_0522.jpg,3,polecat
polecat_0523.jpg,3,polecat
polecat_0524.jpg,3,polecat
polecat_0525.jpg,3,polecat
polecat_0526.jpg,3,polecat
polecat_0527.jpg,3,polecat
polecat_0528.jpg,3,polecat
polecat_0529.jpg,3,polecat
polecat_0530.jpg,3,polecat
polecat_0531.jpg,3,polecat
polecat_0532.jpg,3,polecat
polecat_0533.jpg,3,polecat
polecat_0534.jpg,3,polecat
polecat_0535.jpg,3,polecat
polecat_0536.jpg,3,polecat
polecat_0537.jpg,3,polecat
polecat_0538.jpg,3,polecat
polecat_0539.jpg,3,polecat
polecat_0540.jpg,3,polecat
polecat_0541.jpg,3,polecat
polecat_0542.jpg,3,polecat
polecat_0543.jpg,3,polecat
polecat_0544.jpg,3,polecat
polecat_0545.jpg,3,polecat
polecat_0546.jpg,3,polecat
polecat_0547.jpg,3,polecat
polecat_0548.jpg,3,polecat
polecat_0549.jpg,3,polecat
polecat_0550.jpg,3,polecat
polecat_0551.jpg,3,polecat
polecat_0552.jpg,3,polecat
polecat_0553.jpg,3,polecat
polecat_0554.jpg,3,polecat
polecat_0555.jpg,3,polecat
polecat_0556.jpg,3,polecat
polecat_0557.jpg,3,polecat
polecat_0558.jpg,3,polecat
polecat_0559.jpg,3,polecat
polecat_0560.jpg,3,polecat
polecat_0561.jpg,3,polecat
polecat_0562.jpg,3,polecat
polecat_0563.jpg,3,polecat
polecat_0564.jpg,3,polecat
polecat_0565.jpg,3,polecat
polecat_0566.jpg,3,polecat
polecat_0567.jpg,3,polecat
polecat_0568.jpg,3,polecat
polecat_0569.jpg,3,polecat
polecat_0570.jpg,3,polecat
polecat_0571.jpg,3,polecat
polecat_0572.jpg,3,polecat
polecat_0573.jpg,3,polecat
polecat_0574.jpg,3,polecat
polecat_0575.jpg,3,polecat
polecat_0576.jpg,3,polecat
polecat_0577.jpg,3,polecat
polecat_0578.jpg,3,polecat
polecat_0579.jpg,3,polecat
polecat_0580.jpg,3,polecat
polecat_0581.jpg,3,polecat
polecat_0582.jpg,3,polecat
polecat_0583.jpg,3,polecat
polecat_0584.jpg,3,polecat
polecat_0585.jpg,3,polecat
polecat_0586.jpg,3,polecat
polecat_0587.jpg,3,polecat
polecat_0588.jpg,3,polecat
polecat_0589.jpg,3,polecat
polecat_0590.jpg,3,polecat
polecat_0591.jpg,3,polecat
polecat_0592.jpg,3,polecat
polecat_0593.jpg,3,polecat
polecat_0594.jpg,3,polecat
polecat_0595.jpg,3,polecat
polecat_0596.jpg,3,polecat
polecat_0597.jpg,3,polecat
polecat_0598.jpg,3,polecat
polecat_0599.jpg,3,polecat
polecat_0600.jpg,3,polecat
polecat_0601.jpg,3,polecat
polecat_0602.jpg,3,polecat
polecat_0603.jpg,3,polecat
polecat_0604.jpg,3,polecat
polecat_0605.jpg,3,polecat
polecat_0606.jpg,3,polecat
polecat_0607.jpg,3,polecat
polecat_0608.jpg,3,polecat
polecat_0609.jpg,3,polecat
polecat_0610.jpg,3,polecat
polecat_0611.jpg,3,polecat
polecat_0612.jpg,3,polecat
polecat_0613.jpg,3,polecat
polecat_0614.jpg,3,polecat
polecat_0615.jpg,3,polecat
polecat_0616.jpg,3,polecat
polecat_0617.jpg,3,polecat
polecat_0618.jpg,3,polecat
polecat_0619.jpg,3,polecat
polecat_0620.jpg,3,polecat
polecat_0621.jpg,3,polecat
polecat_0622.jpg,3,polecat
polecat_0623.jpg,3,polecat
polecat_0624.jpg,3,polecat
polecat_0625.jpg,3,polecat
polecat_0626.jpg,3,polecat
polecat_0627.jpg,3,polecat
polecat_0628.jpg,3,polecat
polecat_0629.jpg,3,polecat
polecat_0630.jpg,3,polecat
polecat_0631.jpg,3,polecat
polecat_0632.jpg,3,polecat
polecat_0633.jpg,3,polecat
polecat_0634.jpg,3,polecat
polecat_0635.jpg,3,polecat
polecat_0636.jpg,3,polecat
polecat_0637.jpg,3,polecat
polecat_0638.jpg,3,polecat
polecat_0639.jpg,3,polecat
polecat_0640.jpg,3,polecat
polecat_0641.jpg,3,polecat
polecat_0642.jpg,3,polecat
polecat_0643.jpg,3,polecat
polecat_0644.jpg,3,polecat
polecat_0645.jpg,3,polecat
polecat_0646.jpg,3,polecat
polecat_0647.jpg,3,polecat
polecat_0648.jpg,3,polecat
polecat_0649.jpg,3,polecat
polecat_0650.jpg,3,polecat
polecat_0651.jpg,3,polecat
polecat_0652.jpg,3,polecat
polecat_0653.jpg,3,polecat
polecat_0654.jpg,3,polecat
polecat_0655.jpg,3,polecat
polecat_0656.jpg,3,polecat
polecat_0657.jpg,3,polecat
polecat_0658.jpg,3,polecat
polecat_0659.jpg,3,polecat
polecat_0660.jpg,3,polecat
polecat_0661.jpg,3,polecat
polecat_0662.jpg,3,polecat
polecat_0663.jpg,3,polecat
polecat_0664.jpg,3,polecat
polecat_0665.jpg,3,polecat
polecat_0666.jpg,3,polecat
polecat_0667.jpg,3,polecat
polecat_0668.jpg,3,polecat
polecat_0669.jpg,3,polecat
polecat_0670.jpg,3,polecat
polecat_0671.jpg,3,polecat
polecat_0672.jpg,3,polecat
polecat_0673.jpg,3,polecat
polecat_0674.jpg,3,polecat
polecat_0675.jpg,3,polecat
polecat_0676.jpg,3,polecat
polecat_0677.jpg,3,polecat
polecat_0678.jpg,3,polecat
polecat_0679.jpg,3,polecat
polecat_0680.jpg,3,polecat
polecat_0681.jpg,3,polecat
polecat_0682.jpg,3,polecat
polecat_0683.jpg,3,polecat
polecat_0684.jpg,3,polecat
polecat_0685.jpg,3,polecat
polecat_0686.jpg,3,polecat
polecat_0687.jpg,3,polecat
polecat_0688.jpg,3,polecat
polecat_0689.jpg,3,polecat
polecat_0690.jpg,3,polecat
polecat_0691.jpg,3,polecat
polecat_0692.jpg,3,polecat
polecat_0693.jpg,3,polecat
polecat_0694.jpg,3,polecat
polecat_0695.jpg,3,polecat
polecat_0696.jpg,3,polecat
polecat_0697.jpg,3,polecat
polecat_0698.jpg,3,polecat
polecat_0699.jpg,3,polecat
polecat_0700.jpg,3,polecat
polecat_0701.jpg,3,polecat
polecat_0702.jpg,3,polecat
polecat_0703.jpg,3,polecat
polecat_0704.jpg,3,polecat
polecat_0705.jpg,3,polecat
polecat_0706.jpg,3,polecat
polecat_0707.jpg,3,polecat
polecat_0708.jpg,3,polecat
polecat_0709.jpg,3,polecat
polecat_0710.jpg,3,polecat
polecat_0711.jpg,3,polecat
polecat_0712.jpg,3,polecat
polecat_0713.jpg,3,polecat
polecat_0714.jpg,3,polecat
polecat_0715.jpg,3,polecat
polecat_0716.jpg,3,polecat
polecat_0717.jpg,3,polecat
polecat_0718.jpg,3,polecat
polecat_0719.jpg,3,polecat
polecat_0720.jpg,3,polecat
polecat_0721.jpg,3,polecat
polecat_0722.jpg,3,polecat
polecat_0723.jpg,3,polecat
polecat_0724.jpg,3,polecat
polecat_0725.jpg,3,polecat
polecat_0726.jpg,3,polecat
polecat_0727.jpg,3,polecat
polecat_0728.jpg,3,polecat
polecat_0729.jpg,3,polecat
polecat_0730.jpg,3,polecat
polecat_0731.jpg,3,polecat
polecat_0732.jpg,3,polecat
polecat_0733.jpg,3,polecat
polecat_0734.jpg,3,polecat
polecat_0735.jpg,3,polecat
polecat_0736.jpg,3,polecat
polecat_0737.jpg,3,polecat
polecat_0738.jpg,3,polecat
polecat_0739.jpg,3,polecat
polecat_0740.jpg,3,polecat
polecat_0741.jpg,3,polecat
polecat_0742.jpg,3,polecat
polecat_0743.jpg,3,polecat
polecat_0744.jpg,3,polecat
polecat_0745.jpg,3,polecat
polecat_0746.jpg,3,polecat
polecat_0747.jpg,3,polecat
polecat_0748.jpg,3,polecat
polecat_0749.jpg,3,polecat
polecat_0750.jpg,3,polecat
polecat_0751.jpg,3,polecat
polecat_0752.jpg,3,polecat
polecat_0753.jpg,3,polecat
polecat_0754.jpg,3,polecat
polecat_0755.jpg,3,polecat
polecat_0756.jpg,3,polecat
polecat_0757.jpg,3,polecat
polecat_0758.jpg,3,polecat
polecat_0759.jpg,3,polecat
polecat_0760.jpg,3,polecat
polecat_0761.jpg,3,polecat
polecat_0762.jpg,3,polecat
polecat_0763.jpg,3,polecat
polecat_0764.jpg,3,polecat
polecat_0765.jpg,3,polecat
polecat_0766.jpg,3,polecat
polecat_0767.jpg,3,polecat
polecat_0768.jpg,3,polecat
polecat_0769.jpg,3,polecat
polecat_0770.jpg,3,polecat
polecat_0771.jpg,3,polecat
polecat_0772.jpg,3,polecat
polecat_0773.jpg,3,polecat
polecat_0774.jpg,3,polecat
polecat_0775.jpg,3,polecat
polecat_0776.jpg,3,polecat
polecat_0777.jpg,3,polecat
polecat_0778.jpg,3,polecat
polecat_0779.jpg,3,polecat
polecat_0780.jpg,3,polecat
polecat_0781.jpg,3,polecat
polecat_0782.jpg,3,polecat
polecat_0783.jpg,3,polecat
polecat_0784.jpg,3,polecat
polecat_0785.jpg,3,polecat
polecat_0786.jpg,3,polecat
polecat_0787.jpg,3,polecat
polecat_0788.jpg,3,polecat
polecat_0789.jpg,3,polecat
polecat_0790.jpg,3,polecat
polecat_0791.jpg,3,polecat
polecat_0792.jpg,3,polecat
polecat_0793.jpg,3,polecat
polecat_0794.jpg,3,polecat
polecat_0795.jpg,3,polecat
polecat_0796.jpg,3,polecat
polecat_0797.jpg,3,polecat
polecat_0798.jpg,3,polecat
polecat_0799.jpg,3,polecat
polecat_0800.jpg,3,polecat
polecat_0801.jpg,3,polecat
polecat_0802.jpg,3,polecat
polecat_0803.jpg,3,polecat
polecat_0804.jpg,3,polecat
polecat_0805.jpg,3,polecat
polecat_0806.jpg,3,polecat
polecat_0807.jpg,3,polecat
polecat_0808.jpg,3,polecat
polecat_0809.jpg,3,polecat
polecat_0810.jpg,3,polecat
polecat_0811.jpg,3,polecat
polecat_0812.jpg,3,polecat
polecat_0813.jpg,3,polecat
polecat_0814.jpg,3,polecat
polecat_0815.jpg,3,polecat
polecat_0816.jpg,3,polecat
polecat_0817.jpg,3,polecat
polecat_0818.jpg,3,polecat
polecat_0819.jpg,3,polecat
polecat_0820.jpg,3,polecat
polecat_0821.jpg,3,polecat
polecat_0822.jpg,3,polecat
polecat_0823.jpg,3,polecat
polecat_0824.jpg,3,polecat
polecat_0825.jpg,3,polecat
polecat_0826.jpg,3,polecat
polecat_0827.jpg,3,polecat
polecat_0828.jpg,3,polecat
polecat_0829.jpg,3,polecat
polecat_0830.jpg,3,polecat
polecat_0831.jpg,3,polecat
polecat_0832.jpg,3,polecat
polecat_0833.jpg,3,polecat
polecat_0834.jpg,3,polecat
polecat_0835.jpg,3,polecat
polecat_0836.jpg,3,polecat
polecat_0837.jpg,3,polecat
polecat_0838.jpg,3,polecat
polecat_0839.jpg,3,polecat
polecat_0840.jpg,3,polecat
polecat_0841.jpg,3,polecat
polecat_0842.jpg,3,polecat
polecat_0843.jpg,3,polecat
polecat_0844.jpg,3,polecat
polecat_0845.jpg,3,polecat
polecat_0846.jpg,3,polecat
polecat_0847.jpg,3,polecat
polecat_0848.jpg,3,polecat
polecat_0849.jpg,3,polecat
polecat_0850.jpg,3,polecat
polecat_0851.jpg,3,polecat
polecat_0852.jpg,3,polecat
polecat_0853.jpg,3,polecat
polecat_0854.jpg,3,polecat
polecat_0855.jpg,3,polecat
polecat_0856.jpg,3,polecat
polecat_0857.jpg,3,polecat
polecat_0858.jpg,3,polecat
polecat_0859.jpg,3,polecat
polecat_0860.jpg,3,polecat
polecat_0861.jpg,3,polecat
polecat_0862.jpg,3,polecat
polecat_0863.jpg,3,polecat
polecat_0864.jpg,3,polecat
polecat_0865.jpg,3,polecat
polecat_0866.jpg,3,polecat
polecat_0867.jpg,3,polecat
polecat_0868.jpg,3,polecat
polecat_0869.jpg,3,polecat
polecat_0870.jpg,3,polecat
polecat_0871.jpg,3,polecat
polecat_0872.jpg,3,polecat
polecat_0873.jpg,3,polecat
polecat_0874.jpg,3,polecat
polecat_0875.jpg,3,polecat
polecat_0876.jpg,3,polecat
polecat_0877.jpg,3,polecat
polecat_0878.jpg,3,polecat
polecat_0879.jpg,3,polecat
polecat_0880.jpg,3,polecat
polecat_0881.jpg,3,polecat
polecat_0882.jpg,3,polecat
polecat_0883.jpg,3,polecat
polecat_0884.jpg,3,polecat
polecat_0885.jpg,3,polecat
polecat_0886.jpg,3,polecat
polecat_0887.jpg,3,polecat
polecat_0888.jpg,3,polecat
polecat_0889.jpg,3,polecat
polecat_0890.jpg,3,polecat
polecat_0891.jpg,3,polecat
polecat_0892.jpg,3,polecat
polecat_0893.jpg,3,polecat
polecat_0894.jpg,3,polecat
polecat_0895.jpg,3,polecat
polecat_0896.jpg,3,polecat
polecat_0897.jpg,3,polecat
polecat_0898.jpg,3,polecat
polecat_0899.jpg,3,polecat
polecat_0900.jpg,3,polecat
polecat_0901.jpg,3,polecat
polecat_0902.jpg,3,polecat
polecat_0903.jpg,3,polecat
polecat_0904.jpg,3,polecat
polecat_0905.jpg,3,polecat
polecat_0906.jpg,3,polecat
polecat_0907.jpg,3,polecat
polecat_0908.jpg,3,polecat
polecat_0909.jpg,3,polecat
polecat_0910.jpg,3,polecat
polecat_0911.jpg,3,polecat
polecat_0912.jpg,3,polecat
polecat_0913.jpg,3,polecat
polecat_0914.jpg,3,polecat
polecat_0915.jpg,3,polecat
polecat_0916.jpg,3,polecat
polecat_0917.jpg,3,polecat
polecat_0918.jpg,3,polecat
polecat_0919.jpg,3,polecat
polecat_0920.jpg,3,polecat
polecat_0921.jpg,3,polecat
polecat_0922.jpg,3,polecat
polecat_0923.jpg,3,polecat
polecat_0924.jpg,3,polecat
polecat_0925.jpg,3,polecat
polecat_0926.jpg,3,polecat
polecat_0927.jpg,3,polecat
polecat_0928.jpg,3,polecat
polecat_0929.jpg,3,polecat
polecat_0930.jpg,3,polecat
polecat_0931.jpg,3,polecat
polecat_0932.jpg,3,polecat
polecat_0933.jpg,3,polecat
polecat_0934.jpg,3,polecat
polecat_0935.jpg,3,polecat
polecat_0936.jpg,3,polecat
polecat_0937.jpg,3,polecat
polecat_0938.jpg,3,polecat
polecat_0939.jpg,3,polecat
polecat_0940.jpg,3,polecat
polecat_0941.jpg,3,polecat
polecat_0942.jpg,3,polecat
polecat_0943.jpg,3,polecat
polecat_0944.jpg,3,polecat
polecat_0945.jpg,3,polecat
polecat_0946.jpg,3,polecat
polecat_0947.jpg,3,polecat
polecat_0948.jpg,3,polecat
polecat_0949.jpg,3,polecat
polecat_0950.jpg,3,polecat
polecat_0951.jpg,3,polecat
polecat_0952.jpg,3,polecat
polecat_0953.jpg,3,polecat
polecat_0954.jpg,3,polecat
polecat_0955.jpg,3,polecat
polecat_0956.jpg,3,polecat
polecat_0957.jpg,3,polecat
polecat_0958.jpg,3,polecat
polecat_0959.jpg,3,polecat
polecat_0960.jpg,3,polecat
polecat_0961.jpg,3,polecat
polecat_0962.jpg,3,polecat
polecat_0963.jpg,3,polecat
polecat_0964.jpg,3,polecat
polecat_0965.jpg,3,polecat
polecat_0966.jpg,3,polecat
polecat_0967.jpg,3,polecat
polecat_0968.jpg,3,polecat
polecat_0969.jpg,3,polecat
polecat_0970.jpg,3,polecat
polecat_0971.jpg,3,polecat
polecat_0972.jpg,3,polecat
polecat_0973.jpg,3,polecat
polecat_0974.jpg,3,polecat
polecat_0975.jpg,3,polecat
polecat_0976.jpg,3,polecat
polecat_0977.jpg,3,polecat
polecat_0978.jpg,3,polecat
polecat_0979.jpg,3,polecat
polecat_0980.jpg,3,polecat
polecat_0981.jpg,3,polecat
polecat_0982.jpg,3,polecat
polecat_0983.jpg,3,polecat
polecat_0984.jpg,3,polecat
polecat_0985.jpg,3,polecat
polecat_0986.jpg,3,polecat
polecat_0987.jpg,3,polecat
polecat_0988.jpg,3,polecat
polecat_0989.jpg,3,polecat
polecat_0990.jpg,3,polecat
polecat_0991.jpg,3,polecat
polecat_0992.jpg,3,polecat
polecat_0993.jpg,3,polecat
polecat_0994.jpg,3,polecat
polecat_0995.jpg,3,polecat
polecat_0996.jpg,3,polecat
polecat_0997.jpg,3,polecat
polecat_0998.jpg,3,polecat
polecat_0999.jpg,3,polecat
polecat_1000.jpg,3,polecat
stoat_0001.jpg,4,stoat
stoat_0002.jpg,4,stoat
stoat_0003.jpg,4,stoat
stoat_0004.jpg,4,stoat
stoat_0005.jpg,4,stoat
stoat_0006.jpg,4,stoat
stoat_0007.jpg,4,stoat
stoat_0008.jpg,4,stoat
stoat_0009.jpg,4,stoat
stoat_0010.jpg,4,stoat
stoat_0011.jpg,4,stoat
stoat_0012.jpg,4,stoat
stoat_0013.jpg,4,stoat
stoat_0014.jpg,4,stoat
stoat_0015.jpg,4,stoat
stoat_0016.jpg,4,stoat
stoat_0017.jpg,4,stoat
stoat_0018.jpg,4,stoat
stoat_0019.jpg,4,stoat
stoat_0020.jpg,4,stoat
stoat_0021.jpg,4,stoat
stoat_0022.jpg,4,stoat
stoat_0023.jpg,4,stoat
stoat_0024.jpg,4,stoat
stoat_0025.jpg,4,stoat
stoat_0026.jpg,4,stoat
stoat_0027.jpg,4,stoat
stoat_0028.jpg,4,stoat
stoat_0029.jpg,4,stoat
stoat_0030.jpg,4,stoat
stoat_0031.jpg,4,stoat
stoat_0032.jpg,4,stoat
stoat_0033.jpg,4,stoat
stoat_0034.jpg,4,stoat
stoat_0035.jpg,4,stoat
stoat_0036.jpg,4,stoat
stoat_0037.jpg,4,stoat
stoat_0038.jpg,4,stoat
stoat_0039.jpg,4,stoat
stoat_0040.jpg,4,stoat
stoat_0041.jpg,4,stoat
stoat_0042.jpg,4,stoat
stoat_0043.jpg,4,stoat
stoat_0044.jpg,4,stoat
stoat_0045.jpg,4,stoat
stoat_0046.jpg,4,stoat
stoat_0047.jpg,4,stoat
stoat_0048.jpg,4,stoat
stoat_0049.jpg,4,stoat
stoat_0050.jpg,4,stoat
stoat_0051.jpg,4,stoat
stoat_0052.jpg,4,stoat
stoat_0053.jpg,4,stoat
stoat_0054.jpg,4,stoat
stoat_0055.jpg,4,stoat
stoat_0056.jpg,4,stoat
stoat_0057.jpg,4,stoat
stoat_0058.jpg,4,stoat
stoat_0059.jpg,4,stoat
stoat_0060.jpg,4,stoat
stoat_0061.jpg,4,stoat
stoat_0062.jpg,4,stoat
stoat_0063.jpg,4,stoat
stoat_0064.jpg,4,stoat
stoat_0065.jpg,4,stoat
stoat_0066.jpg,4,stoat
stoat_0067.jpg,4,stoat
stoat_0068.jpg,4,stoat
stoat_0069.jpg,4,stoat
stoat_0070.jpg,4,stoat
stoat_0071.jpg,4,stoat
stoat_0072.jpg,4,stoat
stoat_0073.jpg,4,stoat
stoat_0074.jpg,4,stoat
stoat_0075.jpg,4,stoat
stoat_0076.jpg,4,stoat
stoat_0077.jpg,4,stoat
stoat_0078.jpg,4,stoat
stoat_0079.jpg,4,stoat
stoat_0080.jpg,4,stoat
stoat_0081.jpg,4,stoat
stoat_0082.jpg,4,stoat
stoat_0083.jpg,4,stoat
stoat_0084.jpg,4,stoat
stoat_0085.jpg,4,stoat
stoat_0086.jpg,4,stoat
stoat_0087.jpg,4,stoat
stoat_0088.jpg,4,stoat
stoat_0089.jpg,4,stoat
stoat_0090.jpg,4,stoat
stoat_0091.jpg,4,stoat
stoat_0092.jpg,4,stoat
stoat_0093.jpg,4,stoat
stoat_0094.jpg,4,stoat
stoat_0095.jpg,4,stoat
stoat_0096.jpg,4,stoat
stoat_0097.jpg,4,stoat
stoat_0098.jpg,4,stoat
stoat_0099.jpg,4,stoat
stoat_0100.jpg,4,stoat
stoat_0101.jpg,4,stoat
stoat_0102.jpg,4,stoat
stoat_0103.jpg,4,stoat
stoat_0104.jpg,4,stoat
stoat_0105.jpg,4,stoat
stoat_0106.jpg,4,stoat
stoat_0107.jpg,4,stoat
stoat_0108.jpg,4,stoat
stoat_0109.jpg,4,stoat
stoat_0110.jpg,4,stoat
stoat_0111.jpg,4,stoat
stoat_0112.jpg,4,stoat
stoat_0113.jpg,4,stoat
stoat_0114.jpg,4,stoat
stoat_0115.jpg,4,stoat
stoat_0116.jpg,4,stoat
stoat_0117.jpg,4,stoat
stoat_0118.jpg,4,stoat
stoat_0119.jpg,4,stoat
stoat_0120.jpg,4,stoat
stoat_0121.jpg,4,stoat
stoat_0122.jpg,4,stoat
stoat_0123.jpg,4,stoat
stoat_0124.jpg,4,stoat
stoat_0125.jpg,4,stoat
stoat_0126.jpg,4,stoat
stoat_0127.jpg,4,stoat
stoat_0128.jpg,4,stoat
stoat_0129.jpg,4,stoat
stoat_0130.jpg,4,stoat
stoat_0131.jpg,4,stoat
stoat_0132.jpg,4,stoat
stoat_0133.jpg,4,stoat
stoat_0134.jpg,4,stoat
stoat_0135.jpg,4,stoat
stoat_0136.jpg,4,stoat
stoat_0137.jpg,4,stoat
stoat_0138.jpg,4,stoat
stoat_0139.jpg,4,stoat
stoat_0140.jpg,4,stoat
stoat_0141.jpg,4,stoat
stoat_0142.jpg,4,stoat
stoat_0143.jpg,4,stoat
stoat_0144.jpg,4,stoat
stoat_0145.jpg,4,stoat
stoat_0146.jpg,4,stoat
stoat_0147.jpg,4,stoat
stoat_0148.jpg,4,stoat
stoat_0149.jpg,4,stoat
stoat_0150.jpg,4,stoat
stoat_0151.jpg,4,stoat
stoat_0152.jpg,4,stoat
stoat_0153.jpg,4,stoat
stoat_0154.jpg,4,stoat
stoat_0155.jpg,4,stoat
stoat_0156.jpg,4,stoat
stoat_0157.jpg,4,stoat
stoat_0158.jpg,4,stoat
stoat_0159.jpg,4,stoat
stoat_0160.jpg,4,stoat
stoat_0161.jpg,4,stoat
stoat_0162.jpg,4,stoat
stoat_0163.jpg,4,stoat
stoat_0164.jpg,4,stoat
stoat_0165.jpg,4,stoat
stoat_0166.jpg,4,stoat
stoat_0167.jpg,4,stoat
stoat_0168.jpg,4,stoat
stoat_0169.jpg,4,stoat
stoat_0170.jpg,4,stoat
stoat_0171.jpg,4,stoat
stoat_0172.jpg,4,stoat
stoat_0173.jpg,4,stoat
stoat_0174.jpg,4,stoat
stoat_0175.jpg,4,stoat
stoat_0176.jpg,4,stoat
stoat_0177.jpg,4,stoat
stoat_0178.jpg,4,stoat
stoat_0179.jpg,4,stoat
stoat_0180.jpg,4,stoat
stoat_0181.jpg,4,stoat
stoat_0182.jpg,4,stoat
stoat_0183.jpg,4,stoat
stoat_0184.jpg,4,stoat
stoat_0185.jpg,4,stoat
stoat_0186.jpg,4,stoat
stoat_0187.jpg,4,stoat
stoat_0188.jpg,4,stoat
stoat_0189.jpg,4,stoat
stoat_0190.jpg,4,stoat
stoat_0191.jpg,4,stoat
stoat_0192.jpg,4,stoat
stoat_0193.jpg,4,stoat
stoat_0194.jpg,4,stoat
stoat_0195.jpg,4,stoat
stoat_0196.jpg,4,stoat
stoat_0197.jpg,4,stoat
stoat_0198.jpg,4,stoat
stoat_0199.jpg,4,stoat
stoat_0200.jpg,4,stoat
stoat_0201.jpg,4,stoat
stoat_0202.jpg,4,stoat
stoat_0203.jpg,4,stoat
stoat_0204.jpg,4,stoat
stoat_0205.jpg,4,stoat
stoat_0206.jpg,4,stoat
stoat_0207.jpg,4,stoat
stoat_0208.jpg,4,stoat
stoat_0209.jpg,4,stoat
stoat_0210.jpg,4,stoat
stoat_0211.jpg,4,stoat
stoat_0212.jpg,4,stoat
stoat_0213.jpg,4,stoat
stoat_0214.jpg,4,stoat
stoat_0215.jpg,4,stoat
stoat_0216.jpg,4,stoat
stoat_0217.jpg,4,stoat
stoat_0218.jpg,4,stoat
stoat_0219.jpg,4,stoat
stoat_0220.jpg,4,stoat
stoat_0221.jpg,4,stoat
stoat_0222.jpg,4,stoat
stoat_0223.jpg,4,stoat
stoat_0224.jpg,4,stoat
stoat_0225.jpg,4,stoat
stoat_0226.jpg,4,stoat
stoat_0227.jpg,4,stoat
stoat_0228.jpg,4,stoat
stoat_0229.jpg,4,stoat
stoat_0230.jpg,4,stoat
stoat_0231.jpg,4,stoat
stoat_0232.jpg,4,stoat
stoat_0233.jpg,4,stoat
stoat_0234.jpg,4,stoat
stoat_0235.jpg,4,stoat
stoat_0236.jpg,4,stoat
stoat_0237.jpg,4,stoat
stoat_0238.jpg,4,stoat
stoat_0239.jpg,4,stoat
stoat_0240.jpg,4,stoat
stoat_0241.jpg,4,stoat
stoat_0242.jpg,4,stoat
stoat_0243.jpg,4,stoat
stoat_0244.jpg,4,stoat
stoat_0245.jpg,4,stoat
stoat_0246.jpg,4,stoat
stoat_0247.jpg,4,stoat
stoat_0248.jpg,4,stoat
stoat_0249.jpg,4,stoat
stoat_0250.jpg,4,stoat
stoat_0251.jpg,4,stoat
stoat_0252.jpg,4,stoat
stoat_0253.jpg,4,stoat
stoat_0254.jpg,4,stoat
stoat_0255.jpg,4,stoat
stoat_0256.jpg,4,stoat
stoat_0257.jpg,4,stoat
stoat_0258.jpg,4,stoat
stoat_0259.jpg,4,stoat
stoat_0260.jpg,4,stoat
stoat_0261.jpg,4,stoat
stoat_0262.jpg,4,stoat
stoat_0263.jpg,4,stoat
stoat_0264.jpg,4,stoat
stoat_0265.jpg,4,stoat
stoat_0266.jpg,4,stoat
stoat_0267.jpg,4,stoat
stoat_0268.jpg,4,stoat
stoat_0269.jpg,4,stoat
stoat_0270.jpg,4,stoat
stoat_0271.jpg,4,stoat
stoat_0272.jpg,4,stoat
stoat_0273.jpg,4,stoat
stoat_0274.jpg,4,stoat
stoat_0275.jpg,4,stoat
stoat_0276.jpg,4,stoat
stoat_0277.jpg,4,stoat
stoat_0278.jpg,4,stoat
stoat_0279.jpg,4,stoat
stoat_0280.jpg,4,stoat
stoat_0281.jpg,4,stoat
stoat_0282.jpg,4,stoat
stoat_0283.jpg,4,stoat
stoat_0284.jpg,4,stoat
stoat_0285.jpg,4,stoat
stoat_0286.jpg,4,stoat
stoat_0287.jpg,4,stoat
stoat_0288.jpg,4,stoat
stoat_0289.jpg,4,stoat
stoat_0290.jpg,4,stoat
stoat_0291.jpg,4,stoat
stoat_0292.jpg,4,stoat
stoat_0293.jpg,4,stoat
stoat_0294.jpg,4,stoat
stoat_0295.jpg,4,stoat
stoat_0296.jpg,4,stoat
stoat_0297.jpg,4,stoat
stoat_0298.jpg,4,stoat
stoat_0299.jpg,4,stoat
stoat_0300.jpg,4,stoat
stoat_0301.jpg,4,stoat
stoat_0302.jpg,4,stoat
stoat_0303.jpg,4,stoat
stoat_0304.jpg,4,stoat
stoat_0305.jpg,4,stoat
stoat_0306.jpg,4,stoat
stoat_0307.jpg,4,stoat
stoat_0308.jpg,4,stoat
stoat_0309.jpg,4,stoat
stoat_0310.jpg,4,stoat
stoat_0311.jpg,4,stoat
stoat_0312.jpg,4,stoat
stoat_0313.jpg,4,stoat
stoat_0314.jpg,4,stoat
stoat_0315.jpg,4,stoat
stoat_0316.jpg,4,stoat
stoat_0317.jpg,4,stoat
stoat_0318.jpg,4,stoat
stoat_0319.jpg,4,stoat
stoat_0320.jpg,4,stoat
stoat_0321.jpg,4,stoat
stoat_0322.jpg,4,stoat
stoat_0323.jpg,4,stoat
stoat_0324.jpg,4,stoat
stoat_0325.jpg,4,stoat
stoat_0326.jpg,4,stoat
stoat_0327.jpg,4,stoat
stoat_0328.jpg,4,stoat
stoat_0329.jpg,4,stoat
stoat_0330.jpg,4,stoat
stoat_0331.jpg,4,stoat
stoat_0332.jpg,4,stoat
stoat_0333.jpg,4,stoat
stoat_0334.jpg,4,stoat
stoat_0335.jpg,4,stoat
stoat_0336.jpg,4,stoat
stoat_0337.jpg,4,stoat
stoat_0338.jpg,4,stoat
stoat_0339.jpg,4,stoat
stoat_0340.jpg,4,stoat
stoat_0341.jpg,4,stoat
stoat_0342.jpg,4,stoat
stoat_0343.jpg,4,stoat
stoat_0344.jpg,4,stoat
stoat_0345.jpg,4,stoat
stoat_0346.jpg,4,stoat
stoat_0347.jpg,4,stoat
stoat_0348.jpg,4,stoat
stoat_0349.jpg,4,stoat
stoat_0350.jpg,4,stoat
stoat_0351.jpg,4,stoat
stoat_0352.jpg,4,stoat
stoat_0353.jpg,4,stoat
stoat_0354.jpg,4,stoat
stoat_0355.jpg,4,stoat
stoat_0356.jpg,4,stoat
stoat_0357.jpg,4,stoat
stoat_0358.jpg,4,stoat
stoat_0359.jpg,4,stoat
stoat_0360.jpg,4,stoat
stoat_0361.jpg,4,stoat
stoat_0362.jpg,4,stoat
stoat_0363.jpg,4,stoat
stoat_0364.jpg,4,stoat
stoat_0365.jpg,4,stoat
stoat_0366.jpg,4,stoat
stoat_0367.jpg,4,stoat
stoat_0368.jpg,4,stoat
stoat_0369.jpg,4,stoat
stoat_0370.jpg,4,stoat
stoat_0371.jpg,4,stoat
stoat_0372.jpg,4,stoat
stoat_0373.jpg,4,stoat
stoat_0374.jpg,4,stoat
stoat_0375.jpg,4,stoat
stoat_0376.jpg,4,stoat
stoat_0377.jpg,4,stoat
stoat_0378.jpg,4,stoat
stoat_0379.jpg,4,stoat
stoat_0380.jpg,4,stoat
stoat_0381.jpg,4,stoat
stoat_0382.jpg,4,stoat
stoat_0383.jpg,4,stoat
stoat_0384.jpg,4,stoat
stoat_0385.jpg,4,stoat
stoat_0386.jpg,4,stoat
stoat_0387.jpg,4,stoat
stoat_0388.jpg,4,stoat
stoat_0389.jpg,4,stoat
stoat_0390.jpg,4,stoat
stoat_0391.jpg,4,stoat
stoat_0392.jpg,4,stoat
stoat_0393.jpg,4,stoat
stoat_0394.jpg,4,stoat
stoat_0395.jpg,4,stoat
stoat_0396.jpg,4,stoat
stoat_0397.jpg,4,stoat
stoat_0398.jpg,4,stoat
stoat_0399.jpg,4,stoat
stoat_0400.jpg,4,stoat
stoat_0401.jpg,4,stoat
stoat_0402.jpg,4,stoat
stoat_0403.jpg,4,stoat
stoat_0404.jpg,4,stoat
stoat_0405.jpg,4,stoat
stoat_0406.jpg,4,stoat
stoat_0407.jpg,4,stoat
stoat_0408.jpg,4,stoat
stoat_0409.jpg,4,stoat
stoat_0410.jpg,4,stoat
stoat_0411.jpg,4,stoat
stoat_0412.jpg,4,stoat
stoat_0413.jpg,4,stoat
stoat_0414.jpg,4,stoat
stoat_0415.jpg,4,stoat
stoat_0416.jpg,4,stoat
stoat_0417.jpg,4,stoat
stoat_0418.jpg,4,stoat
stoat_0419.jpg,4,stoat
stoat_0420.jpg,4,stoat
stoat_0421.jpg,4,stoat
stoat_0422.jpg,4,stoat
stoat_0423.jpg,4,stoat
stoat_0424.jpg,4,stoat
stoat_0425.jpg,4,stoat
stoat_0426.jpg,4,stoat
stoat_0427.jpg,4,stoat
stoat_0428.jpg,4,stoat
stoat_0429.jpg,4,stoat
stoat_0430.jpg,4,stoat
stoat_0431.jpg,4,stoat
stoat_0432.jpg,4,stoat
stoat_0433.jpg,4,stoat
stoat_0434.jpg,4,stoat
stoat_0435.jpg,4,stoat
stoat_0436.jpg,4,stoat
stoat_0437.jpg,4,stoat
stoat_0438.jpg,4,stoat
stoat_0439.jpg,4,stoat
stoat_0440.jpg,4,stoat
stoat_0441.jpg,4,stoat
stoat_0442.jpg,4,stoat
stoat_0443.jpg,4,stoat
stoat_0444.jpg,4,stoat
stoat_0445.jpg,4,stoat
stoat_0446.jpg,4,stoat
stoat_0447.jpg,4,stoat
stoat_0448.jpg,4,stoat
stoat_0449.jpg,4,stoat
stoat_0450.jpg,4,stoat
stoat_0451.jpg,4,stoat
stoat_0452.jpg,4,stoat
stoat_0453.jpg,4,stoat
stoat_0454.jpg,4,stoat
stoat_0455.jpg,4,stoat
stoat_0456.jpg,4,stoat
stoat_0457.jpg,4,stoat
stoat_0458.jpg,4,stoat
stoat_0459.jpg,4,stoat
stoat_0460.jpg,4,stoat
stoat_0461.jpg,4,stoat
stoat_0462.jpg,4,stoat
stoat_0463.jpg,4,stoat
stoat_0464.jpg,4,stoat
stoat_0465.jpg,4,stoat
stoat_0466.jpg,4,stoat
stoat_0467.jpg,4,stoat
stoat_0468.jpg,4,stoat
stoat_0469.jpg,4,stoat
stoat_0470.jpg,4,stoat
stoat_0471.jpg,4,stoat
stoat_0472.jpg,4,stoat
stoat_0473.jpg,4,stoat
stoat_0474.jpg,4,stoat
stoat_0475.jpg,4,stoat
stoat_0476.jpg,4,stoat
stoat_0477.jpg,4,stoat
stoat_0478.jpg,4,stoat
stoat_0479.jpg,4,stoat
stoat_0480.jpg,4,stoat
stoat_0481.jpg,4,stoat
stoat_0482.jpg,4,stoat
stoat_0483.jpg,4,stoat
stoat_0484.jpg,4,stoat
stoat_0485.jpg,4,stoat
stoat_0486.jpg,4,stoat
stoat_0487.jpg,4,stoat
stoat_0488.jpg,4,stoat
stoat_0489.jpg,4,stoat
stoat_0490.jpg,4,stoat
stoat_0491.jpg,4,stoat
stoat_0492.jpg,4,stoat
stoat_0493.jpg,4,stoat
stoat_0494.jpg,4,stoat
stoat_0495.jpg,4,stoat
stoat_0496.jpg,4,stoat
stoat_0497.jpg,4,stoat
stoat_0498.jpg,4,stoat
stoat_0499.jpg,4,stoat
stoat_0500.jpg,4,stoat
stoat_0501.jpg,4,stoat
stoat_0502.jpg,4,stoat
stoat_0503.jpg,4,stoat
stoat_0504.jpg,4,stoat
stoat_0505.jpg,4,stoat
stoat_0506.jpg,4,stoat
stoat_0507.jpg,4,stoat
stoat_0508.jpg,4,stoat
stoat_0509.jpg,4,stoat
stoat_0510.jpg,4,stoat
stoat_0511.jpg,4,stoat
stoat_0512.jpg,4,stoat
stoat_0513.jpg,4,stoat
stoat_0514.jpg,4,stoat
stoat_0515.jpg,4,stoat
stoat_0516.jpg,4,stoat
stoat_0517.jpg,4,stoat
stoat_0518.jpg,4,stoat
stoat_0519.jpg,4,stoat
stoat_0520.jpg,4,stoat
stoat_0521.jpg,4,stoat
stoat_0522.jpg,4,stoat
stoat_0523.jpg,4,stoat
stoat_0524.jpg,4,stoat
stoat_0525.jpg,4,stoat
stoat_0526.jpg,4,stoat
stoat_0527.jpg,4,stoat
stoat_0528.jpg,4,stoat
stoat_0529.jpg,4,stoat
stoat_0530.jpg,4,stoat
stoat_0531.jpg,4,stoat
stoat_0532.jpg,4,stoat
stoat_0533.jpg,4,stoat
stoat_0534.jpg,4,stoat
stoat_0535.jpg,4,stoat
stoat_0536.jpg,4,stoat
stoat_0537.jpg,4,stoat
stoat_0538.jpg,4,stoat
stoat_0539.jpg,4,stoat
stoat_0540.jpg,4,stoat
stoat_0541.jpg,4,stoat
stoat_0542.jpg,4,stoat
stoat_0543.jpg,4,stoat
stoat_0544.jpg,4,stoat
stoat_0545.jpg,4,stoat
stoat_0546.jpg,4,stoat
stoat_0547.jpg,4,stoat
stoat_0548.jpg,4,stoat
stoat_0549.jpg,4,stoat
stoat_0550.jpg,4,stoat
stoat_0551.jpg,4,stoat
stoat_0552.jpg,4,stoat
stoat_0553.jpg,4,stoat
stoat_0554.jpg,4,stoat
stoat_0555.jpg,4,stoat
stoat_0556.jpg,4,stoat
stoat_0557.jpg,4,stoat
stoat_0558.jpg,4,stoat
stoat_0559.jpg,4,stoat
stoat_0560.jpg,4,stoat
stoat_0561.jpg,4,stoat
stoat_0562.jpg,4,stoat
stoat_0563.jpg,4,stoat
stoat_0564.jpg,4,stoat
stoat_0565.jpg,4,stoat
stoat_0566.jpg,4,stoat
stoat_0567.jpg,4,stoat
stoat_0568.jpg,4,stoat
stoat_0569.jpg,4,stoat
stoat_0570.jpg,4,stoat
stoat_0571.jpg,4,stoat
stoat_0572.jpg,4,stoat
stoat_0573.jpg,4,stoat
stoat_0574.jpg,4,stoat
stoat_0575.jpg,4,stoat
stoat_0576.jpg,4,stoat
stoat_0577.jpg,4,stoat
stoat_0578.jpg,4,stoat
stoat_0579.jpg,4,stoat
stoat_0580.jpg,4,stoat
stoat_0581.jpg,4,stoat
stoat_0582.jpg,4,stoat
stoat_0583.jpg,4,stoat
stoat_0584.jpg,4,stoat
stoat_0585.jpg,4,stoat
stoat_0586.jpg,4,stoat
stoat_0587.jpg,4,stoat
stoat_0588.jpg,4,stoat
stoat_0589.jpg,4,stoat
stoat_0590.jpg,4,stoat
stoat_0591.jpg,4,stoat
stoat_0592.jpg,4,stoat
stoat_0593.jpg,4,stoat
stoat_0594.jpg,4,stoat
stoat_0595.jpg,4,stoat
stoat_0596.jpg,4,stoat
stoat_0597.jpg,4,stoat
stoat_0598.jpg,4,stoat
stoat_0599.jpg,4,stoat
stoat_0600.jpg,4,stoat
stoat_0601.jpg,4,stoat
stoat_0602.jpg,4,stoat
stoat_0603.jpg,4,stoat
stoat_0604.jpg,4,stoat
stoat_0605.jpg,4,stoat
stoat_0606.jpg,4,stoat
stoat_0607.jpg,4,stoat
stoat_0608.jpg,4,stoat
stoat_0609.jpg,4,stoat
stoat_0610.jpg,4,stoat
stoat_0611.jpg,4,stoat
stoat_0612.jpg,4,stoat
stoat_0613.jpg,4,stoat
stoat_0614.jpg,4,stoat
stoat_0615.jpg,4,stoat
stoat_0616.jpg,4,stoat
stoat_0617.jpg,4,stoat
stoat_0618.jpg,4,stoat
stoat_0619.jpg,4,stoat
stoat_0620.jpg,4,stoat
stoat_0621.jpg,4,stoat
stoat_0622.jpg,4,stoat
stoat_0623.jpg,4,stoat
stoat_0624.jpg,4,stoat
stoat_0625.jpg,4,stoat
stoat_0626.jpg,4,stoat
stoat_0627.jpg,4,stoat
stoat_0628.jpg,4,stoat
stoat_0629.jpg,4,stoat
stoat_0630.jpg,4,stoat
stoat_0631.jpg,4,stoat
stoat_0632.jpg,4,stoat
stoat_0633.jpg,4,stoat
stoat_0634.jpg,4,stoat
stoat_0635.jpg,4,stoat
stoat_0636.jpg,4,stoat
stoat_0637.jpg,4,stoat
stoat_0638.jpg,4,stoat
stoat_0639.jpg,4,stoat
stoat_0640.jpg,4,stoat
stoat_0641.jpg,4,stoat
stoat_0642.jpg,4,stoat
stoat_0643.jpg,4,stoat
stoat_0644.jpg,4,stoat
stoat_0645.jpg,4,stoat
stoat_0646.jpg,4,stoat
stoat_0647.jpg,4,stoat
stoat_0648.jpg,4,stoat
stoat_0649.jpg,4,stoat
stoat_0650.jpg,4,stoat
stoat_0651.jpg,4,stoat
stoat_0652.jpg,4,stoat
stoat_0653.jpg,4,stoat
stoat_0654.jpg,4,stoat
stoat_0655.jpg,4,stoat
stoat_0656.jpg,4,stoat
stoat_0657.jpg,4,stoat
stoat_0658.jpg,4,stoat
stoat_0659.jpg,4,stoat
stoat_0660.jpg,4,stoat
stoat_0661.jpg,4,stoat
stoat_0662.jpg,4,stoat
stoat_0663.jpg,4,stoat
stoat_0664.jpg,4,stoat
stoat_0665.jpg,4,stoat
stoat_0666.jpg,4,stoat
stoat_0667.jpg,4,stoat
stoat_0668.jpg,4,stoat
stoat_0669.jpg,4,stoat
stoat_0670.jpg,4,stoat
stoat_0671.jpg,4,stoat
stoat_0672.jpg,4,stoat
stoat_0673.jpg,4,stoat
stoat_0674.jpg,4,stoat
stoat_0675.jpg,4,stoat
stoat_0676.jpg,4,stoat
stoat_0677.jpg,4,stoat
stoat_0678.jpg,4,stoat
stoat_0679.jpg,4,stoat
stoat_0680.jpg,4,stoat
stoat_0681.jpg,4,stoat
stoat_0682.jpg,4,stoat
stoat_0683.jpg,4,stoat
stoat_0684.jpg,4,stoat
stoat_0685.jpg,4,stoat
stoat_0686.jpg,4,stoat
stoat_0687.jpg,4,stoat
stoat_0688.jpg,4,stoat
stoat_0689.jpg,4,stoat
stoat_0690.jpg,4,stoat
stoat_0691.jpg,4,stoat
stoat_0692.jpg,4,stoat
stoat_0693.jpg,4,stoat
stoat_0694.jpg,4,stoat
stoat_0695.jpg,4,stoat
stoat_0696.jpg,4,stoat
stoat_0697.jpg,4,stoat
stoat_0698.jpg,4,stoat
stoat_0699.jpg,4,stoat
stoat_0700.jpg,4,stoat
stoat_0701.jpg,4,stoat
stoat_0702.jpg,4,stoat
stoat_0703.jpg,4,stoat
stoat_0704.jpg,4,stoat
stoat_0705.jpg,4,stoat
stoat_0706.jpg,4,stoat
stoat_0707.jpg,4,stoat
stoat_0708.jpg,4,stoat
stoat_0709.jpg,4,stoat
stoat_0710.jpg,4,stoat
stoat_0711.jpg,4,stoat
stoat_0712.jpg,4,stoat
stoat_0713.jpg,4,stoat
stoat_0714.jpg,4,stoat
stoat_0715.jpg,4,stoat
stoat_0716.jpg,4,stoat
stoat_0717.jpg,4,stoat
stoat_0718.jpg,4,stoat
stoat_0719.jpg,4,stoat
stoat_0720.jpg,4,stoat
stoat_0721.jpg,4,stoat
stoat_0722.jpg,4,stoat
stoat_0723.jpg,4,stoat
stoat_0724.jpg,4,stoat
stoat_0725.jpg,4,stoat
stoat_0726.jpg,4,stoat
stoat_0727.jpg,4,stoat
stoat_0728.jpg,4,stoat
stoat_0729.jpg,4,stoat
stoat_0730.jpg,4,stoat
stoat_0731.jpg,4,stoat
stoat_0732.jpg,4,stoat
stoat_0733.jpg,4,stoat
stoat_0734.jpg,4,stoat
stoat_0735.jpg,4,stoat
stoat_0736.jpg,4,stoat
stoat_0737.jpg,4,stoat
stoat_0738.jpg,4,stoat
stoat_0739.jpg,4,stoat
stoat_0740.jpg,4,stoat
stoat_0741.jpg,4,stoat
stoat_0742.jpg,4,stoat
stoat_0743.jpg,4,stoat
stoat_0744.jpg,4,stoat
stoat_0745.jpg,4,stoat
stoat_0746.jpg,4,stoat
stoat_0747.jpg,4,stoat
stoat_0748.jpg,4,stoat
stoat_0749.jpg,4,stoat
stoat_0750.jpg,4,stoat
stoat_0751.jpg,4,stoat
stoat_0752.jpg,4,stoat
stoat_0753.jpg,4,stoat
stoat_0754.jpg,4,stoat
stoat_0755.jpg,4,stoat
stoat_0756.jpg,4,stoat
stoat_0757.jpg,4,stoat
stoat_0758.jpg,4,stoat
stoat_0759.jpg,4,stoat
stoat_0760.jpg,4,stoat
stoat_0761.jpg,4,stoat
stoat_0762.jpg,4,stoat
stoat_0763.jpg,4,stoat
stoat_0764.jpg,4,stoat
stoat_0765.jpg,4,stoat
stoat_0766.jpg,4,stoat
stoat_0767.jpg,4,stoat
stoat_0768.jpg,4,stoat
stoat_0769.jpg,4,stoat
stoat_0770.jpg,4,stoat
stoat_0771.jpg,4,stoat
stoat_0772.jpg,4,stoat
stoat_0773.jpg,4,stoat
stoat_0774.jpg,4,stoat
stoat_0775.jpg,4,stoat
stoat_0776.jpg,4,stoat
stoat_0777.jpg,4,stoat
stoat_0778.jpg,4,stoat
stoat_0779.jpg,4,stoat
stoat_0780.jpg,4,stoat
stoat_0781.jpg,4,stoat
stoat_0782.jpg,4,stoat
stoat_0783.jpg,4,stoat
stoat_0784.jpg,4,stoat
stoat_0785.jpg,4,stoat
stoat_0786.jpg,4,stoat
stoat_0787.jpg,4,stoat
stoat_0788.jpg,4,stoat
stoat_0789.jpg,4,stoat
stoat_0790.jpg,4,stoat
stoat_0791.jpg,4,stoat
stoat_0792.jpg,4,stoat
stoat_0793.jpg,4,stoat
stoat_0794.jpg,4,stoat
stoat_0795.jpg,4,stoat
stoat_0796.jpg,4,stoat
stoat_0797.jpg,4,stoat
stoat_0798.jpg,4,stoat
stoat_0799.jpg,4,stoat
stoat_0800.jpg,4,stoat
stoat_0801.jpg,4,stoat
stoat_0802.jpg,4,stoat
stoat_0803.jpg,4,stoat
stoat_0804.jpg,4,stoat
stoat_0805.jpg,4,stoat
stoat_0806.jpg,4,stoat
stoat_0807.jpg,4,stoat
stoat_0808.jpg,4,stoat
stoat_0809.jpg,4,stoat
stoat_0810.jpg,4,stoat
stoat_0811.jpg,4,stoat
stoat_0812.jpg,4,stoat
stoat_0813.jpg,4,stoat
stoat_0814.jpg,4,stoat
stoat_0815.jpg,4,stoat
stoat_0816.jpg,4,stoat
stoat_0817.jpg,4,stoat
stoat_0818.jpg,4,stoat
stoat_0819.jpg,4,stoat
stoat_0820.jpg,4,stoat
stoat_0821.jpg,4,stoat
stoat_0822.jpg,4,stoat
stoat_0823.jpg,4,stoat
stoat_0824.jpg,4,stoat
stoat_0825.jpg,4,stoat
stoat_0826.jpg,4,stoat
stoat_0827.jpg,4,stoat
stoat_0828.jpg,4,stoat
stoat_0829.jpg,4,stoat
stoat_0830.jpg,4,stoat
stoat_0831.jpg,4,stoat
stoat_0832.jpg,4,stoat
stoat_0833.jpg,4,stoat
stoat_0834.jpg,4,stoat
stoat_0835.jpg,4,stoat
stoat_0836.jpg,4,stoat
stoat_0837.jpg,4,stoat
stoat_0838.jpg,4,stoat
stoat_0839.jpg,4,stoat
stoat_0840.jpg,4,stoat
stoat_0841.jpg,4,stoat
stoat_0842.jpg,4,stoat
stoat_0843.jpg,4,stoat
stoat_0844.jpg,4,stoat
stoat_0845.jpg,4,stoat
stoat_0846.jpg,4,stoat
stoat_0847.jpg,4,stoat
stoat_0848.jpg,4,stoat
stoat_0849.jpg,4,stoat
stoat_0850.jpg,4,stoat
stoat_0851.jpg,4,stoat
stoat_0852.jpg,4,stoat
stoat_0853.jpg,4,stoat
stoat_0854.jpg,4,stoat
stoat_0855.jpg,4,stoat
stoat_0856.jpg,4,stoat
stoat_0857.jpg,4,stoat
stoat_0858.jpg,4,stoat
stoat_0859.jpg,4,stoat
stoat_0860.jpg,4,stoat
stoat_0861.jpg,4,stoat
stoat_0862.jpg,4,stoat
stoat_0863.jpg,4,stoat
stoat_0864.jpg,4,stoat
stoat_0865.jpg,4,stoat
stoat_0866.jpg,4,stoat
stoat_0867.jpg,4,stoat
stoat_0868.jpg,4,stoat
stoat_0869.jpg,4,stoat
stoat_0870.jpg,4,stoat
stoat_0871.jpg,4,stoat
stoat_0872.jpg,4,stoat
stoat_0873.jpg,4,stoat
stoat_0874.jpg,4,stoat
stoat_0875.jpg,4,stoat
stoat_0876.jpg,4,stoat
stoat_0877.jpg,4,stoat
stoat_0878.jpg,4,stoat
stoat_0879.jpg,4,stoat
stoat_0880.jpg,4,stoat
stoat_0881.jpg,4,stoat
stoat_0882.jpg,4,stoat
stoat_0883.jpg,4,stoat
stoat_0884.jpg,4,stoat
stoat_0885.jpg,4,stoat
stoat_0886.jpg,4,stoat
stoat_0887.jpg,4,stoat
stoat_0888.jpg,4,stoat
stoat_0889.jpg,4,stoat
stoat_0890.jpg,4,stoat
stoat_0891.jpg,4,stoat
stoat_0892.jpg,4,stoat
stoat_0893.jpg,4,stoat
stoat_0894.jpg,4,stoat
stoat_0895.jpg,4,stoat
stoat_0896.jpg,4,stoat
stoat_0897.jpg,4,stoat
stoat_0898.jpg,4,stoat
stoat_0899.jpg,4,stoat
stoat_0900.jpg,4,stoat
stoat_0901.jpg,4,stoat
stoat_0902.jpg,4,stoat
stoat_0903.jpg,4,stoat
stoat_0904.jpg,4,stoat
stoat_0905.jpg,4,stoat
stoat_0906.jpg,4,stoat
stoat_0907.jpg,4,stoat
stoat_0908.jpg,4,stoat
stoat_0909.jpg,4,stoat
stoat_0910.jpg,4,stoat
stoat_0911.jpg,4,stoat
stoat_0912.jpg,4,stoat
stoat_0913.jpg,4,stoat
stoat_0914.jpg,4,stoat
stoat_0915.jpg,4,stoat
stoat_0916.jpg,4,stoat
stoat_0917.jpg,4,stoat
stoat_0918.jpg,4,stoat
stoat_0919.jpg,4,stoat
stoat_0920.jpg,4,stoat
stoat_0921.jpg,4,stoat
stoat_0922.jpg,4,stoat
stoat_0923.jpg,4,stoat
stoat_0924.jpg,4,stoat
stoat_0925.jpg,4,stoat
stoat_0926.jpg,4,stoat
stoat_0927.jpg,4,stoat
stoat_0928.jpg,4,stoat
stoat_0929.jpg,4,stoat
stoat_0930.jpg,4,stoat
stoat_0931.jpg,4,stoat
stoat_0932.jpg,4,stoat
stoat_0933.jpg,4,stoat
stoat_0934.jpg,4,stoat
stoat_0935.jpg,4,stoat
stoat_0936.jpg,4,stoat
stoat_0937.jpg,4,stoat
stoat_0938.jpg,4,stoat
stoat_0939.jpg,4,stoat
stoat_0940.jpg,4,stoat
stoat_0941.jpg,4,stoat
stoat_0942.jpg,4,stoat
stoat_0943.jpg,4,stoat
stoat_0944.jpg,4,stoat
stoat_0945.jpg,4,stoat
stoat_0946.jpg,4,stoat
stoat_0947.jpg,4,stoat
stoat_0948.jpg,4,stoat
stoat_0949.jpg,4,stoat
stoat_0950.jpg,4,stoat
stoat_0951.jpg,4,stoat
stoat_0952.jpg,4,stoat
stoat_0953.jpg,4,stoat
stoat_0954.jpg,4,stoat
stoat_0955.jpg,4,stoat
stoat_0956.jpg,4,stoat
stoat_0957.jpg,4,stoat
stoat_0958.jpg,4,stoat
stoat_0959.jpg,4,stoat
stoat_0960.jpg,4,stoat
stoat_0961.jpg,4,stoat
stoat_0962.jpg,4,stoat
stoat_0963.jpg,4,stoat
stoat_0964.jpg,4,stoat
stoat_0965.jpg,4,stoat
stoat_0966.jpg,4,stoat
stoat_0967.jpg,4,stoat
stoat_0968.jpg,4,stoat
stoat_0969.jpg,4,stoat
stoat_0970.jpg,4,stoat
stoat_0971.jpg,4,stoat
stoat_0972.jpg,4,stoat
stoat_0973.jpg,4,stoat
stoat_0974.jpg,4,stoat
stoat_0975.jpg,4,stoat
stoat_0976.jpg,4,stoat
stoat_0977.jpg,4,stoat
stoat_0978.jpg,4,stoat
stoat_0979.jpg,4,stoat
stoat_0980.jpg,4,stoat
stoat_0981.jpg,4,stoat
stoat_0982.jpg,4,stoat
stoat_0983.jpg,4,stoat
stoat_0984.jpg,4,stoat
stoat_0985.jpg,4,stoat
stoat_0986.jpg,4,stoat
stoat_0987.jpg,4,stoat
stoat_0988.jpg,4,stoat
stoat_0989.jpg,4,stoat
stoat_0990.jpg,4,stoat
stoat_0991.jpg,4,stoat
stoat_0992.jpg,4,stoat
stoat_0993.jpg,4,stoat
stoat_0994.jpg,4,stoat
stoat_0995.jpg,4,stoat
stoat_0996.jpg,4,stoat
stoat_0997.jpg,4,stoat
stoat_0998.jpg,4,stoat
stoat_0999.jpg,4,stoat
stoat_1000.jpg,4,stoat
weasel_0001.jpg,5,weasel
weasel_0002.jpg,5,weasel
weasel_0003.jpg,5,weasel
weasel_0004.jpg,5,weasel
weasel_0005.jpg,5,weasel
weasel_0006.jpg,5,weasel
weasel_0007.jpg,5,weasel
weasel_0008.jpg,5,weasel
weasel_0009.jpg,5,weasel
weasel_0010.jpg,5,weasel
weasel_0011.jpg,5,weasel
weasel_0012.jpg,5,weasel
weasel_0013.jpg,5,weasel
weasel_0014.jpg,5,weasel
weasel_0015.jpg,5,weasel
weasel_0016.jpg,5,weasel
weasel_0017.jpg,5,weasel
weasel_0018.jpg,5,weasel
weasel_0019.jpg,5,weasel
weasel_0020.jpg,5,weasel
weasel_0021.jpg,5,weasel
weasel_0022.jpg,5,weasel
weasel_0023.jpg,5,weasel
weasel_0024.jpg,5,weasel
weasel_0025.jpg,5,weasel
weasel_0026.jpg,5,weasel
weasel_0027.jpg,5,weasel
weasel_0028.jpg,5,weasel
weasel_0029.jpg,5,weasel
weasel_0030.jpg,5,weasel
weasel_0031.jpg,5,weasel
weasel_0032.jpg,5,weasel
weasel_0033.jpg,5,weasel
weasel_0034.jpg,5,weasel
weasel_0035.jpg,5,weasel
weasel_0036.jpg,5,weasel
weasel_0037.jpg,5,weasel
weasel_0038.jpg,5,weasel
weasel_0039.jpg,5,weasel
weasel_0040.jpg,5,weasel
weasel_0041.jpg,5,weasel
weasel_0042.jpg,5,weasel
weasel_0043.jpg,5,weasel
weasel_0044.jpg,5,weasel
weasel_0045.jpg,5,weasel
weasel_0046.jpg,5,weasel
weasel_0047.jpg,5,weasel
weasel_0048.jpg,5,weasel
weasel_0049.jpg,5,weasel
weasel_0050.jpg,5,weasel
weasel_0051.jpg,5,weasel
weasel_0052.jpg,5,weasel
weasel_0053.jpg,5,weasel
weasel_0054.jpg,5,weasel
weasel_0055.jpg,5,weasel
weasel_0056.jpg,5,weasel
weasel_0057.jpg,5,weasel
weasel_0058.jpg,5,weasel
weasel_0059.jpg,5,weasel
weasel_0060.jpg,5,weasel
weasel_0061.jpg,5,weasel
weasel_0062.jpg,5,weasel
weasel_0063.jpg,5,weasel
weasel_0064.jpg,5,weasel
weasel_0065.jpg,5,weasel
weasel_0066.jpg,5,weasel
weasel_0067.jpg,5,weasel
weasel_0068.jpg,5,weasel
weasel_0069.jpg,5,weasel
weasel_0070.jpg,5,weasel
weasel_0071.jpg,5,weasel
weasel_0072.jpg,5,weasel
weasel_0073.jpg,5,weasel
weasel_0074.jpg,5,weasel
weasel_0075.jpg,5,weasel
weasel_0076.jpg,5,weasel
weasel_0077.jpg,5,weasel
weasel_0078.jpg,5,weasel
weasel_0079.jpg,5,weasel
weasel_0080.jpg,5,weasel
weasel_0081.jpg,5,weasel
weasel_0082.jpg,5,weasel
weasel_0083.jpg,5,weasel
weasel_0084.jpg,5,weasel
weasel_0085.jpg,5,weasel
weasel_0086.jpg,5,weasel
weasel_0087.jpg,5,weasel
weasel_0088.jpg,5,weasel
weasel_0089.jpg,5,weasel
weasel_0090.jpg,5,weasel
weasel_0091.jpg,5,weasel
weasel_0092.jpg,5,weasel
weasel_0093.jpg,5,weasel
weasel_0094.jpg,5,weasel
weasel_0095.jpg,5,weasel
weasel_0096.jpg,5,weasel
weasel_0097.jpg,5,weasel
weasel_0098.jpg,5,weasel
weasel_0099.jpg,5,weasel
weasel_0100.jpg,5,weasel
weasel_0101.jpg,5,weasel
weasel_0102.jpg,5,weasel
weasel_0103.jpg,5,weasel
weasel_0104.jpg,5,weasel
weasel_0105.jpg,5,weasel
weasel_0106.jpg,5,weasel
weasel_0107.jpg,5,weasel
weasel_0108.jpg,5,weasel
weasel_0109.jpg,5,weasel
weasel_0110.jpg,5,weasel
weasel_0111.jpg,5,weasel
weasel_0112.jpg,5,weasel
weasel_0113.jpg,5,weasel
weasel_0114.jpg,5,weasel
weasel_0115.jpg,5,weasel
weasel_0116.jpg,5,weasel
weasel_0117.jpg,5,weasel
weasel_0118.jpg,5,weasel
weasel_0119.jpg,5,weasel
weasel_0120.jpg,5,weasel
weasel_0121.jpg,5,weasel
weasel_0122.jpg,5,weasel
weasel_0123.jpg,5,weasel
weasel_0124.jpg,5,weasel
weasel_0125.jpg,5,weasel
weasel_0126.jpg,5,weasel
weasel_0127.jpg,5,weasel
weasel_0128.jpg,5,weasel
weasel_0129.jpg,5,weasel
weasel_0130.jpg,5,weasel
weasel_0131.jpg,5,weasel
weasel_0132.jpg,5,weasel
weasel_0133.jpg,5,weasel
weasel_0134.jpg,5,weasel
weasel_0135.jpg,5,weasel
weasel_0136.jpg,5,weasel
weasel_0137.jpg,5,weasel
weasel_0138.jpg,5,weasel
weasel_0139.jpg,5,weasel
weasel_0140.jpg,5,weasel
weasel_0141.jpg,5,weasel
weasel_0142.jpg,5,weasel
weasel_0143.jpg,5,weasel
weasel_0144.jpg,5,weasel
weasel_0145.jpg,5,weasel
weasel_0146.jpg,5,weasel
weasel_0147.jpg,5,weasel
weasel_0148.jpg,5,weasel
weasel_0149.jpg,5,weasel
weasel_0150.jpg,5,weasel
weasel_0151.jpg,5,weasel
weasel_0152.jpg,5,weasel
weasel_0153.jpg,5,weasel
weasel_0154.jpg,5,weasel
weasel_0155.jpg,5,weasel
weasel_0156.jpg,5,weasel
weasel_0157.jpg,5,weasel
weasel_0158.jpg,5,weasel
weasel_0159.jpg,5,weasel
weasel_0160.jpg,5,weasel
weasel_0161.jpg,5,weasel
weasel_0162.jpg,5,weasel
weasel_0163.jpg,5,weasel
weasel_0164.jpg,5,weasel
weasel_0165.jpg,5,weasel
weasel_0166.jpg,5,weasel
weasel_0167.jpg,5,weasel
weasel_0168.jpg,5,weasel
weasel_0169.jpg,5,weasel
weasel_0170.jpg,5,weasel
weasel_0171.jpg,5,weasel
weasel_0172.jpg,5,weasel
weasel_0173.jpg,5,weasel
weasel_0174.jpg,5,weasel
weasel_0175.jpg,5,weasel
weasel_0176.jpg,5,weasel
weasel_0177.jpg,5,weasel
weasel_0178.jpg,5,weasel
weasel_0179.jpg,5,weasel
weasel_0180.jpg,5,weasel
weasel_0181.jpg,5,weasel
weasel_0182.jpg,5,weasel
weasel_0183.jpg,5,weasel
weasel_0184.jpg,5,weasel
weasel_0185.jpg,5,weasel
weasel_0186.jpg,5,weasel
weasel_0187.jpg,5,weasel
weasel_0188.jpg,5,weasel
weasel_0189.jpg,5,weasel
weasel_0190.jpg,5,weasel
weasel_0191.jpg,5,weasel
weasel_0192.jpg,5,weasel
weasel_0193.jpg,5,weasel
weasel_0194.jpg,5,weasel
weasel_0195.jpg,5,weasel
weasel_0196.jpg,5,weasel
weasel_0197.jpg,5,weasel
weasel_0198.jpg,5,weasel
weasel_0199.jpg,5,weasel
weasel_0200.jpg,5,weasel
weasel_0201.jpg,5,weasel
weasel_0202.jpg,5,weasel
weasel_0203.jpg,5,weasel
weasel_0204.jpg,5,weasel
weasel_0205.jpg,5,weasel
weasel_0206.jpg,5,weasel
weasel_0207.jpg,5,weasel
weasel_0208.jpg,5,weasel
weasel_0209.jpg,5,weasel
weasel_0210.jpg,5,weasel
weasel_0211.jpg,5,weasel
weasel_0212.jpg,5,weasel
weasel_0213.jpg,5,weasel
weasel_0214.jpg,5,weasel
weasel_0215.jpg,5,weasel
weasel_0216.jpg,5,weasel
weasel_0217.jpg,5,weasel
weasel_0218.jpg,5,weasel
weasel_0219.jpg,5,weasel
weasel_0220.jpg,5,weasel
weasel_0221.jpg,5,weasel
weasel_0222.jpg,5,weasel
weasel_0223.jpg,5,weasel
weasel_0224.jpg,5,weasel
weasel_0225.jpg,5,weasel
weasel_0226.jpg,5,weasel
weasel_0227.jpg,5,weasel
weasel_0228.jpg,5,weasel
weasel_0229.jpg,5,weasel
weasel_0230.jpg,5,weasel
weasel_0231.jpg,5,weasel
weasel_0232.jpg,5,weasel
weasel_0233.jpg,5,weasel
weasel_0234.jpg,5,weasel
weasel_0235.jpg,5,weasel
weasel_0236.jpg,5,weasel
weasel_0237.jpg,5,weasel
weasel_0238.jpg,5,weasel
weasel_0239.jpg,5,weasel
weasel_0240.jpg,5,weasel
weasel_0241.jpg,5,weasel
weasel_0242.jpg,5,weasel
weasel_0243.jpg,5,weasel
weasel_0244.jpg,5,weasel
weasel_0245.jpg,5,weasel
weasel_0246.jpg,5,weasel
weasel_0247.jpg,5,weasel
weasel_0248.jpg,5,weasel
weasel_0249.jpg,5,weasel
weasel_0250.jpg,5,weasel
weasel_0251.jpg,5,weasel
weasel_0252.jpg,5,weasel
weasel_0253.jpg,5,weasel
weasel_0254.jpg,5,weasel
weasel_0255.jpg,5,weasel
weasel_0256.jpg,5,weasel
weasel_0257.jpg,5,weasel
weasel_0258.jpg,5,weasel
weasel_0259.jpg,5,weasel
weasel_0260.jpg,5,weasel
weasel_0261.jpg,5,weasel
weasel_0262.jpg,5,weasel
weasel_0263.jpg,5,weasel
weasel_0264.jpg,5,weasel
weasel_0265.jpg,5,weasel
weasel_0266.jpg,5,weasel
weasel_0267.jpg,5,weasel
weasel_0268.jpg,5,weasel
weasel_0269.jpg,5,weasel
weasel_0270.jpg,5,weasel
weasel_0271.jpg,5,weasel
weasel_0272.jpg,5,weasel
weasel_0273.jpg,5,weasel
weasel_0274.jpg,5,weasel
weasel_0275.jpg,5,weasel
weasel_0276.jpg,5,weasel
weasel_0277.jpg,5,weasel
weasel_0278.jpg,5,weasel
weasel_0279.jpg,5,weasel
weasel_0280.jpg,5,weasel
weasel_0281.jpg,5,weasel
weasel_0282.jpg,5,weasel
weasel_0283.jpg,5,weasel
weasel_0284.jpg,5,weasel
weasel_0285.jpg,5,weasel
weasel_0286.jpg,5,weasel
weasel_0287.jpg,5,weasel
weasel_0288.jpg,5,weasel
weasel_0289.jpg,5,weasel
weasel_0290.jpg,5,weasel
weasel_0291.jpg,5,weasel
weasel_0292.jpg,5,weasel
weasel_0293.jpg,5,weasel
weasel_0294.jpg,5,weasel
weasel_0295.jpg,5,weasel
weasel_0296.jpg,5,weasel
weasel_0297.jpg,5,weasel
weasel_0298.jpg,5,weasel
weasel_0299.jpg,5,weasel
weasel_0300.jpg,5,weasel
weasel_0301.jpg,5,weasel
weasel_0302.jpg,5,weasel
weasel_0303.jpg,5,weasel
weasel_0304.jpg,5,weasel
weasel_0305.jpg,5,weasel
weasel_0306.jpg,5,weasel
weasel_0307.jpg,5,weasel
weasel_0308.jpg,5,weasel
weasel_0309.jpg,5,weasel
weasel_0310.jpg,5,weasel
weasel_0311.jpg,5,weasel
weasel_0312.jpg,5,weasel
weasel_0313.jpg,5,weasel
weasel_0314.jpg,5,weasel
weasel_0315.jpg,5,weasel
weasel_0316.jpg,5,weasel
weasel_0317.jpg,5,weasel
weasel_0318.jpg,5,weasel
weasel_0319.jpg,5,weasel
weasel_0320.jpg,5,weasel
weasel_0321.jpg,5,weasel
weasel_0322.jpg,5,weasel
weasel_0323.jpg,5,weasel
weasel_0324.jpg,5,weasel
weasel_0325.jpg,5,weasel
weasel_0326.jpg,5,weasel
weasel_0327.jpg,5,weasel
weasel_0328.jpg,5,weasel
weasel_0329.jpg,5,weasel
weasel_0330.jpg,5,weasel
weasel_0331.jpg,5,weasel
weasel_0332.jpg,5,weasel
weasel_0333.jpg,5,weasel
weasel_0334.jpg,5,weasel
weasel_0335.jpg,5,weasel
weasel_0336.jpg,5,weasel
weasel_0337.jpg,5,weasel
weasel_0338.jpg,5,weasel
weasel_0339.jpg,5,weasel
weasel_0340.jpg,5,weasel
weasel_0341.jpg,5,weasel
weasel_0342.jpg,5,weasel
weasel_0343.jpg,5,weasel
weasel_0344.jpg,5,weasel
weasel_0345.jpg,5,weasel
weasel_0346.jpg,5,weasel
weasel_0347.jpg,5,weasel
weasel_0348.jpg,5,weasel
weasel_0349.jpg,5,weasel
weasel_0350.jpg,5,weasel
weasel_0351.jpg,5,weasel
weasel_0352.jpg,5,weasel
weasel_0353.jpg,5,weasel
weasel_0354.jpg,5,weasel
weasel_0355.jpg,5,weasel
weasel_0356.jpg,5,weasel
weasel_0357.jpg,5,weasel
weasel_0358.jpg,5,weasel
weasel_0359.jpg,5,weasel
weasel_0360.jpg,5,weasel
weasel_0361.jpg,5,weasel
weasel_0362.jpg,5,weasel
weasel_0363.jpg,5,weasel
weasel_0364.jpg,5,weasel
weasel_0365.jpg,5,weasel
weasel_0366.jpg,5,weasel
weasel_0367.jpg,5,weasel
weasel_0368.jpg,5,weasel
weasel_0369.jpg,5,weasel
weasel_0370.jpg,5,weasel
weasel_0371.jpg,5,weasel
weasel_0372.jpg,5,weasel
weasel_0373.jpg,5,weasel
weasel_0374.jpg,5,weasel
weasel_0375.jpg,5,weasel
weasel_0376.jpg,5,weasel
weasel_0377.jpg,5,weasel
weasel_0378.jpg,5,weasel
weasel_0379.jpg,5,weasel
weasel_0380.jpg,5,weasel
weasel_0381.jpg,5,weasel
weasel_0382.jpg,5,weasel
weasel_0383.jpg,5,weasel
weasel_0384.jpg,5,weasel
weasel_0385.jpg,5,weasel
weasel_0386.jpg,5,weasel
weasel_0387.jpg,5,weasel
weasel_0388.jpg,5,weasel
weasel_0389.jpg,5,weasel
weasel_0390.jpg,5,weasel
weasel_0391.jpg,5,weasel
weasel_0392.jpg,5,weasel
weasel_0393.jpg,5,weasel
weasel_0394.jpg,5,weasel
weasel_0395.jpg,5,weasel
weasel_0396.jpg,5,weasel
weasel_0397.jpg,5,weasel
weasel_0398.jpg,5,weasel
weasel_0399.jpg,5,weasel
weasel_0400.jpg,5,weasel
weasel_0401.jpg,5,weasel
weasel_0402.jpg,5,weasel
weasel_0403.jpg,5,weasel
weasel_0404.jpg,5,weasel
weasel_0405.jpg,5,weasel
weasel_0406.jpg,5,weasel
weasel_0407.jpg,5,weasel
weasel_0408.jpg,5,weasel
weasel_0409.jpg,5,weasel
weasel_0410.jpg,5,weasel
weasel_0411.jpg,5,weasel
weasel_0412.jpg,5,weasel
weasel_0413.jpg,5,weasel
weasel_0414.jpg,5,weasel
weasel_0415.jpg,5,weasel
weasel_0416.jpg,5,weasel
weasel_0417.jpg,5,weasel
weasel_0418.jpg,5,weasel
weasel_0419.jpg,5,weasel
weasel_0420.jpg,5,weasel
weasel_0421.jpg,5,weasel
weasel_0422.jpg,5,weasel
weasel_0423.jpg,5,weasel
weasel_0424.jpg,5,weasel
weasel_0425.jpg,5,weasel
weasel_0426.jpg,5,weasel
weasel_0427.jpg,5,weasel
weasel_0428.jpg,5,weasel
weasel_0429.jpg,5,weasel
weasel_0430.jpg,5,weasel
weasel_0431.jpg,5,weasel
weasel_0432.jpg,5,weasel
weasel_0433.jpg,5,weasel
weasel_0434.jpg,5,weasel
weasel_0435.jpg,5,weasel
weasel_0436.jpg,5,weasel
weasel_0437.jpg,5,weasel
weasel_0438.jpg,5,weasel
weasel_0439.jpg,5,weasel
weasel_0440.jpg,5,weasel
weasel_0441.jpg,5,weasel
weasel_0442.jpg,5,weasel
weasel_0443.jpg,5,weasel
weasel_0444.jpg,5,weasel
weasel_0445.jpg,5,weasel
weasel_0446.jpg,5,weasel
weasel_0447.jpg,5,weasel
weasel_0448.jpg,5,weasel
weasel_0449.jpg,5,weasel
weasel_0450.jpg,5,weasel
weasel_0451.jpg,5,weasel
weasel_0452.jpg,5,weasel
weasel_0453.jpg,5,weasel
weasel_0454.jpg,5,weasel
weasel_0455.jpg,5,weasel
weasel_0456.jpg,5,weasel
weasel_0457.jpg,5,weasel
weasel_0458.jpg,5,weasel
weasel_0459.jpg,5,weasel
weasel_0460.jpg,5,weasel
weasel_0461.jpg,5,weasel
weasel_0462.jpg,5,weasel
weasel_0463.jpg,5,weasel
weasel_0464.jpg,5,weasel
weasel_0465.jpg,5,weasel
weasel_0466.jpg,5,weasel
weasel_0467.jpg,5,weasel
weasel_0468.jpg,5,weasel
weasel_0469.jpg,5,weasel
weasel_0470.jpg,5,weasel
weasel_0471.jpg,5,weasel
weasel_0472.jpg,5,weasel
weasel_0473.jpg,5,weasel
weasel_0474.jpg,5,weasel
weasel_0475.jpg,5,weasel
weasel_0476.jpg,5,weasel
weasel_0477.jpg,5,weasel
weasel_0478.jpg,5,weasel
weasel_0479.jpg,5,weasel
weasel_0480.jpg,5,weasel
weasel_0481.jpg,5,weasel
weasel_0482.jpg,5,weasel
weasel_0483.jpg,5,weasel
weasel_0484.jpg,5,weasel
weasel_0485.jpg,5,weasel
weasel_0486.jpg,5,weasel
weasel_0487.jpg,5,weasel
weasel_0488.jpg,5,weasel
weasel_0489.jpg,5,weasel
weasel_0490.jpg,5,weasel
weasel_0491.jpg,5,weasel
weasel_0492.jpg,5,weasel
weasel_0493.jpg,5,weasel
weasel_0494.jpg,5,weasel
weasel_0495.jpg,5,weasel
weasel_0496.jpg,5,weasel
weasel_0497.jpg,5,weasel
weasel_0498.jpg,5,weasel
weasel_0499.jpg,5,weasel
weasel_0500.jpg,5,weasel
weasel_0501.jpg,5,weasel
weasel_0502.jpg,5,weasel
weasel_0503.jpg,5,weasel
weasel_0504.jpg,5,weasel
weasel_0505.jpg,5,weasel
weasel_0506.jpg,5,weasel
weasel_0507.jpg,5,weasel
weasel_0508.jpg,5,weasel
weasel_0509.jpg,5,weasel
weasel_0510.jpg,5,weasel
weasel_0511.jpg,5,weasel
weasel_0512.jpg,5,weasel
weasel_0513.jpg,5,weasel
weasel_0514.jpg,5,weasel
weasel_0515.jpg,5,weasel
weasel_0516.jpg,5,weasel
weasel_0517.jpg,5,weasel
weasel_0518.jpg,5,weasel
weasel_0519.jpg,5,weasel
weasel_0520.jpg,5,weasel
weasel_0521.jpg,5,weasel
weasel_0522.jpg,5,weasel
weasel_0523.jpg,5,weasel
weasel_0524.jpg,5,weasel
weasel_0525.jpg,5,weasel
weasel_0526.jpg,5,weasel
weasel_0527.jpg,5,weasel
weasel_0528.jpg,5,weasel
weasel_0529.jpg,5,weasel
weasel_0530.jpg,5,weasel
weasel_0531.jpg,5,weasel
weasel_0532.jpg,5,weasel
weasel_0533.jpg,5,weasel
weasel_0534.jpg,5,weasel
weasel_0535.jpg,5,weasel
weasel_0536.jpg,5,weasel
weasel_0537.jpg,5,weasel
weasel_0538.jpg,5,weasel
weasel_0539.jpg,5,weasel
weasel_0540.jpg,5,weasel
weasel_0541.jpg,5,weasel
weasel_0542.jpg,5,weasel
weasel_0543.jpg,5,weasel
weasel_0544.jpg,5,weasel
weasel_0545.jpg,5,weasel
weasel_0546.jpg,5,weasel
weasel_0547.jpg,5,weasel
weasel_0548.jpg,5,weasel
weasel_0549.jpg,5,weasel
weasel_0550.jpg,5,weasel
weasel_0551.jpg,5,weasel
weasel_0552.jpg,5,weasel
weasel_0553.jpg,5,weasel
weasel_0554.jpg,5,weasel
weasel_0555.jpg,5,weasel
weasel_0556.jpg,5,weasel
weasel_0557.jpg,5,weasel
weasel_0558.jpg,5,weasel
weasel_0559.jpg,5,weasel
weasel_0560.jpg,5,weasel
weasel_0561.jpg,5,weasel
weasel_0562.jpg,5,weasel
weasel_0563.jpg,5,weasel
weasel_0564.jpg,5,weasel
weasel_0565.jpg,5,weasel
weasel_0566.jpg,5,weasel
weasel_0567.jpg,5,weasel
weasel_0568.jpg,5,weasel
weasel_0569.jpg,5,weasel
weasel_0570.jpg,5,weasel
weasel_0571.jpg,5,weasel
weasel_0572.jpg,5,weasel
weasel_0573.jpg,5,weasel
weasel_0574.jpg,5,weasel
weasel_0575.jpg,5,weasel
weasel_0576.jpg,5,weasel
weasel_0577.jpg,5,weasel
weasel_0578.jpg,5,weasel
weasel_0579.jpg,5,weasel
weasel_0580.jpg,5,weasel
weasel_0581.jpg,5,weasel
weasel_0582.jpg,5,weasel
weasel_0583.jpg,5,weasel
weasel_0584.jpg,5,weasel
weasel_0585.jpg,5,weasel
weasel_0586.jpg,5,weasel
weasel_0587.jpg,5,weasel
weasel_0588.jpg,5,weasel
weasel_0589.jpg,5,weasel
weasel_0590.jpg,5,weasel
weasel_0591.jpg,5,weasel
weasel_0592.jpg,5,weasel
weasel_0593.jpg,5,weasel
weasel_0594.jpg,5,weasel
weasel_0595.jpg,5,weasel
weasel_0596.jpg,5,weasel
weasel_0597.jpg,5,weasel
weasel_0598.jpg,5,weasel
weasel_0599.jpg,5,weasel
weasel_0600.jpg,5,weasel
weasel_0601.jpg,5,weasel
weasel_0602.jpg,5,weasel
weasel_0603.jpg,5,weasel
weasel_0604.jpg,5,weasel
weasel_0605.jpg,5,weasel
weasel_0606.jpg,5,weasel
weasel_0607.jpg,5,weasel
weasel_0608.jpg,5,weasel
weasel_0609.jpg,5,weasel
weasel_0610.jpg,5,weasel
weasel_0611.jpg,5,weasel
weasel_0612.jpg,5,weasel
weasel_0613.jpg,5,weasel
weasel_0614.jpg,5,weasel
weasel_0615.jpg,5,weasel
weasel_0616.jpg,5,weasel
weasel_0617.jpg,5,weasel
weasel_0618.jpg,5,weasel
weasel_0619.jpg,5,weasel
weasel_0620.jpg,5,weasel
weasel_0621.jpg,5,weasel
weasel_0622.jpg,5,weasel
weasel_0623.jpg,5,weasel
weasel_0624.jpg,5,weasel
weasel_0625.jpg,5,weasel
weasel_0626.jpg,5,weasel
weasel_0627.jpg,5,weasel
weasel_0628.jpg,5,weasel
weasel_0629.jpg,5,weasel
weasel_0630.jpg,5,weasel
weasel_0631.jpg,5,weasel
weasel_0632.jpg,5,weasel
weasel_0633.jpg,5,weasel
weasel_0634.jpg,5,weasel
weasel_0635.jpg,5,weasel
weasel_0636.jpg,5,weasel
weasel_0637.jpg,5,weasel
weasel_0638.jpg,5,weasel
weasel_0639.jpg,5,weasel
weasel_0640.jpg,5,weasel
weasel_0641.jpg,5,weasel
weasel_0642.jpg,5,weasel
weasel_0643.jpg,5,weasel
weasel_0644.jpg,5,weasel
weasel_0645.jpg,5,weasel
weasel_0646.jpg,5,weasel
weasel_0647.jpg,5,weasel
weasel_0648.jpg,5,weasel
weasel_0649.jpg,5,weasel
weasel_0650.jpg,5,weasel
weasel_0651.jpg,5,weasel
weasel_0652.jpg,5,weasel
weasel_0653.jpg,5,weasel
weasel_0654.jpg,5,weasel
weasel_0655.jpg,5,weasel
weasel_0656.jpg,5,weasel
weasel_0657.jpg,5,weasel
weasel_0658.jpg,5,weasel
weasel_0659.jpg,5,weasel
weasel_0660.jpg,5,weasel
weasel_0661.jpg,5,weasel
weasel_0662.jpg,5,weasel
weasel_0663.jpg,5,weasel
weasel_0664.jpg,5,weasel
weasel_0665.jpg,5,weasel
weasel_0666.jpg,5,weasel
weasel_0667.jpg,5,weasel
weasel_0668.jpg,5,weasel
weasel_0669.jpg,5,weasel
weasel_0670.jpg,5,weasel
weasel_0671.jpg,5,weasel
weasel_0672.jpg,5,weasel
weasel_0673.jpg,5,weasel
weasel_0674.jpg,5,weasel
weasel_0675.jpg,5,weasel
weasel_0676.jpg,5,weasel
weasel_0677.jpg,5,weasel
weasel_0678.jpg,5,weasel
weasel_0679.jpg,5,weasel
weasel_0680.jpg,5,weasel
weasel_0681.jpg,5,weasel
weasel_0682.jpg,5,weasel
weasel_0683.jpg,5,weasel
weasel_0684.jpg,5,weasel
weasel_0685.jpg,5,weasel
weasel_0686.jpg,5,weasel
weasel_0687.jpg,5,weasel
weasel_0688.jpg,5,weasel
weasel_0689.jpg,5,weasel
weasel_0690.jpg,5,weasel
weasel_0691.jpg,5,weasel
weasel_0692.jpg,5,weasel
weasel_0693.jpg,5,weasel
weasel_0694.jpg,5,weasel
weasel_0695.jpg,5,weasel
weasel_0696.jpg,5,weasel
weasel_0697.jpg,5,weasel
weasel_0698.jpg,5,weasel
weasel_0699.jpg,5,weasel
weasel_0700.jpg,5,weasel
weasel_0701.jpg,5,weasel
weasel_0702.jpg,5,weasel
weasel_0703.jpg,5,weasel
weasel_0704.jpg,5,weasel
weasel_0705.jpg,5,weasel
weasel_0706.jpg,5,weasel
weasel_0707.jpg,5,weasel
weasel_0708.jpg,5,weasel
weasel_0709.jpg,5,weasel
weasel_0710.jpg,5,weasel
weasel_0711.jpg,5,weasel
weasel_0712.jpg,5,weasel
weasel_0713.jpg,5,weasel
weasel_0714.jpg,5,weasel
weasel_0715.jpg,5,weasel
weasel_0716.jpg,5,weasel
weasel_0717.jpg,5,weasel
weasel_0718.jpg,5,weasel
weasel_0719.jpg,5,weasel
weasel_0720.jpg,5,weasel
weasel_0721.jpg,5,weasel
weasel_0722.jpg,5,weasel
weasel_0723.jpg,5,weasel
weasel_0724.jpg,5,weasel
weasel_0725.jpg,5,weasel
weasel_0726.jpg,5,weasel
weasel_0727.jpg,5,weasel
weasel_0728.jpg,5,weasel
weasel_0729.jpg,5,weasel
weasel_0730.jpg,5,weasel
weasel_0731.jpg,5,weasel
weasel_0732.jpg,5,weasel
weasel_0733.jpg,5,weasel
weasel_0734.jpg,5,weasel
weasel_0735.jpg,5,weasel
weasel_0736.jpg,5,weasel
weasel_0737.jpg,5,weasel
weasel_0738.jpg,5,weasel
weasel_0739.jpg,5,weasel
weasel_0740.jpg,5,weasel
weasel_0741.jpg,5,weasel
weasel_0742.jpg,5,weasel
weasel_0743.jpg,5,weasel
weasel_0744.jpg,5,weasel
weasel_0745.jpg,5,weasel
weasel_0746.jpg,5,weasel
weasel_0747.jpg,5,weasel
weasel_0748.jpg,5,weasel
weasel_0749.jpg,5,weasel
weasel_0750.jpg,5,weasel
weasel_0751.jpg,5,weasel
weasel_0752.jpg,5,weasel
weasel_0753.jpg,5,weasel
weasel_0754.jpg,5,weasel
weasel_0755.jpg,5,weasel
weasel_0756.jpg,5,weasel
weasel_0757.jpg,5,weasel
weasel_0758.jpg,5,weasel
weasel_0759.jpg,5,weasel
weasel_0760.jpg,5,weasel
weasel_0761.jpg,5,weasel
weasel_0762.jpg,5,weasel
weasel_0763.jpg,5,weasel
weasel_0764.jpg,5,weasel
weasel_0765.jpg,5,weasel
weasel_0766.jpg,5,weasel
weasel_0767.jpg,5,weasel
weasel_0768.jpg,5,weasel
weasel_0769.jpg,5,weasel
weasel_0770.jpg,5,weasel
weasel_0771.jpg,5,weasel
weasel_0772.jpg,5,weasel
weasel_0773.jpg,5,weasel
weasel_0774.jpg,5,weasel
weasel_0775.jpg,5,weasel
weasel_0776.jpg,5,weasel
weasel_0777.jpg,5,weasel
weasel_0778.jpg,5,weasel
weasel_0779.jpg,5,weasel
weasel_0780.jpg,5,weasel
weasel_0781.jpg,5,weasel
weasel_0782.jpg,5,weasel
weasel_0783.jpg,5,weasel
weasel_0784.jpg,5,weasel
weasel_0785.jpg,5,weasel
weasel_0786.jpg,5,weasel
weasel_0787.jpg,5,weasel
weasel_0788.jpg,5,weasel
weasel_0789.jpg,5,weasel
weasel_0790.jpg,5,weasel
weasel_0791.jpg,5,weasel
weasel_0792.jpg,5,weasel
weasel_0793.jpg,5,weasel
weasel_0794.jpg,5,weasel
weasel_0795.jpg,5,weasel
weasel_0796.jpg,5,weasel
weasel_0797.jpg,5,weasel
weasel_0798.jpg,5,weasel
weasel_0799.jpg,5,weasel
weasel_0800.jpg,5,weasel
weasel_0801.jpg,5,weasel
weasel_0802.jpg,5,weasel
weasel_0803.jpg,5,weasel
weasel_0804.jpg,5,weasel
weasel_0805.jpg,5,weasel
weasel_0806.jpg,5,weasel
weasel_0807.jpg,5,weasel
weasel_0808.jpg,5,weasel
weasel_0809.jpg,5,weasel
weasel_0810.jpg,5,weasel
weasel_0811.jpg,5,weasel
weasel_0812.jpg,5,weasel
weasel_0813.jpg,5,weasel
weasel_0814.jpg,5,weasel
weasel_0815.jpg,5,weasel
weasel_0816.jpg,5,weasel
weasel_0817.jpg,5,weasel
weasel_0818.jpg,5,weasel
weasel_0819.jpg,5,weasel
weasel_0820.jpg,5,weasel
weasel_0821.jpg,5,weasel
weasel_0822.jpg,5,weasel
weasel_0823.jpg,5,weasel
weasel_0824.jpg,5,weasel
weasel_0825.jpg,5,weasel
weasel_0826.jpg,5,weasel
weasel_0827.jpg,5,weasel
weasel_0828.jpg,5,weasel
weasel_0829.jpg,5,weasel
weasel_0830.jpg,5,weasel
weasel_0831.jpg,5,weasel
weasel_0832.jpg,5,weasel
weasel_0833.jpg,5,weasel
weasel_0834.jpg,5,weasel
weasel_0835.jpg,5,weasel
weasel_0836.jpg,5,weasel
weasel_0837.jpg,5,weasel
weasel_0838.jpg,5,weasel
weasel_0839.jpg,5,weasel
weasel_0840.jpg,5,weasel
weasel_0841.jpg,5,weasel
weasel_0842.jpg,5,weasel
weasel_0843.jpg,5,weasel
weasel_0844.jpg,5,weasel
weasel_0845.jpg,5,weasel
weasel_0846.jpg,5,weasel
weasel_0847.jpg,5,weasel
weasel_0848.jpg,5,weasel
weasel_0849.jpg,5,weasel
weasel_0850.jpg,5,weasel
weasel_0851.jpg,5,weasel
weasel_0852.jpg,5,weasel
weasel_0853.jpg,5,weasel
weasel_0854.jpg,5,weasel
weasel_0855.jpg,5,weasel
weasel_0856.jpg,5,weasel
weasel_0857.jpg,5,weasel
weasel_0858.jpg,5,weasel
weasel_0859.jpg,5,weasel
weasel_0860.jpg,5,weasel
weasel_0861.jpg,5,weasel
weasel_0862.jpg,5,weasel
weasel_0863.jpg,5,weasel
weasel_0864.jpg,5,weasel
weasel_0865.jpg,5,weasel
weasel_0866.jpg,5,weasel
weasel_0867.jpg,5,weasel
weasel_0868.jpg,5,weasel
weasel_0869.jpg,5,weasel
weasel_0870.jpg,5,weasel
weasel_0871.jpg,5,weasel
weasel_0872.jpg,5,weasel
weasel_0873.jpg,5,weasel
weasel_0874.jpg,5,weasel
weasel_0875.jpg,5,weasel
weasel_0876.jpg,5,weasel
weasel_0877.jpg,5,weasel
weasel_0878.jpg,5,weasel
weasel_0879.jpg,5,weasel
weasel_0880.jpg,5,weasel
weasel_0881.jpg,5,weasel
weasel_0882.jpg,5,weasel
weasel_0883.jpg,5,weasel
weasel_0884.jpg,5,weasel
weasel_0885.jpg,5,weasel
weasel_0886.jpg,5,weasel
weasel_0887.jpg,5,weasel
weasel_0888.jpg,5,weasel
weasel_0889.jpg,5,weasel
weasel_0890.jpg,5,weasel
weasel_0891.jpg,5,weasel
weasel_0892.jpg,5,weasel
weasel_0893.jpg,5,weasel
weasel_0894.jpg,5,weasel
weasel_0895.jpg,5,weasel
weasel_0896.jpg,5,weasel
weasel_0897.jpg,5,weasel
weasel_0898.jpg,5,weasel
weasel_0899.jpg,5,weasel
weasel_0900.jpg,5,weasel
weasel_0901.jpg,5,weasel
weasel_0902.jpg,5,weasel
weasel_0903.jpg,5,weasel
weasel_0904.jpg,5,weasel
weasel_0905.jpg,5,weasel
weasel_0906.jpg,5,weasel
weasel_0907.jpg,5,weasel
weasel_0908.jpg,5,weasel
weasel_0909.jpg,5,weasel
weasel_0910.jpg,5,weasel
weasel_0911.jpg,5,weasel
weasel_0912.jpg,5,weasel
weasel_0913.jpg,5,weasel
weasel_0914.jpg,5,weasel
weasel_0915.jpg,5,weasel
weasel_0916.jpg,5,weasel
weasel_0917.jpg,5,weasel
weasel_0918.jpg,5,weasel
weasel_0919.jpg,5,weasel
weasel_0920.jpg,5,weasel
weasel_0921.jpg,5,weasel
weasel_0922.jpg,5,weasel
weasel_0923.jpg,5,weasel
weasel_0924.jpg,5,weasel
weasel_0925.jpg,5,weasel
weasel_0926.jpg,5,weasel
weasel_0927.jpg,5,weasel
weasel_0928.jpg,5,weasel
weasel_0929.jpg,5,weasel
weasel_0930.jpg,5,weasel
weasel_0931.jpg,5,weasel
weasel_0932.jpg,5,weasel
weasel_0933.jpg,5,weasel
weasel_0934.jpg,5,weasel
weasel_0935.jpg,5,weasel
weasel_0936.jpg,5,weasel
weasel_0937.jpg,5,weasel
weasel_0938.jpg,5,weasel
weasel_0939.jpg,5,weasel
weasel_0940.jpg,5,weasel
weasel_0941.jpg,5,weasel
weasel_0942.jpg,5,weasel
weasel_0943.jpg,5,weasel
weasel_0944.jpg,5,weasel
weasel_0945.jpg,5,weasel
weasel_0946.jpg,5,weasel
weasel_0947.jpg,5,weasel
weasel_0948.jpg,5,weasel
weasel_0949.jpg,5,weasel
weasel_0950.jpg,5,weasel
weasel_0951.jpg,5,weasel
weasel_0952.jpg,5,weasel
weasel_0953.jpg,5,weasel
weasel_0954.jpg,5,weasel
weasel_0955.jpg,5,weasel
weasel_0956.jpg,5,weasel
weasel_0957.jpg,5,weasel
weasel_0958.jpg,5,weasel
weasel_0959.jpg,5,weasel
weasel_0960.jpg,5,weasel
weasel_0961.jpg,5,weasel
weasel_0962.jpg,5,weasel
weasel_0963.jpg,5,weasel
weasel_0964.jpg,5,weasel
weasel_0965.jpg,5,weasel
weasel_0966.jpg,5,weasel
weasel_0967.jpg,5,weasel
weasel_0968.jpg,5,weasel
weasel_0969.jpg,5,weasel
weasel_0970.jpg,5,weasel
weasel_0971.jpg,5,weasel
weasel_0972.jpg,5,weasel
weasel_0973.jpg,5,weasel
weasel_0974.jpg,5,weasel
weasel_0975.jpg,5,weasel
weasel_0976.jpg,5,weasel
weasel_0977.jpg,5,weasel
weasel_0978.jpg,5,weasel
weasel_0979.jpg,5,weasel
weasel_0980.jpg,5,weasel
weasel_0981.jpg,5,weasel
weasel_0982.jpg,5,weasel
weasel_0983.jpg,5,weasel
weasel_0984.jpg,5,weasel
weasel_0985.jpg,5,weasel
weasel_0986.jpg,5,weasel
weasel_0987.jpg,5,weasel
weasel_0988.jpg,5,weasel
weasel_0989.jpg,5,weasel
weasel_0990.jpg,5,weasel
weasel_0991.jpg,5,weasel
weasel_0992.jpg,5,weasel
weasel_0993.jpg,5,weasel
weasel_0994.jpg,5,weasel
weasel_0995.jpg,5,weasel
weasel_0996.jpg,5,weasel
weasel_0997.jpg,5,weasel
weasel_0998.jpg,5,weasel
weasel_0999.jpg,5,weasel
weasel_1000.jpg,5,weasel
