path,label,classification
pinemarten_0307.jpg,pinemarten,2
weasel_0843.jpg,weasel,5
stoat_0727.jpg,stoat,4
pinemarten_0166.jpg,pinemarten,2
mink_0567.jpg,mink,0
pinemarten_0738.jpg,pinemarten,2
mink_0929.jpg,mink,0
stoat_0675.jpg,stoat,4
otter_0966.jpg,otter,1
stoat_0101.jpg,stoat,4
pinemarten_0912.jpg,pinemarten,2
mink_0383.jpg,mink,0
weasel_0790.jpg,weasel,5
stoat_0637.jpg,stoat,4
stoat_0295.jpg,stoat,4
stoat_0770.jpg,stoat,4
mink_0014.jpg,mink,0
otter_0272.jpg,otter,1
pinemarten_0116.jpg,pinemarten,2
otter_0490.jpg,otter,1
pinemarten_0647.jpg,pinemarten,2
pinemarten_0787.jpg,pinemarten,2
polecat_0457.jpg,polecat,3
otter_0810.jpg,otter,1
mink_0131.jpg,mink,0
mink_0277.jpg,mink,0
pinemarten_0212.jpg,pinemarten,2
pinemarten_0340.jpg,pinemarten,2
stoat_0099.jpg,stoat,4
pinemarten_0704.jpg,pinemarten,2
polecat_0265.jpg,polecat,3
mink_0787.jpg,mink,0
stoat_0188.jpg,stoat,4
pinemarten_0539.jpg,pinemarten,2
mink_0964.jpg,mink,0
weasel_0462.jpg,weasel,5
pinemarten_0555.jpg,pinemarten,2
stoat_0731.jpg,stoat,4
mink_0283.jpg,mink,0
stoat_0927.jpg,stoat,4
polecat_0819.jpg,polecat,3
stoat_0368.jpg,stoat,4
weasel_0074.jpg,weasel,5
stoat_0006.jpg,stoat,4
polecat_0650.jpg,polecat,3
polecat_0163.jpg,polecat,3
stoat_0027.jpg,stoat,4
mink_0209.jpg,mink,0
otter_0794.jpg,otter,1
otter_0722.jpg,otter,1
polecat_0031.jpg,polecat,3
otter_0497.jpg,otter,1
weasel_0682.jpg,weasel,5
stoat_0257.jpg,stoat,4
pinemarten_0157.jpg,pinemarten,2
weasel_0080.jpg,weasel,5
pinemarten_0048.jpg,pinemarten,2
weasel_0672.jpg,weasel,5
mink_0369.jpg,mink,0
weasel_0822.jpg,weasel,5
polecat_0440.jpg,polecat,3
weasel_0395.jpg,weasel,5
stoat_0672.jpg,stoat,4
pinemarten_0528.jpg,pinemarten,2
mink_0208.jpg,mink,0
pinemarten_0078.jpg,pinemarten,2
weasel_0954.jpg,weasel,5
otter_0406.jpg,otter,1
weasel_0217.jpg,weasel,5
polecat_0132.jpg,polecat,3
weasel_0371.jpg,weasel,5
weasel_0039.jpg,weasel,5
pinemarten_0486.jpg,pinemarten,2
polecat_0516.jpg,polecat,3
otter_0620.jpg,otter,1
otter_0583.jpg,otter,1
otter_0113.jpg,otter,1
polecat_0640.jpg,polecat,3
polecat_0138.jpg,polecat,3
otter_0812.jpg,otter,1
weasel_0725.jpg,weasel,5
otter_0168.jpg,otter,1
pinemarten_0639.jpg,pinemarten,2
pinemarten_0650.jpg,pinemarten,2
otter_0099.jpg,otter,1
pinemarten_0955.jpg,pinemarten,2
pinemarten_0233.jpg,pinemarten,2
stoat_0355.jpg,stoat,4
polecat_0150.jpg,polecat,3
mink_0716.jpg,mink,0
otter_0534.jpg,otter,1
polecat_0794.jpg,polecat,3
pinemarten_0262.jpg,pinemarten,2
otter_0353.jpg,otter,1
mink_0853.jpg,mink,0
pinemarten_0140.jpg,pinemarten,2
otter_0963.jpg,otter,1
polecat_0378.jpg,polecat,3
weasel_0817.jpg,weasel,5
otter_0091.jpg,otter,1
pinemarten_0251.jpg,pinemarten,2
weasel_0507.jpg,weasel,5
pinemarten_0884.jpg,pinemarten,2
pinemarten_0275.jpg,pinemarten,2
stoat_0053.jpg,stoat,4
polecat_0418.jpg,polecat,3
stoat_0110.jpg,stoat,4
polecat_0735.jpg,polecat,3
weasel_0166.jpg,weasel,5
pinemarten_0201.jpg,pinemarten,2
polecat_0187.jpg,polecat,3
otter_0190.jpg,otter,1
weasel_0708.jpg,weasel,5
polecat_0618.jpg,polecat,3
stoat_0270.jpg,stoat,4
polecat_0690.jpg,polecat,3
mink_0430.jpg,mink,0
stoat_0541.jpg,stoat,4
weasel_0893.jpg,weasel,5
otter_0178.jpg,otter,1
weasel_0916.jpg,weasel,5
mink_0684.jpg,mink,0
polecat_0328.jpg,polecat,3
pinemarten_0205.jpg,pinemarten,2
otter_0536.jpg,otter,1
weasel_0150.jpg,weasel,5
mink_0830.jpg,mink,0
otter_0306.jpg,otter,1
mink_0900.jpg,mink,0
pinemarten_0644.jpg,pinemarten,2
stoat_0021.jpg,stoat,4
otter_0213.jpg,otter,1
polecat_0092.jpg,polecat,3
stoat_0214.jpg,stoat,4
otter_0551.jpg,otter,1
polecat_0993.jpg,polecat,3
polecat_0129.jpg,polecat,3
polecat_0202.jpg,polecat,3
weasel_0281.jpg,weasel,5
otter_0476.jpg,otter,1
polecat_0155.jpg,polecat,3
polecat_0818.jpg,polecat,3
otter_0380.jpg,otter,1
polecat_0169.jpg,polecat,3
otter_0779.jpg,otter,1
otter_0654.jpg,otter,1
weasel_0855.jpg,weasel,5
otter_0326.jpg,otter,1
stoat_0876.jpg,stoat,4
pinemarten_0313.jpg,pinemarten,2
pinemarten_0193.jpg,pinemarten,2
otter_0193.jpg,otter,1
stoat_0513.jpg,stoat,4
polecat_0793.jpg,polecat,3
polecat_0514.jpg,polecat,3
stoat_0670.jpg,stoat,4
pinemarten_0066.jpg,pinemarten,2
otter_0510.jpg,otter,1
pinemarten_0973.jpg,pinemarten,2
stoat_0462.jpg,stoat,4
weasel_0258.jpg,weasel,5
mink_0296.jpg,mink,0
otter_0118.jpg,otter,1
polecat_0868.jpg,polecat,3
otter_0562.jpg,otter,1
otter_0971.jpg,otter,1
polecat_0600.jpg,polecat,3
otter_0496.jpg,otter,1
otter_0599.jpg,otter,1
stoat_0460.jpg,stoat,4
otter_0704.jpg,otter,1
pinemarten_0436.jpg,pinemarten,2
stoat_0798.jpg,stoat,4
weasel_0669.jpg,weasel,5
polecat_0998.jpg,polecat,3
weasel_0400.jpg,weasel,5
pinemarten_0636.jpg,pinemarten,2
mink_0356.jpg,mink,0
stoat_0860.jpg,stoat,4
stoat_0167.jpg,stoat,4
pinemarten_0705.jpg,pinemarten,2
polecat_0300.jpg,polecat,3
pinemarten_0091.jpg,pinemarten,2
stoat_0391.jpg,stoat,4
stoat_0712.jpg,stoat,4
pinemarten_0541.jpg,pinemarten,2
polecat_0662.jpg,polecat,3
polecat_0966.jpg,polecat,3
mink_0891.jpg,mink,0
stoat_0956.jpg,stoat,4
mink_0686.jpg,mink,0
otter_0494.jpg,otter,1
stoat_0363.jpg,stoat,4
weasel_0114.jpg,weasel,5
weasel_0275.jpg,weasel,5
otter_0020.jpg,otter,1
weasel_0782.jpg,weasel,5
mink_0728.jpg,mink,0
weasel_0502.jpg,weasel,5
weasel_0848.jpg,weasel,5
weasel_0950.jpg,weasel,5
otter_0560.jpg,otter,1
otter_0610.jpg,otter,1
polecat_0053.jpg,polecat,3
mink_0907.jpg,mink,0
mink_0438.jpg,mink,0
stoat_0902.jpg,stoat,4
pinemarten_0213.jpg,pinemarten,2
mink_0557.jpg,mink,0
mink_0092.jpg,mink,0
polecat_0086.jpg,polecat,3
stoat_0136.jpg,stoat,4
weasel_0486.jpg,weasel,5
weasel_0948.jpg,weasel,5
otter_0851.jpg,otter,1
polecat_0308.jpg,polecat,3
stoat_0610.jpg,stoat,4
otter_0517.jpg,otter,1
weasel_0492.jpg,weasel,5
pinemarten_0848.jpg,pinemarten,2
otter_0307.jpg,otter,1
pinemarten_0498.jpg,pinemarten,2
otter_0120.jpg,otter,1
pinemarten_0282.jpg,pinemarten,2
mink_0055.jpg,mink,0
stoat_0105.jpg,stoat,4
stoat_0678.jpg,stoat,4
otter_0923.jpg,otter,1
otter_0413.jpg,otter,1
otter_0647.jpg,otter,1
polecat_0431.jpg,polecat,3
weasel_0593.jpg,weasel,5
stoat_0923.jpg,stoat,4
otter_0401.jpg,otter,1
stoat_0855.jpg,stoat,4
stoat_0841.jpg,stoat,4
polecat_0273.jpg,polecat,3
weasel_0595.jpg,weasel,5
stoat_0487.jpg,stoat,4
otter_0384.jpg,otter,1
stoat_0929.jpg,stoat,4
polecat_0142.jpg,polecat,3
polecat_0641.jpg,polecat,3
mink_0615.jpg,mink,0
stoat_0137.jpg,stoat,4
mink_0710.jpg,mink,0
otter_0667.jpg,otter,1
polecat_0698.jpg,polecat,3
pinemarten_0061.jpg,pinemarten,2
pinemarten_0710.jpg,pinemarten,2
weasel_0256.jpg,weasel,5
otter_0387.jpg,otter,1
stoat_0229.jpg,stoat,4
polecat_0222.jpg,polecat,3
otter_0949.jpg,otter,1
mink_0844.jpg,mink,0
polecat_0311.jpg,polecat,3
weasel_0640.jpg,weasel,5
polecat_0585.jpg,polecat,3
weasel_0735.jpg,weasel,5
otter_0798.jpg,otter,1
stoat_0517.jpg,stoat,4
stoat_0482.jpg,stoat,4
weasel_0887.jpg,weasel,5
stoat_0267.jpg,stoat,4
pinemarten_0983.jpg,pinemarten,2
otter_0499.jpg,otter,1
otter_0591.jpg,otter,1
weasel_0363.jpg,weasel,5
mink_0508.jpg,mink,0
polecat_0544.jpg,polecat,3
polecat_0069.jpg,polecat,3
mink_0172.jpg,mink,0
mink_0137.jpg,mink,0
weasel_0591.jpg,weasel,5
pinemarten_0269.jpg,pinemarten,2
pinemarten_0471.jpg,pinemarten,2
otter_0693.jpg,otter,1
mink_0813.jpg,mink,0
polecat_0617.jpg,polecat,3
polecat_0550.jpg,polecat,3
mink_0892.jpg,mink,0
pinemarten_0135.jpg,pinemarten,2
stoat_0816.jpg,stoat,4
mink_0503.jpg,mink,0
mink_0665.jpg,mink,0
weasel_0605.jpg,weasel,5
mink_0923.jpg,mink,0
mink_0837.jpg,mink,0
mink_0068.jpg,mink,0
stoat_0218.jpg,stoat,4
stoat_0630.jpg,stoat,4
weasel_0879.jpg,weasel,5
weasel_0382.jpg,weasel,5
stoat_0502.jpg,stoat,4
pinemarten_0880.jpg,pinemarten,2
weasel_0093.jpg,weasel,5
polecat_0184.jpg,polecat,3
stoat_0783.jpg,stoat,4
pinemarten_0721.jpg,pinemarten,2
polecat_0078.jpg,polecat,3
weasel_0697.jpg,weasel,5
weasel_0449.jpg,weasel,5
polecat_0234.jpg,polecat,3
polecat_0430.jpg,polecat,3
stoat_0036.jpg,stoat,4
pinemarten_0341.jpg,pinemarten,2
pinemarten_0189.jpg,pinemarten,2
otter_0200.jpg,otter,1
otter_0945.jpg,otter,1
polecat_0122.jpg,polecat,3
weasel_0655.jpg,weasel,5
pinemarten_0004.jpg,pinemarten,2
weasel_0503.jpg,weasel,5
mink_0885.jpg,mink,0
otter_0956.jpg,otter,1
weasel_0352.jpg,weasel,5
otter_0155.jpg,otter,1
polecat_0727.jpg,polecat,3
weasel_0765.jpg,weasel,5
pinemarten_0296.jpg,pinemarten,2
weasel_0755.jpg,weasel,5
pinemarten_0277.jpg,pinemarten,2
stoat_0733.jpg,stoat,4
mink_0995.jpg,mink,0
weasel_0412.jpg,weasel,5
mink_0849.jpg,mink,0
mink_0608.jpg,mink,0
pinemarten_0994.jpg,pinemarten,2
pinemarten_0267.jpg,pinemarten,2
polecat_0146.jpg,polecat,3
polecat_0781.jpg,polecat,3
mink_0506.jpg,mink,0
weasel_0279.jpg,weasel,5
pinemarten_0237.jpg,pinemarten,2
pinemarten_0905.jpg,pinemarten,2
mink_0396.jpg,mink,0
polecat_0624.jpg,polecat,3
stoat_0498.jpg,stoat,4
stoat_0190.jpg,stoat,4
pinemarten_0026.jpg,pinemarten,2
mink_0569.jpg,mink,0
mink_0806.jpg,mink,0
stoat_0764.jpg,stoat,4
weasel_0627.jpg,weasel,5
stoat_0389.jpg,stoat,4
pinemarten_0130.jpg,pinemarten,2
stoat_0203.jpg,stoat,4
stoat_0352.jpg,stoat,4
mink_0394.jpg,mink,0
stoat_0703.jpg,stoat,4
pinemarten_0561.jpg,pinemarten,2
mink_0949.jpg,mink,0
pinemarten_0578.jpg,pinemarten,2
mink_0544.jpg,mink,0
pinemarten_0280.jpg,pinemarten,2
stoat_0766.jpg,stoat,4
stoat_0931.jpg,stoat,4
otter_0910.jpg,otter,1
otter_0827.jpg,otter,1
mink_0221.jpg,mink,0
stoat_0896.jpg,stoat,4
mink_0027.jpg,mink,0
weasel_0713.jpg,weasel,5
otter_0991.jpg,otter,1
polecat_0076.jpg,polecat,3
pinemarten_0861.jpg,pinemarten,2
stoat_0573.jpg,stoat,4
pinemarten_0609.jpg,pinemarten,2
pinemarten_0886.jpg,pinemarten,2
mink_0464.jpg,mink,0
stoat_0967.jpg,stoat,4
pinemarten_0165.jpg,pinemarten,2
otter_0763.jpg,otter,1
mink_0340.jpg,mink,0
otter_0799.jpg,otter,1
otter_0208.jpg,otter,1
stoat_0959.jpg,stoat,4
pinemarten_0327.jpg,pinemarten,2
mink_0786.jpg,mink,0
weasel_0226.jpg,weasel,5
mink_0673.jpg,mink,0
weasel_0944.jpg,weasel,5
pinemarten_0663.jpg,pinemarten,2
stoat_0516.jpg,stoat,4
polecat_0823.jpg,polecat,3
mink_0008.jpg,mink,0
pinemarten_0588.jpg,pinemarten,2
pinemarten_0489.jpg,pinemarten,2
polecat_0635.jpg,polecat,3
otter_0232.jpg,otter,1
otter_0676.jpg,otter,1
pinemarten_0163.jpg,pinemarten,2
polecat_0144.jpg,polecat,3
mink_0675.jpg,mink,0
stoat_0566.jpg,stoat,4
polecat_0064.jpg,polecat,3
pinemarten_0050.jpg,pinemarten,2
mink_0511.jpg,mink,0
otter_0044.jpg,otter,1
weasel_0945.jpg,weasel,5
weasel_0619.jpg,weasel,5
pinemarten_0304.jpg,pinemarten,2
otter_0824.jpg,otter,1
polecat_0910.jpg,polecat,3
mink_0632.jpg,mink,0
weasel_0043.jpg,weasel,5
pinemarten_0635.jpg,pinemarten,2
otter_0905.jpg,otter,1
mink_0343.jpg,mink,0
pinemarten_0559.jpg,pinemarten,2
stoat_0013.jpg,stoat,4
pinemarten_0970.jpg,pinemarten,2
polecat_0335.jpg,polecat,3
pinemarten_0579.jpg,pinemarten,2
otter_0197.jpg,otter,1
polecat_0973.jpg,polecat,3
weasel_0862.jpg,weasel,5
mink_0482.jpg,mink,0
mink_0679.jpg,mink,0
polecat_0527.jpg,polecat,3
otter_0761.jpg,otter,1
pinemarten_0271.jpg,pinemarten,2
otter_0942.jpg,otter,1
polecat_0965.jpg,polecat,3
pinemarten_0215.jpg,pinemarten,2
weasel_0394.jpg,weasel,5
polecat_0674.jpg,polecat,3
otter_0001.jpg,otter,1
weasel_0908.jpg,weasel,5
stoat_0737.jpg,stoat,4
weasel_0799.jpg,weasel,5
pinemarten_0042.jpg,pinemarten,2
polecat_0002.jpg,polecat,3
stoat_0446.jpg,stoat,4
stoat_0306.jpg,stoat,4
stoat_0760.jpg,stoat,4
otter_0261.jpg,otter,1
weasel_0973.jpg,weasel,5
mink_0333.jpg,mink,0
weasel_0390.jpg,weasel,5
otter_0572.jpg,otter,1
weasel_0554.jpg,weasel,5
pinemarten_0007.jpg,pinemarten,2
polecat_0764.jpg,polecat,3
stoat_0338.jpg,stoat,4
mink_0993.jpg,mink,0
pinemarten_0013.jpg,pinemarten,2
weasel_0872.jpg,weasel,5
polecat_0289.jpg,polecat,3
pinemarten_0505.jpg,pinemarten,2
polecat_0637.jpg,polecat,3
stoat_0402.jpg,stoat,4
stoat_0201.jpg,stoat,4
mink_0440.jpg,mink,0
polecat_0994.jpg,polecat,3
polecat_0251.jpg,polecat,3
mink_0878.jpg,mink,0
polecat_0134.jpg,polecat,3
weasel_0850.jpg,weasel,5
pinemarten_0152.jpg,pinemarten,2
mink_0052.jpg,mink,0
mink_0915.jpg,mink,0
pinemarten_0060.jpg,pinemarten,2
otter_0844.jpg,otter,1
pinemarten_0788.jpg,pinemarten,2
otter_0958.jpg,otter,1
polecat_0091.jpg,polecat,3
weasel_0937.jpg,weasel,5
stoat_0215.jpg,stoat,4
mink_0069.jpg,mink,0
polecat_0423.jpg,polecat,3
otter_1000.jpg,otter,1
stoat_0159.jpg,stoat,4
polecat_0710.jpg,polecat,3
stoat_0397.jpg,stoat,4
otter_0639.jpg,otter,1
mink_0848.jpg,mink,0
pinemarten_0182.jpg,pinemarten,2
pinemarten_0681.jpg,pinemarten,2
otter_0009.jpg,otter,1
weasel_0232.jpg,weasel,5
mink_0267.jpg,mink,0
otter_0611.jpg,otter,1
weasel_0715.jpg,weasel,5
weasel_0745.jpg,weasel,5
polecat_0390.jpg,polecat,3
mink_0305.jpg,mink,0
polecat_0949.jpg,polecat,3
stoat_0437.jpg,stoat,4
pinemarten_0493.jpg,pinemarten,2
weasel_0508.jpg,weasel,5
mink_0243.jpg,mink,0
polecat_0299.jpg,polecat,3
pinemarten_0688.jpg,pinemarten,2
weasel_0061.jpg,weasel,5
mink_0398.jpg,mink,0
pinemarten_0268.jpg,pinemarten,2
mink_0282.jpg,mink,0
pinemarten_0992.jpg,pinemarten,2
pinemarten_0545.jpg,pinemarten,2
mink_0917.jpg,mink,0
mink_0704.jpg,mink,0
otter_0284.jpg,otter,1
weasel_0313.jpg,weasel,5
polecat_0726.jpg,polecat,3
weasel_0859.jpg,weasel,5
pinemarten_0897.jpg,pinemarten,2
otter_0299.jpg,otter,1
otter_0809.jpg,otter,1
stoat_0393.jpg,stoat,4
stoat_0104.jpg,stoat,4
pinemarten_0390.jpg,pinemarten,2
stoat_0232.jpg,stoat,4
pinemarten_0933.jpg,pinemarten,2
weasel_0814.jpg,weasel,5
mink_0476.jpg,mink,0
stoat_0030.jpg,stoat,4
weasel_0202.jpg,weasel,5
stoat_0642.jpg,stoat,4
otter_0181.jpg,otter,1
pinemarten_0824.jpg,pinemarten,2
pinemarten_0890.jpg,pinemarten,2
otter_0973.jpg,otter,1
stoat_0844.jpg,stoat,4
stoat_0103.jpg,stoat,4
polecat_0813.jpg,polecat,3
weasel_0073.jpg,weasel,5
stoat_0480.jpg,stoat,4
stoat_0660.jpg,stoat,4
mink_0320.jpg,mink,0
stoat_0151.jpg,stoat,4
polecat_0306.jpg,polecat,3
stoat_0184.jpg,stoat,4
mink_0317.jpg,mink,0
stoat_0854.jpg,stoat,4
weasel_0347.jpg,weasel,5
otter_0663.jpg,otter,1
pinemarten_0582.jpg,pinemarten,2
weasel_0931.jpg,weasel,5
polecat_0893.jpg,polecat,3
otter_0967.jpg,otter,1
otter_0892.jpg,otter,1
stoat_0555.jpg,stoat,4
stoat_0249.jpg,stoat,4
pinemarten_0391.jpg,pinemarten,2
weasel_0646.jpg,weasel,5
otter_0541.jpg,otter,1
weasel_0168.jpg,weasel,5
otter_0866.jpg,otter,1
stoat_0754.jpg,stoat,4
weasel_0528.jpg,weasel,5
pinemarten_0443.jpg,pinemarten,2
mink_0301.jpg,mink,0
stoat_0936.jpg,stoat,4
mink_0175.jpg,mink,0
stoat_0187.jpg,stoat,4
weasel_0727.jpg,weasel,5
weasel_0131.jpg,weasel,5
mink_0962.jpg,mink,0
polecat_0075.jpg,polecat,3
pinemarten_0047.jpg,pinemarten,2
weasel_0836.jpg,weasel,5
weasel_0165.jpg,weasel,5
stoat_0748.jpg,stoat,4
weasel_0880.jpg,weasel,5
pinemarten_0120.jpg,pinemarten,2
mink_0210.jpg,mink,0
pinemarten_0621.jpg,pinemarten,2
pinemarten_0422.jpg,pinemarten,2
mink_0568.jpg,mink,0
stoat_0303.jpg,stoat,4
stoat_0687.jpg,stoat,4
pinemarten_0816.jpg,pinemarten,2
polecat_0136.jpg,polecat,3
pinemarten_0712.jpg,pinemarten,2
stoat_0100.jpg,stoat,4
mink_0142.jpg,mink,0
mink_0633.jpg,mink,0
pinemarten_0070.jpg,pinemarten,2
otter_0421.jpg,otter,1
polecat_0964.jpg,polecat,3
pinemarten_0532.jpg,pinemarten,2
stoat_0578.jpg,stoat,4
mink_0154.jpg,mink,0
polecat_0575.jpg,polecat,3
pinemarten_0509.jpg,pinemarten,2
polecat_0563.jpg,polecat,3
otter_0935.jpg,otter,1
otter_0420.jpg,otter,1
pinemarten_0759.jpg,pinemarten,2
mink_0097.jpg,mink,0
stoat_0470.jpg,stoat,4
stoat_0548.jpg,stoat,4
mink_0077.jpg,mink,0
stoat_0543.jpg,stoat,4
polecat_0339.jpg,polecat,3
otter_0250.jpg,otter,1
weasel_0675.jpg,weasel,5
pinemarten_0610.jpg,pinemarten,2
polecat_0354.jpg,polecat,3
pinemarten_0876.jpg,pinemarten,2
otter_0212.jpg,otter,1
pinemarten_0844.jpg,pinemarten,2
pinemarten_0735.jpg,pinemarten,2
otter_0718.jpg,otter,1
pinemarten_0314.jpg,pinemarten,2
weasel_0470.jpg,weasel,5
weasel_0284.jpg,weasel,5
pinemarten_0317.jpg,pinemarten,2
pinemarten_0871.jpg,pinemarten,2
stoat_0034.jpg,stoat,4
otter_0953.jpg,otter,1
weasel_0159.jpg,weasel,5
weasel_0085.jpg,weasel,5
mink_0790.jpg,mink,0
mink_0711.jpg,mink,0
pinemarten_0018.jpg,pinemarten,2
polecat_0449.jpg,polecat,3
pinemarten_0594.jpg,pinemarten,2
polecat_0825.jpg,polecat,3
otter_0431.jpg,otter,1
polecat_0393.jpg,polecat,3
stoat_0130.jpg,stoat,4
weasel_0451.jpg,weasel,5
mink_0075.jpg,mink,0
mink_0918.jpg,mink,0
otter_0725.jpg,otter,1
stoat_0271.jpg,stoat,4
otter_0766.jpg,otter,1
weasel_0896.jpg,weasel,5
weasel_0162.jpg,weasel,5
weasel_0686.jpg,weasel,5
pinemarten_0464.jpg,pinemarten,2
polecat_0143.jpg,polecat,3
pinemarten_0503.jpg,pinemarten,2
pinemarten_0161.jpg,pinemarten,2
polecat_0229.jpg,polecat,3
stoat_0685.jpg,stoat,4
polecat_0099.jpg,polecat,3
polecat_0936.jpg,polecat,3
stoat_0716.jpg,stoat,4
stoat_0530.jpg,stoat,4
stoat_0472.jpg,stoat,4
mink_0803.jpg,mink,0
weasel_0439.jpg,weasel,5
stoat_0088.jpg,stoat,4
pinemarten_0843.jpg,pinemarten,2
mink_0324.jpg,mink,0
mink_0078.jpg,mink,0
mink_0913.jpg,mink,0
weasel_0533.jpg,weasel,5
otter_0407.jpg,otter,1
pinemarten_0623.jpg,pinemarten,2
polecat_0895.jpg,polecat,3
otter_0738.jpg,otter,1
pinemarten_0406.jpg,pinemarten,2
polecat_0683.jpg,polecat,3
weasel_0008.jpg,weasel,5
mink_0822.jpg,mink,0
otter_0594.jpg,otter,1
pinemarten_0900.jpg,pinemarten,2
polecat_0530.jpg,polecat,3
weasel_0914.jpg,weasel,5
stoat_0132.jpg,stoat,4
pinemarten_0472.jpg,pinemarten,2
otter_0999.jpg,otter,1
mink_0161.jpg,mink,0
pinemarten_0012.jpg,pinemarten,2
polecat_0115.jpg,polecat,3
polecat_0982.jpg,polecat,3
stoat_0255.jpg,stoat,4
mink_0284.jpg,mink,0
stoat_0170.jpg,stoat,4
mink_0494.jpg,mink,0
otter_0634.jpg,otter,1
stoat_0308.jpg,stoat,4
pinemarten_0941.jpg,pinemarten,2
stoat_0093.jpg,stoat,4
otter_0055.jpg,otter,1
polecat_0450.jpg,polecat,3
pinemarten_0265.jpg,pinemarten,2
otter_0857.jpg,otter,1
pinemarten_0945.jpg,pinemarten,2
weasel_0176.jpg,weasel,5
otter_0217.jpg,otter,1
stoat_0394.jpg,stoat,4
stoat_0851.jpg,stoat,4
pinemarten_0014.jpg,pinemarten,2
mink_0749.jpg,mink,0
stoat_0602.jpg,stoat,4
otter_0163.jpg,otter,1
weasel_0876.jpg,weasel,5
pinemarten_0694.jpg,pinemarten,2
stoat_0236.jpg,stoat,4
pinemarten_0132.jpg,pinemarten,2
pinemarten_0352.jpg,pinemarten,2
weasel_0146.jpg,weasel,5
otter_0653.jpg,otter,1
polecat_0838.jpg,polecat,3
stoat_0138.jpg,stoat,4
polecat_0318.jpg,polecat,3
pinemarten_0478.jpg,pinemarten,2
otter_0481.jpg,otter,1
pinemarten_0526.jpg,pinemarten,2
weasel_0568.jpg,weasel,5
weasel_0269.jpg,weasel,5
pinemarten_0369.jpg,pinemarten,2
mink_0671.jpg,mink,0
stoat_0235.jpg,stoat,4
stoat_0590.jpg,stoat,4
stoat_0607.jpg,stoat,4
stoat_0346.jpg,stoat,4
pinemarten_0908.jpg,pinemarten,2
weasel_0378.jpg,weasel,5
mink_0150.jpg,mink,0
mink_0495.jpg,mink,0
polecat_0192.jpg,polecat,3
otter_0677.jpg,otter,1
polecat_0260.jpg,polecat,3
polecat_0170.jpg,polecat,3
mink_0536.jpg,mink,0
polecat_0237.jpg,polecat,3
pinemarten_0447.jpg,pinemarten,2
weasel_0630.jpg,weasel,5
mink_0990.jpg,mink,0
mink_0235.jpg,mink,0
pinemarten_0655.jpg,pinemarten,2
mink_0604.jpg,mink,0
mink_0669.jpg,mink,0
weasel_0963.jpg,weasel,5
otter_0123.jpg,otter,1
otter_0804.jpg,otter,1
weasel_0558.jpg,weasel,5
stoat_0674.jpg,stoat,4
stoat_0294.jpg,stoat,4
mink_0833.jpg,mink,0
mink_0549.jpg,mink,0
mink_0007.jpg,mink,0
otter_0174.jpg,otter,1
weasel_0253.jpg,weasel,5
stoat_0669.jpg,stoat,4
stoat_0404.jpg,stoat,4
pinemarten_0356.jpg,pinemarten,2
stoat_0146.jpg,stoat,4
stoat_0542.jpg,stoat,4
mink_0551.jpg,mink,0
stoat_0122.jpg,stoat,4
stoat_0554.jpg,stoat,4
weasel_0189.jpg,weasel,5
otter_0275.jpg,otter,1
otter_0347.jpg,otter,1
mink_0433.jpg,mink,0
polecat_0426.jpg,polecat,3
mink_0096.jpg,mink,0
pinemarten_0789.jpg,pinemarten,2
otter_0706.jpg,otter,1
mink_0341.jpg,mink,0
polecat_0498.jpg,polecat,3
polecat_0954.jpg,polecat,3
otter_0288.jpg,otter,1
polecat_0738.jpg,polecat,3
stoat_0795.jpg,stoat,4
weasel_0117.jpg,weasel,5
mink_0039.jpg,mink,0
stoat_0049.jpg,stoat,4
weasel_0003.jpg,weasel,5
stoat_0767.jpg,stoat,4
stoat_0458.jpg,stoat,4
otter_0477.jpg,otter,1
mink_0500.jpg,mink,0
mink_0390.jpg,mink,0
pinemarten_0309.jpg,pinemarten,2
polecat_0653.jpg,polecat,3
otter_0351.jpg,otter,1
weasel_0596.jpg,weasel,5
stoat_0162.jpg,stoat,4
otter_0848.jpg,otter,1
polecat_0856.jpg,polecat,3
stoat_0180.jpg,stoat,4
weasel_0472.jpg,weasel,5
pinemarten_0160.jpg,pinemarten,2
mink_0528.jpg,mink,0
mink_0416.jpg,mink,0
polecat_0702.jpg,polecat,3
polecat_0489.jpg,polecat,3
weasel_0614.jpg,weasel,5
polecat_0855.jpg,polecat,3
otter_0022.jpg,otter,1
stoat_0431.jpg,stoat,4
stoat_0616.jpg,stoat,4
pinemarten_0292.jpg,pinemarten,2
polecat_0186.jpg,polecat,3
pinemarten_0727.jpg,pinemarten,2
otter_0820.jpg,otter,1
pinemarten_0937.jpg,pinemarten,2
stoat_0265.jpg,stoat,4
mink_0286.jpg,mink,0
pinemarten_0850.jpg,pinemarten,2
stoat_0759.jpg,stoat,4
stoat_0533.jpg,stoat,4
weasel_0562.jpg,weasel,5
weasel_0205.jpg,weasel,5
weasel_0237.jpg,weasel,5
polecat_0888.jpg,polecat,3
otter_0950.jpg,otter,1
polecat_0429.jpg,polecat,3
mink_0435.jpg,mink,0
mink_0342.jpg,mink,0
polecat_0214.jpg,polecat,3
weasel_0349.jpg,weasel,5
polecat_0387.jpg,polecat,3
otter_0239.jpg,otter,1
stoat_0360.jpg,stoat,4
otter_0544.jpg,otter,1
polecat_0147.jpg,polecat,3
stoat_0058.jpg,stoat,4
otter_0144.jpg,otter,1
weasel_0183.jpg,weasel,5
polecat_0408.jpg,polecat,3
weasel_0169.jpg,weasel,5
polecat_0277.jpg,polecat,3
stoat_0194.jpg,stoat,4
otter_0198.jpg,otter,1
weasel_0142.jpg,weasel,5
mink_0727.jpg,mink,0
stoat_0347.jpg,stoat,4
stoat_0097.jpg,stoat,4
weasel_0245.jpg,weasel,5
polecat_0395.jpg,polecat,3
weasel_0038.jpg,weasel,5
pinemarten_0174.jpg,pinemarten,2
pinemarten_0865.jpg,pinemarten,2
stoat_0209.jpg,stoat,4
weasel_0044.jpg,weasel,5
pinemarten_0797.jpg,pinemarten,2
mink_0969.jpg,mink,0
weasel_0753.jpg,weasel,5
mink_0861.jpg,mink,0
mink_0521.jpg,mink,0
mink_0488.jpg,mink,0
otter_0297.jpg,otter,1
otter_0778.jpg,otter,1
weasel_0962.jpg,weasel,5
polecat_0182.jpg,polecat,3
stoat_0563.jpg,stoat,4
otter_0315.jpg,otter,1
weasel_0433.jpg,weasel,5
pinemarten_0563.jpg,pinemarten,2
otter_0819.jpg,otter,1
pinemarten_0726.jpg,pinemarten,2
mink_0063.jpg,mink,0
polecat_0207.jpg,polecat,3
weasel_0844.jpg,weasel,5
stoat_0925.jpg,stoat,4
stoat_0276.jpg,stoat,4
polecat_0419.jpg,polecat,3
mink_0782.jpg,mink,0
mink_0631.jpg,mink,0
stoat_0820.jpg,stoat,4
otter_0566.jpg,otter,1
mink_0273.jpg,mink,0
otter_0398.jpg,otter,1
stoat_0134.jpg,stoat,4
polecat_0375.jpg,polecat,3
stoat_0821.jpg,stoat,4
weasel_0824.jpg,weasel,5
polecat_0089.jpg,polecat,3
stoat_0762.jpg,stoat,4
mink_0884.jpg,mink,0
weasel_0774.jpg,weasel,5
otter_0997.jpg,otter,1
polecat_0226.jpg,polecat,3
weasel_0317.jpg,weasel,5
mink_0504.jpg,mink,0
weasel_0909.jpg,weasel,5
polecat_0072.jpg,polecat,3
stoat_0603.jpg,stoat,4
pinemarten_0962.jpg,pinemarten,2
pinemarten_0261.jpg,pinemarten,2
mink_0200.jpg,mink,0
polecat_0211.jpg,polecat,3
mink_0897.jpg,mink,0
mink_0761.jpg,mink,0
mink_0047.jpg,mink,0
mink_0392.jpg,mink,0
otter_0921.jpg,otter,1
pinemarten_0062.jpg,pinemarten,2
pinemarten_0625.jpg,pinemarten,2
stoat_0179.jpg,stoat,4
mink_0123.jpg,mink,0
polecat_0009.jpg,polecat,3
weasel_0993.jpg,weasel,5
mink_0195.jpg,mink,0
weasel_0491.jpg,weasel,5
mink_0771.jpg,mink,0
mink_0087.jpg,mink,0
mink_0680.jpg,mink,0
polecat_0502.jpg,polecat,3
mink_0618.jpg,mink,0
mink_0736.jpg,mink,0
weasel_0064.jpg,weasel,5
mink_0147.jpg,mink,0
polecat_0325.jpg,polecat,3
polecat_0537.jpg,polecat,3
stoat_0576.jpg,stoat,4
otter_0339.jpg,otter,1
otter_0903.jpg,otter,1
weasel_0357.jpg,weasel,5
weasel_0861.jpg,weasel,5
otter_0833.jpg,otter,1
weasel_0195.jpg,weasel,5
stoat_0424.jpg,stoat,4
otter_0418.jpg,otter,1
stoat_0935.jpg,stoat,4
weasel_0889.jpg,weasel,5
stoat_0192.jpg,stoat,4
pinemarten_0991.jpg,pinemarten,2
otter_0785.jpg,otter,1
pinemarten_0125.jpg,pinemarten,2
otter_0396.jpg,otter,1
mink_0299.jpg,mink,0
weasel_0346.jpg,weasel,5
polecat_0762.jpg,polecat,3
polecat_0532.jpg,polecat,3
otter_0467.jpg,otter,1
polecat_0569.jpg,polecat,3
polecat_0631.jpg,polecat,3
mink_0947.jpg,mink,0
weasel_0578.jpg,weasel,5
polecat_0269.jpg,polecat,3
stoat_0262.jpg,stoat,4
otter_0388.jpg,otter,1
pinemarten_0815.jpg,pinemarten,2
otter_0488.jpg,otter,1
weasel_0482.jpg,weasel,5
mink_0926.jpg,mink,0
pinemarten_0766.jpg,pinemarten,2
stoat_0002.jpg,stoat,4
otter_0332.jpg,otter,1
stoat_0750.jpg,stoat,4
pinemarten_0629.jpg,pinemarten,2
otter_0922.jpg,otter,1
polecat_0194.jpg,polecat,3
weasel_0540.jpg,weasel,5
stoat_0840.jpg,stoat,4
pinemarten_0442.jpg,pinemarten,2
pinemarten_0059.jpg,pinemarten,2
stoat_0256.jpg,stoat,4
otter_0581.jpg,otter,1
polecat_0230.jpg,polecat,3
pinemarten_0279.jpg,pinemarten,2
otter_0224.jpg,otter,1
stoat_0920.jpg,stoat,4
otter_0028.jpg,otter,1
pinemarten_0591.jpg,pinemarten,2
mink_0372.jpg,mink,0
polecat_0809.jpg,polecat,3
stoat_0856.jpg,stoat,4
otter_0739.jpg,otter,1
pinemarten_0724.jpg,pinemarten,2
stoat_0560.jpg,stoat,4
weasel_0653.jpg,weasel,5
otter_0008.jpg,otter,1
mink_0854.jpg,mink,0
otter_0679.jpg,otter,1
pinemarten_0845.jpg,pinemarten,2
pinemarten_0058.jpg,pinemarten,2
polecat_0848.jpg,polecat,3
pinemarten_0250.jpg,pinemarten,2
weasel_0971.jpg,weasel,5
mink_0329.jpg,mink,0
otter_0457.jpg,otter,1
pinemarten_0837.jpg,pinemarten,2
mink_0475.jpg,mink,0
otter_0577.jpg,otter,1
mink_0071.jpg,mink,0
mink_0058.jpg,mink,0
pinemarten_0648.jpg,pinemarten,2
polecat_0628.jpg,polecat,3
weasel_0443.jpg,weasel,5
pinemarten_0126.jpg,pinemarten,2
otter_0329.jpg,otter,1
otter_0513.jpg,otter,1
pinemarten_0264.jpg,pinemarten,2
pinemarten_0903.jpg,pinemarten,2
pinemarten_0378.jpg,pinemarten,2
weasel_0229.jpg,weasel,5
stoat_0508.jpg,stoat,4
stoat_0198.jpg,stoat,4
mink_0763.jpg,mink,0
polecat_0382.jpg,polecat,3
mink_0543.jpg,mink,0
mink_0424.jpg,mink,0
polecat_0355.jpg,polecat,3
stoat_0738.jpg,stoat,4
polecat_0894.jpg,polecat,3
polecat_0162.jpg,polecat,3
otter_0493.jpg,otter,1
polecat_0223.jpg,polecat,3
mink_0224.jpg,mink,0
mink_0423.jpg,mink,0
otter_0911.jpg,otter,1
polecat_0664.jpg,polecat,3
polecat_0630.jpg,polecat,3
weasel_0018.jpg,weasel,5
pinemarten_0748.jpg,pinemarten,2
pinemarten_0236.jpg,pinemarten,2
weasel_0489.jpg,weasel,5
weasel_0858.jpg,weasel,5
polecat_0945.jpg,polecat,3
pinemarten_0259.jpg,pinemarten,2
otter_0248.jpg,otter,1
stoat_0233.jpg,stoat,4
otter_0695.jpg,otter,1
polecat_0957.jpg,polecat,3
weasel_0968.jpg,weasel,5
polecat_0445.jpg,polecat,3
pinemarten_0549.jpg,pinemarten,2
mink_0656.jpg,mink,0
otter_0621.jpg,otter,1
stoat_0761.jpg,stoat,4
polecat_0044.jpg,polecat,3
weasel_0155.jpg,weasel,5
stoat_0309.jpg,stoat,4
mink_0516.jpg,mink,0
mink_0102.jpg,mink,0
weasel_0291.jpg,weasel,5
pinemarten_0632.jpg,pinemarten,2
otter_0557.jpg,otter,1
stoat_0438.jpg,stoat,4
pinemarten_0246.jpg,pinemarten,2
weasel_0665.jpg,weasel,5
pinemarten_0479.jpg,pinemarten,2
pinemarten_0457.jpg,pinemarten,2
polecat_0104.jpg,polecat,3
mink_0934.jpg,mink,0
polecat_0509.jpg,polecat,3
mink_0067.jpg,mink,0
polecat_0659.jpg,polecat,3
weasel_0612.jpg,weasel,5
mink_0173.jpg,mink,0
weasel_0781.jpg,weasel,5
stoat_0893.jpg,stoat,4
pinemarten_0836.jpg,pinemarten,2
stoat_0380.jpg,stoat,4
polecat_0969.jpg,polecat,3
otter_0359.jpg,otter,1
stoat_0589.jpg,stoat,4
mink_0788.jpg,mink,0
polecat_0667.jpg,polecat,3
weasel_0549.jpg,weasel,5
polecat_0188.jpg,polecat,3
polecat_0016.jpg,polecat,3
mink_0905.jpg,mink,0
pinemarten_0709.jpg,pinemarten,2
polecat_0412.jpg,polecat,3
polecat_0665.jpg,polecat,3
weasel_0679.jpg,weasel,5
polecat_0045.jpg,polecat,3
weasel_0466.jpg,weasel,5
pinemarten_0590.jpg,pinemarten,2
stoat_0613.jpg,stoat,4
weasel_0210.jpg,weasel,5
polecat_0023.jpg,polecat,3
weasel_0573.jpg,weasel,5
mink_0051.jpg,mink,0
mink_0858.jpg,mink,0
stoat_0777.jpg,stoat,4
stoat_0223.jpg,stoat,4
weasel_0241.jpg,weasel,5
pinemarten_0389.jpg,pinemarten,2
stoat_0528.jpg,stoat,4
stoat_0522.jpg,stoat,4
pinemarten_0806.jpg,pinemarten,2
stoat_0284.jpg,stoat,4
weasel_0116.jpg,weasel,5
polecat_0877.jpg,polecat,3
mink_0197.jpg,mink,0
stoat_0330.jpg,stoat,4
stoat_0872.jpg,stoat,4
pinemarten_0376.jpg,pinemarten,2
pinemarten_0351.jpg,pinemarten,2
weasel_0498.jpg,weasel,5
polecat_0257.jpg,polecat,3
pinemarten_0615.jpg,pinemarten,2
stoat_0142.jpg,stoat,4
stoat_0511.jpg,stoat,4
weasel_0016.jpg,weasel,5
weasel_0257.jpg,weasel,5
pinemarten_0814.jpg,pinemarten,2
mink_0021.jpg,mink,0
polecat_0085.jpg,polecat,3
stoat_0736.jpg,stoat,4
otter_0750.jpg,otter,1
stoat_0911.jpg,stoat,4
stoat_0212.jpg,stoat,4
weasel_0716.jpg,weasel,5
stoat_0940.jpg,stoat,4
pinemarten_0349.jpg,pinemarten,2
mink_0654.jpg,mink,0
polecat_0675.jpg,polecat,3
pinemarten_0642.jpg,pinemarten,2
pinemarten_0137.jpg,pinemarten,2
otter_0840.jpg,otter,1
mink_0389.jpg,mink,0
weasel_0609.jpg,weasel,5
weasel_0122.jpg,weasel,5
stoat_0239.jpg,stoat,4
weasel_0063.jpg,weasel,5
pinemarten_0025.jpg,pinemarten,2
otter_0141.jpg,otter,1
stoat_0079.jpg,stoat,4
mink_0245.jpg,mink,0
weasel_0651.jpg,weasel,5
otter_0445.jpg,otter,1
stoat_0126.jpg,stoat,4
mink_0877.jpg,mink,0
mink_0201.jpg,mink,0
mink_0107.jpg,mink,0
polecat_0032.jpg,polecat,3
mink_0444.jpg,mink,0
stoat_0351.jpg,stoat,4
mink_0613.jpg,mink,0
stoat_0219.jpg,stoat,4
polecat_0455.jpg,polecat,3
weasel_0638.jpg,weasel,5
pinemarten_0300.jpg,pinemarten,2
otter_0073.jpg,otter,1
stoat_0263.jpg,stoat,4
otter_0569.jpg,otter,1
pinemarten_0121.jpg,pinemarten,2
pinemarten_0952.jpg,pinemarten,2
pinemarten_0984.jpg,pinemarten,2
polecat_0456.jpg,polecat,3
pinemarten_0331.jpg,pinemarten,2
otter_0876.jpg,otter,1
polecat_0271.jpg,polecat,3
stoat_0337.jpg,stoat,4
otter_0298.jpg,otter,1
mink_0865.jpg,mink,0
pinemarten_0187.jpg,pinemarten,2
weasel_0585.jpg,weasel,5
stoat_0106.jpg,stoat,4
otter_0429.jpg,otter,1
polecat_0495.jpg,polecat,3
polecat_0783.jpg,polecat,3
stoat_0679.jpg,stoat,4
polecat_0534.jpg,polecat,3
stoat_0568.jpg,stoat,4
stoat_0615.jpg,stoat,4
weasel_0078.jpg,weasel,5
mink_0472.jpg,mink,0
pinemarten_0206.jpg,pinemarten,2
pinemarten_0496.jpg,pinemarten,2
stoat_0735.jpg,stoat,4
mink_0381.jpg,mink,0
otter_0825.jpg,otter,1
pinemarten_0283.jpg,pinemarten,2
stoat_0999.jpg,stoat,4
pinemarten_0577.jpg,pinemarten,2
stoat_0817.jpg,stoat,4
stoat_0234.jpg,stoat,4
otter_0877.jpg,otter,1
weasel_0626.jpg,weasel,5
mink_0121.jpg,mink,0
pinemarten_0103.jpg,pinemarten,2
polecat_0557.jpg,polecat,3
polecat_0270.jpg,polecat,3
pinemarten_0658.jpg,pinemarten,2
otter_0183.jpg,otter,1
weasel_0186.jpg,weasel,5
polecat_0061.jpg,polecat,3
stoat_0031.jpg,stoat,4
otter_0327.jpg,otter,1
pinemarten_0155.jpg,pinemarten,2
mink_0898.jpg,mink,0
stoat_0035.jpg,stoat,4
pinemarten_0576.jpg,pinemarten,2
otter_0909.jpg,otter,1
polecat_0087.jpg,polecat,3
polecat_0841.jpg,polecat,3
mink_0371.jpg,mink,0
pinemarten_0335.jpg,pinemarten,2
polecat_0421.jpg,polecat,3
otter_0424.jpg,otter,1
pinemarten_0445.jpg,pinemarten,2
stoat_0020.jpg,stoat,4
stoat_0301.jpg,stoat,4
weasel_0882.jpg,weasel,5
stoat_0666.jpg,stoat,4
polecat_0459.jpg,polecat,3
stoat_0983.jpg,stoat,4
stoat_0993.jpg,stoat,4
polecat_0889.jpg,polecat,3
otter_0368.jpg,otter,1
pinemarten_0953.jpg,pinemarten,2
polecat_0352.jpg,polecat,3
mink_0836.jpg,mink,0
stoat_0833.jpg,stoat,4
mink_0116.jpg,mink,0
pinemarten_0883.jpg,pinemarten,2
otter_0170.jpg,otter,1
weasel_0440.jpg,weasel,5
weasel_0888.jpg,weasel,5
weasel_0356.jpg,weasel,5
polecat_0867.jpg,polecat,3
pinemarten_0976.jpg,pinemarten,2
pinemarten_0037.jpg,pinemarten,2
stoat_0881.jpg,stoat,4
weasel_0624.jpg,weasel,5
mink_0216.jpg,mink,0
stoat_0719.jpg,stoat,4
otter_0489.jpg,otter,1
otter_0037.jpg,otter,1
mink_0985.jpg,mink,0
weasel_0398.jpg,weasel,5
mink_0199.jpg,mink,0
stoat_0315.jpg,stoat,4
otter_0116.jpg,otter,1
mink_0558.jpg,mink,0
stoat_0410.jpg,stoat,4
polecat_0560.jpg,polecat,3
otter_0110.jpg,otter,1
stoat_0805.jpg,stoat,4
pinemarten_0795.jpg,pinemarten,2
weasel_0271.jpg,weasel,5
otter_0436.jpg,otter,1
pinemarten_0200.jpg,pinemarten,2
pinemarten_0190.jpg,pinemarten,2
otter_0105.jpg,otter,1
weasel_0586.jpg,weasel,5
polecat_0420.jpg,polecat,3
polecat_0307.jpg,polecat,3
stoat_0979.jpg,stoat,4
pinemarten_0819.jpg,pinemarten,2
weasel_0090.jpg,weasel,5
pinemarten_0961.jpg,pinemarten,2
pinemarten_0646.jpg,pinemarten,2
weasel_0460.jpg,weasel,5
pinemarten_0832.jpg,pinemarten,2
polecat_0850.jpg,polecat,3
mink_0351.jpg,mink,0
otter_0385.jpg,otter,1
polecat_0093.jpg,polecat,3
mink_0384.jpg,mink,0
otter_0920.jpg,otter,1
pinemarten_0564.jpg,pinemarten,2
pinemarten_0397.jpg,pinemarten,2
weasel_0084.jpg,weasel,5
pinemarten_0914.jpg,pinemarten,2
mink_0431.jpg,mink,0
pinemarten_0413.jpg,pinemarten,2
pinemarten_0598.jpg,pinemarten,2
polecat_0224.jpg,polecat,3
stoat_0456.jpg,stoat,4
polecat_0788.jpg,polecat,3
otter_0394.jpg,otter,1
weasel_0341.jpg,weasel,5
pinemarten_0675.jpg,pinemarten,2
weasel_0724.jpg,weasel,5
otter_0176.jpg,otter,1
mink_0682.jpg,mink,0
stoat_0169.jpg,stoat,4
otter_0130.jpg,otter,1
mink_0815.jpg,mink,0
polecat_0077.jpg,polecat,3
weasel_0924.jpg,weasel,5
otter_0500.jpg,otter,1
weasel_0477.jpg,weasel,5
polecat_0191.jpg,polecat,3
pinemarten_0217.jpg,pinemarten,2
pinemarten_0219.jpg,pinemarten,2
pinemarten_0924.jpg,pinemarten,2
stoat_0828.jpg,stoat,4
weasel_0167.jpg,weasel,5
otter_0450.jpg,otter,1
mink_0364.jpg,mink,0
mink_0910.jpg,mink,0
polecat_0288.jpg,polecat,3
otter_0886.jpg,otter,1
otter_0004.jpg,otter,1
stoat_0488.jpg,stoat,4
pinemarten_0899.jpg,pinemarten,2
weasel_0537.jpg,weasel,5
stoat_0052.jpg,stoat,4
pinemarten_0019.jpg,pinemarten,2
otter_0762.jpg,otter,1
weasel_0642.jpg,weasel,5
weasel_0250.jpg,weasel,5
mink_0443.jpg,mink,0
otter_0337.jpg,otter,1
polecat_0669.jpg,polecat,3
pinemarten_0558.jpg,pinemarten,2
polecat_0937.jpg,polecat,3
pinemarten_0323.jpg,pinemarten,2
pinemarten_0829.jpg,pinemarten,2
stoat_0350.jpg,stoat,4
otter_0274.jpg,otter,1
mink_0181.jpg,mink,0
stoat_0556.jpg,stoat,4
otter_0313.jpg,otter,1
stoat_0951.jpg,stoat,4
mink_0870.jpg,mink,0
pinemarten_0719.jpg,pinemarten,2
polecat_0190.jpg,polecat,3
pinemarten_0990.jpg,pinemarten,2
polecat_0586.jpg,polecat,3
otter_0205.jpg,otter,1
polecat_0156.jpg,polecat,3
mink_0148.jpg,mink,0
pinemarten_0981.jpg,pinemarten,2
polecat_0043.jpg,polecat,3
mink_0373.jpg,mink,0
otter_0505.jpg,otter,1
polecat_0808.jpg,polecat,3
pinemarten_0654.jpg,pinemarten,2
mink_0795.jpg,mink,0
polecat_0849.jpg,polecat,3
otter_0678.jpg,otter,1
otter_0589.jpg,otter,1
pinemarten_0359.jpg,pinemarten,2
weasel_0314.jpg,weasel,5
weasel_0654.jpg,weasel,5
weasel_0779.jpg,weasel,5
otter_0335.jpg,otter,1
stoat_0117.jpg,stoat,4
otter_0752.jpg,otter,1
polecat_0846.jpg,polecat,3
stoat_0535.jpg,stoat,4
weasel_0004.jpg,weasel,5
polecat_0961.jpg,polecat,3
stoat_0154.jpg,stoat,4
otter_0644.jpg,otter,1
pinemarten_0476.jpg,pinemarten,2
polecat_0385.jpg,polecat,3
stoat_0345.jpg,stoat,4
polecat_0614.jpg,polecat,3
polecat_0804.jpg,polecat,3
otter_0939.jpg,otter,1
polecat_0386.jpg,polecat,3
mink_0412.jpg,mink,0
stoat_0443.jpg,stoat,4
otter_0777.jpg,otter,1
otter_0904.jpg,otter,1
weasel_0397.jpg,weasel,5
mink_0269.jpg,mink,0
stoat_0998.jpg,stoat,4
polecat_0609.jpg,polecat,3
polecat_0511.jpg,polecat,3
weasel_0330.jpg,weasel,5
polecat_0643.jpg,polecat,3
pinemarten_0729.jpg,pinemarten,2
stoat_0815.jpg,stoat,4
mink_0696.jpg,mink,0
mink_0474.jpg,mink,0
pinemarten_0947.jpg,pinemarten,2
weasel_0734.jpg,weasel,5
pinemarten_0870.jpg,pinemarten,2
otter_0948.jpg,otter,1
polecat_0365.jpg,polecat,3
polecat_0205.jpg,polecat,3
mink_0193.jpg,mink,0
stoat_0801.jpg,stoat,4
otter_0737.jpg,otter,1
mink_0576.jpg,mink,0
weasel_0852.jpg,weasel,5
polecat_0903.jpg,polecat,3
mink_0406.jpg,mink,0
weasel_0194.jpg,weasel,5
weasel_0104.jpg,weasel,5
stoat_0323.jpg,stoat,4
otter_0279.jpg,otter,1
polecat_0912.jpg,polecat,3
stoat_0007.jpg,stoat,4
mink_0262.jpg,mink,0
stoat_0882.jpg,stoat,4
mink_0702.jpg,mink,0
weasel_0685.jpg,weasel,5
weasel_0136.jpg,weasel,5
mink_0570.jpg,mink,0
pinemarten_0244.jpg,pinemarten,2
polecat_0020.jpg,polecat,3
pinemarten_0552.jpg,pinemarten,2
weasel_0332.jpg,weasel,5
mink_0852.jpg,mink,0
otter_0375.jpg,otter,1
weasel_0280.jpg,weasel,5
polecat_0660.jpg,polecat,3
stoat_0700.jpg,stoat,4
polecat_0692.jpg,polecat,3
pinemarten_0424.jpg,pinemarten,2
polecat_0958.jpg,polecat,3
mink_0931.jpg,mink,0
stoat_0430.jpg,stoat,4
mink_0887.jpg,mink,0
mink_0641.jpg,mink,0
stoat_0627.jpg,stoat,4
weasel_0331.jpg,weasel,5
stoat_0339.jpg,stoat,4
otter_0895.jpg,otter,1
pinemarten_0620.jpg,pinemarten,2
weasel_0695.jpg,weasel,5
stoat_0466.jpg,stoat,4
polecat_0204.jpg,polecat,3
mink_0217.jpg,mink,0
mink_0937.jpg,mink,0
polecat_0758.jpg,polecat,3
polecat_0496.jpg,polecat,3
polecat_0970.jpg,polecat,3
weasel_0252.jpg,weasel,5
polecat_0807.jpg,polecat,3
weasel_0714.jpg,weasel,5
otter_0472.jpg,otter,1
polecat_0013.jpg,polecat,3
mink_0044.jpg,mink,0
mink_0720.jpg,mink,0
weasel_0519.jpg,weasel,5
weasel_0818.jpg,weasel,5
stoat_0645.jpg,stoat,4
stoat_0524.jpg,stoat,4
polecat_0581.jpg,polecat,3
stoat_0813.jpg,stoat,4
mink_0402.jpg,mink,0
pinemarten_0392.jpg,pinemarten,2
otter_0271.jpg,otter,1
weasel_0434.jpg,weasel,5
pinemarten_0769.jpg,pinemarten,2
mink_0742.jpg,mink,0
mink_0920.jpg,mink,0
stoat_0289.jpg,stoat,4
stoat_0847.jpg,stoat,4
polecat_0863.jpg,polecat,3
mink_0153.jpg,mink,0
otter_0448.jpg,otter,1
polecat_0824.jpg,polecat,3
weasel_0022.jpg,weasel,5
stoat_0403.jpg,stoat,4
polecat_0054.jpg,polecat,3
polecat_0168.jpg,polecat,3
weasel_0628.jpg,weasel,5
weasel_0283.jpg,weasel,5
stoat_0664.jpg,stoat,4
polecat_0896.jpg,polecat,3
mink_0698.jpg,mink,0
stoat_0091.jpg,stoat,4
weasel_0696.jpg,weasel,5
polecat_0101.jpg,polecat,3
weasel_0236.jpg,weasel,5
pinemarten_0170.jpg,pinemarten,2
pinemarten_0158.jpg,pinemarten,2
mink_0152.jpg,mink,0
polecat_0057.jpg,polecat,3
weasel_0389.jpg,weasel,5
weasel_0636.jpg,weasel,5
otter_0671.jpg,otter,1
otter_0281.jpg,otter,1
stoat_0505.jpg,stoat,4
stoat_0946.jpg,stoat,4
polecat_0319.jpg,polecat,3
weasel_0219.jpg,weasel,5
mink_0863.jpg,mink,0
weasel_0988.jpg,weasel,5
mink_0724.jpg,mink,0
mink_0951.jpg,mink,0
pinemarten_0241.jpg,pinemarten,2
weasel_0912.jpg,weasel,5
polecat_0120.jpg,polecat,3
weasel_0660.jpg,weasel,5
mink_0164.jpg,mink,0
mink_0323.jpg,mink,0
pinemarten_0927.jpg,pinemarten,2
stoat_0252.jpg,stoat,4
weasel_0504.jpg,weasel,5
weasel_0538.jpg,weasel,5
weasel_0424.jpg,weasel,5
weasel_0620.jpg,weasel,5
weasel_0728.jpg,weasel,5
pinemarten_0530.jpg,pinemarten,2
pinemarten_0430.jpg,pinemarten,2
pinemarten_0691.jpg,pinemarten,2
weasel_0096.jpg,weasel,5
otter_0954.jpg,otter,1
stoat_0372.jpg,stoat,4
mink_0751.jpg,mink,0
otter_0148.jpg,otter,1
stoat_0491.jpg,stoat,4
polecat_0904.jpg,polecat,3
pinemarten_0468.jpg,pinemarten,2
stoat_0633.jpg,stoat,4
weasel_0719.jpg,weasel,5
mink_0009.jpg,mink,0
stoat_0364.jpg,stoat,4
pinemarten_0999.jpg,pinemarten,2
otter_0049.jpg,otter,1
otter_0041.jpg,otter,1
weasel_0583.jpg,weasel,5
otter_0843.jpg,otter,1
weasel_0629.jpg,weasel,5
polecat_0454.jpg,polecat,3
otter_0768.jpg,otter,1
mink_0260.jpg,mink,0
otter_0516.jpg,otter,1
mink_0933.jpg,mink,0
weasel_0881.jpg,weasel,5
mink_0777.jpg,mink,0
pinemarten_0321.jpg,pinemarten,2
weasel_0738.jpg,weasel,5
mink_0997.jpg,mink,0
otter_0651.jpg,otter,1
otter_0726.jpg,otter,1
stoat_0411.jpg,stoat,4
weasel_0915.jpg,weasel,5
weasel_0758.jpg,weasel,5
weasel_0123.jpg,weasel,5
stoat_0200.jpg,stoat,4
otter_0521.jpg,otter,1
pinemarten_0761.jpg,pinemarten,2
pinemarten_0451.jpg,pinemarten,2
pinemarten_0027.jpg,pinemarten,2
mink_0644.jpg,mink,0
weasel_0124.jpg,weasel,5
mink_0573.jpg,mink,0
weasel_0956.jpg,weasel,5
pinemarten_0783.jpg,pinemarten,2
polecat_0047.jpg,polecat,3
weasel_0750.jpg,weasel,5
weasel_0432.jpg,weasel,5
polecat_0471.jpg,polecat,3
mink_0448.jpg,mink,0
pinemarten_0818.jpg,pinemarten,2
pinemarten_0144.jpg,pinemarten,2
pinemarten_0114.jpg,pinemarten,2
weasel_0700.jpg,weasel,5
mink_0001.jpg,mink,0
polecat_0573.jpg,polecat,3
otter_0986.jpg,otter,1
pinemarten_0328.jpg,pinemarten,2
pinemarten_0481.jpg,pinemarten,2
mink_0700.jpg,mink,0
mink_0080.jpg,mink,0
weasel_0928.jpg,weasel,5
mink_0940.jpg,mink,0
mink_0991.jpg,mink,0
stoat_0226.jpg,stoat,4
polecat_0501.jpg,polecat,3
otter_0330.jpg,otter,1
stoat_0822.jpg,stoat,4
pinemarten_0188.jpg,pinemarten,2
otter_0133.jpg,otter,1
polecat_0154.jpg,polecat,3
stoat_0148.jpg,stoat,4
stoat_0357.jpg,stoat,4
otter_0564.jpg,otter,1
polecat_0760.jpg,polecat,3
pinemarten_0643.jpg,pinemarten,2
mink_0204.jpg,mink,0
polecat_0338.jpg,polecat,3
stoat_0638.jpg,stoat,4
weasel_0420.jpg,weasel,5
mink_0894.jpg,mink,0
weasel_0898.jpg,weasel,5
mink_0447.jpg,mink,0
weasel_0340.jpg,weasel,5
otter_0596.jpg,otter,1
weasel_0810.jpg,weasel,5
polecat_0552.jpg,polecat,3
stoat_0807.jpg,stoat,4
weasel_0058.jpg,weasel,5
polecat_0513.jpg,polecat,3
stoat_0390.jpg,stoat,4
weasel_0402.jpg,weasel,5
polecat_0597.jpg,polecat,3
pinemarten_0252.jpg,pinemarten,2
stoat_0433.jpg,stoat,4
weasel_0013.jpg,weasel,5
polecat_0280.jpg,polecat,3
pinemarten_0510.jpg,pinemarten,2
mink_0709.jpg,mink,0
pinemarten_0273.jpg,pinemarten,2
otter_0627.jpg,otter,1
otter_0402.jpg,otter,1
stoat_0009.jpg,stoat,4
mink_0509.jpg,mink,0
weasel_0353.jpg,weasel,5
stoat_0838.jpg,stoat,4
weasel_0561.jpg,weasel,5
stoat_0958.jpg,stoat,4
stoat_0113.jpg,stoat,4
polecat_0883.jpg,polecat,3
stoat_0584.jpg,stoat,4
otter_0858.jpg,otter,1
pinemarten_0859.jpg,pinemarten,2
otter_0064.jpg,otter,1
mink_0290.jpg,mink,0
pinemarten_0108.jpg,pinemarten,2
mink_0174.jpg,mink,0
weasel_0384.jpg,weasel,5
pinemarten_0673.jpg,pinemarten,2
otter_0107.jpg,otter,1
polecat_0654.jpg,polecat,3
pinemarten_0029.jpg,pinemarten,2
mink_0347.jpg,mink,0
stoat_0964.jpg,stoat,4
stoat_0153.jpg,stoat,4
polecat_0919.jpg,polecat,3
mink_0386.jpg,mink,0
polecat_0007.jpg,polecat,3
polecat_0658.jpg,polecat,3
mink_0928.jpg,mink,0
weasel_0319.jpg,weasel,5
weasel_0951.jpg,weasel,5
stoat_0593.jpg,stoat,4
pinemarten_0302.jpg,pinemarten,2
weasel_0089.jpg,weasel,5
mink_0890.jpg,mink,0
pinemarten_0375.jpg,pinemarten,2
weasel_0052.jpg,weasel,5
mink_0697.jpg,mink,0
weasel_0062.jpg,weasel,5
pinemarten_0432.jpg,pinemarten,2
mink_0382.jpg,mink,0
pinemarten_0533.jpg,pinemarten,2
mink_0821.jpg,mink,0
polecat_0728.jpg,polecat,3
otter_0182.jpg,otter,1
otter_0309.jpg,otter,1
polecat_0935.jpg,polecat,3
stoat_0531.jpg,stoat,4
stoat_0721.jpg,stoat,4
pinemarten_0749.jpg,pinemarten,2
stoat_0928.jpg,stoat,4
otter_0523.jpg,otter,1
pinemarten_0263.jpg,pinemarten,2
polecat_0545.jpg,polecat,3
pinemarten_0064.jpg,pinemarten,2
mink_0875.jpg,mink,0
mink_0293.jpg,mink,0
weasel_0801.jpg,weasel,5
weasel_0323.jpg,weasel,5
mink_0578.jpg,mink,0
mink_0244.jpg,mink,0
weasel_0006.jpg,weasel,5
stoat_0553.jpg,stoat,4
weasel_0069.jpg,weasel,5
stoat_0066.jpg,stoat,4
mink_0758.jpg,mink,0
stoat_0749.jpg,stoat,4
polecat_0141.jpg,polecat,3
stoat_0926.jpg,stoat,4
weasel_0501.jpg,weasel,5
polecat_0960.jpg,polecat,3
polecat_0817.jpg,polecat,3
weasel_0105.jpg,weasel,5
otter_0756.jpg,otter,1
weasel_0174.jpg,weasel,5
weasel_0066.jpg,weasel,5
polecat_0342.jpg,polecat,3
stoat_0947.jpg,stoat,4
mink_0206.jpg,mink,0
polecat_0189.jpg,polecat,3
pinemarten_0474.jpg,pinemarten,2
stoat_0161.jpg,stoat,4
pinemarten_0162.jpg,pinemarten,2
pinemarten_0293.jpg,pinemarten,2
pinemarten_0525.jpg,pinemarten,2
polecat_0708.jpg,polecat,3
mink_0690.jpg,mink,0
pinemarten_0408.jpg,pinemarten,2
stoat_0374.jpg,stoat,4
stoat_0425.jpg,stoat,4
otter_0352.jpg,otter,1
stoat_0863.jpg,stoat,4
pinemarten_0450.jpg,pinemarten,2
pinemarten_0487.jpg,pinemarten,2
pinemarten_0514.jpg,pinemarten,2
otter_0241.jpg,otter,1
stoat_0341.jpg,stoat,4
otter_0206.jpg,otter,1
mink_0759.jpg,mink,0
pinemarten_0281.jpg,pinemarten,2
polecat_0183.jpg,polecat,3
pinemarten_0139.jpg,pinemarten,2
weasel_0965.jpg,weasel,5
stoat_0285.jpg,stoat,4
pinemarten_0052.jpg,pinemarten,2
mink_0869.jpg,mink,0
stoat_0612.jpg,stoat,4
pinemarten_0087.jpg,pinemarten,2
stoat_0743.jpg,stoat,4
mink_0661.jpg,mink,0
pinemarten_0548.jpg,pinemarten,2
stoat_0788.jpg,stoat,4
otter_0830.jpg,otter,1
stoat_0751.jpg,stoat,4
otter_0990.jpg,otter,1
polecat_0361.jpg,polecat,3
polecat_0212.jpg,polecat,3
pinemarten_0429.jpg,pinemarten,2
pinemarten_0757.jpg,pinemarten,2
weasel_0240.jpg,weasel,5
otter_0416.jpg,otter,1
stoat_0697.jpg,stoat,4
otter_0772.jpg,otter,1
mink_0610.jpg,mink,0
polecat_0914.jpg,polecat,3
polecat_0128.jpg,polecat,3
polecat_0934.jpg,polecat,3
pinemarten_0145.jpg,pinemarten,2
stoat_0204.jpg,stoat,4
stoat_0457.jpg,stoat,4
mink_0507.jpg,mink,0
stoat_0141.jpg,stoat,4
otter_0343.jpg,otter,1
otter_0699.jpg,otter,1
pinemarten_0846.jpg,pinemarten,2
polecat_0926.jpg,polecat,3
stoat_0164.jpg,stoat,4
stoat_0779.jpg,stoat,4
pinemarten_0907.jpg,pinemarten,2
weasel_0014.jpg,weasel,5
weasel_0032.jpg,weasel,5
stoat_0570.jpg,stoat,4
stoat_0990.jpg,stoat,4
weasel_0546.jpg,weasel,5
polecat_0145.jpg,polecat,3
stoat_0680.jpg,stoat,4
pinemarten_0466.jpg,pinemarten,2
stoat_0084.jpg,stoat,4
pinemarten_0276.jpg,pinemarten,2
mink_0379.jpg,mink,0
weasel_0045.jpg,weasel,5
otter_0291.jpg,otter,1
mink_0365.jpg,mink,0
stoat_0561.jpg,stoat,4
otter_0865.jpg,otter,1
pinemarten_0820.jpg,pinemarten,2
polecat_0327.jpg,polecat,3
pinemarten_0706.jpg,pinemarten,2
polecat_0014.jpg,polecat,3
otter_0530.jpg,otter,1
weasel_0276.jpg,weasel,5
weasel_0097.jpg,weasel,5
stoat_0588.jpg,stoat,4
weasel_0383.jpg,weasel,5
pinemarten_0853.jpg,pinemarten,2
otter_0972.jpg,otter,1
mink_0664.jpg,mink,0
mink_0860.jpg,mink,0
mink_0589.jpg,mink,0
pinemarten_0354.jpg,pinemarten,2
pinemarten_0497.jpg,pinemarten,2
mink_0028.jpg,mink,0
pinemarten_0249.jpg,pinemarten,2
pinemarten_0916.jpg,pinemarten,2
mink_0841.jpg,mink,0
polecat_0405.jpg,polecat,3
polecat_0920.jpg,polecat,3
weasel_0191.jpg,weasel,5
mink_0839.jpg,mink,0
weasel_0707.jpg,weasel,5
otter_0601.jpg,otter,1
otter_0561.jpg,otter,1
weasel_0273.jpg,weasel,5
polecat_0356.jpg,polecat,3
weasel_0369.jpg,weasel,5
mink_0176.jpg,mink,0
pinemarten_0747.jpg,pinemarten,2
mink_0219.jpg,mink,0
stoat_0253.jpg,stoat,4
stoat_0333.jpg,stoat,4
mink_0828.jpg,mink,0
weasel_0473.jpg,weasel,5
polecat_0125.jpg,polecat,3
pinemarten_0683.jpg,pinemarten,2
stoat_0305.jpg,stoat,4
weasel_0922.jpg,weasel,5
polecat_0712.jpg,polecat,3
polecat_0715.jpg,polecat,3
pinemarten_0318.jpg,pinemarten,2
polecat_0130.jpg,polecat,3
otter_0930.jpg,otter,1
stoat_0483.jpg,stoat,4
otter_0747.jpg,otter,1
otter_0556.jpg,otter,1
pinemarten_0109.jpg,pinemarten,2
pinemarten_0703.jpg,pinemarten,2
pinemarten_0805.jpg,pinemarten,2
otter_0171.jpg,otter,1
mink_0326.jpg,mink,0
pinemarten_0979.jpg,pinemarten,2
otter_0813.jpg,otter,1
mink_0304.jpg,mink,0
otter_0223.jpg,otter,1
pinemarten_0150.jpg,pinemarten,2
stoat_0577.jpg,stoat,4
weasel_0946.jpg,weasel,5
otter_0021.jpg,otter,1
pinemarten_0996.jpg,pinemarten,2
polecat_0481.jpg,polecat,3
polecat_0228.jpg,polecat,3
polecat_0580.jpg,polecat,3
otter_0115.jpg,otter,1
stoat_0985.jpg,stoat,4
pinemarten_0834.jpg,pinemarten,2
weasel_0495.jpg,weasel,5
mink_0876.jpg,mink,0
otter_0117.jpg,otter,1
otter_0393.jpg,otter,1
weasel_0175.jpg,weasel,5
stoat_0644.jpg,stoat,4
mink_0203.jpg,mink,0
stoat_0944.jpg,stoat,4
stoat_0493.jpg,stoat,4
mink_0182.jpg,mink,0
mink_0053.jpg,mink,0
stoat_0149.jpg,stoat,4
otter_0543.jpg,otter,1
mink_0800.jpg,mink,0
stoat_0056.jpg,stoat,4
polecat_0425.jpg,polecat,3
weasel_0644.jpg,weasel,5
stoat_0885.jpg,stoat,4
otter_0159.jpg,otter,1
mink_0811.jpg,mink,0
mink_0524.jpg,mink,0
mink_0998.jpg,mink,0
stoat_0996.jpg,stoat,4
polecat_0225.jpg,polecat,3
otter_0287.jpg,otter,1
mink_0461.jpg,mink,0
mink_0127.jpg,mink,0
stoat_0709.jpg,stoat,4
weasel_0987.jpg,weasel,5
mink_0223.jpg,mink,0
pinemarten_0830.jpg,pinemarten,2
weasel_0179.jpg,weasel,5
polecat_0312.jpg,polecat,3
pinemarten_0731.jpg,pinemarten,2
stoat_0525.jpg,stoat,4
stoat_0415.jpg,stoat,4
pinemarten_0383.jpg,pinemarten,2
otter_0984.jpg,otter,1
polecat_0221.jpg,polecat,3
stoat_0631.jpg,stoat,4
weasel_0935.jpg,weasel,5
otter_0927.jpg,otter,1
weasel_0483.jpg,weasel,5
pinemarten_0077.jpg,pinemarten,2
stoat_0459.jpg,stoat,4
mink_0122.jpg,mink,0
otter_0814.jpg,otter,1
stoat_0318.jpg,stoat,4
mink_0303.jpg,mink,0
pinemarten_0297.jpg,pinemarten,2
stoat_0405.jpg,stoat,4
weasel_0892.jpg,weasel,5
mink_0106.jpg,mink,0
pinemarten_0053.jpg,pinemarten,2
otter_0642.jpg,otter,1
weasel_0772.jpg,weasel,5
mink_0370.jpg,mink,0
weasel_0454.jpg,weasel,5
stoat_0992.jpg,stoat,4
stoat_0523.jpg,stoat,4
otter_0204.jpg,otter,1
polecat_0663.jpg,polecat,3
weasel_0135.jpg,weasel,5
stoat_0969.jpg,stoat,4
pinemarten_0311.jpg,pinemarten,2
pinemarten_0852.jpg,pinemarten,2
otter_0122.jpg,otter,1
weasel_0413.jpg,weasel,5
polecat_0707.jpg,polecat,3
stoat_0701.jpg,stoat,4
pinemarten_0557.jpg,pinemarten,2
otter_0502.jpg,otter,1
stoat_0077.jpg,stoat,4
polecat_0782.jpg,polecat,3
polecat_0989.jpg,polecat,3
mink_0893.jpg,mink,0
polecat_0789.jpg,polecat,3
otter_0050.jpg,otter,1
pinemarten_0242.jpg,pinemarten,2
pinemarten_0574.jpg,pinemarten,2
otter_0508.jpg,otter,1
pinemarten_0294.jpg,pinemarten,2
otter_0230.jpg,otter,1
otter_0538.jpg,otter,1
polecat_0424.jpg,polecat,3
polecat_0972.jpg,polecat,3
polecat_0939.jpg,polecat,3
weasel_0842.jpg,weasel,5
pinemarten_0122.jpg,pinemarten,2
polecat_0724.jpg,polecat,3
mink_0258.jpg,mink,0
otter_0355.jpg,otter,1
mink_0952.jpg,mink,0
weasel_0267.jpg,weasel,5
polecat_0535.jpg,polecat,3
mink_0427.jpg,mink,0
polecat_0363.jpg,polecat,3
otter_0280.jpg,otter,1
mink_0909.jpg,mink,0
stoat_0447.jpg,stoat,4
mink_0522.jpg,mink,0
mink_0366.jpg,mink,0
weasel_0694.jpg,weasel,5
stoat_0118.jpg,stoat,4
polecat_0932.jpg,polecat,3
stoat_0692.jpg,stoat,4
pinemarten_0998.jpg,pinemarten,2
otter_0127.jpg,otter,1
otter_0468.jpg,otter,1
otter_0017.jpg,otter,1
weasel_0911.jpg,weasel,5
polecat_0943.jpg,polecat,3
mink_0611.jpg,mink,0
polecat_0394.jpg,polecat,3
weasel_0288.jpg,weasel,5
mink_0643.jpg,mink,0
mink_0678.jpg,mink,0
mink_0896.jpg,mink,0
pinemarten_0214.jpg,pinemarten,2
pinemarten_0110.jpg,pinemarten,2
mink_0646.jpg,mink,0
otter_0994.jpg,otter,1
pinemarten_0867.jpg,pinemarten,2
weasel_0795.jpg,weasel,5
mink_0256.jpg,mink,0
stoat_0824.jpg,stoat,4
otter_0466.jpg,otter,1
weasel_0307.jpg,weasel,5
polecat_0073.jpg,polecat,3
mink_0880.jpg,mink,0
polecat_0874.jpg,polecat,3
stoat_0359.jpg,stoat,4
pinemarten_0521.jpg,pinemarten,2
mink_0056.jpg,mink,0
polecat_0401.jpg,polecat,3
otter_0202.jpg,otter,1
otter_0836.jpg,otter,1
polecat_0119.jpg,polecat,3
polecat_0623.jpg,polecat,3
stoat_0332.jpg,stoat,4
pinemarten_0616.jpg,pinemarten,2
weasel_0130.jpg,weasel,5
pinemarten_0584.jpg,pinemarten,2
mink_0344.jpg,mink,0
polecat_0506.jpg,polecat,3
weasel_0299.jpg,weasel,5
pinemarten_0255.jpg,pinemarten,2
pinemarten_0101.jpg,pinemarten,2
pinemarten_0278.jpg,pinemarten,2
mink_0280.jpg,mink,0
weasel_0689.jpg,weasel,5
polecat_0517.jpg,polecat,3
otter_0482.jpg,otter,1
otter_0786.jpg,otter,1
mink_0005.jpg,mink,0
weasel_0047.jpg,weasel,5
otter_0294.jpg,otter,1
pinemarten_0517.jpg,pinemarten,2
otter_0196.jpg,otter,1
stoat_0671.jpg,stoat,4
mink_0261.jpg,mink,0
polecat_0174.jpg,polecat,3
polecat_0770.jpg,polecat,3
pinemarten_0485.jpg,pinemarten,2
pinemarten_0226.jpg,pinemarten,2
polecat_0467.jpg,polecat,3
pinemarten_0786.jpg,pinemarten,2
weasel_0635.jpg,weasel,5
mink_0584.jpg,mink,0
mink_0733.jpg,mink,0
polecat_0201.jpg,polecat,3
polecat_0324.jpg,polecat,3
otter_0069.jpg,otter,1
polecat_0179.jpg,polecat,3
otter_0093.jpg,otter,1
otter_0698.jpg,otter,1
pinemarten_0191.jpg,pinemarten,2
polecat_0353.jpg,polecat,3
stoat_0668.jpg,stoat,4
weasel_0227.jpg,weasel,5
pinemarten_0580.jpg,pinemarten,2
stoat_0796.jpg,stoat,4
stoat_0464.jpg,stoat,4
polecat_0622.jpg,polecat,3
weasel_0560.jpg,weasel,5
mink_0415.jpg,mink,0
otter_0209.jpg,otter,1
weasel_0553.jpg,weasel,5
otter_0078.jpg,otter,1
pinemarten_0129.jpg,pinemarten,2
mink_0484.jpg,mink,0
otter_0573.jpg,otter,1
pinemarten_0124.jpg,pinemarten,2
pinemarten_0638.jpg,pinemarten,2
mink_0167.jpg,mink,0
weasel_0295.jpg,weasel,5
stoat_0421.jpg,stoat,4
pinemarten_0538.jpg,pinemarten,2
otter_0501.jpg,otter,1
weasel_0065.jpg,weasel,5
otter_0422.jpg,otter,1
pinemarten_0860.jpg,pinemarten,2
pinemarten_0826.jpg,pinemarten,2
weasel_0667.jpg,weasel,5
mink_0318.jpg,mink,0
polecat_0336.jpg,polecat,3
otter_0364.jpg,otter,1
pinemarten_0925.jpg,pinemarten,2
otter_0652.jpg,otter,1
polecat_0369.jpg,polecat,3
polecat_0096.jpg,polecat,3
stoat_0080.jpg,stoat,4
mink_0251.jpg,mink,0
otter_0079.jpg,otter,1
otter_0913.jpg,otter,1
mink_0048.jpg,mink,0
polecat_0713.jpg,polecat,3
otter_0491.jpg,otter,1
pinemarten_0649.jpg,pinemarten,2
polecat_0477.jpg,polecat,3
stoat_0213.jpg,stoat,4
polecat_0862.jpg,polecat,3
polecat_0784.jpg,polecat,3
weasel_0934.jpg,weasel,5
pinemarten_0054.jpg,pinemarten,2
polecat_0252.jpg,polecat,3
polecat_0219.jpg,polecat,3
mink_0792.jpg,mink,0
mink_0871.jpg,mink,0
polecat_0243.jpg,polecat,3
stoat_0177.jpg,stoat,4
mink_0247.jpg,mink,0
polecat_0268.jpg,polecat,3
polecat_0005.jpg,polecat,3
pinemarten_0695.jpg,pinemarten,2
mink_0545.jpg,mink,0
polecat_0837.jpg,polecat,3
otter_0890.jpg,otter,1
pinemarten_0374.jpg,pinemarten,2
otter_0295.jpg,otter,1
stoat_0725.jpg,stoat,4
weasel_0656.jpg,weasel,5
mink_0418.jpg,mink,0
mink_0582.jpg,mink,0
polecat_0220.jpg,polecat,3
mink_0846.jpg,mink,0
mink_0119.jpg,mink,0
polecat_0030.jpg,polecat,3
polecat_0107.jpg,polecat,3
pinemarten_0270.jpg,pinemarten,2
stoat_0765.jpg,stoat,4
otter_0226.jpg,otter,1
otter_0607.jpg,otter,1
weasel_0726.jpg,weasel,5
pinemarten_0767.jpg,pinemarten,2
mink_0397.jpg,mink,0
polecat_0686.jpg,polecat,3
weasel_0662.jpg,weasel,5
otter_0143.jpg,otter,1
polecat_0613.jpg,polecat,3
otter_0336.jpg,otter,1
weasel_0201.jpg,weasel,5
polecat_0108.jpg,polecat,3
otter_0446.jpg,otter,1
polecat_0295.jpg,polecat,3
otter_0709.jpg,otter,1
weasel_0409.jpg,weasel,5
mink_0081.jpg,mink,0
otter_0878.jpg,otter,1
stoat_0060.jpg,stoat,4
polecat_0948.jpg,polecat,3
mink_0089.jpg,mink,0
otter_0732.jpg,otter,1
pinemarten_0346.jpg,pinemarten,2
pinemarten_0987.jpg,pinemarten,2
weasel_0479.jpg,weasel,5
mink_0540.jpg,mink,0
weasel_0869.jpg,weasel,5
weasel_0494.jpg,weasel,5
mink_0294.jpg,mink,0
weasel_0820.jpg,weasel,5
polecat_0097.jpg,polecat,3
mink_0658.jpg,mink,0
pinemarten_0666.jpg,pinemarten,2
otter_0707.jpg,otter,1
stoat_0057.jpg,stoat,4
mink_0973.jpg,mink,0
pinemarten_0094.jpg,pinemarten,2
stoat_0651.jpg,stoat,4
pinemarten_0350.jpg,pinemarten,2
weasel_0972.jpg,weasel,5
pinemarten_0016.jpg,pinemarten,2
polecat_0406.jpg,polecat,3
weasel_0476.jpg,weasel,5
otter_0743.jpg,otter,1
weasel_0223.jpg,weasel,5
weasel_0214.jpg,weasel,5
weasel_0757.jpg,weasel,5
otter_0853.jpg,otter,1
mink_0311.jpg,mink,0
otter_0325.jpg,otter,1
otter_0246.jpg,otter,1
mink_0025.jpg,mink,0
weasel_0178.jpg,weasel,5
polecat_0510.jpg,polecat,3
weasel_0949.jpg,weasel,5
polecat_0981.jpg,polecat,3
otter_0608.jpg,otter,1
stoat_0335.jpg,stoat,4
pinemarten_0809.jpg,pinemarten,2
mink_0457.jpg,mink,0
polecat_0123.jpg,polecat,3
pinemarten_0562.jpg,pinemarten,2
mink_0227.jpg,mink,0
otter_0856.jpg,otter,1
weasel_0138.jpg,weasel,5
stoat_0899.jpg,stoat,4
stoat_0507.jpg,stoat,4
otter_0082.jpg,otter,1
stoat_0883.jpg,stoat,4
stoat_0912.jpg,stoat,4
mink_0550.jpg,mink,0
polecat_0004.jpg,polecat,3
mink_0309.jpg,mink,0
polecat_0561.jpg,polecat,3
mink_0274.jpg,mink,0
stoat_0878.jpg,stoat,4
weasel_0484.jpg,weasel,5
weasel_0736.jpg,weasel,5
pinemarten_0802.jpg,pinemarten,2
weasel_0837.jpg,weasel,5
mink_0211.jpg,mink,0
mink_0016.jpg,mink,0
weasel_0580.jpg,weasel,5
polecat_0744.jpg,polecat,3
weasel_0984.jpg,weasel,5
pinemarten_0720.jpg,pinemarten,2
weasel_0134.jpg,weasel,5
otter_0773.jpg,otter,1
pinemarten_0975.jpg,pinemarten,2
otter_0782.jpg,otter,1
pinemarten_0611.jpg,pinemarten,2
pinemarten_0452.jpg,pinemarten,2
otter_0702.jpg,otter,1
stoat_0681.jpg,stoat,4
pinemarten_0936.jpg,pinemarten,2
polecat_0491.jpg,polecat,3
mink_0114.jpg,mink,0
pinemarten_0159.jpg,pinemarten,2
pinemarten_0260.jpg,pinemarten,2
polecat_0839.jpg,polecat,3
pinemarten_0023.jpg,pinemarten,2
pinemarten_0674.jpg,pinemarten,2
otter_0165.jpg,otter,1
stoat_0076.jpg,stoat,4
weasel_0148.jpg,weasel,5
stoat_0370.jpg,stoat,4
mink_0901.jpg,mink,0
otter_0829.jpg,otter,1
weasel_0461.jpg,weasel,5
polecat_0227.jpg,polecat,3
weasel_0974.jpg,weasel,5
mink_0983.jpg,mink,0
stoat_0388.jpg,stoat,4
polecat_0482.jpg,polecat,3
stoat_0205.jpg,stoat,4
polecat_0821.jpg,polecat,3
polecat_0499.jpg,polecat,3
otter_0455.jpg,otter,1
mink_0031.jpg,mink,0
pinemarten_0257.jpg,pinemarten,2
polecat_0337.jpg,polecat,3
otter_0943.jpg,otter,1
polecat_0843.jpg,polecat,3
weasel_0289.jpg,weasel,5
polecat_0765.jpg,polecat,3
stoat_0367.jpg,stoat,4
pinemarten_0028.jpg,pinemarten,2
otter_0976.jpg,otter,1
weasel_0260.jpg,weasel,5
polecat_0113.jpg,polecat,3
otter_0683.jpg,otter,1
weasel_0691.jpg,weasel,5
mink_0717.jpg,mink,0
mink_0586.jpg,mink,0
pinemarten_0177.jpg,pinemarten,2
mink_0275.jpg,mink,0
otter_0109.jpg,otter,1
otter_0255.jpg,otter,1
stoat_0297.jpg,stoat,4
polecat_0384.jpg,polecat,3
otter_0822.jpg,otter,1
otter_0057.jpg,otter,1
pinemarten_0405.jpg,pinemarten,2
weasel_0171.jpg,weasel,5
mink_0184.jpg,mink,0
otter_0010.jpg,otter,1
stoat_0291.jpg,stoat,4
otter_0341.jpg,otter,1
polecat_0859.jpg,polecat,3
weasel_0231.jpg,weasel,5
weasel_0100.jpg,weasel,5
polecat_0410.jpg,polecat,3
weasel_0740.jpg,weasel,5
stoat_0444.jpg,stoat,4
weasel_0813.jpg,weasel,5
otter_0818.jpg,otter,1
pinemarten_0800.jpg,pinemarten,2
polecat_0416.jpg,polecat,3
polecat_0359.jpg,polecat,3
stoat_0445.jpg,stoat,4
mink_0730.jpg,mink,0
polecat_0008.jpg,polecat,3
stoat_0773.jpg,stoat,4
weasel_0718.jpg,weasel,5
pinemarten_0072.jpg,pinemarten,2
otter_0712.jpg,otter,1
stoat_0734.jpg,stoat,4
mink_0354.jpg,mink,0
stoat_0227.jpg,stoat,4
stoat_0051.jpg,stoat,4
stoat_0604.jpg,stoat,4
weasel_0274.jpg,weasel,5
otter_0463.jpg,otter,1
stoat_0939.jpg,stoat,4
polecat_0652.jpg,polecat,3
stoat_0476.jpg,stoat,4
stoat_0061.jpg,stoat,4
otter_0753.jpg,otter,1
otter_0504.jpg,otter,1
pinemarten_0926.jpg,pinemarten,2
pinemarten_0266.jpg,pinemarten,2
otter_0540.jpg,otter,1
mink_0314.jpg,mink,0
otter_0470.jpg,otter,1
weasel_0838.jpg,weasel,5
weasel_0981.jpg,weasel,5
stoat_0152.jpg,stoat,4
mink_0603.jpg,mink,0
mink_0723.jpg,mink,0
weasel_0444.jpg,weasel,5
stoat_0895.jpg,stoat,4
weasel_0771.jpg,weasel,5
mink_0166.jpg,mink,0
polecat_0051.jpg,polecat,3
pinemarten_0603.jpg,pinemarten,2
stoat_0900.jpg,stoat,4
weasel_0657.jpg,weasel,5
otter_0630.jpg,otter,1
otter_0511.jpg,otter,1
mink_0498.jpg,mink,0
otter_0940.jpg,otter,1
pinemarten_0181.jpg,pinemarten,2
otter_0095.jpg,otter,1
stoat_0989.jpg,stoat,4
polecat_0879.jpg,polecat,3
mink_0276.jpg,mink,0
polecat_0944.jpg,polecat,3
otter_0512.jpg,otter,1
otter_0150.jpg,otter,1
pinemarten_0423.jpg,pinemarten,2
mink_0541.jpg,mink,0
weasel_0418.jpg,weasel,5
stoat_0490.jpg,stoat,4
weasel_0744.jpg,weasel,5
pinemarten_0911.jpg,pinemarten,2
mink_0101.jpg,mink,0
mink_0188.jpg,mink,0
otter_0867.jpg,otter,1
mink_0248.jpg,mink,0
otter_0363.jpg,otter,1
weasel_0798.jpg,weasel,5
polecat_0826.jpg,polecat,3
stoat_0848.jpg,stoat,4
mink_0859.jpg,mink,0
weasel_0480.jpg,weasel,5
stoat_0582.jpg,stoat,4
otter_0931.jpg,otter,1
weasel_0023.jpg,weasel,5
polecat_0438.jpg,polecat,3
pinemarten_0556.jpg,pinemarten,2
pinemarten_0395.jpg,pinemarten,2
pinemarten_0076.jpg,pinemarten,2
weasel_0978.jpg,weasel,5
polecat_0415.jpg,polecat,3
stoat_0048.jpg,stoat,4
weasel_0264.jpg,weasel,5
weasel_0851.jpg,weasel,5
polecat_0704.jpg,polecat,3
mink_0649.jpg,mink,0
weasel_0011.jpg,weasel,5
mink_0478.jpg,mink,0
pinemarten_0005.jpg,pinemarten,2
stoat_0469.jpg,stoat,4
otter_0806.jpg,otter,1
pinemarten_0756.jpg,pinemarten,2
stoat_0392.jpg,stoat,4
mink_0722.jpg,mink,0
stoat_0567.jpg,stoat,4
stoat_0396.jpg,stoat,4
mink_0827.jpg,mink,0
weasel_0152.jpg,weasel,5
weasel_0040.jpg,weasel,5
otter_0631.jpg,otter,1
pinemarten_0008.jpg,pinemarten,2
polecat_0929.jpg,polecat,3
mink_0707.jpg,mink,0
weasel_0059.jpg,weasel,5
weasel_0350.jpg,weasel,5
otter_0977.jpg,otter,1
otter_0612.jpg,otter,1
mink_0254.jpg,mink,0
stoat_0846.jpg,stoat,4
stoat_0119.jpg,stoat,4
otter_0479.jpg,otter,1
stoat_0241.jpg,stoat,4
weasel_0163.jpg,weasel,5
otter_0473.jpg,otter,1
polecat_0022.jpg,polecat,3
pinemarten_0915.jpg,pinemarten,2
pinemarten_0234.jpg,pinemarten,2
otter_0619.jpg,otter,1
otter_0989.jpg,otter,1
mink_0970.jpg,mink,0
stoat_0157.jpg,stoat,4
polecat_0090.jpg,polecat,3
pinemarten_0339.jpg,pinemarten,2
stoat_0251.jpg,stoat,4
stoat_0158.jpg,stoat,4
stoat_0492.jpg,stoat,4
weasel_0046.jpg,weasel,5
polecat_0253.jpg,polecat,3
polecat_0967.jpg,polecat,3
otter_0374.jpg,otter,1
stoat_0601.jpg,stoat,4
otter_0331.jpg,otter,1
polecat_0298.jpg,polecat,3
otter_0605.jpg,otter,1
otter_0793.jpg,otter,1
stoat_0971.jpg,stoat,4
mink_0441.jpg,mink,0
otter_0062.jpg,otter,1
otter_0547.jpg,otter,1
otter_0705.jpg,otter,1
otter_0902.jpg,otter,1
stoat_0659.jpg,stoat,4
weasel_0015.jpg,weasel,5
weasel_0941.jpg,weasel,5
stoat_0949.jpg,stoat,4
weasel_0587.jpg,weasel,5
otter_0570.jpg,otter,1
otter_0593.jpg,otter,1
mink_0888.jpg,mink,0
weasel_0953.jpg,weasel,5
stoat_0771.jpg,stoat,4
otter_0938.jpg,otter,1
polecat_0682.jpg,polecat,3
stoat_0723.jpg,stoat,4
mink_0919.jpg,mink,0
otter_0662.jpg,otter,1
weasel_0027.jpg,weasel,5
pinemarten_0412.jpg,pinemarten,2
mink_0820.jpg,mink,0
otter_0469.jpg,otter,1
otter_0760.jpg,otter,1
weasel_0828.jpg,weasel,5
weasel_0678.jpg,weasel,5
stoat_0383.jpg,stoat,4
mink_0674.jpg,mink,0
weasel_0399.jpg,weasel,5
mink_0963.jpg,mink,0
otter_0684.jpg,otter,1
stoat_0874.jpg,stoat,4
otter_0269.jpg,otter,1
polecat_0619.jpg,polecat,3
weasel_0048.jpg,weasel,5
mink_0151.jpg,mink,0
weasel_0545.jpg,weasel,5
otter_0660.jpg,otter,1
otter_0636.jpg,otter,1
stoat_0569.jpg,stoat,4
otter_0410.jpg,otter,1
pinemarten_0515.jpg,pinemarten,2
weasel_0496.jpg,weasel,5
weasel_0899.jpg,weasel,5
weasel_0120.jpg,weasel,5
pinemarten_0744.jpg,pinemarten,2
otter_0629.jpg,otter,1
stoat_0448.jpg,stoat,4
pinemarten_0604.jpg,pinemarten,2
polecat_0063.jpg,polecat,3
pinemarten_0089.jpg,pinemarten,2
pinemarten_0863.jpg,pinemarten,2
stoat_0414.jpg,stoat,4
weasel_0690.jpg,weasel,5
polecat_0592.jpg,polecat,3
polecat_0897.jpg,polecat,3
polecat_0629.jpg,polecat,3
polecat_0763.jpg,polecat,3
pinemarten_0699.jpg,pinemarten,2
stoat_0124.jpg,stoat,4
mink_0162.jpg,mink,0
stoat_0915.jpg,stoat,4
pinemarten_0197.jpg,pinemarten,2
otter_0071.jpg,otter,1
mink_0361.jpg,mink,0
pinemarten_0194.jpg,pinemarten,2
stoat_0440.jpg,stoat,4
stoat_0976.jpg,stoat,4
stoat_0123.jpg,stoat,4
mink_0809.jpg,mink,0
pinemarten_0651.jpg,pinemarten,2
pinemarten_0775.jpg,pinemarten,2
pinemarten_0613.jpg,pinemarten,2
pinemarten_0664.jpg,pinemarten,2
mink_0104.jpg,mink,0
otter_0783.jpg,otter,1
stoat_0014.jpg,stoat,4
stoat_0206.jpg,stoat,4
pinemarten_0773.jpg,pinemarten,2
otter_0137.jpg,otter,1
stoat_0625.jpg,stoat,4
weasel_0139.jpg,weasel,5
mink_0588.jpg,mink,0
weasel_0216.jpg,weasel,5
pinemarten_0565.jpg,pinemarten,2
weasel_0246.jpg,weasel,5
mink_0006.jpg,mink,0
mink_0345.jpg,mink,0
pinemarten_0599.jpg,pinemarten,2
mink_0706.jpg,mink,0
pinemarten_0634.jpg,pinemarten,2
polecat_0684.jpg,polecat,3
stoat_0156.jpg,stoat,4
polecat_0853.jpg,polecat,3
stoat_0452.jpg,stoat,4
mink_0685.jpg,mink,0
mink_0400.jpg,mink,0
otter_0103.jpg,otter,1
polecat_0681.jpg,polecat,3
otter_0862.jpg,otter,1
stoat_0643.jpg,stoat,4
pinemarten_0762.jpg,pinemarten,2
otter_0458.jpg,otter,1
polecat_0329.jpg,polecat,3
otter_0531.jpg,otter,1
polecat_0497.jpg,polecat,3
stoat_0260.jpg,stoat,4
weasel_0292.jpg,weasel,5
pinemarten_0365.jpg,pinemarten,2
stoat_0693.jpg,stoat,4
stoat_0055.jpg,stoat,4
otter_0444.jpg,otter,1
polecat_0321.jpg,polecat,3
weasel_0840.jpg,weasel,5
pinemarten_0808.jpg,pinemarten,2
weasel_0309.jpg,weasel,5
otter_0101.jpg,otter,1
weasel_0222.jpg,weasel,5
mink_0825.jpg,mink,0
weasel_0196.jpg,weasel,5
pinemarten_0127.jpg,pinemarten,2
pinemarten_0458.jpg,pinemarten,2
otter_0559.jpg,otter,1
polecat_0041.jpg,polecat,3
otter_0917.jpg,otter,1
weasel_0517.jpg,weasel,5
weasel_0305.jpg,weasel,5
pinemarten_0179.jpg,pinemarten,2
otter_0951.jpg,otter,1
mink_0770.jpg,mink,0
otter_0480.jpg,otter,1
otter_0598.jpg,otter,1
pinemarten_0728.jpg,pinemarten,2
pinemarten_0794.jpg,pinemarten,2
pinemarten_0679.jpg,pinemarten,2
mink_0030.jpg,mink,0
stoat_0379.jpg,stoat,4
weasel_0334.jpg,weasel,5
polecat_0241.jpg,polecat,3
mink_0734.jpg,mink,0
polecat_0777.jpg,polecat,3
weasel_0942.jpg,weasel,5
weasel_1000.jpg,weasel,5
weasel_0932.jpg,weasel,5
stoat_0879.jpg,stoat,4
mink_0359.jpg,mink,0
mink_0456.jpg,mink,0
weasel_0282.jpg,weasel,5
otter_0563.jpg,otter,1
otter_0262.jpg,otter,1
pinemarten_0494.jpg,pinemarten,2
otter_0682.jpg,otter,1
polecat_0508.jpg,polecat,3
pinemarten_0966.jpg,pinemarten,2
polecat_0636.jpg,polecat,3
polecat_0805.jpg,polecat,3
otter_0257.jpg,otter,1
stoat_0017.jpg,stoat,4
mink_0802.jpg,mink,0
mink_0265.jpg,mink,0
polecat_0292.jpg,polecat,3
mink_0794.jpg,mink,0
pinemarten_0785.jpg,pinemarten,2
weasel_0617.jpg,weasel,5
weasel_0266.jpg,weasel,5
mink_0239.jpg,mink,0
polecat_0206.jpg,polecat,3
polecat_0247.jpg,polecat,3
stoat_0865.jpg,stoat,4
mink_0740.jpg,mink,0
mink_0128.jpg,mink,0
otter_0083.jpg,otter,1
pinemarten_0791.jpg,pinemarten,2
stoat_0845.jpg,stoat,4
stoat_0963.jpg,stoat,4
polecat_0435.jpg,polecat,3
pinemarten_0920.jpg,pinemarten,2
polecat_0559.jpg,polecat,3
otter_0897.jpg,otter,1
mink_0906.jpg,mink,0
polecat_0286.jpg,polecat,3
polecat_0890.jpg,polecat,3
otter_0850.jpg,otter,1
mink_0072.jpg,mink,0
mink_0409.jpg,mink,0
otter_0887.jpg,otter,1
polecat_0001.jpg,polecat,3
pinemarten_0138.jpg,pinemarten,2
polecat_0565.jpg,polecat,3
otter_0535.jpg,otter,1
pinemarten_0199.jpg,pinemarten,2
mink_0601.jpg,mink,0
stoat_0087.jpg,stoat,4
weasel_0190.jpg,weasel,5
pinemarten_0332.jpg,pinemarten,2
otter_0464.jpg,otter,1
mink_0287.jpg,mink,0
stoat_0336.jpg,stoat,4
weasel_0598.jpg,weasel,5
stoat_0175.jpg,stoat,4
pinemarten_0617.jpg,pinemarten,2
pinemarten_0628.jpg,pinemarten,2
pinemarten_0534.jpg,pinemarten,2
pinemarten_0963.jpg,pinemarten,2
polecat_0411.jpg,polecat,3
mink_0035.jpg,mink,0
polecat_0711.jpg,polecat,3
weasel_0789.jpg,weasel,5
polecat_0756.jpg,polecat,3
otter_0518.jpg,otter,1
weasel_0776.jpg,weasel,5
weasel_0770.jpg,weasel,5
mink_0801.jpg,mink,0
otter_0774.jpg,otter,1
otter_0666.jpg,otter,1
mink_0955.jpg,mink,0
otter_0616.jpg,otter,1
otter_0290.jpg,otter,1
stoat_0395.jpg,stoat,4
stoat_0037.jpg,stoat,4
weasel_0610.jpg,weasel,5
weasel_0019.jpg,weasel,5
pinemarten_0372.jpg,pinemarten,2
otter_0637.jpg,otter,1
mink_0767.jpg,mink,0
otter_0256.jpg,otter,1
mink_0252.jpg,mink,0
mink_0190.jpg,mink,0
weasel_0293.jpg,weasel,5
otter_0061.jpg,otter,1
weasel_0761.jpg,weasel,5
mink_0378.jpg,mink,0
weasel_0809.jpg,weasel,5
weasel_0328.jpg,weasel,5
polecat_0181.jpg,polecat,3
pinemarten_0111.jpg,pinemarten,2
otter_0145.jpg,otter,1
stoat_0763.jpg,stoat,4
polecat_0407.jpg,polecat,3
weasel_0632.jpg,weasel,5
stoat_0313.jpg,stoat,4
stoat_0641.jpg,stoat,4
stoat_0665.jpg,stoat,4
stoat_0802.jpg,stoat,4
stoat_0033.jpg,stoat,4
otter_0259.jpg,otter,1
mink_0585.jpg,mink,0
polecat_0350.jpg,polecat,3
mink_0810.jpg,mink,0
pinemarten_0403.jpg,pinemarten,2
mink_0088.jpg,mink,0
polecat_0305.jpg,polecat,3
otter_0346.jpg,otter,1
stoat_0695.jpg,stoat,4
weasel_0362.jpg,weasel,5
weasel_0009.jpg,weasel,5
polecat_0027.jpg,polecat,3
pinemarten_0904.jpg,pinemarten,2
otter_0640.jpg,otter,1
pinemarten_0917.jpg,pinemarten,2
otter_0526.jpg,otter,1
weasel_0943.jpg,weasel,5
otter_0451.jpg,otter,1
weasel_0499.jpg,weasel,5
mink_0694.jpg,mink,0
weasel_0637.jpg,weasel,5
pinemarten_0147.jpg,pinemarten,2
pinemarten_0410.jpg,pinemarten,2
otter_0941.jpg,otter,1
weasel_0763.jpg,weasel,5
stoat_0025.jpg,stoat,4
otter_0454.jpg,otter,1
otter_0751.jpg,otter,1
mink_0789.jpg,mink,0
polecat_0645.jpg,polecat,3
pinemarten_0959.jpg,pinemarten,2
pinemarten_0902.jpg,pinemarten,2
pinemarten_0585.jpg,pinemarten,2
pinemarten_0065.jpg,pinemarten,2
pinemarten_0745.jpg,pinemarten,2
mink_0405.jpg,mink,0
weasel_0481.jpg,weasel,5
pinemarten_0380.jpg,pinemarten,2
stoat_0098.jpg,stoat,4
weasel_0994.jpg,weasel,5
pinemarten_0086.jpg,pinemarten,2
otter_0507.jpg,otter,1
otter_0419.jpg,otter,1
pinemarten_0069.jpg,pinemarten,2
polecat_0279.jpg,polecat,3
polecat_0775.jpg,polecat,3
mink_0989.jpg,mink,0
pinemarten_0551.jpg,pinemarten,2
polecat_0248.jpg,polecat,3
pinemarten_0232.jpg,pinemarten,2
otter_0703.jpg,otter,1
mink_0895.jpg,mink,0
pinemarten_0345.jpg,pinemarten,2
weasel_0995.jpg,weasel,5
pinemarten_0780.jpg,pinemarten,2
pinemarten_0411.jpg,pinemarten,2
polecat_0428.jpg,polecat,3
otter_0405.jpg,otter,1
pinemarten_0426.jpg,pinemarten,2
pinemarten_0326.jpg,pinemarten,2
weasel_0213.jpg,weasel,5
otter_0549.jpg,otter,1
weasel_0238.jpg,weasel,5
otter_0803.jpg,otter,1
weasel_0302.jpg,weasel,5
weasel_0070.jpg,weasel,5
polecat_0208.jpg,polecat,3
polecat_0548.jpg,polecat,3
otter_0552.jpg,otter,1
pinemarten_0734.jpg,pinemarten,2
mink_0376.jpg,mink,0
pinemarten_0668.jpg,pinemarten,2
weasel_0249.jpg,weasel,5
otter_0828.jpg,otter,1
otter_0729.jpg,otter,1
pinemarten_0713.jpg,pinemarten,2
pinemarten_0707.jpg,pinemarten,2
pinemarten_0714.jpg,pinemarten,2
polecat_0673.jpg,polecat,3
otter_0129.jpg,otter,1
polecat_0244.jpg,polecat,3
otter_0076.jpg,otter,1
otter_0417.jpg,otter,1
stoat_0005.jpg,stoat,4
weasel_0683.jpg,weasel,5
polecat_0802.jpg,polecat,3
pinemarten_0240.jpg,pinemarten,2
weasel_0095.jpg,weasel,5
polecat_0723.jpg,polecat,3
otter_0438.jpg,otter,1
otter_0377.jpg,otter,1
otter_0618.jpg,otter,1
mink_0117.jpg,mink,0
polecat_0739.jpg,polecat,3
stoat_0849.jpg,stoat,4
mink_0395.jpg,mink,0
mink_0676.jpg,mink,0
polecat_0082.jpg,polecat,3
pinemarten_0840.jpg,pinemarten,2
stoat_0329.jpg,stoat,4
otter_0947.jpg,otter,1
polecat_0084.jpg,polecat,3
mink_0753.jpg,mink,0
polecat_0245.jpg,polecat,3
otter_0932.jpg,otter,1
mink_0480.jpg,mink,0
pinemarten_0017.jpg,pinemarten,2
stoat_0698.jpg,stoat,4
weasel_0759.jpg,weasel,5
polecat_0296.jpg,polecat,3
weasel_0976.jpg,weasel,5
stoat_0648.jpg,stoat,4
polecat_0293.jpg,polecat,3
polecat_0323.jpg,polecat,3
stoat_0197.jpg,stoat,4
pinemarten_0123.jpg,pinemarten,2
weasel_0306.jpg,weasel,5
otter_0664.jpg,otter,1
pinemarten_0364.jpg,pinemarten,2
mink_0517.jpg,mink,0
polecat_0983.jpg,polecat,3
stoat_0619.jpg,stoat,4
pinemarten_0571.jpg,pinemarten,2
stoat_0910.jpg,stoat,4
otter_0342.jpg,otter,1
polecat_0768.jpg,polecat,3
mink_0422.jpg,mink,0
stoat_0614.jpg,stoat,4
weasel_0923.jpg,weasel,5
stoat_0518.jpg,stoat,4
mink_0620.jpg,mink,0
pinemarten_0746.jpg,pinemarten,2
pinemarten_0272.jpg,pinemarten,2
weasel_0890.jpg,weasel,5
stoat_0892.jpg,stoat,4
weasel_0297.jpg,weasel,5
mink_0465.jpg,mink,0
polecat_0661.jpg,polecat,3
otter_0597.jpg,otter,1
polecat_0258.jpg,polecat,3
polecat_0315.jpg,polecat,3
weasel_0198.jpg,weasel,5
mink_0337.jpg,mink,0
mink_0428.jpg,mink,0
polecat_0891.jpg,polecat,3
mink_0046.jpg,mink,0
mink_0535.jpg,mink,0
stoat_0298.jpg,stoat,4
otter_0253.jpg,otter,1
otter_0167.jpg,otter,1
weasel_0029.jpg,weasel,5
otter_0736.jpg,otter,1
weasel_0572.jpg,weasel,5
polecat_0283.jpg,polecat,3
stoat_0484.jpg,stoat,4
otter_0730.jpg,otter,1
weasel_0647.jpg,weasel,5
mink_0520.jpg,mink,0
otter_0221.jpg,otter,1
weasel_0839.jpg,weasel,5
pinemarten_0596.jpg,pinemarten,2
pinemarten_0851.jpg,pinemarten,2
weasel_0555.jpg,weasel,5
mink_0642.jpg,mink,0
weasel_0344.jpg,weasel,5
pinemarten_0353.jpg,pinemarten,2
stoat_0756.jpg,stoat,4
mink_0279.jpg,mink,0
mink_0638.jpg,mink,0
weasel_0154.jpg,weasel,5
mink_0555.jpg,mink,0
mink_0629.jpg,mink,0
weasel_0975.jpg,weasel,5
mink_0385.jpg,mink,0
pinemarten_0765.jpg,pinemarten,2
otter_0038.jpg,otter,1
mink_0514.jpg,mink,0
pinemarten_0524.jpg,pinemarten,2
pinemarten_0581.jpg,pinemarten,2
weasel_0513.jpg,weasel,5
mink_0587.jpg,mink,0
mink_0259.jpg,mink,0
otter_0068.jpg,otter,1
stoat_0545.jpg,stoat,4
otter_0412.jpg,otter,1
pinemarten_0207.jpg,pinemarten,2
otter_0087.jpg,otter,1
polecat_0340.jpg,polecat,3
otter_0697.jpg,otter,1
otter_0934.jpg,otter,1
polecat_0741.jpg,polecat,3
stoat_0769.jpg,stoat,4
weasel_0438.jpg,weasel,5
polecat_0432.jpg,polecat,3
stoat_0842.jpg,stoat,4
stoat_0639.jpg,stoat,4
pinemarten_0622.jpg,pinemarten,2
pinemarten_0286.jpg,pinemarten,2
weasel_0536.jpg,weasel,5
pinemarten_0470.jpg,pinemarten,2
otter_0615.jpg,otter,1
polecat_0185.jpg,polecat,3
mink_0744.jpg,mink,0
stoat_0277.jpg,stoat,4
polecat_0688.jpg,polecat,3
pinemarten_0148.jpg,pinemarten,2
weasel_0905.jpg,weasel,5
polecat_0217.jpg,polecat,3
pinemarten_0105.jpg,pinemarten,2
stoat_0129.jpg,stoat,4
mink_0592.jpg,mink,0
stoat_0831.jpg,stoat,4
stoat_0400.jpg,stoat,4
mink_0285.jpg,mink,0
polecat_0533.jpg,polecat,3
weasel_0326.jpg,weasel,5
mink_0436.jpg,mink,0
mink_0040.jpg,mink,0
stoat_0924.jpg,stoat,4
polecat_0261.jpg,polecat,3
polecat_0118.jpg,polecat,3
stoat_0966.jpg,stoat,4
mink_0404.jpg,mink,0
stoat_0365.jpg,stoat,4
stoat_0864.jpg,stoat,4
polecat_0718.jpg,polecat,3
weasel_0831.jpg,weasel,5
pinemarten_0782.jpg,pinemarten,2
weasel_0180.jpg,weasel,5
mink_0477.jpg,mink,0
otter_0590.jpg,otter,1
polecat_0931.jpg,polecat,3
stoat_0667.jpg,stoat,4
otter_0409.jpg,otter,1
polecat_0615.jpg,polecat,3
weasel_0450.jpg,weasel,5
otter_0264.jpg,otter,1
weasel_0652.jpg,weasel,5
weasel_0574.jpg,weasel,5
pinemarten_0084.jpg,pinemarten,2
polecat_0414.jpg,polecat,3
weasel_0108.jpg,weasel,5
pinemarten_0838.jpg,pinemarten,2
stoat_0537.jpg,stoat,4
stoat_0564.jpg,stoat,4
weasel_0693.jpg,weasel,5
otter_0160.jpg,otter,1
weasel_0423.jpg,weasel,5
stoat_0873.jpg,stoat,4
mink_0499.jpg,mink,0
pinemarten_0500.jpg,pinemarten,2
mink_0911.jpg,mink,0
stoat_0509.jpg,stoat,4
pinemarten_0700.jpg,pinemarten,2
weasel_0158.jpg,weasel,5
pinemarten_0024.jpg,pinemarten,2
stoat_0605.jpg,stoat,4
otter_0492.jpg,otter,1
mink_0139.jpg,mink,0
polecat_0638.jpg,polecat,3
weasel_0767.jpg,weasel,5
mink_0612.jpg,mink,0
otter_0390.jpg,otter,1
weasel_0187.jpg,weasel,5
pinemarten_0827.jpg,pinemarten,2
otter_0376.jpg,otter,1
polecat_0871.jpg,polecat,3
weasel_0550.jpg,weasel,5
polecat_0771.jpg,polecat,3
polecat_0742.jpg,polecat,3
pinemarten_0104.jpg,pinemarten,2
otter_0885.jpg,otter,1
stoat_0557.jpg,stoat,4
polecat_0018.jpg,polecat,3
weasel_0322.jpg,weasel,5
pinemarten_0239.jpg,pinemarten,2
polecat_0955.jpg,polecat,3
polecat_0695.jpg,polecat,3
mink_0302.jpg,mink,0
otter_0214.jpg,otter,1
weasel_0406.jpg,weasel,5
pinemarten_0055.jpg,pinemarten,2
mink_0171.jpg,mink,0
mink_0843.jpg,mink,0
otter_0792.jpg,otter,1
polecat_0505.jpg,polecat,3
weasel_0539.jpg,weasel,5
pinemarten_0046.jpg,pinemarten,2
polecat_0176.jpg,polecat,3
otter_0032.jpg,otter,1
weasel_0649.jpg,weasel,5
pinemarten_0878.jpg,pinemarten,2
polecat_0886.jpg,polecat,3
otter_0802.jpg,otter,1
polecat_0769.jpg,polecat,3
polecat_0074.jpg,polecat,3
polecat_0015.jpg,polecat,3
pinemarten_0980.jpg,pinemarten,2
weasel_0335.jpg,weasel,5
weasel_0422.jpg,weasel,5
weasel_0099.jpg,weasel,5
stoat_0273.jpg,stoat,4
polecat_0925.jpg,polecat,3
pinemarten_0348.jpg,pinemarten,2
pinemarten_0102.jpg,pinemarten,2
polecat_0437.jpg,polecat,3
polecat_0348.jpg,polecat,3
weasel_0907.jpg,weasel,5
stoat_0704.jpg,stoat,4
mink_0315.jpg,mink,0
otter_0025.jpg,otter,1
pinemarten_0923.jpg,pinemarten,2
polecat_0381.jpg,polecat,3
otter_0354.jpg,otter,1
stoat_0096.jpg,stoat,4
polecat_0719.jpg,polecat,3
polecat_0858.jpg,polecat,3
stoat_0045.jpg,stoat,4
pinemarten_0384.jpg,pinemarten,2
polecat_0930.jpg,polecat,3
polecat_0648.jpg,polecat,3
weasel_0571.jpg,weasel,5
polecat_0633.jpg,polecat,3
stoat_0304.jpg,stoat,4
otter_0735.jpg,otter,1
weasel_0343.jpg,weasel,5
weasel_0853.jpg,weasel,5
polecat_0052.jpg,polecat,3
pinemarten_0956.jpg,pinemarten,2
otter_0154.jpg,otter,1
pinemarten_0083.jpg,pinemarten,2
pinemarten_0254.jpg,pinemarten,2
pinemarten_0516.jpg,pinemarten,2
polecat_0177.jpg,polecat,3
stoat_0412.jpg,stoat,4
mink_0609.jpg,mink,0
polecat_0436.jpg,polecat,3
mink_0094.jpg,mink,0
polecat_0916.jpg,polecat,3
otter_0142.jpg,otter,1
mink_0407.jpg,mink,0
mink_0965.jpg,mink,0
pinemarten_0869.jpg,pinemarten,2
stoat_0988.jpg,stoat,4
otter_0216.jpg,otter,1
otter_0586.jpg,otter,1
otter_0072.jpg,otter,1
mink_0977.jpg,mink,0
weasel_0544.jpg,weasel,5
stoat_0361.jpg,stoat,4
pinemarten_0944.jpg,pinemarten,2
otter_0270.jpg,otter,1
stoat_0281.jpg,stoat,4
pinemarten_0770.jpg,pinemarten,2
stoat_0650.jpg,stoat,4
polecat_0068.jpg,polecat,3
weasel_0188.jpg,weasel,5
mink_0606.jpg,mink,0
otter_0126.jpg,otter,1
polecat_0736.jpg,polecat,3
otter_0946.jpg,otter,1
weasel_0455.jpg,weasel,5
polecat_0656.jpg,polecat,3
stoat_0977.jpg,stoat,4
weasel_0259.jpg,weasel,5
otter_0318.jpg,otter,1
otter_0600.jpg,otter,1
mink_0307.jpg,mink,0
stoat_0319.jpg,stoat,4
polecat_0779.jpg,polecat,3
pinemarten_0454.jpg,pinemarten,2
weasel_0681.jpg,weasel,5
mink_0143.jpg,mink,0
weasel_0788.jpg,weasel,5
weasel_0054.jpg,weasel,5
stoat_0558.jpg,stoat,4
pinemarten_0032.jpg,pinemarten,2
pinemarten_0093.jpg,pinemarten,2
stoat_0242.jpg,stoat,4
weasel_0497.jpg,weasel,5
otter_0040.jpg,otter,1
weasel_0051.jpg,weasel,5
stoat_0224.jpg,stoat,4
mink_0229.jpg,mink,0
polecat_0117.jpg,polecat,3
weasel_0792.jpg,weasel,5
polecat_0476.jpg,polecat,3
mink_0331.jpg,mink,0
weasel_0806.jpg,weasel,5
stoat_0909.jpg,stoat,4
otter_0379.jpg,otter,1
weasel_0913.jpg,weasel,5
mink_0945.jpg,mink,0
otter_0244.jpg,otter,1
otter_0579.jpg,otter,1
stoat_0004.jpg,stoat,4
polecat_0316.jpg,polecat,3
polecat_0587.jpg,polecat,3
polecat_0362.jpg,polecat,3
mink_0826.jpg,mink,0
pinemarten_0401.jpg,pinemarten,2
otter_0680.jpg,otter,1
weasel_0645.jpg,weasel,5
otter_0832.jpg,otter,1
stoat_0024.jpg,stoat,4
weasel_0762.jpg,weasel,5
otter_0030.jpg,otter,1
weasel_0251.jpg,weasel,5
otter_0757.jpg,otter,1
mink_0510.jpg,mink,0
weasel_0687.jpg,weasel,5
pinemarten_0932.jpg,pinemarten,2
mink_0994.jpg,mink,0
pinemarten_0038.jpg,pinemarten,2
mink_0062.jpg,mink,0
weasel_0717.jpg,weasel,5
weasel_0706.jpg,weasel,5
pinemarten_0696.jpg,pinemarten,2
otter_0787.jpg,otter,1
mink_0774.jpg,mink,0
otter_0437.jpg,otter,1
stoat_0806.jpg,stoat,4
mink_0489.jpg,mink,0
mink_0357.jpg,mink,0
weasel_0933.jpg,weasel,5
mink_0562.jpg,mink,0
mink_0353.jpg,mink,0
pinemarten_0612.jpg,pinemarten,2
mink_0013.jpg,mink,0
weasel_0830.jpg,weasel,5
pinemarten_0567.jpg,pinemarten,2
weasel_0333.jpg,weasel,5
polecat_0171.jpg,polecat,3
mink_0291.jpg,mink,0
weasel_0764.jpg,weasel,5
otter_0979.jpg,otter,1
pinemarten_0480.jpg,pinemarten,2
weasel_0515.jpg,weasel,5
weasel_0986.jpg,weasel,5
stoat_0131.jpg,stoat,4
polecat_0733.jpg,polecat,3
stoat_0978.jpg,stoat,4
stoat_0272.jpg,stoat,4
weasel_0959.jpg,weasel,5
otter_0826.jpg,otter,1
stoat_0527.jpg,stoat,4
stoat_0326.jpg,stoat,4
stoat_0354.jpg,stoat,4
mink_0022.jpg,mink,0
pinemarten_0421.jpg,pinemarten,2
pinemarten_0229.jpg,pinemarten,2
weasel_0938.jpg,weasel,5
stoat_0317.jpg,stoat,4
otter_0542.jpg,otter,1
pinemarten_0931.jpg,pinemarten,2
weasel_0514.jpg,weasel,5
weasel_0702.jpg,weasel,5
pinemarten_0336.jpg,pinemarten,2
mink_0636.jpg,mink,0
stoat_0349.jpg,stoat,4
stoat_0312.jpg,stoat,4
otter_0592.jpg,otter,1
mink_0321.jpg,mink,0
weasel_0132.jpg,weasel,5
stoat_0656.jpg,stoat,4
polecat_0885.jpg,polecat,3
pinemarten_0362.jpg,pinemarten,2
pinemarten_0743.jpg,pinemarten,2
polecat_0833.jpg,polecat,3
weasel_0920.jpg,weasel,5
pinemarten_0536.jpg,pinemarten,2
otter_0797.jpg,otter,1
pinemarten_0291.jpg,pinemarten,2
otter_0893.jpg,otter,1
polecat_0515.jpg,polecat,3
mink_0738.jpg,mink,0
polecat_0309.jpg,polecat,3
otter_0665.jpg,otter,1
otter_0134.jpg,otter,1
polecat_0397.jpg,polecat,3
polecat_0852.jpg,polecat,3
pinemarten_0665.jpg,pinemarten,2
polecat_0524.jpg,polecat,3
polecat_0828.jpg,polecat,3
pinemarten_0698.jpg,pinemarten,2
otter_0084.jpg,otter,1
otter_0443.jpg,otter,1
otter_0872.jpg,otter,1
otter_0053.jpg,otter,1
pinemarten_0701.jpg,pinemarten,2
otter_0215.jpg,otter,1
stoat_0181.jpg,stoat,4
pinemarten_0875.jpg,pinemarten,2
weasel_0520.jpg,weasel,5
stoat_0598.jpg,stoat,4
otter_0529.jpg,otter,1
pinemarten_0208.jpg,pinemarten,2
mink_0158.jpg,mink,0
polecat_0466.jpg,polecat,3
stoat_0529.jpg,stoat,4
pinemarten_0881.jpg,pinemarten,2
otter_0568.jpg,otter,1
stoat_0661.jpg,stoat,4
weasel_0730.jpg,weasel,5
mink_0084.jpg,mink,0
otter_0432.jpg,otter,1
otter_0606.jpg,otter,1
weasel_0559.jpg,weasel,5
polecat_0992.jpg,polecat,3
otter_0871.jpg,otter,1
stoat_0120.jpg,stoat,4
polecat_0024.jpg,polecat,3
polecat_0975.jpg,polecat,3
polecat_0326.jpg,polecat,3
polecat_0666.jpg,polecat,3
otter_0889.jpg,otter,1
stoat_0165.jpg,stoat,4
polecat_0634.jpg,polecat,3
pinemarten_0607.jpg,pinemarten,2
mink_0602.jpg,mink,0
pinemarten_0572.jpg,pinemarten,2
weasel_0874.jpg,weasel,5
stoat_0814.jpg,stoat,4
pinemarten_0301.jpg,pinemarten,2
pinemarten_0645.jpg,pinemarten,2
pinemarten_0568.jpg,pinemarten,2
otter_0784.jpg,otter,1
mink_0616.jpg,mink,0
mink_0458.jpg,mink,0
stoat_0785.jpg,stoat,4
stoat_0409.jpg,stoat,4
weasel_0338.jpg,weasel,5
mink_0775.jpg,mink,0
otter_0908.jpg,otter,1
mink_0486.jpg,mink,0
mink_0666.jpg,mink,0
weasel_0106.jpg,weasel,5
weasel_0569.jpg,weasel,5
pinemarten_0858.jpg,pinemarten,2
mink_0565.jpg,mink,0
pinemarten_0073.jpg,pinemarten,2
weasel_0094.jpg,weasel,5
polecat_0320.jpg,polecat,3
pinemarten_0329.jpg,pinemarten,2
pinemarten_0322.jpg,pinemarten,2
polecat_0747.jpg,polecat,3
pinemarten_0771.jpg,pinemarten,2
mink_0289.jpg,mink,0
pinemarten_0529.jpg,pinemarten,2
stoat_0325.jpg,stoat,4
polecat_0238.jpg,polecat,3
otter_0219.jpg,otter,1
stoat_0866.jpg,stoat,4
polecat_0526.jpg,polecat,3
mink_0241.jpg,mink,0
otter_0668.jpg,otter,1
otter_0243.jpg,otter,1
mink_0453.jpg,mink,0
polecat_0657.jpg,polecat,3
stoat_0465.jpg,stoat,4
otter_0881.jpg,otter,1
weasel_0012.jpg,weasel,5
stoat_0609.jpg,stoat,4
mink_0808.jpg,mink,0
mink_0627.jpg,mink,0
polecat_0620.jpg,polecat,3
mink_0140.jpg,mink,0
otter_0460.jpg,otter,1
pinemarten_0661.jpg,pinemarten,2
polecat_0262.jpg,polecat,3
mink_0377.jpg,mink,0
pinemarten_0573.jpg,pinemarten,2
mink_0057.jpg,mink,0
mink_0942.jpg,mink,0
weasel_0927.jpg,weasel,5
pinemarten_0862.jpg,pinemarten,2
otter_0657.jpg,otter,1
polecat_0940.jpg,polecat,3
otter_0944.jpg,otter,1
pinemarten_0381.jpg,pinemarten,2
otter_0555.jpg,otter,1
weasel_0710.jpg,weasel,5
mink_0713.jpg,mink,0
otter_0495.jpg,otter,1
weasel_0966.jpg,weasel,5
pinemarten_0438.jpg,pinemarten,2
weasel_0375.jpg,weasel,5
weasel_0311.jpg,weasel,5
weasel_0324.jpg,weasel,5
polecat_0655.jpg,polecat,3
stoat_0387.jpg,stoat,4
pinemarten_0370.jpg,pinemarten,2
pinemarten_0100.jpg,pinemarten,2
otter_0251.jpg,otter,1
mink_0295.jpg,mink,0
stoat_0691.jpg,stoat,4
otter_0686.jpg,otter,1
mink_0537.jpg,mink,0
mink_0525.jpg,mink,0
mink_0207.jpg,mink,0
stoat_0145.jpg,stoat,4
stoat_0041.jpg,stoat,4
stoat_0300.jpg,stoat,4
weasel_0077.jpg,weasel,5
stoat_0551.jpg,stoat,4
pinemarten_0779.jpg,pinemarten,2
otter_0098.jpg,otter,1
pinemarten_0220.jpg,pinemarten,2
weasel_0119.jpg,weasel,5
stoat_0139.jpg,stoat,4
pinemarten_0363.jpg,pinemarten,2
polecat_0950.jpg,polecat,3
mink_0250.jpg,mink,0
weasel_0474.jpg,weasel,5
mink_0783.jpg,mink,0
polecat_0978.jpg,polecat,3
otter_0358.jpg,otter,1
otter_0400.jpg,otter,1
stoat_0622.jpg,stoat,4
mink_0781.jpg,mink,0
weasel_0709.jpg,weasel,5
stoat_0635.jpg,stoat,4
otter_0873.jpg,otter,1
pinemarten_0825.jpg,pinemarten,2
stoat_0070.jpg,stoat,4
weasel_0239.jpg,weasel,5
pinemarten_0461.jpg,pinemarten,2
mink_0017.jpg,mink,0
pinemarten_0939.jpg,pinemarten,2
otter_0312.jpg,otter,1
pinemarten_0253.jpg,pinemarten,2
mink_0785.jpg,mink,0
polecat_0917.jpg,polecat,3
otter_0308.jpg,otter,1
weasel_0516.jpg,weasel,5
pinemarten_0519.jpg,pinemarten,2
stoat_0111.jpg,stoat,4
pinemarten_0186.jpg,pinemarten,2
stoat_0406.jpg,stoat,4
polecat_0851.jpg,polecat,3
stoat_0830.jpg,stoat,4
weasel_0985.jpg,weasel,5
mink_0212.jpg,mink,0
otter_0003.jpg,otter,1
mink_0956.jpg,mink,0
otter_0310.jpg,otter,1
mink_0756.jpg,mink,0
polecat_0173.jpg,polecat,3
otter_0132.jpg,otter,1
polecat_0042.jpg,polecat,3
otter_0059.jpg,otter,1
polecat_0035.jpg,polecat,3
weasel_0748.jpg,weasel,5
otter_0156.jpg,otter,1
otter_0278.jpg,otter,1
otter_0258.jpg,otter,1
stoat_0348.jpg,stoat,4
polecat_0924.jpg,polecat,3
mink_0737.jpg,mink,0
mink_0855.jpg,mink,0
otter_0391.jpg,otter,1
mink_0146.jpg,mink,0
polecat_0413.jpg,polecat,3
mink_0840.jpg,mink,0
mink_0434.jpg,mink,0
pinemarten_0178.jpg,pinemarten,2
pinemarten_0764.jpg,pinemarten,2
stoat_0378.jpg,stoat,4
mink_0360.jpg,mink,0
weasel_0722.jpg,weasel,5
polecat_0785.jpg,polecat,3
polecat_0159.jpg,polecat,3
mink_0300.jpg,mink,0
stoat_0565.jpg,stoat,4
polecat_0276.jpg,polecat,3
otter_0650.jpg,otter,1
otter_0869.jpg,otter,1
polecat_0301.jpg,polecat,3
mink_0240.jpg,mink,0
pinemarten_0230.jpg,pinemarten,2
weasel_0969.jpg,weasel,5
mink_0745.jpg,mink,0
mink_0645.jpg,mink,0
mink_0883.jpg,mink,0
pinemarten_0049.jpg,pinemarten,2
polecat_0333.jpg,polecat,3
stoat_0432.jpg,stoat,4
pinemarten_0641.jpg,pinemarten,2
weasel_0778.jpg,weasel,5
mink_0066.jpg,mink,0
weasel_0522.jpg,weasel,5
polecat_0988.jpg,polecat,3
pinemarten_0949.jpg,pinemarten,2
mink_0556.jpg,mink,0
polecat_0239.jpg,polecat,3
polecat_0081.jpg,polecat,3
polecat_0383.jpg,polecat,3
pinemarten_0804.jpg,pinemarten,2
otter_0128.jpg,otter,1
otter_0245.jpg,otter,1
mink_0600.jpg,mink,0
polecat_0131.jpg,polecat,3
pinemarten_0595.jpg,pinemarten,2
weasel_0366.jpg,weasel,5
mink_0966.jpg,mink,0
polecat_0098.jpg,polecat,3
otter_0926.jpg,otter,1
polecat_0322.jpg,polecat,3
stoat_0089.jpg,stoat,4
mink_0059.jpg,mink,0
polecat_0676.jpg,polecat,3
polecat_0829.jpg,polecat,3
stoat_0791.jpg,stoat,4
otter_0015.jpg,otter,1
polecat_0017.jpg,polecat,3
otter_0014.jpg,otter,1
polecat_0604.jpg,polecat,3
polecat_0458.jpg,polecat,3
weasel_0601.jpg,weasel,5
polecat_0757.jpg,polecat,3
mink_0388.jpg,mink,0
pinemarten_0512.jpg,pinemarten,2
stoat_0950.jpg,stoat,4
polecat_0028.jpg,polecat,3
weasel_0833.jpg,weasel,5
otter_0624.jpg,otter,1
stoat_0401.jpg,stoat,4
otter_0855.jpg,otter,1
polecat_0039.jpg,polecat,3
mink_0061.jpg,mink,0
stoat_0862.jpg,stoat,4
otter_0744.jpg,otter,1
pinemarten_0308.jpg,pinemarten,2
pinemarten_0176.jpg,pinemarten,2
otter_0362.jpg,otter,1
otter_0456.jpg,otter,1
weasel_0918.jpg,weasel,5
mink_0772.jpg,mink,0
stoat_0441.jpg,stoat,4
weasel_0200.jpg,weasel,5
weasel_0103.jpg,weasel,5
pinemarten_0969.jpg,pinemarten,2
stoat_0717.jpg,stoat,4
mink_0515.jpg,mink,0
weasel_0221.jpg,weasel,5
otter_0959.jpg,otter,1
otter_0058.jpg,otter,1
polecat_0927.jpg,polecat,3
mink_0972.jpg,mink,0
stoat_0574.jpg,stoat,4
polecat_0492.jpg,polecat,3
stoat_0299.jpg,stoat,4
stoat_0889.jpg,stoat,4
stoat_0478.jpg,stoat,4
stoat_0740.jpg,stoat,4
stoat_0293.jpg,stoat,4
polecat_0236.jpg,polecat,3
polecat_0209.jpg,polecat,3
weasel_0720.jpg,weasel,5
mink_0220.jpg,mink,0
stoat_0166.jpg,stoat,4
stoat_0799.jpg,stoat,4
mink_0459.jpg,mink,0
pinemarten_0723.jpg,pinemarten,2
mink_0518.jpg,mink,0
weasel_0067.jpg,weasel,5
pinemarten_0022.jpg,pinemarten,2
polecat_0750.jpg,polecat,3
otter_0716.jpg,otter,1
polecat_0366.jpg,polecat,3
mink_0437.jpg,mink,0
otter_0092.jpg,otter,1
mink_0984.jpg,mink,0
stoat_0356.jpg,stoat,4
stoat_0869.jpg,stoat,4
otter_0465.jpg,otter,1
stoat_0078.jpg,stoat,4
mink_0502.jpg,mink,0
stoat_0494.jpg,stoat,4
otter_0035.jpg,otter,1
weasel_0086.jpg,weasel,5
polecat_0579.jpg,polecat,3
pinemarten_0754.jpg,pinemarten,2
otter_0717.jpg,otter,1
otter_0789.jpg,otter,1
stoat_0012.jpg,stoat,4
mink_0157.jpg,mink,0
mink_0419.jpg,mink,0
weasel_0459.jpg,weasel,5
pinemarten_0056.jpg,pinemarten,2
polecat_0391.jpg,polecat,3
polecat_0485.jpg,polecat,3
weasel_0784.jpg,weasel,5
polecat_0591.jpg,polecat,3
weasel_0233.jpg,weasel,5
weasel_0354.jpg,weasel,5
mink_0126.jpg,mink,0
polecat_0112.jpg,polecat,3
otter_0442.jpg,otter,1
polecat_0803.jpg,polecat,3
mink_0992.jpg,mink,0
mink_0857.jpg,mink,0
otter_0453.jpg,otter,1
stoat_0071.jpg,stoat,4
stoat_0420.jpg,stoat,4
otter_0447.jpg,otter,1
polecat_0151.jpg,polecat,3
weasel_0577.jpg,weasel,5
mink_0750.jpg,mink,0
stoat_0636.jpg,stoat,4
otter_0207.jpg,otter,1
weasel_0563.jpg,weasel,5
polecat_0518.jpg,polecat,3
pinemarten_0312.jpg,pinemarten,2
weasel_0692.jpg,weasel,5
otter_0771.jpg,otter,1
polecat_0754.jpg,polecat,3
mink_0242.jpg,mink,0
mink_0185.jpg,mink,0
stoat_0193.jpg,stoat,4
stoat_0870.jpg,stoat,4
polecat_0703.jpg,polecat,3
polecat_0773.jpg,polecat,3
polecat_0105.jpg,polecat,3
weasel_0262.jpg,weasel,5
polecat_0774.jpg,polecat,3
otter_0645.jpg,otter,1
mink_0160.jpg,mink,0
mink_0076.jpg,mink,0
pinemarten_0960.jpg,pinemarten,2
pinemarten_0518.jpg,pinemarten,2
stoat_0398.jpg,stoat,4
polecat_0088.jpg,polecat,3
polecat_0263.jpg,polecat,3
pinemarten_0379.jpg,pinemarten,2
weasel_0703.jpg,weasel,5
stoat_0961.jpg,stoat,4
stoat_0439.jpg,stoat,4
mink_0987.jpg,mink,0
otter_0029.jpg,otter,1
stoat_0774.jpg,stoat,4
polecat_0067.jpg,polecat,3
mink_0626.jpg,mink,0
weasel_0894.jpg,weasel,5
stoat_0596.jpg,stoat,4
otter_0711.jpg,otter,1
mink_0976.jpg,mink,0
otter_0187.jpg,otter,1
pinemarten_0243.jpg,pinemarten,2
otter_0800.jpg,otter,1
polecat_0980.jpg,polecat,3
stoat_0778.jpg,stoat,4
otter_0225.jpg,otter,1
mink_0882.jpg,mink,0
polecat_0987.jpg,polecat,3
mink_0908.jpg,mink,0
pinemarten_0420.jpg,pinemarten,2
otter_0901.jpg,otter,1
polecat_0786.jpg,polecat,3
weasel_0854.jpg,weasel,5
pinemarten_0569.jpg,pinemarten,2
otter_0305.jpg,otter,1
mink_0732.jpg,mink,0
stoat_0782.jpg,stoat,4
mink_0904.jpg,mink,0
weasel_0803.jpg,weasel,5
otter_0365.jpg,otter,1
stoat_0809.jpg,stoat,4
stoat_0953.jpg,stoat,4
mink_0391.jpg,mink,0
otter_0731.jpg,otter,1
mink_0867.jpg,mink,0
otter_0112.jpg,otter,1
polecat_0486.jpg,polecat,3
stoat_0955.jpg,stoat,4
weasel_0110.jpg,weasel,5
polecat_0709.jpg,polecat,3
stoat_0810.jpg,stoat,4
otter_0333.jpg,otter,1
stoat_0744.jpg,stoat,4
polecat_0766.jpg,polecat,3
polecat_0272.jpg,polecat,3
stoat_0559.jpg,stoat,4
mink_0010.jpg,mink,0
weasel_0316.jpg,weasel,5
mink_0020.jpg,mink,0
otter_0770.jpg,otter,1
stoat_0705.jpg,stoat,4
pinemarten_0425.jpg,pinemarten,2
otter_0039.jpg,otter,1
weasel_0680.jpg,weasel,5
polecat_0731.jpg,polecat,3
mink_0719.jpg,mink,0
weasel_0208.jpg,weasel,5
stoat_0632.jpg,stoat,4
polecat_0986.jpg,polecat,3
otter_0349.jpg,otter,1
polecat_0389.jpg,polecat,3
polecat_0795.jpg,polecat,3
weasel_0903.jpg,weasel,5
polecat_0725.jpg,polecat,3
weasel_0447.jpg,weasel,5
mink_0527.jpg,mink,0
otter_0635.jpg,otter,1
polecat_0776.jpg,polecat,3
polecat_0379.jpg,polecat,3
stoat_0732.jpg,stoat,4
otter_0515.jpg,otter,1
weasel_0526.jpg,weasel,5
weasel_0312.jpg,weasel,5
polecat_0603.jpg,polecat,3
pinemarten_0656.jpg,pinemarten,2
otter_0907.jpg,otter,1
weasel_0445.jpg,weasel,5
otter_0724.jpg,otter,1
weasel_0290.jpg,weasel,5
weasel_0419.jpg,weasel,5
otter_0220.jpg,otter,1
stoat_0628.jpg,stoat,4
mink_0912.jpg,mink,0
weasel_0329.jpg,weasel,5
mink_0575.jpg,mink,0
otter_0067.jpg,otter,1
pinemarten_0942.jpg,pinemarten,2
stoat_0780.jpg,stoat,4
pinemarten_0752.jpg,pinemarten,2
stoat_0102.jpg,stoat,4
mink_0029.jpg,mink,0
pinemarten_0849.jpg,pinemarten,2
polecat_0915.jpg,polecat,3
pinemarten_0274.jpg,pinemarten,2
stoat_0943.jpg,stoat,4
otter_0005.jpg,otter,1
weasel_0548.jpg,weasel,5
weasel_0471.jpg,weasel,5
weasel_0794.jpg,weasel,5
weasel_0777.jpg,weasel,5
mink_0961.jpg,mink,0
pinemarten_0231.jpg,pinemarten,2
weasel_0458.jpg,weasel,5
polecat_0632.jpg,polecat,3
pinemarten_0106.jpg,pinemarten,2
mink_0614.jpg,mink,0
otter_0571.jpg,otter,1
weasel_0225.jpg,weasel,5
stoat_0283.jpg,stoat,4
stoat_0196.jpg,stoat,4
stoat_0707.jpg,stoat,4
mink_0339.jpg,mink,0
mink_0346.jpg,mink,0
stoat_0608.jpg,stoat,4
mink_0233.jpg,mink,0
weasel_0616.jpg,weasel,5
polecat_0610.jpg,polecat,3
mink_0358.jpg,mink,0
otter_0720.jpg,otter,1
polecat_0605.jpg,polecat,3
pinemarten_0402.jpg,pinemarten,2
polecat_0472.jpg,polecat,3
mink_0414.jpg,mink,0
weasel_0582.jpg,weasel,5
polecat_0594.jpg,polecat,3
otter_0252.jpg,otter,1
mink_0805.jpg,mink,0
mink_0564.jpg,mink,0
stoat_0797.jpg,stoat,4
stoat_0186.jpg,stoat,4
polecat_0313.jpg,polecat,3
polecat_0210.jpg,polecat,3
mink_0232.jpg,mink,0
pinemarten_0386.jpg,pinemarten,2
otter_0548.jpg,otter,1
mink_0868.jpg,mink,0
otter_0484.jpg,otter,1
mink_0100.jpg,mink,0
polecat_0103.jpg,polecat,3
pinemarten_0009.jpg,pinemarten,2
mink_0132.jpg,mink,0
mink_0729.jpg,mink,0
pinemarten_0079.jpg,pinemarten,2
mink_0739.jpg,mink,0
stoat_0629.jpg,stoat,4
stoat_0064.jpg,stoat,4
mink_0011.jpg,mink,0
stoat_0730.jpg,stoat,4
otter_0658.jpg,otter,1
mink_0778.jpg,mink,0
pinemarten_0222.jpg,pinemarten,2
polecat_0264.jpg,polecat,3
pinemarten_0833.jpg,pinemarten,2
stoat_0436.jpg,stoat,4
weasel_0212.jpg,weasel,5
mink_0714.jpg,mink,0
pinemarten_0531.jpg,pinemarten,2
weasel_0768.jpg,weasel,5
otter_0052.jpg,otter,1
pinemarten_0583.jpg,pinemarten,2
pinemarten_0864.jpg,pinemarten,2
polecat_0167.jpg,polecat,3
weasel_0597.jpg,weasel,5
stoat_0442.jpg,stoat,4
weasel_0847.jpg,weasel,5
otter_0748.jpg,otter,1
weasel_0531.jpg,weasel,5
otter_0891.jpg,otter,1
pinemarten_0989.jpg,pinemarten,2
pinemarten_0593.jpg,pinemarten,2
otter_0936.jpg,otter,1
pinemarten_0427.jpg,pinemarten,2
mink_0944.jpg,mink,0
otter_0265.jpg,otter,1
polecat_0461.jpg,polecat,3
stoat_0861.jpg,stoat,4
weasel_0072.jpg,weasel,5
otter_0283.jpg,otter,1
weasel_0732.jpg,weasel,5
weasel_0807.jpg,weasel,5
mink_0375.jpg,mink,0
otter_0268.jpg,otter,1
stoat_0974.jpg,stoat,4
stoat_0133.jpg,stoat,4
stoat_0108.jpg,stoat,4
otter_0708.jpg,otter,1
weasel_0005.jpg,weasel,5
pinemarten_0896.jpg,pinemarten,2
polecat_0799.jpg,polecat,3
mink_0922.jpg,mink,0
otter_0088.jpg,otter,1
stoat_0386.jpg,stoat,4
weasel_0056.jpg,weasel,5
weasel_0380.jpg,weasel,5
mink_0306.jpg,mink,0
stoat_0310.jpg,stoat,4
polecat_0215.jpg,polecat,3
mink_0563.jpg,mink,0
polecat_0249.jpg,polecat,3
weasel_0878.jpg,weasel,5
polecat_0235.jpg,polecat,3
polecat_0345.jpg,polecat,3
mink_0426.jpg,mink,0
otter_0675.jpg,otter,1
pinemarten_0224.jpg,pinemarten,2
otter_0094.jpg,otter,1
polecat_0519.jpg,polecat,3
pinemarten_0618.jpg,pinemarten,2
otter_0808.jpg,otter,1
mink_0866.jpg,mink,0
otter_0898.jpg,otter,1
weasel_0589.jpg,weasel,5
mink_0552.jpg,mink,0
otter_0007.jpg,otter,1
polecat_0607.jpg,polecat,3
polecat_0398.jpg,polecat,3
otter_0356.jpg,otter,1
otter_0550.jpg,otter,1
pinemarten_0366.jpg,pinemarten,2
mink_0958.jpg,mink,0
otter_0788.jpg,otter,1
mink_0497.jpg,mink,0
stoat_0408.jpg,stoat,4
polecat_0026.jpg,polecat,3
pinemarten_0807.jpg,pinemarten,2
polecat_0639.jpg,polecat,3
otter_0386.jpg,otter,1
weasel_0977.jpg,weasel,5
weasel_0992.jpg,weasel,5
polecat_0521.jpg,polecat,3
weasel_0207.jpg,weasel,5
stoat_0292.jpg,stoat,4
stoat_0307.jpg,stoat,4
pinemarten_0943.jpg,pinemarten,2
mink_0467.jpg,mink,0
mink_0986.jpg,mink,0
mink_0577.jpg,mink,0
stoat_0189.jpg,stoat,4
mink_0818.jpg,mink,0
weasel_0868.jpg,weasel,5
polecat_0780.jpg,polecat,3
mink_0574.jpg,mink,0
weasel_0891.jpg,weasel,5
weasel_0153.jpg,weasel,5
weasel_0741.jpg,weasel,5
stoat_0758.jpg,stoat,4
stoat_0850.jpg,stoat,4
mink_0731.jpg,mink,0
otter_0395.jpg,otter,1
weasel_0057.jpg,weasel,5
otter_0366.jpg,otter,1
otter_0613.jpg,otter,1
polecat_0876.jpg,polecat,3
weasel_0751.jpg,weasel,5
otter_0816.jpg,otter,1
polecat_0116.jpg,polecat,3
otter_0796.jpg,otter,1
polecat_0110.jpg,polecat,3
otter_0514.jpg,otter,1
pinemarten_0171.jpg,pinemarten,2
pinemarten_0758.jpg,pinemarten,2
mink_0824.jpg,mink,0
polecat_0542.jpg,polecat,3
stoat_0477.jpg,stoat,4
weasel_0411.jpg,weasel,5
stoat_0620.jpg,stoat,4
pinemarten_0921.jpg,pinemarten,2
mink_0939.jpg,mink,0
pinemarten_0854.jpg,pinemarten,2
polecat_0246.jpg,polecat,3
otter_0801.jpg,otter,1
stoat_0140.jpg,stoat,4
stoat_0853.jpg,stoat,4
mink_0580.jpg,mink,0
mink_0455.jpg,mink,0
polecat_0462.jpg,polecat,3
mink_0149.jpg,mink,0
pinemarten_0164.jpg,pinemarten,2
weasel_0037.jpg,weasel,5
stoat_0867.jpg,stoat,4
stoat_0471.jpg,stoat,4
otter_0533.jpg,otter,1
weasel_0430.jpg,weasel,5
weasel_0873.jpg,weasel,5
stoat_0960.jpg,stoat,4
polecat_0240.jpg,polecat,3
pinemarten_0063.jpg,pinemarten,2
pinemarten_0501.jpg,pinemarten,2
stoat_0144.jpg,stoat,4
stoat_0003.jpg,stoat,4
otter_0687.jpg,otter,1
stoat_0143.jpg,stoat,4
stoat_0592.jpg,stoat,4
weasel_0415.jpg,weasel,5
polecat_0465.jpg,polecat,3
mink_0468.jpg,mink,0
otter_0157.jpg,otter,1
mink_0593.jpg,mink,0
weasel_0199.jpg,weasel,5
weasel_0886.jpg,weasel,5
weasel_0360.jpg,weasel,5
mink_1000.jpg,mink,0
polecat_0602.jpg,polecat,3
otter_0791.jpg,otter,1
polecat_0049.jpg,polecat,3
polecat_0831.jpg,polecat,3
polecat_0714.jpg,polecat,3
stoat_0358.jpg,stoat,4
pinemarten_0142.jpg,pinemarten,2
pinemarten_0156.jpg,pinemarten,2
polecat_0668.jpg,polecat,3
stoat_0112.jpg,stoat,4
weasel_0475.jpg,weasel,5
otter_0883.jpg,otter,1
polecat_0275.jpg,polecat,3
stoat_0600.jpg,stoat,4
pinemarten_0495.jpg,pinemarten,2
weasel_0147.jpg,weasel,5
mink_0038.jpg,mink,0
mink_0889.jpg,mink,0
mink_0177.jpg,mink,0
polecat_0400.jpg,polecat,3
mink_0960.jpg,mink,0
stoat_0321.jpg,stoat,4
weasel_0615.jpg,weasel,5
pinemarten_0930.jpg,pinemarten,2
otter_0755.jpg,otter,1
mink_0257.jpg,mink,0
otter_0433.jpg,otter,1
stoat_0038.jpg,stoat,4
weasel_0643.jpg,weasel,5
stoat_0095.jpg,stoat,4
polecat_0612.jpg,polecat,3
mink_0292.jpg,mink,0
weasel_0670.jpg,weasel,5
otter_0696.jpg,otter,1
stoat_0244.jpg,stoat,4
weasel_0437.jpg,weasel,5
otter_0434.jpg,otter,1
otter_0023.jpg,otter,1
polecat_0083.jpg,polecat,3
pinemarten_0633.jpg,pinemarten,2
otter_0487.jpg,otter,1
polecat_0933.jpg,polecat,3
pinemarten_0414.jpg,pinemarten,2
otter_0525.jpg,otter,1
pinemarten_0547.jpg,pinemarten,2
stoat_0784.jpg,stoat,4
weasel_0457.jpg,weasel,5
polecat_0995.jpg,polecat,3
stoat_0621.jpg,stoat,4
otter_0715.jpg,otter,1
pinemarten_1000.jpg,pinemarten,2
otter_0982.jpg,otter,1
polecat_0062.jpg,polecat,3
pinemarten_0173.jpg,pinemarten,2
pinemarten_0203.jpg,pinemarten,2
otter_0286.jpg,otter,1
polecat_0621.jpg,polecat,3
stoat_0611.jpg,stoat,4
pinemarten_0439.jpg,pinemarten,2
weasel_0177.jpg,weasel,5
weasel_0026.jpg,weasel,5
polecat_0700.jpg,polecat,3
weasel_0429.jpg,weasel,5
stoat_0279.jpg,stoat,4
polecat_0287.jpg,polecat,3
pinemarten_0995.jpg,pinemarten,2
mink_0725.jpg,mink,0
weasel_0835.jpg,weasel,5
otter_0775.jpg,otter,1
otter_0509.jpg,otter,1
stoat_0868.jpg,stoat,4
mink_0591.jpg,mink,0
mink_0845.jpg,mink,0
otter_0300.jpg,otter,1
polecat_0840.jpg,polecat,3
mink_0757.jpg,mink,0
otter_0389.jpg,otter,1
weasel_0604.jpg,weasel,5
pinemarten_0988.jpg,pinemarten,2
mink_0640.jpg,mink,0
mink_0519.jpg,mink,0
polecat_0869.jpg,polecat,3
mink_0380.jpg,mink,0
stoat_0246.jpg,stoat,4
weasel_0658.jpg,weasel,5
stoat_0718.jpg,stoat,4
mink_0334.jpg,mink,0
weasel_0303.jpg,weasel,5
polecat_0500.jpg,polecat,3
weasel_0877.jpg,weasel,5
stoat_0942.jpg,stoat,4
polecat_0464.jpg,polecat,3
otter_0692.jpg,otter,1
mink_0954.jpg,mink,0
pinemarten_0750.jpg,pinemarten,2
stoat_0280.jpg,stoat,4
otter_0539.jpg,otter,1
mink_0442.jpg,mink,0
stoat_0032.jpg,stoat,4
weasel_0071.jpg,weasel,5
polecat_0767.jpg,polecat,3
mink_0873.jpg,mink,0
polecat_0748.jpg,polecat,3
weasel_0991.jpg,weasel,5
stoat_0054.jpg,stoat,4
stoat_0871.jpg,stoat,4
polecat_0971.jpg,polecat,3
otter_0474.jpg,otter,1
pinemarten_0303.jpg,pinemarten,2
polecat_0820.jpg,polecat,3
otter_0184.jpg,otter,1
mink_0637.jpg,mink,0
polecat_0644.jpg,polecat,3
stoat_0496.jpg,stoat,4
pinemarten_0151.jpg,pinemarten,2
otter_0723.jpg,otter,1
pinemarten_0491.jpg,pinemarten,2
stoat_0684.jpg,stoat,4
polecat_0314.jpg,polecat,3
otter_0303.jpg,otter,1
stoat_0575.jpg,stoat,4
weasel_0823.jpg,weasel,5
mink_0832.jpg,mink,0
weasel_0671.jpg,weasel,5
polecat_0403.jpg,polecat,3
pinemarten_0095.jpg,pinemarten,2
mink_0624.jpg,mink,0
polecat_0870.jpg,polecat,3
stoat_0416.jpg,stoat,4
mink_0125.jpg,mink,0
polecat_0554.jpg,polecat,3
pinemarten_0535.jpg,pinemarten,2
weasel_0997.jpg,weasel,5
mink_0230.jpg,mink,0
polecat_0149.jpg,polecat,3
pinemarten_0361.jpg,pinemarten,2
polecat_0157.jpg,polecat,3
stoat_0786.jpg,stoat,4
pinemarten_0010.jpg,pinemarten,2
otter_0685.jpg,otter,1
pinemarten_0842.jpg,pinemarten,2
weasel_0083.jpg,weasel,5
mink_0595.jpg,mink,0
stoat_0572.jpg,stoat,4
mink_0982.jpg,mink,0
otter_0746.jpg,otter,1
mink_0124.jpg,mink,0
polecat_0990.jpg,polecat,3
pinemarten_0763.jpg,pinemarten,2
polecat_1000.jpg,polecat,3
mink_0322.jpg,mink,0
weasel_0841.jpg,weasel,5
otter_0016.jpg,otter,1
polecat_0729.jpg,polecat,3
weasel_0007.jpg,weasel,5
weasel_0185.jpg,weasel,5
weasel_0143.jpg,weasel,5
stoat_0046.jpg,stoat,4
pinemarten_0467.jpg,pinemarten,2
stoat_0599.jpg,stoat,4
pinemarten_0128.jpg,pinemarten,2
weasel_0529.jpg,weasel,5
stoat_0090.jpg,stoat,4
otter_0046.jpg,otter,1
polecat_0442.jpg,polecat,3
stoat_0081.jpg,stoat,4
pinemarten_0195.jpg,pinemarten,2
weasel_0041.jpg,weasel,5
mink_0325.jpg,mink,0
stoat_0918.jpg,stoat,4
polecat_0059.jpg,polecat,3
pinemarten_0893.jpg,pinemarten,2
otter_0382.jpg,otter,1
weasel_0368.jpg,weasel,5
weasel_0030.jpg,weasel,5
pinemarten_0671.jpg,pinemarten,2
stoat_0519.jpg,stoat,4
mink_0348.jpg,mink,0
weasel_0829.jpg,weasel,5
pinemarten_0737.jpg,pinemarten,2
weasel_0197.jpg,weasel,5
weasel_0049.jpg,weasel,5
mink_0202.jpg,mink,0
weasel_0780.jpg,weasel,5
mink_0681.jpg,mink,0
polecat_0033.jpg,polecat,3
otter_0191.jpg,otter,1
pinemarten_0256.jpg,pinemarten,2
polecat_0606.jpg,polecat,3
mink_0469.jpg,mink,0
otter_0580.jpg,otter,1
polecat_0392.jpg,polecat,3
polecat_0364.jpg,polecat,3
mink_0927.jpg,mink,0
weasel_0452.jpg,weasel,5
stoat_0278.jpg,stoat,4
polecat_0671.jpg,polecat,3
stoat_0344.jpg,stoat,4
polecat_0567.jpg,polecat,3
otter_0439.jpg,otter,1
pinemarten_0440.jpg,pinemarten,2
weasel_0296.jpg,weasel,5
weasel_0230.jpg,weasel,5
weasel_0712.jpg,weasel,5
otter_0002.jpg,otter,1
pinemarten_0733.jpg,pinemarten,2
mink_0538.jpg,mink,0
polecat_0360.jpg,polecat,3
mink_0253.jpg,mink,0
polecat_0010.jpg,polecat,3
weasel_0989.jpg,weasel,5
stoat_0916.jpg,stoat,4
mink_0133.jpg,mink,0
mink_0281.jpg,mink,0
mink_0647.jpg,mink,0
stoat_0474.jpg,stoat,4
weasel_0885.jpg,weasel,5
mink_0362.jpg,mink,0
pinemarten_0223.jpg,pinemarten,2
mink_0113.jpg,mink,0
polecat_0590.jpg,polecat,3
stoat_0269.jpg,stoat,4
polecat_0490.jpg,polecat,3
otter_0582.jpg,otter,1
otter_0158.jpg,otter,1
polecat_0525.jpg,polecat,3
stoat_0887.jpg,stoat,4
stoat_0245.jpg,stoat,4
polecat_0999.jpg,polecat,3
stoat_0473.jpg,stoat,4
stoat_0755.jpg,stoat,4
stoat_0657.jpg,stoat,4
pinemarten_0407.jpg,pinemarten,2
stoat_0475.jpg,stoat,4
pinemarten_0527.jpg,pinemarten,2
stoat_0532.jpg,stoat,4
mink_0050.jpg,mink,0
mink_0980.jpg,mink,0
otter_0673.jpg,otter,1
mink_0879.jpg,mink,0
pinemarten_0306.jpg,pinemarten,2
stoat_0595.jpg,stoat,4
stoat_0019.jpg,stoat,4
pinemarten_0739.jpg,pinemarten,2
mink_0268.jpg,mink,0
mink_0145.jpg,mink,0
mink_0683.jpg,mink,0
stoat_0495.jpg,stoat,4
weasel_0594.jpg,weasel,5
polecat_0746.jpg,polecat,3
mink_0619.jpg,mink,0
mink_0773.jpg,mink,0
stoat_0962.jpg,stoat,4
pinemarten_0877.jpg,pinemarten,2
pinemarten_0784.jpg,pinemarten,2
pinemarten_0793.jpg,pinemarten,2
otter_0056.jpg,otter,1
stoat_0515.jpg,stoat,4
pinemarten_0057.jpg,pinemarten,2
weasel_0622.jpg,weasel,5
weasel_0426.jpg,weasel,5
polecat_0847.jpg,polecat,3
weasel_0826.jpg,weasel,5
otter_0578.jpg,otter,1
pinemarten_0385.jpg,pinemarten,2
mink_0466.jpg,mink,0
mink_0539.jpg,mink,0
polecat_0875.jpg,polecat,3
weasel_0584.jpg,weasel,5
polecat_0341.jpg,polecat,3
polecat_0166.jpg,polecat,3
polecat_0743.jpg,polecat,3
pinemarten_0409.jpg,pinemarten,2
otter_0970.jpg,otter,1
pinemarten_0606.jpg,pinemarten,2
stoat_0362.jpg,stoat,4
polecat_0218.jpg,polecat,3
mink_0988.jpg,mink,0
pinemarten_0722.jpg,pinemarten,2
polecat_0827.jpg,polecat,3
polecat_0048.jpg,polecat,3
pinemarten_0686.jpg,pinemarten,2
pinemarten_0597.jpg,pinemarten,2
stoat_0320.jpg,stoat,4
polecat_0507.jpg,polecat,3
polecat_0137.jpg,polecat,3
weasel_0192.jpg,weasel,5
polecat_0404.jpg,polecat,3
pinemarten_0068.jpg,pinemarten,2
weasel_0364.jpg,weasel,5
weasel_0172.jpg,weasel,5
polecat_0694.jpg,polecat,3
pinemarten_0075.jpg,pinemarten,2
polecat_0720.jpg,polecat,3
pinemarten_0113.jpg,pinemarten,2
weasel_0441.jpg,weasel,5
stoat_0485.jpg,stoat,4
weasel_0320.jpg,weasel,5
otter_0415.jpg,otter,1
stoat_0221.jpg,stoat,4
stoat_0258.jpg,stoat,4
otter_0486.jpg,otter,1
mink_0093.jpg,mink,0
otter_0173.jpg,otter,1
stoat_0264.jpg,stoat,4
pinemarten_0399.jpg,pinemarten,2
weasel_0902.jpg,weasel,5
weasel_0391.jpg,weasel,5
stoat_0065.jpg,stoat,4
polecat_0595.jpg,polecat,3
mink_0263.jpg,mink,0
otter_0838.jpg,otter,1
mink_0026.jpg,mink,0
mink_0450.jpg,mink,0
weasel_0435.jpg,weasel,5
mink_0799.jpg,mink,0
polecat_0175.jpg,polecat,3
weasel_0579.jpg,weasel,5
weasel_0631.jpg,weasel,5
mink_0015.jpg,mink,0
otter_0981.jpg,otter,1
stoat_0891.jpg,stoat,4
weasel_0160.jpg,weasel,5
polecat_0100.jpg,polecat,3
otter_0043.jpg,otter,1
polecat_0468.jpg,polecat,3
otter_0847.jpg,otter,1
polecat_0358.jpg,polecat,3
pinemarten_0333.jpg,pinemarten,2
weasel_0092.jpg,weasel,5
weasel_0102.jpg,weasel,5
weasel_0263.jpg,weasel,5
otter_0969.jpg,otter,1
polecat_0124.jpg,polecat,3
polecat_0331.jpg,polecat,3
mink_0271.jpg,mink,0
mink_0098.jpg,mink,0
mink_0622.jpg,mink,0
stoat_0904.jpg,stoat,4
polecat_0697.jpg,polecat,3
polecat_0854.jpg,polecat,3
otter_0587.jpg,otter,1
pinemarten_0946.jpg,pinemarten,2
polecat_0520.jpg,polecat,3
weasel_0308.jpg,weasel,5
otter_0780.jpg,otter,1
mink_0130.jpg,mink,0
polecat_0334.jpg,polecat,3
weasel_0372.jpg,weasel,5
mink_0935.jpg,mink,0
polecat_0734.jpg,polecat,3
mink_0819.jpg,mink,0
mink_0886.jpg,mink,0
otter_0277.jpg,otter,1
polecat_0463.jpg,polecat,3
otter_0906.jpg,otter,1
polecat_0066.jpg,polecat,3
otter_0048.jpg,otter,1
polecat_0106.jpg,polecat,3
stoat_0268.jpg,stoat,4
pinemarten_0071.jpg,pinemarten,2
weasel_0392.jpg,weasel,5
stoat_0369.jpg,stoat,4
polecat_0079.jpg,polecat,3
weasel_0181.jpg,weasel,5
stoat_0793.jpg,stoat,4
mink_0625.jpg,mink,0
stoat_0834.jpg,stoat,4
stoat_0237.jpg,stoat,4
mink_0170.jpg,mink,0
stoat_0039.jpg,stoat,4
polecat_0302.jpg,polecat,3
weasel_0960.jpg,weasel,5
mink_0037.jpg,mink,0
mink_0953.jpg,mink,0
weasel_0815.jpg,weasel,5
otter_0146.jpg,otter,1
weasel_0140.jpg,weasel,5
pinemarten_0449.jpg,pinemarten,2
polecat_0474.jpg,polecat,3
stoat_0823.jpg,stoat,4
pinemarten_0511.jpg,pinemarten,2
polecat_0071.jpg,polecat,3
weasel_0427.jpg,weasel,5
pinemarten_0001.jpg,pinemarten,2
weasel_0101.jpg,weasel,5
weasel_0310.jpg,weasel,5
otter_0449.jpg,otter,1
otter_0628.jpg,otter,1
polecat_0546.jpg,polecat,3
otter_0992.jpg,otter,1
mink_0943.jpg,mink,0
stoat_0468.jpg,stoat,4
polecat_0902.jpg,polecat,3
weasel_0611.jpg,weasel,5
weasel_0388.jpg,weasel,5
polecat_0857.jpg,polecat,3
otter_0321.jpg,otter,1
stoat_0626.jpg,stoat,4
pinemarten_0891.jpg,pinemarten,2
stoat_0207.jpg,stoat,4
stoat_0296.jpg,stoat,4
weasel_0846.jpg,weasel,5
otter_0096.jpg,otter,1
stoat_0413.jpg,stoat,4
mink_0270.jpg,mink,0
weasel_0115.jpg,weasel,5
stoat_0172.jpg,stoat,4
otter_0672.jpg,otter,1
weasel_0641.jpg,weasel,5
mink_0493.jpg,mink,0
weasel_0107.jpg,weasel,5
polecat_0528.jpg,polecat,3
weasel_0756.jpg,weasel,5
stoat_0699.jpg,stoat,4
polecat_0861.jpg,polecat,3
pinemarten_0290.jpg,pinemarten,2
polecat_0717.jpg,polecat,3
weasel_0897.jpg,weasel,5
polecat_0755.jpg,polecat,3
polecat_0596.jpg,polecat,3
pinemarten_0570.jpg,pinemarten,2
polecat_0968.jpg,polecat,3
mink_0120.jpg,mink,0
stoat_0314.jpg,stoat,4
mink_0921.jpg,mink,0
stoat_0594.jpg,stoat,4
mink_0513.jpg,mink,0
weasel_0802.jpg,weasel,5
pinemarten_0798.jpg,pinemarten,2
stoat_0826.jpg,stoat,4
otter_0528.jpg,otter,1
polecat_0140.jpg,polecat,3
mink_0481.jpg,mink,0
stoat_0287.jpg,stoat,4
otter_0648.jpg,otter,1
mink_0060.jpg,mink,0
mink_0018.jpg,mink,0
weasel_0552.jpg,weasel,5
mink_0512.jpg,mink,0
polecat_0213.jpg,polecat,3
polecat_0798.jpg,polecat,3
stoat_0653.jpg,stoat,4
weasel_0749.jpg,weasel,5
polecat_0598.jpg,polecat,3
pinemarten_0919.jpg,pinemarten,2
stoat_0222.jpg,stoat,4
weasel_0112.jpg,weasel,5
otter_0978.jpg,otter,1
pinemarten_0021.jpg,pinemarten,2
pinemarten_0717.jpg,pinemarten,2
pinemarten_0882.jpg,pinemarten,2
otter_0728.jpg,otter,1
pinemarten_0934.jpg,pinemarten,2
weasel_0031.jpg,weasel,5
polecat_0834.jpg,polecat,3
pinemarten_0982.jpg,pinemarten,2
stoat_0261.jpg,stoat,4
mink_0874.jpg,mink,0
mink_0851.jpg,mink,0
pinemarten_0192.jpg,pinemarten,2
pinemarten_0781.jpg,pinemarten,2
polecat_0611.jpg,polecat,3
pinemarten_0810.jpg,pinemarten,2
otter_0164.jpg,otter,1
weasel_0255.jpg,weasel,5
polecat_0997.jpg,polecat,3
polecat_0730.jpg,polecat,3
weasel_0867.jpg,weasel,5
weasel_0220.jpg,weasel,5
pinemarten_0522.jpg,pinemarten,2
stoat_0739.jpg,stoat,4
otter_0633.jpg,otter,1
weasel_0512.jpg,weasel,5
polecat_0346.jpg,polecat,3
weasel_0001.jpg,weasel,5
otter_0960.jpg,otter,1
mink_0234.jpg,mink,0
polecat_0721.jpg,polecat,3
weasel_0863.jpg,weasel,5
otter_0063.jpg,otter,1
stoat_0316.jpg,stoat,4
polecat_0488.jpg,polecat,3
stoat_0202.jpg,stoat,4
otter_0896.jpg,otter,1
polecat_0963.jpg,polecat,3
polecat_0906.jpg,polecat,3
stoat_0381.jpg,stoat,4
pinemarten_0677.jpg,pinemarten,2
weasel_0270.jpg,weasel,5
polecat_0625.jpg,polecat,3
stoat_0984.jpg,stoat,4
weasel_0421.jpg,weasel,5
pinemarten_0453.jpg,pinemarten,2
polecat_0317.jpg,polecat,3
otter_0136.jpg,otter,1
otter_0669.jpg,otter,1
weasel_0215.jpg,weasel,5
weasel_0925.jpg,weasel,5
mink_0349.jpg,mink,0
otter_0024.jpg,otter,1
weasel_0464.jpg,weasel,5
otter_0995.jpg,otter,1
pinemarten_0964.jpg,pinemarten,2
pinemarten_0149.jpg,pinemarten,2
mink_0226.jpg,mink,0
otter_0764.jpg,otter,1
stoat_0191.jpg,stoat,4
pinemarten_0760.jpg,pinemarten,2
weasel_0091.jpg,weasel,5
polecat_0493.jpg,polecat,3
weasel_0125.jpg,weasel,5
weasel_0379.jpg,weasel,5
stoat_0746.jpg,stoat,4
polecat_0254.jpg,polecat,3
otter_0769.jpg,otter,1
stoat_0426.jpg,stoat,4
otter_0689.jpg,otter,1
mink_0073.jpg,mink,0
mink_0045.jpg,mink,0
mink_0417.jpg,mink,0
mink_0530.jpg,mink,0
otter_0027.jpg,otter,1
otter_0700.jpg,otter,1
weasel_0087.jpg,weasel,5
stoat_0068.jpg,stoat,4
pinemarten_0614.jpg,pinemarten,2
mink_0765.jpg,mink,0
pinemarten_0589.jpg,pinemarten,2
polecat_0402.jpg,polecat,3
mink_0463.jpg,mink,0
stoat_0042.jpg,stoat,4
weasel_0575.jpg,weasel,5
otter_0348.jpg,otter,1
mink_0798.jpg,mink,0
pinemarten_0513.jpg,pinemarten,2
pinemarten_0112.jpg,pinemarten,2
mink_0581.jpg,mink,0
weasel_0677.jpg,weasel,5
mink_0747.jpg,mink,0
polecat_0127.jpg,polecat,3
otter_0435.jpg,otter,1
mink_0663.jpg,mink,0
polecat_0060.jpg,polecat,3
stoat_0512.jpg,stoat,4
weasel_0650.jpg,weasel,5
stoat_0174.jpg,stoat,4
polecat_0583.jpg,polecat,3
pinemarten_0031.jpg,pinemarten,2
pinemarten_0872.jpg,pinemarten,2
otter_0054.jpg,otter,1
mink_0630.jpg,mink,0
otter_0267.jpg,otter,1
otter_0242.jpg,otter,1
weasel_0469.jpg,weasel,5
stoat_0677.jpg,stoat,4
pinemarten_0460.jpg,pinemarten,2
weasel_0381.jpg,weasel,5
weasel_0666.jpg,weasel,5
weasel_0856.jpg,weasel,5
otter_0475.jpg,otter,1
stoat_0135.jpg,stoat,4
polecat_0974.jpg,polecat,3
otter_0880.jpg,otter,1
otter_0955.jpg,otter,1
pinemarten_0592.jpg,pinemarten,2
stoat_0649.jpg,stoat,4
otter_0404.jpg,otter,1
otter_0503.jpg,otter,1
pinemarten_0090.jpg,pinemarten,2
weasel_0766.jpg,weasel,5
stoat_0711.jpg,stoat,4
mink_0916.jpg,mink,0
otter_0260.jpg,otter,1
pinemarten_0247.jpg,pinemarten,2
polecat_0601.jpg,polecat,3
otter_0075.jpg,otter,1
polecat_0881.jpg,polecat,3
pinemarten_0913.jpg,pinemarten,2
stoat_0461.jpg,stoat,4
pinemarten_0119.jpg,pinemarten,2
weasel_0184.jpg,weasel,5
stoat_0168.jpg,stoat,4
otter_0175.jpg,otter,1
otter_0638.jpg,otter,1
otter_0879.jpg,otter,1
pinemarten_0640.jpg,pinemarten,2
mink_0338.jpg,mink,0
otter_0701.jpg,otter,1
polecat_0815.jpg,polecat,3
polecat_0310.jpg,polecat,3
polecat_0351.jpg,polecat,3
stoat_0986.jpg,stoat,4
pinemarten_0898.jpg,pinemarten,2
stoat_0109.jpg,stoat,4
otter_0741.jpg,otter,1
mink_0936.jpg,mink,0
polecat_0038.jpg,polecat,3
polecat_0991.jpg,polecat,3
weasel_0996.jpg,weasel,5
polecat_0685.jpg,polecat,3
weasel_0218.jpg,weasel,5
mink_0689.jpg,mink,0
mink_0769.jpg,mink,0
weasel_0234.jpg,weasel,5
pinemarten_0906.jpg,pinemarten,2
mink_0621.jpg,mink,0
stoat_0266.jpg,stoat,4
stoat_0742.jpg,stoat,4
otter_0045.jpg,otter,1
pinemarten_0718.jpg,pinemarten,2
pinemarten_0002.jpg,pinemarten,2
pinemarten_0993.jpg,pinemarten,2
weasel_0705.jpg,weasel,5
mink_0712.jpg,mink,0
pinemarten_0371.jpg,pinemarten,2
stoat_0919.jpg,stoat,4
mink_0115.jpg,mink,0
mink_0023.jpg,mink,0
weasel_0711.jpg,weasel,5
mink_0236.jpg,mink,0
stoat_0710.jpg,stoat,4
otter_0649.jpg,otter,1
stoat_0063.jpg,stoat,4
polecat_0470.jpg,polecat,3
pinemarten_0183.jpg,pinemarten,2
otter_0854.jpg,otter,1
weasel_0254.jpg,weasel,5
mink_0807.jpg,mink,0
stoat_0178.jpg,stoat,4
polecat_0343.jpg,polecat,3
stoat_0789.jpg,stoat,4
stoat_0521.jpg,stoat,4
mink_0194.jpg,mink,0
pinemarten_0202.jpg,pinemarten,2
mink_0042.jpg,mink,0
stoat_0804.jpg,stoat,4
mink_0278.jpg,mink,0
mink_0657.jpg,mink,0
stoat_0282.jpg,stoat,4
otter_0575.jpg,otter,1
polecat_0908.jpg,polecat,3
weasel_0431.jpg,weasel,5
weasel_0958.jpg,weasel,5
mink_0662.jpg,mink,0
mink_0091.jpg,mink,0
pinemarten_0560.jpg,pinemarten,2
polecat_0529.jpg,polecat,3
weasel_0081.jpg,weasel,5
pinemarten_0508.jpg,pinemarten,2
otter_0837.jpg,otter,1
otter_0884.jpg,otter,1
polecat_0551.jpg,polecat,3
weasel_0845.jpg,weasel,5
pinemarten_0209.jpg,pinemarten,2
mink_0847.jpg,mink,0
mink_0297.jpg,mink,0
weasel_0760.jpg,weasel,5
pinemarten_0803.jpg,pinemarten,2
polecat_0572.jpg,polecat,3
stoat_0597.jpg,stoat,4
pinemarten_0772.jpg,pinemarten,2
polecat_0959.jpg,polecat,3
mink_0533.jpg,mink,0
pinemarten_0630.jpg,pinemarten,2
stoat_0968.jpg,stoat,4
weasel_0648.jpg,weasel,5
weasel_0525.jpg,weasel,5
weasel_0793.jpg,weasel,5
weasel_0543.jpg,weasel,5
pinemarten_0456.jpg,pinemarten,2
polecat_0006.jpg,polecat,3
otter_0314.jpg,otter,1
weasel_0467.jpg,weasel,5
otter_0968.jpg,otter,1
weasel_0243.jpg,weasel,5
weasel_0634.jpg,weasel,5
otter_0100.jpg,otter,1
otter_0478.jpg,otter,1
polecat_0448.jpg,polecat,3
pinemarten_0488.jpg,pinemarten,2
weasel_0633.jpg,weasel,5
otter_0229.jpg,otter,1
polecat_0740.jpg,polecat,3
pinemarten_0099.jpg,pinemarten,2
stoat_0342.jpg,stoat,4
weasel_0910.jpg,weasel,5
mink_0043.jpg,mink,0
otter_0121.jpg,otter,1
weasel_0967.jpg,weasel,5
pinemarten_0958.jpg,pinemarten,2
mink_0308.jpg,mink,0
stoat_0417.jpg,stoat,4
pinemarten_0894.jpg,pinemarten,2
stoat_0040.jpg,stoat,4
stoat_0768.jpg,stoat,4
stoat_0720.jpg,stoat,4
pinemarten_0667.jpg,pinemarten,2
weasel_0773.jpg,weasel,5
polecat_0699.jpg,polecat,3
pinemarten_0828.jpg,pinemarten,2
weasel_0663.jpg,weasel,5
otter_0721.jpg,otter,1
polecat_0046.jpg,polecat,3
pinemarten_0337.jpg,pinemarten,2
pinemarten_0587.jpg,pinemarten,2
otter_0285.jpg,otter,1
mink_0387.jpg,mink,0
polecat_0469.jpg,polecat,3
polecat_0139.jpg,polecat,3
pinemarten_0235.jpg,pinemarten,2
weasel_0393.jpg,weasel,5
pinemarten_0940.jpg,pinemarten,2
stoat_0540.jpg,stoat,4
stoat_0029.jpg,stoat,4
stoat_0538.jpg,stoat,4
mink_0165.jpg,mink,0
otter_0077.jpg,otter,1
otter_0367.jpg,otter,1
stoat_0075.jpg,stoat,4
weasel_0576.jpg,weasel,5
mink_0178.jpg,mink,0
pinemarten_0146.jpg,pinemarten,2
stoat_0623.jpg,stoat,4
weasel_0111.jpg,weasel,5
pinemarten_0948.jpg,pinemarten,2
polecat_0158.jpg,polecat,3
weasel_0265.jpg,weasel,5
pinemarten_0218.jpg,pinemarten,2
weasel_0832.jpg,weasel,5
otter_0408.jpg,otter,1
polecat_0475.jpg,polecat,3
stoat_0658.jpg,stoat,4
mink_0460.jpg,mink,0
weasel_0510.jpg,weasel,5
otter_0276.jpg,otter,1
otter_0074.jpg,otter,1
stoat_0449.jpg,stoat,4
weasel_0581.jpg,weasel,5
polecat_0371.jpg,polecat,3
otter_0316.jpg,otter,1
mink_0105.jpg,mink,0
stoat_0182.jpg,stoat,4
pinemarten_0895.jpg,pinemarten,2
polecat_0952.jpg,polecat,3
polecat_0349.jpg,polecat,3
otter_0006.jpg,otter,1
mink_0163.jpg,mink,0
pinemarten_0626.jpg,pinemarten,2
stoat_0455.jpg,stoat,4
pinemarten_0678.jpg,pinemarten,2
weasel_0376.jpg,weasel,5
stoat_0843.jpg,stoat,4
polecat_0153.jpg,polecat,3
pinemarten_0792.jpg,pinemarten,2
pinemarten_0965.jpg,pinemarten,2
weasel_0698.jpg,weasel,5
weasel_0407.jpg,weasel,5
otter_0338.jpg,otter,1
weasel_0028.jpg,weasel,5
stoat_0994.jpg,stoat,4
stoat_0686.jpg,stoat,4
pinemarten_0997.jpg,pinemarten,2
polecat_0439.jpg,polecat,3
mink_0327.jpg,mink,0
pinemarten_0831.jpg,pinemarten,2
weasel_0940.jpg,weasel,5
polecat_0065.jpg,polecat,3
pinemarten_0483.jpg,pinemarten,2
weasel_0621.jpg,weasel,5
otter_0373.jpg,otter,1
polecat_0165.jpg,polecat,3
mink_0041.jpg,mink,0
otter_0026.jpg,otter,1
otter_0140.jpg,otter,1
weasel_0947.jpg,weasel,5
stoat_0514.jpg,stoat,4
weasel_0294.jpg,weasel,5
polecat_0102.jpg,polecat,3
stoat_0353.jpg,stoat,4
otter_0179.jpg,otter,1
weasel_0871.jpg,weasel,5
polecat_0801.jpg,polecat,3
mink_0948.jpg,mink,0
pinemarten_0725.jpg,pinemarten,2
otter_0381.jpg,otter,1
polecat_0196.jpg,polecat,3
polecat_0347.jpg,polecat,3
weasel_0606.jpg,weasel,5
otter_0767.jpg,otter,1
pinemarten_0431.jpg,pinemarten,2
otter_0397.jpg,otter,1
stoat_0243.jpg,stoat,4
polecat_0541.jpg,polecat,3
pinemarten_0418.jpg,pinemarten,2
weasel_0068.jpg,weasel,5
otter_0641.jpg,otter,1
stoat_0069.jpg,stoat,4
weasel_0999.jpg,weasel,5
otter_0929.jpg,otter,1
weasel_0796.jpg,weasel,5
stoat_0016.jpg,stoat,4
polecat_0274.jpg,polecat,3
mink_0693.jpg,mink,0
stoat_0254.jpg,stoat,4
otter_0119.jpg,otter,1
pinemarten_0045.jpg,pinemarten,2
pinemarten_0732.jpg,pinemarten,2
stoat_0043.jpg,stoat,4
mink_0298.jpg,mink,0
weasel_0688.jpg,weasel,5
stoat_0688.jpg,stoat,4
polecat_0947.jpg,polecat,3
pinemarten_0143.jpg,pinemarten,2
otter_0643.jpg,otter,1
otter_0425.jpg,otter,1
pinemarten_0624.jpg,pinemarten,2
otter_0461.jpg,otter,1
stoat_0753.jpg,stoat,4
pinemarten_0465.jpg,pinemarten,2
stoat_0827.jpg,stoat,4
weasel_0157.jpg,weasel,5
pinemarten_0433.jpg,pinemarten,2
otter_0742.jpg,otter,1
pinemarten_0543.jpg,pinemarten,2
otter_0916.jpg,otter,1
stoat_0376.jpg,stoat,4
pinemarten_0133.jpg,pinemarten,2
stoat_0606.jpg,stoat,4
stoat_0047.jpg,stoat,4
polecat_0593.jpg,polecat,3
mink_0192.jpg,mink,0
weasel_0860.jpg,weasel,5
pinemarten_0373.jpg,pinemarten,2
weasel_0955.jpg,weasel,5
mink_0752.jpg,mink,0
pinemarten_0131.jpg,pinemarten,2
weasel_0674.jpg,weasel,5
otter_0924.jpg,otter,1
polecat_0716.jpg,polecat,3
stoat_0652.jpg,stoat,4
mink_0429.jpg,mink,0
stoat_0922.jpg,stoat,4
polecat_0216.jpg,polecat,3
stoat_0547.jpg,stoat,4
mink_0266.jpg,mink,0
mink_0403.jpg,mink,0
pinemarten_0393.jpg,pinemarten,2
pinemarten_0575.jpg,pinemarten,2
pinemarten_0873.jpg,pinemarten,2
otter_0211.jpg,otter,1
stoat_0422.jpg,stoat,4
otter_0790.jpg,otter,1
stoat_0423.jpg,stoat,4
stoat_0886.jpg,stoat,4
otter_0659.jpg,otter,1
stoat_0581.jpg,stoat,4
mink_0816.jpg,mink,0
polecat_0231.jpg,polecat,3
polecat_0942.jpg,polecat,3
stoat_0662.jpg,stoat,4
weasel_0957.jpg,weasel,5
otter_0011.jpg,otter,1
mink_0004.jpg,mink,0
weasel_0699.jpg,weasel,5
pinemarten_0444.jpg,pinemarten,2
weasel_0149.jpg,weasel,5
mink_0695.jpg,mink,0
mink_0583.jpg,mink,0
otter_0567.jpg,otter,1
stoat_0571.jpg,stoat,4
weasel_0524.jpg,weasel,5
otter_0859.jpg,otter,1
polecat_0290.jpg,polecat,3
stoat_0128.jpg,stoat,4
polecat_0901.jpg,polecat,3
otter_0681.jpg,otter,1
pinemarten_0041.jpg,pinemarten,2
weasel_0010.jpg,weasel,5
stoat_0155.jpg,stoat,4
otter_0625.jpg,otter,1
stoat_0001.jpg,stoat,4
otter_0372.jpg,otter,1
otter_0546.jpg,otter,1
mink_0760.jpg,mink,0
pinemarten_0608.jpg,pinemarten,2
pinemarten_0305.jpg,pinemarten,2
otter_0622.jpg,otter,1
pinemarten_0918.jpg,pinemarten,2
mink_0594.jpg,mink,0
mink_0529.jpg,mink,0
stoat_0803.jpg,stoat,4
mink_0523.jpg,mink,0
polecat_0907.jpg,polecat,3
pinemarten_0435.jpg,pinemarten,2
weasel_0082.jpg,weasel,5
otter_0301.jpg,otter,1
otter_0915.jpg,otter,1
pinemarten_0136.jpg,pinemarten,2
otter_0236.jpg,otter,1
mink_0049.jpg,mink,0
otter_0860.jpg,otter,1
otter_0199.jpg,otter,1
stoat_0897.jpg,stoat,4
mink_0454.jpg,mink,0
otter_0153.jpg,otter,1
otter_0210.jpg,otter,1
pinemarten_0040.jpg,pinemarten,2
polecat_0164.jpg,polecat,3
stoat_0327.jpg,stoat,4
otter_0320.jpg,otter,1
mink_0659.jpg,mink,0
polecat_0797.jpg,polecat,3
stoat_0836.jpg,stoat,4
pinemarten_0067.jpg,pinemarten,2
stoat_0230.jpg,stoat,4
polecat_0444.jpg,polecat,3
pinemarten_0866.jpg,pinemarten,2
mink_0019.jpg,mink,0
polecat_0255.jpg,polecat,3
mink_0914.jpg,mink,0
otter_0554.jpg,otter,1
weasel_0493.jpg,weasel,5
mink_0111.jpg,mink,0
pinemarten_0889.jpg,pinemarten,2
otter_0066.jpg,otter,1
stoat_0917.jpg,stoat,4
weasel_0623.jpg,weasel,5
weasel_0345.jpg,weasel,5
stoat_0997.jpg,stoat,4
weasel_0870.jpg,weasel,5
polecat_0687.jpg,polecat,3
mink_0560.jpg,mink,0
stoat_0022.jpg,stoat,4
polecat_0887.jpg,polecat,3
otter_0519.jpg,otter,1
mink_0628.jpg,mink,0
weasel_0791.jpg,weasel,5
pinemarten_0715.jpg,pinemarten,2
mink_0156.jpg,mink,0
pinemarten_0441.jpg,pinemarten,2
weasel_0020.jpg,weasel,5
otter_0231.jpg,otter,1
stoat_0160.jpg,stoat,4
weasel_0053.jpg,weasel,5
weasel_0405.jpg,weasel,5
pinemarten_0653.jpg,pinemarten,2
otter_0080.jpg,otter,1
mink_0701.jpg,mink,0
mink_0708.jpg,mink,0
weasel_0754.jpg,weasel,5
mink_0780.jpg,mink,0
otter_0975.jpg,otter,1
otter_0034.jpg,otter,1
otter_0086.jpg,otter,1
otter_0033.jpg,otter,1
polecat_0680.jpg,polecat,3
mink_0054.jpg,mink,0
stoat_0747.jpg,stoat,4
weasel_0534.jpg,weasel,5
mink_0932.jpg,mink,0
otter_0965.jpg,otter,1
weasel_0025.jpg,weasel,5
otter_0604.jpg,otter,1
stoat_0898.jpg,stoat,4
pinemarten_0811.jpg,pinemarten,2
stoat_0427.jpg,stoat,4
polecat_0040.jpg,polecat,3
weasel_0930.jpg,weasel,5
mink_0559.jpg,mink,0
mink_0225.jpg,mink,0
mink_0439.jpg,mink,0
polecat_0434.jpg,polecat,3
otter_0835.jpg,otter,1
polecat_0921.jpg,polecat,3
polecat_0913.jpg,polecat,3
pinemarten_0245.jpg,pinemarten,2
polecat_0751.jpg,polecat,3
mink_0856.jpg,mink,0
weasel_0161.jpg,weasel,5
mink_0924.jpg,mink,0
stoat_0092.jpg,stoat,4
pinemarten_0416.jpg,pinemarten,2
polecat_0203.jpg,polecat,3
otter_0247.jpg,otter,1
otter_0957.jpg,otter,1
weasel_0603.jpg,weasel,5
mink_0862.jpg,mink,0
mink_0319.jpg,mink,0
stoat_0210.jpg,stoat,4
mink_0925.jpg,mink,0
polecat_0370.jpg,polecat,3
stoat_0932.jpg,stoat,4
polecat_0911.jpg,polecat,3
mink_0834.jpg,mink,0
otter_0841.jpg,otter,1
weasel_0819.jpg,weasel,5
pinemarten_0358.jpg,pinemarten,2
stoat_0894.jpg,stoat,4
weasel_0511.jpg,weasel,5
mink_0634.jpg,mink,0
mink_0817.jpg,mink,0
otter_0149.jpg,otter,1
pinemarten_0455.jpg,pinemarten,2
mink_0110.jpg,mink,0
stoat_0880.jpg,stoat,4
weasel_0917.jpg,weasel,5
pinemarten_0605.jpg,pinemarten,2
stoat_0647.jpg,stoat,4
pinemarten_0377.jpg,pinemarten,2
pinemarten_0448.jpg,pinemarten,2
stoat_0171.jpg,stoat,4
stoat_0903.jpg,stoat,4
weasel_0857.jpg,weasel,5
mink_0246.jpg,mink,0
mink_0838.jpg,mink,0
pinemarten_0355.jpg,pinemarten,2
stoat_0794.jpg,stoat,4
otter_0998.jpg,otter,1
weasel_0401.jpg,weasel,5
otter_0626.jpg,otter,1
pinemarten_0492.jpg,pinemarten,2
otter_0237.jpg,otter,1
polecat_0427.jpg,polecat,3
otter_0727.jpg,otter,1
stoat_0340.jpg,stoat,4
weasel_0490.jpg,weasel,5
polecat_0864.jpg,polecat,3
polecat_0909.jpg,polecat,3
weasel_0998.jpg,weasel,5
polecat_0376.jpg,polecat,3
pinemarten_0039.jpg,pinemarten,2
weasel_0901.jpg,weasel,5
weasel_0034.jpg,weasel,5
polecat_0772.jpg,polecat,3
weasel_0664.jpg,weasel,5
weasel_0747.jpg,weasel,5
otter_0180.jpg,otter,1
mink_0784.jpg,mink,0
stoat_0689.jpg,stoat,4
otter_0585.jpg,otter,1
stoat_0085.jpg,stoat,4
otter_0952.jpg,otter,1
stoat_0247.jpg,stoat,4
pinemarten_0310.jpg,pinemarten,2
weasel_0261.jpg,weasel,5
pinemarten_0036.jpg,pinemarten,2
stoat_0981.jpg,stoat,4
pinemarten_0417.jpg,pinemarten,2
pinemarten_0324.jpg,pinemarten,2
pinemarten_0753.jpg,pinemarten,2
otter_0545.jpg,otter,1
stoat_0259.jpg,stoat,4
mink_0034.jpg,mink,0
mink_0109.jpg,mink,0
weasel_0532.jpg,weasel,5
mink_0070.jpg,mink,0
polecat_0691.jpg,polecat,3
weasel_0318.jpg,weasel,5
pinemarten_0669.jpg,pinemarten,2
polecat_0672.jpg,polecat,3
stoat_0220.jpg,stoat,4
polecat_0282.jpg,polecat,3
pinemarten_0338.jpg,pinemarten,2
