Custom-classification-epoch,Custom-classification-lr-SGD/pg1,Custom-classification-lr-SGD/pg2,Custom-classification-train_loss,Custom-classification-valid_mac_acc,Custom-classification-valid_mic_acc,step
,0.01,0.01,,,,9
0,,,1.5901418924331665,,,9
,0.01,0.01,,,,19
0,,,1.5769779682159424,,,19
,0.01,0.01,,,,29
0,,,1.7235195636749268,,,29
,0.01,0.01,,,,39
0,,,1.2358510494232178,,,39
,0.01,0.01,,,,49
0,,,2.0527966022491455,,,49
,0.01,0.01,,,,59
0,,,2.0215561389923096,,,59
,0.01,0.01,,,,69
0,,,1.7103056907653809,,,69
,0.01,0.01,,,,79
0,,,1.7510234117507935,,,79
,0.01,0.01,,,,89
0,,,1.7335643768310547,,,89
,0.01,0.01,,,,99
0,,,1.2542445659637451,,,99
,0.01,0.01,,,,109
0,,,1.546285629272461,,,109
0,,,,31.83558464050293,31.762794494628906,116
,0.01,0.01,,,,119
1,,,3.1895813941955566,,,119
,0.01,0.01,,,,129
1,,,1.897965908050537,,,129
,0.01,0.01,,,,139
1,,,1.718406319618225,,,139
,0.01,0.01,,,,149
1,,,1.1478877067565918,,,149
,0.01,0.01,,,,159
1,,,1.4761003255844116,,,159
,0.01,0.01,,,,169
1,,,1.3893084526062012,,,169
,0.01,0.01,,,,179
1,,,1.4401259422302246,,,179
,0.01,0.01,,,,189
1,,,1.398247241973877,,,189
,0.01,0.01,,,,199
1,,,1.6640431880950928,,,199
,0.01,0.01,,,,209
1,,,1.6047260761260986,,,209
,0.01,0.01,,,,219
1,,,1.1372394561767578,,,219
,0.01,0.01,,,,229
1,,,1.4665119647979736,,,229
1,,,,51.220184326171875,51.50284194946289,233
,0.01,0.01,,,,239
2,,,1.110473871231079,,,239
,0.01,0.01,,,,249
2,,,1.3368480205535889,,,249
,0.01,0.01,,,,259
2,,,0.9767583012580872,,,259
,0.01,0.01,,,,269
2,,,0.7509271502494812,,,269
,0.01,0.01,,,,279
2,,,1.177210807800293,,,279
,0.01,0.01,,,,289
2,,,1.0837905406951904,,,289
,0.01,0.01,,,,299
2,,,0.9697738289833069,,,299
,0.01,0.01,,,,309
2,,,0.899188756942749,,,309
,0.01,0.01,,,,319
2,,,1.5706391334533691,,,319
,0.01,0.01,,,,329
2,,,1.8168262243270874,,,329
,0.01,0.01,,,,339
2,,,1.4306302070617676,,,339
,0.01,0.01,,,,349
2,,,1.4165570735931396,,,349
2,,,,55.74895477294922,55.97075653076172,350
,0.01,0.01,,,,359
3,,,1.8280794620513916,,,359
,0.01,0.01,,,,369
3,,,1.1350953578948975,,,369
,0.01,0.01,,,,379
3,,,1.7552469968795776,,,379
,0.01,0.01,,,,389
3,,,1.955296516418457,,,389
,0.01,0.01,,,,399
3,,,2.0119130611419678,,,399
,0.01,0.01,,,,409
3,,,1.6721272468566895,,,409
,0.01,0.01,,,,419
3,,,1.2853820323944092,,,419
,0.01,0.01,,,,429
3,,,1.2357168197631836,,,429
,0.01,0.01,,,,439
3,,,1.3236665725708008,,,439
,0.01,0.01,,,,449
3,,,1.477802038192749,,,449
,0.01,0.01,,,,459
3,,,1.2487486600875854,,,459
3,,,,50.138797760009766,50.12185287475586,467
,0.01,0.01,,,,469
4,,,1.8651809692382812,,,469
,0.01,0.01,,,,479
4,,,1.1855239868164062,,,479
,0.01,0.01,,,,489
4,,,1.1203558444976807,,,489
,0.01,0.01,,,,499
4,,,1.3534224033355713,,,499
,0.01,0.01,,,,509
4,,,1.6887753009796143,,,509
,0.01,0.01,,,,519
4,,,0.8628593683242798,,,519
,0.01,0.01,,,,529
4,,,1.2914791107177734,,,529
,0.01,0.01,,,,539
4,,,1.0836466550827026,,,539
,0.01,0.01,,,,549
4,,,0.5988553762435913,,,549
,0.01,0.01,,,,559
4,,,1.373329997062683,,,559
,0.01,0.01,,,,569
4,,,0.9468564987182617,,,569
,0.01,0.01,,,,579
4,,,1.3447160720825195,,,579
4,,,,47.221981048583984,46.547523498535156,584
,0.01,0.01,,,,589
5,,,1.6225031614303589,,,589
,0.01,0.01,,,,599
5,,,0.8633829355239868,,,599
,0.01,0.01,,,,609
5,,,1.0901556015014648,,,609
,0.01,0.01,,,,619
5,,,2.375054121017456,,,619
,0.01,0.01,,,,629
5,,,1.123782992362976,,,629
,0.01,0.01,,,,639
5,,,0.8455765843391418,,,639
,0.01,0.01,,,,649
5,,,1.0348950624465942,,,649
,0.01,0.01,,,,659
5,,,1.2523207664489746,,,659
,0.01,0.01,,,,669
5,,,1.3839900493621826,,,669
,0.01,0.01,,,,679
5,,,0.8700195550918579,,,679
,0.01,0.01,,,,689
5,,,1.2430763244628906,,,689
,0.01,0.01,,,,699
5,,,1.0146116018295288,,,699
5,,,,51.127071380615234,50.934200286865234,701
,0.01,0.01,,,,709
6,,,1.5156584978103638,,,709
,0.01,0.01,,,,719
6,,,1.1938400268554688,,,719
,0.01,0.01,,,,729
6,,,0.7103786468505859,,,729
,0.01,0.01,,,,739
6,,,0.9768399000167847,,,739
,0.01,0.01,,,,749
6,,,0.667852520942688,,,749
,0.01,0.01,,,,759
6,,,0.9334097504615784,,,759
,0.01,0.01,,,,769
6,,,2.0945887565612793,,,769
,0.01,0.01,,,,779
6,,,1.0450236797332764,,,779
,0.01,0.01,,,,789
6,,,0.9882422685623169,,,789
,0.01,0.01,,,,799
6,,,0.7253549098968506,,,799
,0.01,0.01,,,,809
6,,,0.8921096324920654,,,809
6,,,,54.923641204833984,54.50852966308594,818
,0.01,0.01,,,,819
7,,,1.1020500659942627,,,819
,0.01,0.01,,,,829
7,,,1.045639157295227,,,829
,0.01,0.01,,,,839
7,,,0.5518411993980408,,,839
,0.01,0.01,,,,849
7,,,0.9121323823928833,,,849
,0.01,0.01,,,,859
7,,,0.7499686479568481,,,859
,0.01,0.01,,,,869
7,,,0.947852611541748,,,869
,0.01,0.01,,,,879
7,,,1.0004117488861084,,,879
,0.01,0.01,,,,889
7,,,1.010495901107788,,,889
,0.01,0.01,,,,899
7,,,0.9649216532707214,,,899
,0.01,0.01,,,,909
7,,,0.8630753755569458,,,909
,0.01,0.01,,,,919
7,,,0.8929691910743713,,,919
,0.01,0.01,,,,929
7,,,0.8995180130004883,,,929
7,,,,60.801029205322266,60.601139068603516,935
,0.01,0.01,,,,939
8,,,1.2087912559509277,,,939
,0.01,0.01,,,,949
8,,,1.051153302192688,,,949
,0.01,0.01,,,,959
8,,,0.8698871731758118,,,959
,0.01,0.01,,,,969
8,,,1.0311447381973267,,,969
,0.01,0.01,,,,979
8,,,0.9912402629852295,,,979
,0.01,0.01,,,,989
8,,,0.5579854249954224,,,989
,0.01,0.01,,,,999
8,,,1.1362024545669556,,,999
,0.01,0.01,,,,1009
8,,,0.8013945817947388,,,1009
,0.01,0.01,,,,1019
8,,,0.5958287715911865,,,1019
,0.01,0.01,,,,1029
8,,,0.7564213275909424,,,1029
,0.01,0.01,,,,1039
8,,,0.8715788722038269,,,1039
,0.01,0.01,,,,1049
8,,,0.563258171081543,,,1049
8,,,,67.78164672851562,67.8310317993164,1052
,0.01,0.01,,,,1059
9,,,0.8921803832054138,,,1059
,0.01,0.01,,,,1069
9,,,0.9703420400619507,,,1069
,0.01,0.01,,,,1079
9,,,0.3934866487979889,,,1079
,0.01,0.01,,,,1089
9,,,0.8004185557365417,,,1089
,0.01,0.01,,,,1099
9,,,0.6710346937179565,,,1099
,0.01,0.01,,,,1109
9,,,0.9031751751899719,,,1109
,0.01,0.01,,,,1119
9,,,1.17234206199646,,,1119
,0.01,0.01,,,,1129
9,,,1.0748811960220337,,,1129
,0.01,0.01,,,,1139
9,,,0.7050400972366333,,,1139
,0.01,0.01,,,,1149
9,,,0.9058104753494263,,,1149
,0.01,0.01,,,,1159
9,,,0.78647381067276,,,1159
,0.01,0.01,,,,1169
9,,,2.2198970317840576,,,1169
9,,,,61.392642974853516,61.16978073120117,1169
,0.001,0.001,,,,1179
10,,,0.8306076526641846,,,1179
,0.001,0.001,,,,1189
10,,,0.924493670463562,,,1189
,0.001,0.001,,,,1199
10,,,0.8312665224075317,,,1199
,0.001,0.001,,,,1209
10,,,0.6678498983383179,,,1209
,0.001,0.001,,,,1219
10,,,0.4757157564163208,,,1219
,0.001,0.001,,,,1229
10,,,0.7690542936325073,,,1229
,0.001,0.001,,,,1239
10,,,0.960336446762085,,,1239
,0.001,0.001,,,,1249
10,,,0.5879623293876648,,,1249
,0.001,0.001,,,,1259
10,,,0.44577503204345703,,,1259
,0.001,0.001,,,,1269
10,,,0.42655158042907715,,,1269
,0.001,0.001,,,,1279
10,,,0.4216395318508148,,,1279
10,,,,68.82633209228516,68.96831512451172,1286
,0.001,0.001,,,,1289
11,,,0.4676932394504547,,,1289
,0.001,0.001,,,,1299
11,,,0.4412100315093994,,,1299
,0.001,0.001,,,,1309
11,,,0.5253878831863403,,,1309
,0.001,0.001,,,,1319
11,,,0.46314987540245056,,,1319
,0.001,0.001,,,,1329
11,,,0.5412378311157227,,,1329
,0.001,0.001,,,,1339
11,,,0.4133344888687134,,,1339
,0.001,0.001,,,,1349
11,,,0.271314412355423,,,1349
,0.001,0.001,,,,1359
11,,,0.5253030061721802,,,1359
,0.001,0.001,,,,1369
11,,,0.36573895812034607,,,1369
,0.001,0.001,,,,1379
11,,,0.48218008875846863,,,1379
,0.001,0.001,,,,1389
11,,,0.40670955181121826,,,1389
,0.001,0.001,,,,1399
11,,,0.272455096244812,,,1399
11,,,,71.77389526367188,71.89276885986328,1403
,0.001,0.001,,,,1409
12,,,0.3723210394382477,,,1409
,0.001,0.001,,,,1419
12,,,0.444777250289917,,,1419
,0.001,0.001,,,,1429
12,,,0.7018024921417236,,,1429
,0.001,0.001,,,,1439
12,,,0.44005364179611206,,,1439
,0.001,0.001,,,,1449
12,,,0.3736390471458435,,,1449
,0.001,0.001,,,,1459
12,,,0.34439143538475037,,,1459
,0.001,0.001,,,,1469
12,,,0.40384218096733093,,,1469
,0.001,0.001,,,,1479
12,,,0.4729970395565033,,,1479
,0.001,0.001,,,,1489
12,,,0.47915560007095337,,,1489
,0.001,0.001,,,,1499
12,,,0.5013852119445801,,,1499
,0.001,0.001,,,,1509
12,,,0.30675894021987915,,,1509
,0.001,0.001,,,,1519
12,,,0.8248764276504517,,,1519
12,,,,71.87606048583984,71.97400665283203,1520
,0.001,0.001,,,,1529
13,,,0.47305384278297424,,,1529
,0.001,0.001,,,,1539
13,,,0.4387267231941223,,,1539
,0.001,0.001,,,,1549
13,,,0.715854287147522,,,1549
,0.001,0.001,,,,1559
13,,,0.6142177581787109,,,1559
,0.001,0.001,,,,1569
13,,,0.4272986948490143,,,1569
,0.001,0.001,,,,1579
13,,,0.7244066596031189,,,1579
,0.001,0.001,,,,1589
13,,,0.5296107530593872,,,1589
,0.001,0.001,,,,1599
13,,,0.3657245635986328,,,1599
,0.001,0.001,,,,1609
13,,,0.4969547688961029,,,1609
,0.001,0.001,,,,1619
13,,,0.4225148856639862,,,1619
,0.001,0.001,,,,1629
13,,,0.48635542392730713,,,1629
13,,,,72.15232849121094,72.29894256591797,1637
,0.001,0.001,,,,1639
14,,,0.5267446041107178,,,1639
,0.001,0.001,,,,1649
14,,,0.2656136155128479,,,1649
,0.001,0.001,,,,1659
14,,,0.2945289611816406,,,1659
,0.001,0.001,,,,1669
14,,,0.8944441080093384,,,1669
,0.001,0.001,,,,1679
14,,,0.5069291591644287,,,1679
,0.001,0.001,,,,1689
14,,,0.6234040856361389,,,1689
,0.001,0.001,,,,1699
14,,,0.7661218047142029,,,1699
,0.001,0.001,,,,1709
14,,,0.44048386812210083,,,1709
,0.001,0.001,,,,1719
14,,,0.5889873504638672,,,1719
,0.001,0.001,,,,1729
14,,,0.2740297317504883,,,1729
,0.001,0.001,,,,1739
14,,,0.8286094665527344,,,1739
,0.001,0.001,,,,1749
14,,,0.44635307788848877,,,1749
14,,,,73.07147979736328,73.1925277709961,1754
,0.001,0.001,,,,1759
15,,,0.3483831286430359,,,1759
,0.001,0.001,,,,1769
15,,,0.36877965927124023,,,1769
,0.001,0.001,,,,1779
15,,,0.3721793293952942,,,1779
,0.001,0.001,,,,1789
15,,,0.3061407804489136,,,1789
,0.001,0.001,,,,1799
15,,,0.19962286949157715,,,1799
,0.001,0.001,,,,1809
15,,,0.281422883272171,,,1809
,0.001,0.001,,,,1819
15,,,0.4931429624557495,,,1819
,0.001,0.001,,,,1829
15,,,0.4284360706806183,,,1829
,0.001,0.001,,,,1839
15,,,0.33866387605667114,,,1839
,0.001,0.001,,,,1849
15,,,0.2770038843154907,,,1849
,0.001,0.001,,,,1859
15,,,0.47541341185569763,,,1859
,0.001,0.001,,,,1869
15,,,0.32464370131492615,,,1869
15,,,,72.34061431884766,72.46141052246094,1871
,0.001,0.001,,,,1879
16,,,0.2902753949165344,,,1879
,0.001,0.001,,,,1889
16,,,0.37583303451538086,,,1889
,0.001,0.001,,,,1899
16,,,0.3762664198875427,,,1899
,0.001,0.001,,,,1909
16,,,0.32440829277038574,,,1909
,0.001,0.001,,,,1919
16,,,0.43605974316596985,,,1919
,0.001,0.001,,,,1929
16,,,0.41930633783340454,,,1929
,0.001,0.001,,,,1939
16,,,0.4007575809955597,,,1939
,0.001,0.001,,,,1949
16,,,0.41825950145721436,,,1949
,0.001,0.001,,,,1959
16,,,0.3394191563129425,,,1959
,0.001,0.001,,,,1969
16,,,0.5482199192047119,,,1969
,0.001,0.001,,,,1979
16,,,0.19135820865631104,,,1979
16,,,,72.59048461914062,72.70511627197266,1988
,0.001,0.001,,,,1989
17,,,0.3435744643211365,,,1989
,0.001,0.001,,,,1999
17,,,0.2592122256755829,,,1999
,0.001,0.001,,,,2009
17,,,0.3930450975894928,,,2009
,0.001,0.001,,,,2019
17,,,0.24920794367790222,,,2019
,0.001,0.001,,,,2029
17,,,0.5267918705940247,,,2029
,0.001,0.001,,,,2039
17,,,0.36659276485443115,,,2039
,0.001,0.001,,,,2049
17,,,0.39342308044433594,,,2049
,0.001,0.001,,,,2059
17,,,0.26336318254470825,,,2059
,0.001,0.001,,,,2069
17,,,0.35185012221336365,,,2069
,0.001,0.001,,,,2079
17,,,0.7276808023452759,,,2079
,0.001,0.001,,,,2089
17,,,0.28628265857696533,,,2089
,0.001,0.001,,,,2099
17,,,0.6520388126373291,,,2099
17,,,,71.9624252319336,72.05523681640625,2105
,0.001,0.001,,,,2109
18,,,0.36982262134552,,,2109
,0.001,0.001,,,,2119
18,,,0.26942482590675354,,,2119
,0.001,0.001,,,,2129
18,,,0.1800100952386856,,,2129
,0.001,0.001,,,,2139
18,,,0.2632003128528595,,,2139
,0.001,0.001,,,,2149
18,,,0.590436577796936,,,2149
,0.001,0.001,,,,2159
18,,,0.17353245615959167,,,2159
,0.001,0.001,,,,2169
18,,,0.35676804184913635,,,2169
,0.001,0.001,,,,2179
18,,,0.24970729649066925,,,2179
,0.001,0.001,,,,2189
18,,,0.280246376991272,,,2189
,0.001,0.001,,,,2199
18,,,0.25378066301345825,,,2199
,0.001,0.001,,,,2209
18,,,0.3569025993347168,,,2209
,0.001,0.001,,,,2219
18,,,0.37557876110076904,,,2219
18,,,,73.52831268310547,73.59870147705078,2222
,0.001,0.001,,,,2229
19,,,0.4940991699695587,,,2229
,0.001,0.001,,,,2239
19,,,0.18745383620262146,,,2239
,0.001,0.001,,,,2249
19,,,0.3193114399909973,,,2249
,0.001,0.001,,,,2259
19,,,0.1145082414150238,,,2259
,0.001,0.001,,,,2269
19,,,0.275150865316391,,,2269
,0.001,0.001,,,,2279
19,,,0.5377846956253052,,,2279
,0.001,0.001,,,,2289
19,,,0.4354065954685211,,,2289
,0.001,0.001,,,,2299
19,,,0.249235138297081,,,2299
,0.001,0.001,,,,2309
19,,,0.38199707865715027,,,2309
,0.001,0.001,,,,2319
19,,,0.17939630150794983,,,2319
,0.001,0.001,,,,2329
19,,,0.6217821836471558,,,2329
,0.001,0.001,,,,2339
19,,,1.2942206859588623,,,2339
19,,,,73.29624938964844,73.35499572753906,2339
,0.0001,0.0001,,,,2349
20,,,0.1880834400653839,,,2349
,0.0001,0.0001,,,,2359
20,,,0.1744007021188736,,,2359
,0.0001,0.0001,,,,2369
20,,,0.3017295002937317,,,2369
,0.0001,0.0001,,,,2379
20,,,0.23700657486915588,,,2379
,0.0001,0.0001,,,,2389
20,,,0.2956363558769226,,,2389
,0.0001,0.0001,,,,2399
20,,,0.4965692460536957,,,2399
,0.0001,0.0001,,,,2409
20,,,0.5780420303344727,,,2409
,0.0001,0.0001,,,,2419
20,,,0.47223415970802307,,,2419
,0.0001,0.0001,,,,2429
20,,,0.2567234933376312,,,2429
,0.0001,0.0001,,,,2439
20,,,0.47394704818725586,,,2439
,0.0001,0.0001,,,,2449
20,,,0.4286766052246094,,,2449
20,,,,72.63605499267578,72.70511627197266,2456
,0.0001,0.0001,,,,2459
21,,,0.30224111676216125,,,2459
,0.0001,0.0001,,,,2469
21,,,0.4352164566516876,,,2469
,0.0001,0.0001,,,,2479
21,,,0.21479815244674683,,,2479
,0.0001,0.0001,,,,2489
21,,,0.16095522046089172,,,2489
,0.0001,0.0001,,,,2499
21,,,0.2960543632507324,,,2499
,0.0001,0.0001,,,,2509
21,,,0.2940080165863037,,,2509
,0.0001,0.0001,,,,2519
21,,,0.14553606510162354,,,2519
,0.0001,0.0001,,,,2529
21,,,0.3786783218383789,,,2529
,0.0001,0.0001,,,,2539
21,,,0.280027836561203,,,2539
,0.0001,0.0001,,,,2549
21,,,0.1850859671831131,,,2549
,0.0001,0.0001,,,,2559
21,,,0.20577475428581238,,,2559
,0.0001,0.0001,,,,2569
21,,,0.3230038583278656,,,2569
21,,,,72.96929168701172,73.03005981445312,2573
,0.0001,0.0001,,,,2579
22,,,0.2279227077960968,,,2579
,0.0001,0.0001,,,,2589
22,,,0.20814642310142517,,,2589
,0.0001,0.0001,,,,2599
22,,,0.44380491971969604,,,2599
,0.0001,0.0001,,,,2609
22,,,0.25384336709976196,,,2609
,0.0001,0.0001,,,,2619
22,,,0.3479728102684021,,,2619
,0.0001,0.0001,,,,2629
22,,,0.3962971568107605,,,2629
,0.0001,0.0001,,,,2639
22,,,0.3332195281982422,,,2639
,0.0001,0.0001,,,,2649
22,,,0.7243326902389526,,,2649
,0.0001,0.0001,,,,2659
22,,,0.20265892148017883,,,2659
,0.0001,0.0001,,,,2669
22,,,0.2838059067726135,,,2669
,0.0001,0.0001,,,,2679
22,,,0.25438374280929565,,,2679
,0.0001,0.0001,,,,2689
22,,,0.4895996153354645,,,2689
22,,,,73.20014953613281,73.27375793457031,2690
,0.0001,0.0001,,,,2699
23,,,0.4051480293273926,,,2699
,0.0001,0.0001,,,,2709
23,,,0.3188394606113434,,,2709
,0.0001,0.0001,,,,2719
23,,,0.09817957133054733,,,2719
,0.0001,0.0001,,,,2729
23,,,0.23061057925224304,,,2729
,0.0001,0.0001,,,,2739
23,,,0.17623081803321838,,,2739
,0.0001,0.0001,,,,2749
23,,,0.3143085539340973,,,2749
,0.0001,0.0001,,,,2759
23,,,0.29873770475387573,,,2759
,0.0001,0.0001,,,,2769
23,,,0.29034852981567383,,,2769
,0.0001,0.0001,,,,2779
23,,,0.3019956648349762,,,2779
,0.0001,0.0001,,,,2789
23,,,0.3792962431907654,,,2789
,0.0001,0.0001,,,,2799
23,,,0.3019840121269226,,,2799
23,,,,72.39675903320312,72.46141052246094,2807
,0.0001,0.0001,,,,2809
24,,,0.2934514284133911,,,2809
,0.0001,0.0001,,,,2819
24,,,0.28402161598205566,,,2819
,0.0001,0.0001,,,,2829
24,,,0.1600908786058426,,,2829
,0.0001,0.0001,,,,2839
24,,,0.2388448566198349,,,2839
,0.0001,0.0001,,,,2849
24,,,0.21580347418785095,,,2849
,0.0001,0.0001,,,,2859
24,,,0.12383165955543518,,,2859
,0.0001,0.0001,,,,2869
24,,,0.29230278730392456,,,2869
,0.0001,0.0001,,,,2879
24,,,0.3643406629562378,,,2879
,0.0001,0.0001,,,,2889
24,,,0.4205395579338074,,,2889
,0.0001,0.0001,,,,2899
24,,,0.29889655113220215,,,2899
,0.0001,0.0001,,,,2909
24,,,0.26056572794914246,,,2909
,0.0001,0.0001,,,,2919
24,,,0.29852986335754395,,,2919
24,,,,72.97068786621094,73.03005981445312,2924
,0.0001,0.0001,,,,2929
25,,,0.38332846760749817,,,2929
,0.0001,0.0001,,,,2939
25,,,0.3533323109149933,,,2939
,0.0001,0.0001,,,,2949
25,,,0.3863789737224579,,,2949
,0.0001,0.0001,,,,2959
25,,,0.22209089994430542,,,2959
,0.0001,0.0001,,,,2969
25,,,0.47831910848617554,,,2969
,0.0001,0.0001,,,,2979
25,,,0.2717245817184448,,,2979
,0.0001,0.0001,,,,2989
25,,,0.21977141499519348,,,2989
,0.0001,0.0001,,,,2999
25,,,0.4258461594581604,,,2999
,0.0001,0.0001,,,,3009
25,,,0.296250581741333,,,3009
,0.0001,0.0001,,,,3019
25,,,0.39194774627685547,,,3019
,0.0001,0.0001,,,,3029
25,,,0.22524458169937134,,,3029
,0.0001,0.0001,,,,3039
25,,,0.2631951570510864,,,3039
25,,,,72.31065368652344,72.38018035888672,3041
,0.0001,0.0001,,,,3049
26,,,0.18934987485408783,,,3049
,0.0001,0.0001,,,,3059
26,,,0.415637731552124,,,3059
,0.0001,0.0001,,,,3069
26,,,0.17279420793056488,,,3069
,0.0001,0.0001,,,,3079
26,,,0.21716399490833282,,,3079
,0.0001,0.0001,,,,3089
26,,,0.3562200665473938,,,3089
,0.0001,0.0001,,,,3099
26,,,0.20931735634803772,,,3099
,0.0001,0.0001,,,,3109
26,,,0.23047025501728058,,,3109
,0.0001,0.0001,,,,3119
26,,,0.11336394399404526,,,3119
,0.0001,0.0001,,,,3129
26,,,0.40282073616981506,,,3129
,0.0001,0.0001,,,,3139
26,,,0.33272212743759155,,,3139
,0.0001,0.0001,,,,3149
26,,,0.11968947947025299,,,3149
26,,,,73.00863647460938,73.11128997802734,3158
,0.0001,0.0001,,,,3159
27,,,0.3168572783470154,,,3159
,0.0001,0.0001,,,,3169
27,,,0.20055824518203735,,,3169
,0.0001,0.0001,,,,3179
27,,,0.2391563504934311,,,3179
,0.0001,0.0001,,,,3189
27,,,0.2897883653640747,,,3189
,0.0001,0.0001,,,,3199
27,,,0.241613507270813,,,3199
,0.0001,0.0001,,,,3209
27,,,0.4638940095901489,,,3209
,0.0001,0.0001,,,,3219
27,,,0.3685024082660675,,,3219
,0.0001,0.0001,,,,3229
27,,,0.3084262013435364,,,3229
,0.0001,0.0001,,,,3239
27,,,0.3355022668838501,,,3239
,0.0001,0.0001,,,,3249
27,,,0.30831852555274963,,,3249
,0.0001,0.0001,,,,3259
27,,,0.3891752362251282,,,3259
,0.0001,0.0001,,,,3269
27,,,0.1533232033252716,,,3269
27,,,,73.06185913085938,73.1925277709961,3275
,0.0001,0.0001,,,,3279
28,,,0.29234620928764343,,,3279
,0.0001,0.0001,,,,3289
28,,,0.606895387172699,,,3289
,0.0001,0.0001,,,,3299
28,,,0.29026317596435547,,,3299
,0.0001,0.0001,,,,3309
28,,,0.34576845169067383,,,3309
,0.0001,0.0001,,,,3319
28,,,0.25169458985328674,,,3319
,0.0001,0.0001,,,,3329
28,,,0.2715378701686859,,,3329
,0.0001,0.0001,,,,3339
28,,,0.26411333680152893,,,3339
,0.0001,0.0001,,,,3349
28,,,0.2465561032295227,,,3349
,0.0001,0.0001,,,,3359
28,,,0.23963779211044312,,,3359
,0.0001,0.0001,,,,3369
28,,,0.3939927816390991,,,3369
,0.0001,0.0001,,,,3379
28,,,0.4557914137840271,,,3379
,0.0001,0.0001,,,,3389
28,,,0.1287480890750885,,,3389
28,,,,72.67098236083984,72.7863540649414,3392
,0.0001,0.0001,,,,3399
29,,,0.20530791580677032,,,3399
,0.0001,0.0001,,,,3409
29,,,0.1644090861082077,,,3409
,0.0001,0.0001,,,,3419
29,,,0.3418310880661011,,,3419
,0.0001,0.0001,,,,3429
29,,,0.36443665623664856,,,3429
,0.0001,0.0001,,,,3439
29,,,0.15842044353485107,,,3439
,0.0001,0.0001,,,,3449
29,,,0.20464496314525604,,,3449
,0.0001,0.0001,,,,3459
29,,,0.16720594465732574,,,3459
,0.0001,0.0001,,,,3469
29,,,0.29231947660446167,,,3469
,0.0001,0.0001,,,,3479
29,,,0.28740763664245605,,,3479
,0.0001,0.0001,,,,3489
29,,,0.3589048981666565,,,3489
,0.0001,0.0001,,,,3499
29,,,0.2438824325799942,,,3499
,0.0001,0.0001,,,,3509
29,,,1.3000271320343018,,,3509
29,,,,73.05641174316406,73.11128997802734,3509
,1e-05,1e-05,,,,3519
30,,,0.4579257369041443,,,3519
,1e-05,1e-05,,,,3529
30,,,0.48375797271728516,,,3529
,1e-05,1e-05,,,,3539
30,,,0.3793901801109314,,,3539
,1e-05,1e-05,,,,3549
30,,,0.21906986832618713,,,3549
,1e-05,1e-05,,,,3559
30,,,0.37217310070991516,,,3559
,1e-05,1e-05,,,,3569
30,,,0.435566246509552,,,3569
,1e-05,1e-05,,,,3579
30,,,0.339891254901886,,,3579
,1e-05,1e-05,,,,3589
30,,,0.2801535129547119,,,3589
,1e-05,1e-05,,,,3599
30,,,0.23185081779956818,,,3599
,1e-05,1e-05,,,,3609
30,,,0.5454387068748474,,,3609
,1e-05,1e-05,,,,3619
30,,,0.6568466424942017,,,3619
30,,,,73.07306671142578,73.1925277709961,3626
,1e-05,1e-05,,,,3629
31,,,0.28516191244125366,,,3629
,1e-05,1e-05,,,,3639
31,,,0.40070393681526184,,,3639
,1e-05,1e-05,,,,3649
31,,,0.45875638723373413,,,3649
,1e-05,1e-05,,,,3659
31,,,0.2527258098125458,,,3659
,1e-05,1e-05,,,,3669
31,,,0.4968253970146179,,,3669
,1e-05,1e-05,,,,3679
31,,,0.14595970511436462,,,3679
,1e-05,1e-05,,,,3689
31,,,0.4656744599342346,,,3689
,1e-05,1e-05,,,,3699
31,,,0.11552125960588455,,,3699
,1e-05,1e-05,,,,3709
31,,,0.4667704999446869,,,3709
,1e-05,1e-05,,,,3719
31,,,0.10775773972272873,,,3719
,1e-05,1e-05,,,,3729
31,,,0.23148560523986816,,,3729
,1e-05,1e-05,,,,3739
31,,,0.28122830390930176,,,3739
31,,,,72.38856506347656,72.46141052246094,3743
,1e-05,1e-05,,,,3749
32,,,0.22429776191711426,,,3749
,1e-05,1e-05,,,,3759
32,,,0.3732745051383972,,,3759
,1e-05,1e-05,,,,3769
32,,,0.2783142924308777,,,3769
,1e-05,1e-05,,,,3779
32,,,0.22608426213264465,,,3779
,1e-05,1e-05,,,,3789
32,,,0.23069559037685394,,,3789
,1e-05,1e-05,,,,3799
32,,,0.3597533106803894,,,3799
,1e-05,1e-05,,,,3809
32,,,0.344075083732605,,,3809
,1e-05,1e-05,,,,3819
32,,,0.2197219282388687,,,3819
,1e-05,1e-05,,,,3829
32,,,0.22834642231464386,,,3829
,1e-05,1e-05,,,,3839
32,,,0.1850770115852356,,,3839
,1e-05,1e-05,,,,3849
32,,,0.472621887922287,,,3849
,1e-05,1e-05,,,,3859
32,,,0.09287893772125244,,,3859
32,,,,72.43733215332031,72.46141052246094,3860
,1e-05,1e-05,,,,3869
33,,,0.2477363646030426,,,3869
,1e-05,1e-05,,,,3879
33,,,0.18643245100975037,,,3879
,1e-05,1e-05,,,,3889
33,,,0.32946228981018066,,,3889
,1e-05,1e-05,,,,3899
33,,,0.14301015436649323,,,3899
,1e-05,1e-05,,,,3909
33,,,0.10762442648410797,,,3909
,1e-05,1e-05,,,,3919
33,,,0.11505796015262604,,,3919
,1e-05,1e-05,,,,3929
33,,,0.33055827021598816,,,3929
,1e-05,1e-05,,,,3939
33,,,0.2430667281150818,,,3939
,1e-05,1e-05,,,,3949
33,,,0.21325799822807312,,,3949
,1e-05,1e-05,,,,3959
33,,,0.1872004270553589,,,3959
,1e-05,1e-05,,,,3969
33,,,0.3271632194519043,,,3969
33,,,,72.74085235595703,72.7863540649414,3977
,1e-05,1e-05,,,,3979
34,,,0.3041662275791168,,,3979
,1e-05,1e-05,,,,3989
34,,,0.26786261796951294,,,3989
,1e-05,1e-05,,,,3999
34,,,0.15958130359649658,,,3999
,1e-05,1e-05,,,,4009
34,,,0.6655386686325073,,,4009
,1e-05,1e-05,,,,4019
34,,,0.1327451914548874,,,4019
,1e-05,1e-05,,,,4029
34,,,0.13961729407310486,,,4029
,1e-05,1e-05,,,,4039
34,,,0.34833359718322754,,,4039
,1e-05,1e-05,,,,4049
34,,,0.27254223823547363,,,4049
,1e-05,1e-05,,,,4059
34,,,0.21766002476215363,,,4059
,1e-05,1e-05,,,,4069
34,,,0.2182844579219818,,,4069
,1e-05,1e-05,,,,4079
34,,,0.24152347445487976,,,4079
,1e-05,1e-05,,,,4089
34,,,0.25837674736976624,,,4089
34,,,,72.1972427368164,72.21771240234375,4094
,1e-05,1e-05,,,,4099
35,,,0.23598408699035645,,,4099
,1e-05,1e-05,,,,4109
35,,,0.24584650993347168,,,4109
,1e-05,1e-05,,,,4119
35,,,0.4277125895023346,,,4119
,1e-05,1e-05,,,,4129
35,,,0.38247621059417725,,,4129
,1e-05,1e-05,,,,4139
35,,,0.08224832266569138,,,4139
,1e-05,1e-05,,,,4149
35,,,0.37828993797302246,,,4149
,1e-05,1e-05,,,,4159
35,,,0.2090863734483719,,,4159
,1e-05,1e-05,,,,4169
35,,,0.3376551866531372,,,4169
,1e-05,1e-05,,,,4179
35,,,0.3740314245223999,,,4179
,1e-05,1e-05,,,,4189
35,,,0.453999787569046,,,4189
,1e-05,1e-05,,,,4199
35,,,0.1364801824092865,,,4199
,1e-05,1e-05,,,,4209
35,,,0.3506976068019867,,,4209
35,,,,72.9208984375,72.94882202148438,4211
,1e-05,1e-05,,,,4219
36,,,0.15483151376247406,,,4219
,1e-05,1e-05,,,,4229
36,,,0.2663309574127197,,,4229
,1e-05,1e-05,,,,4239
36,,,0.3120710849761963,,,4239
,1e-05,1e-05,,,,4249
36,,,0.3040847182273865,,,4249
,1e-05,1e-05,,,,4259
36,,,0.21572990715503693,,,4259
,1e-05,1e-05,,,,4269
36,,,0.25736159086227417,,,4269
,1e-05,1e-05,,,,4279
36,,,0.23778218030929565,,,4279
,1e-05,1e-05,,,,4289
36,,,0.21912771463394165,,,4289
,1e-05,1e-05,,,,4299
36,,,0.2821562886238098,,,4299
,1e-05,1e-05,,,,4309
36,,,0.18837344646453857,,,4309
,1e-05,1e-05,,,,4319
36,,,0.25602927803993225,,,4319
36,,,,73.10777282714844,73.1925277709961,4328
,1e-05,1e-05,,,,4329
37,,,0.22141261398792267,,,4329
,1e-05,1e-05,,,,4339
37,,,0.13403302431106567,,,4339
,1e-05,1e-05,,,,4349
37,,,0.4123288691043854,,,4349
,1e-05,1e-05,,,,4359
37,,,0.5189926028251648,,,4359
,1e-05,1e-05,,,,4369
37,,,0.29197925329208374,,,4369
,1e-05,1e-05,,,,4379
37,,,0.18141545355319977,,,4379
,1e-05,1e-05,,,,4389
37,,,0.17042756080627441,,,4389
,1e-05,1e-05,,,,4399
37,,,0.14886315166950226,,,4399
,1e-05,1e-05,,,,4409
37,,,0.1978621482849121,,,4409
,1e-05,1e-05,,,,4419
37,,,0.31986796855926514,,,4419
,1e-05,1e-05,,,,4429
37,,,0.4260634779930115,,,4429
,1e-05,1e-05,,,,4439
37,,,0.1987278312444687,,,4439
37,,,,73.25534057617188,73.35499572753906,4445
,1e-05,1e-05,,,,4449
38,,,0.2810136675834656,,,4449
,1e-05,1e-05,,,,4459
38,,,0.10480853170156479,,,4459
,1e-05,1e-05,,,,4469
38,,,0.1893082559108734,,,4469
,1e-05,1e-05,,,,4479
38,,,0.19519469141960144,,,4479
,1e-05,1e-05,,,,4489
38,,,0.3141000270843506,,,4489
,1e-05,1e-05,,,,4499
38,,,0.16015397012233734,,,4499
,1e-05,1e-05,,,,4509
38,,,0.2901754379272461,,,4509
,1e-05,1e-05,,,,4519
38,,,0.1770106554031372,,,4519
,1e-05,1e-05,,,,4529
38,,,0.33145010471343994,,,4529
,1e-05,1e-05,,,,4539
38,,,0.15484163165092468,,,4539
,1e-05,1e-05,,,,4549
38,,,0.2107781171798706,,,4549
,1e-05,1e-05,,,,4559
38,,,0.1792634129524231,,,4559
38,,,,72.08167266845703,72.21771240234375,4562
,1e-05,1e-05,,,,4569
39,,,0.21104365587234497,,,4569
,1e-05,1e-05,,,,4579
39,,,0.21385984122753143,,,4579
,1e-05,1e-05,,,,4589
39,,,0.3622884750366211,,,4589
,1e-05,1e-05,,,,4599
39,,,0.1889248490333557,,,4599
,1e-05,1e-05,,,,4609
39,,,0.350938618183136,,,4609
,1e-05,1e-05,,,,4619
39,,,0.18406423926353455,,,4619
,1e-05,1e-05,,,,4629
39,,,0.33431476354599,,,4629
,1e-05,1e-05,,,,4639
39,,,0.13692477345466614,,,4639
,1e-05,1e-05,,,,4649
39,,,0.2483856976032257,,,4649
,1e-05,1e-05,,,,4659
39,,,0.27780601382255554,,,4659
,1e-05,1e-05,,,,4669
39,,,0.22367946803569794,,,4669
,1e-05,1e-05,,,,4679
39,,,2.14656662940979,,,4679
39,,,,72.8890151977539,73.03005981445312,4679
,1.0000000000000002e-06,1.0000000000000002e-06,,,,4689
40,,,0.5476942658424377,,,4689
,1.0000000000000002e-06,1.0000000000000002e-06,,,,4699
40,,,0.18580691516399384,,,4699
,1.0000000000000002e-06,1.0000000000000002e-06,,,,4709
40,,,0.188974529504776,,,4709
,1.0000000000000002e-06,1.0000000000000002e-06,,,,4719
40,,,0.16644138097763062,,,4719
,1.0000000000000002e-06,1.0000000000000002e-06,,,,4729
40,,,0.069914311170578,,,4729
,1.0000000000000002e-06,1.0000000000000002e-06,,,,4739
40,,,0.24611863493919373,,,4739
,1.0000000000000002e-06,1.0000000000000002e-06,,,,4749
40,,,0.23116102814674377,,,4749
,1.0000000000000002e-06,1.0000000000000002e-06,,,,4759
40,,,0.22469130158424377,,,4759
,1.0000000000000002e-06,1.0000000000000002e-06,,,,4769
40,,,0.08375147730112076,,,4769
,1.0000000000000002e-06,1.0000000000000002e-06,,,,4779
40,,,0.23442170023918152,,,4779
,1.0000000000000002e-06,1.0000000000000002e-06,,,,4789
40,,,0.2533113956451416,,,4789
40,,,,72.55596923828125,72.62388610839844,4796
,1.0000000000000002e-06,1.0000000000000002e-06,,,,4799
41,,,0.280754417181015,,,4799
,1.0000000000000002e-06,1.0000000000000002e-06,,,,4809
41,,,0.2933584153652191,,,4809
,1.0000000000000002e-06,1.0000000000000002e-06,,,,4819
41,,,0.29801005125045776,,,4819
,1.0000000000000002e-06,1.0000000000000002e-06,,,,4829
41,,,0.3319304287433624,,,4829
,1.0000000000000002e-06,1.0000000000000002e-06,,,,4839
41,,,0.3084545135498047,,,4839
,1.0000000000000002e-06,1.0000000000000002e-06,,,,4849
41,,,0.19992706179618835,,,4849
,1.0000000000000002e-06,1.0000000000000002e-06,,,,4859
41,,,0.25546321272850037,,,4859
,1.0000000000000002e-06,1.0000000000000002e-06,,,,4869
41,,,0.2901535630226135,,,4869
,1.0000000000000002e-06,1.0000000000000002e-06,,,,4879
41,,,0.17726391553878784,,,4879
,1.0000000000000002e-06,1.0000000000000002e-06,,,,4889
41,,,0.2556132674217224,,,4889
,1.0000000000000002e-06,1.0000000000000002e-06,,,,4899
41,,,0.27066874504089355,,,4899
,1.0000000000000002e-06,1.0000000000000002e-06,,,,4909
41,,,0.30468812584877014,,,4909
41,,,,73.12904357910156,73.1925277709961,4913
,1.0000000000000002e-06,1.0000000000000002e-06,,,,4919
42,,,0.36618584394454956,,,4919
,1.0000000000000002e-06,1.0000000000000002e-06,,,,4929
42,,,0.23988482356071472,,,4929
,1.0000000000000002e-06,1.0000000000000002e-06,,,,4939
42,,,0.18578408658504486,,,4939
,1.0000000000000002e-06,1.0000000000000002e-06,,,,4949
42,,,0.22784656286239624,,,4949
,1.0000000000000002e-06,1.0000000000000002e-06,,,,4959
42,,,0.1291523575782776,,,4959
,1.0000000000000002e-06,1.0000000000000002e-06,,,,4969
42,,,0.17724129557609558,,,4969
,1.0000000000000002e-06,1.0000000000000002e-06,,,,4979
42,,,0.38753488659858704,,,4979
,1.0000000000000002e-06,1.0000000000000002e-06,,,,4989
42,,,0.35439106822013855,,,4989
,1.0000000000000002e-06,1.0000000000000002e-06,,,,4999
42,,,0.2888554632663727,,,4999
,1.0000000000000002e-06,1.0000000000000002e-06,,,,5009
42,,,0.34333306550979614,,,5009
,1.0000000000000002e-06,1.0000000000000002e-06,,,,5019
42,,,0.24493195116519928,,,5019
,1.0000000000000002e-06,1.0000000000000002e-06,,,,5029
42,,,0.23776209354400635,,,5029
42,,,,72.64308166503906,72.70511627197266,5030
,1.0000000000000002e-06,1.0000000000000002e-06,,,,5039
43,,,0.31638622283935547,,,5039
,1.0000000000000002e-06,1.0000000000000002e-06,,,,5049
43,,,0.21332000195980072,,,5049
,1.0000000000000002e-06,1.0000000000000002e-06,,,,5059
43,,,0.26169365644454956,,,5059
,1.0000000000000002e-06,1.0000000000000002e-06,,,,5069
43,,,0.127383753657341,,,5069
,1.0000000000000002e-06,1.0000000000000002e-06,,,,5079
43,,,0.2921665608882904,,,5079
,1.0000000000000002e-06,1.0000000000000002e-06,,,,5089
43,,,0.4658631682395935,,,5089
,1.0000000000000002e-06,1.0000000000000002e-06,,,,5099
43,,,0.31380894780158997,,,5099
,1.0000000000000002e-06,1.0000000000000002e-06,,,,5109
43,,,0.2693652808666229,,,5109
,1.0000000000000002e-06,1.0000000000000002e-06,,,,5119
43,,,0.1909436583518982,,,5119
,1.0000000000000002e-06,1.0000000000000002e-06,,,,5129
43,,,0.2906084954738617,,,5129
,1.0000000000000002e-06,1.0000000000000002e-06,,,,5139
43,,,0.21104101836681366,,,5139
43,,,,72.64348602294922,72.70511627197266,5147
,1.0000000000000002e-06,1.0000000000000002e-06,,,,5149
44,,,0.2131456434726715,,,5149
,1.0000000000000002e-06,1.0000000000000002e-06,,,,5159
44,,,0.2462655007839203,,,5159
,1.0000000000000002e-06,1.0000000000000002e-06,,,,5169
44,,,0.4281122088432312,,,5169
,1.0000000000000002e-06,1.0000000000000002e-06,,,,5179
44,,,0.4023084342479706,,,5179
,1.0000000000000002e-06,1.0000000000000002e-06,,,,5189
44,,,0.37346693873405457,,,5189
,1.0000000000000002e-06,1.0000000000000002e-06,,,,5199
44,,,0.26228904724121094,,,5199
,1.0000000000000002e-06,1.0000000000000002e-06,,,,5209
44,,,0.30153292417526245,,,5209
,1.0000000000000002e-06,1.0000000000000002e-06,,,,5219
44,,,0.17899900674819946,,,5219
,1.0000000000000002e-06,1.0000000000000002e-06,,,,5229
44,,,0.33615827560424805,,,5229
,1.0000000000000002e-06,1.0000000000000002e-06,,,,5239
44,,,0.12259067595005035,,,5239
,1.0000000000000002e-06,1.0000000000000002e-06,,,,5249
44,,,0.20993471145629883,,,5249
,1.0000000000000002e-06,1.0000000000000002e-06,,,,5259
44,,,0.5343825817108154,,,5259
44,,,,72.88375091552734,72.94882202148438,5264
,1.0000000000000002e-06,1.0000000000000002e-06,,,,5269
45,,,0.13154877722263336,,,5269
,1.0000000000000002e-06,1.0000000000000002e-06,,,,5279
45,,,0.384166955947876,,,5279
,1.0000000000000002e-06,1.0000000000000002e-06,,,,5289
45,,,0.18579748272895813,,,5289
,1.0000000000000002e-06,1.0000000000000002e-06,,,,5299
45,,,0.3798450827598572,,,5299
,1.0000000000000002e-06,1.0000000000000002e-06,,,,5309
45,,,0.07605715841054916,,,5309
,1.0000000000000002e-06,1.0000000000000002e-06,,,,5319
45,,,0.33762603998184204,,,5319
,1.0000000000000002e-06,1.0000000000000002e-06,,,,5329
45,,,0.22833994030952454,,,5329
,1.0000000000000002e-06,1.0000000000000002e-06,,,,5339
45,,,0.17628821730613708,,,5339
,1.0000000000000002e-06,1.0000000000000002e-06,,,,5349
45,,,0.3900711238384247,,,5349
,1.0000000000000002e-06,1.0000000000000002e-06,,,,5359
45,,,0.15525053441524506,,,5359
,1.0000000000000002e-06,1.0000000000000002e-06,,,,5369
45,,,0.1306895613670349,,,5369
,1.0000000000000002e-06,1.0000000000000002e-06,,,,5379
45,,,0.3161221146583557,,,5379
45,,,,73.3938217163086,73.43623352050781,5381
,1.0000000000000002e-06,1.0000000000000002e-06,,,,5389
46,,,0.3124209940433502,,,5389
,1.0000000000000002e-06,1.0000000000000002e-06,,,,5399
46,,,0.09696623682975769,,,5399
,1.0000000000000002e-06,1.0000000000000002e-06,,,,5409
46,,,0.4430831968784332,,,5409
,1.0000000000000002e-06,1.0000000000000002e-06,,,,5419
46,,,0.20711112022399902,,,5419
,1.0000000000000002e-06,1.0000000000000002e-06,,,,5429
46,,,0.3838582932949066,,,5429
,1.0000000000000002e-06,1.0000000000000002e-06,,,,5439
46,,,0.18357834219932556,,,5439
,1.0000000000000002e-06,1.0000000000000002e-06,,,,5449
46,,,0.25838401913642883,,,5449
,1.0000000000000002e-06,1.0000000000000002e-06,,,,5459
46,,,0.1896515041589737,,,5459
,1.0000000000000002e-06,1.0000000000000002e-06,,,,5469
46,,,0.4271170198917389,,,5469
,1.0000000000000002e-06,1.0000000000000002e-06,,,,5479
46,,,0.15763148665428162,,,5479
,1.0000000000000002e-06,1.0000000000000002e-06,,,,5489
46,,,0.21201816201210022,,,5489
46,,,,72.84784698486328,72.94882202148438,5498
,1.0000000000000002e-06,1.0000000000000002e-06,,,,5499
47,,,0.24732083082199097,,,5499
,1.0000000000000002e-06,1.0000000000000002e-06,,,,5509
47,,,0.2568313181400299,,,5509
,1.0000000000000002e-06,1.0000000000000002e-06,,,,5519
47,,,0.1297936737537384,,,5519
,1.0000000000000002e-06,1.0000000000000002e-06,,,,5529
47,,,0.4684339761734009,,,5529
,1.0000000000000002e-06,1.0000000000000002e-06,,,,5539
47,,,0.07386298477649689,,,5539
,1.0000000000000002e-06,1.0000000000000002e-06,,,,5549
47,,,0.2866813540458679,,,5549
,1.0000000000000002e-06,1.0000000000000002e-06,,,,5559
47,,,0.27346178889274597,,,5559
,1.0000000000000002e-06,1.0000000000000002e-06,,,,5569
47,,,0.4468996524810791,,,5569
,1.0000000000000002e-06,1.0000000000000002e-06,,,,5579
47,,,0.3367440700531006,,,5579
,1.0000000000000002e-06,1.0000000000000002e-06,,,,5589
47,,,0.3343363106250763,,,5589
,1.0000000000000002e-06,1.0000000000000002e-06,,,,5599
47,,,0.14782164990901947,,,5599
,1.0000000000000002e-06,1.0000000000000002e-06,,,,5609
47,,,0.372264564037323,,,5609
47,,,,73.14897155761719,73.27375793457031,5615
,1.0000000000000002e-06,1.0000000000000002e-06,,,,5619
48,,,0.26755356788635254,,,5619
,1.0000000000000002e-06,1.0000000000000002e-06,,,,5629
48,,,0.141239732503891,,,5629
,1.0000000000000002e-06,1.0000000000000002e-06,,,,5639
48,,,0.2535291314125061,,,5639
,1.0000000000000002e-06,1.0000000000000002e-06,,,,5649
48,,,0.45816439390182495,,,5649
,1.0000000000000002e-06,1.0000000000000002e-06,,,,5659
48,,,0.3004118800163269,,,5659
,1.0000000000000002e-06,1.0000000000000002e-06,,,,5669
48,,,0.29812541604042053,,,5669
,1.0000000000000002e-06,1.0000000000000002e-06,,,,5679
48,,,0.6029958724975586,,,5679
,1.0000000000000002e-06,1.0000000000000002e-06,,,,5689
48,,,0.13885696232318878,,,5689
,1.0000000000000002e-06,1.0000000000000002e-06,,,,5699
48,,,0.6096189022064209,,,5699
,1.0000000000000002e-06,1.0000000000000002e-06,,,,5709
48,,,0.30453240871429443,,,5709
,1.0000000000000002e-06,1.0000000000000002e-06,,,,5719
48,,,0.23249290883541107,,,5719
,1.0000000000000002e-06,1.0000000000000002e-06,,,,5729
48,,,0.3307959735393524,,,5729
48,,,,72.84864044189453,72.86758422851562,5732
,1.0000000000000002e-06,1.0000000000000002e-06,,,,5739
49,,,0.1110597550868988,,,5739
,1.0000000000000002e-06,1.0000000000000002e-06,,,,5749
49,,,0.4032973051071167,,,5749
,1.0000000000000002e-06,1.0000000000000002e-06,,,,5759
49,,,0.11329502612352371,,,5759
,1.0000000000000002e-06,1.0000000000000002e-06,,,,5769
49,,,0.18305149674415588,,,5769
,1.0000000000000002e-06,1.0000000000000002e-06,,,,5779
49,,,0.2036450356245041,,,5779
,1.0000000000000002e-06,1.0000000000000002e-06,,,,5789
49,,,0.3112299144268036,,,5789
,1.0000000000000002e-06,1.0000000000000002e-06,,,,5799
49,,,0.591780960559845,,,5799
,1.0000000000000002e-06,1.0000000000000002e-06,,,,5809
49,,,0.4367712736129761,,,5809
,1.0000000000000002e-06,1.0000000000000002e-06,,,,5819
49,,,0.420894056558609,,,5819
,1.0000000000000002e-06,1.0000000000000002e-06,,,,5829
49,,,0.3764852285385132,,,5829
,1.0000000000000002e-06,1.0000000000000002e-06,,,,5839
49,,,0.1670195460319519,,,5839
,1.0000000000000002e-06,1.0000000000000002e-06,,,,5849
49,,,1.1532975435256958,,,5849
49,,,,71.68656158447266,71.73030090332031,5849
,1.0000000000000002e-07,1.0000000000000002e-07,,,,5859
50,,,0.4517948627471924,,,5859
,1.0000000000000002e-07,1.0000000000000002e-07,,,,5869
50,,,0.2943105399608612,,,5869
,1.0000000000000002e-07,1.0000000000000002e-07,,,,5879
50,,,0.09786330908536911,,,5879
,1.0000000000000002e-07,1.0000000000000002e-07,,,,5889
50,,,0.19219845533370972,,,5889
,1.0000000000000002e-07,1.0000000000000002e-07,,,,5899
50,,,0.22448986768722534,,,5899
,1.0000000000000002e-07,1.0000000000000002e-07,,,,5909
50,,,0.1869235336780548,,,5909
,1.0000000000000002e-07,1.0000000000000002e-07,,,,5919
50,,,0.1582857370376587,,,5919
,1.0000000000000002e-07,1.0000000000000002e-07,,,,5929
50,,,0.6707457304000854,,,5929
,1.0000000000000002e-07,1.0000000000000002e-07,,,,5939
50,,,0.11810703575611115,,,5939
,1.0000000000000002e-07,1.0000000000000002e-07,,,,5949
50,,,0.11613687872886658,,,5949
,1.0000000000000002e-07,1.0000000000000002e-07,,,,5959
50,,,0.1089341938495636,,,5959
50,,,,72.21269989013672,72.29894256591797,5966
,1.0000000000000002e-07,1.0000000000000002e-07,,,,5969
51,,,0.3631306290626526,,,5969
,1.0000000000000002e-07,1.0000000000000002e-07,,,,5979
51,,,0.1135299950838089,,,5979
,1.0000000000000002e-07,1.0000000000000002e-07,,,,5989
51,,,0.15686705708503723,,,5989
,1.0000000000000002e-07,1.0000000000000002e-07,,,,5999
51,,,0.23218701779842377,,,5999
,1.0000000000000002e-07,1.0000000000000002e-07,,,,6009
51,,,0.25659042596817017,,,6009
,1.0000000000000002e-07,1.0000000000000002e-07,,,,6019
51,,,0.18145616352558136,,,6019
,1.0000000000000002e-07,1.0000000000000002e-07,,,,6029
51,,,0.2556704878807068,,,6029
,1.0000000000000002e-07,1.0000000000000002e-07,,,,6039
51,,,0.2907944917678833,,,6039
,1.0000000000000002e-07,1.0000000000000002e-07,,,,6049
51,,,0.24207521975040436,,,6049
,1.0000000000000002e-07,1.0000000000000002e-07,,,,6059
51,,,0.17478716373443604,,,6059
,1.0000000000000002e-07,1.0000000000000002e-07,,,,6069
51,,,0.18341520428657532,,,6069
,1.0000000000000002e-07,1.0000000000000002e-07,,,,6079
51,,,0.33194416761398315,,,6079
51,,,,73.2629623413086,73.35499572753906,6083
,1.0000000000000002e-07,1.0000000000000002e-07,,,,6089
52,,,0.13250760734081268,,,6089
,1.0000000000000002e-07,1.0000000000000002e-07,,,,6099
52,,,0.3140348792076111,,,6099
,1.0000000000000002e-07,1.0000000000000002e-07,,,,6109
52,,,0.20914015173912048,,,6109
,1.0000000000000002e-07,1.0000000000000002e-07,,,,6119
52,,,0.11206633597612381,,,6119
,1.0000000000000002e-07,1.0000000000000002e-07,,,,6129
52,,,0.2915930151939392,,,6129
,1.0000000000000002e-07,1.0000000000000002e-07,,,,6139
52,,,0.4864594638347626,,,6139
,1.0000000000000002e-07,1.0000000000000002e-07,,,,6149
52,,,0.35630565881729126,,,6149
,1.0000000000000002e-07,1.0000000000000002e-07,,,,6159
52,,,0.2643752098083496,,,6159
,1.0000000000000002e-07,1.0000000000000002e-07,,,,6169
52,,,0.23144984245300293,,,6169
,1.0000000000000002e-07,1.0000000000000002e-07,,,,6179
52,,,0.11953424662351608,,,6179
,1.0000000000000002e-07,1.0000000000000002e-07,,,,6189
52,,,0.1592143177986145,,,6189
,1.0000000000000002e-07,1.0000000000000002e-07,,,,6199
52,,,0.09773328900337219,,,6199
52,,,,73.22264862060547,73.35499572753906,6200
,1.0000000000000002e-07,1.0000000000000002e-07,,,,6209
53,,,0.3486129939556122,,,6209
,1.0000000000000002e-07,1.0000000000000002e-07,,,,6219
53,,,0.2665407657623291,,,6219
,1.0000000000000002e-07,1.0000000000000002e-07,,,,6229
53,,,0.27404719591140747,,,6229
,1.0000000000000002e-07,1.0000000000000002e-07,,,,6239
53,,,0.4722500741481781,,,6239
,1.0000000000000002e-07,1.0000000000000002e-07,,,,6249
53,,,0.24196812510490417,,,6249
,1.0000000000000002e-07,1.0000000000000002e-07,,,,6259
53,,,0.18970809876918793,,,6259
,1.0000000000000002e-07,1.0000000000000002e-07,,,,6269
53,,,0.6433013677597046,,,6269
,1.0000000000000002e-07,1.0000000000000002e-07,,,,6279
53,,,0.20374780893325806,,,6279
,1.0000000000000002e-07,1.0000000000000002e-07,,,,6289
53,,,0.22100700438022614,,,6289
,1.0000000000000002e-07,1.0000000000000002e-07,,,,6299
53,,,0.3803950250148773,,,6299
,1.0000000000000002e-07,1.0000000000000002e-07,,,,6309
53,,,0.33771032094955444,,,6309
53,,,,73.2553482055664,73.35499572753906,6317
,1.0000000000000002e-07,1.0000000000000002e-07,,,,6319
54,,,0.31924551725387573,,,6319
,1.0000000000000002e-07,1.0000000000000002e-07,,,,6329
54,,,0.30398762226104736,,,6329
,1.0000000000000002e-07,1.0000000000000002e-07,,,,6339
54,,,0.2484215945005417,,,6339
,1.0000000000000002e-07,1.0000000000000002e-07,,,,6349
54,,,0.30597466230392456,,,6349
,1.0000000000000002e-07,1.0000000000000002e-07,,,,6359
54,,,0.2916901409626007,,,6359
,1.0000000000000002e-07,1.0000000000000002e-07,,,,6369
54,,,0.2478637546300888,,,6369
,1.0000000000000002e-07,1.0000000000000002e-07,,,,6379
54,,,0.22183339297771454,,,6379
,1.0000000000000002e-07,1.0000000000000002e-07,,,,6389
54,,,0.1640261709690094,,,6389
,1.0000000000000002e-07,1.0000000000000002e-07,,,,6399
54,,,0.3525554835796356,,,6399
,1.0000000000000002e-07,1.0000000000000002e-07,,,,6409
54,,,0.33195406198501587,,,6409
,1.0000000000000002e-07,1.0000000000000002e-07,,,,6419
54,,,0.5107260942459106,,,6419
,1.0000000000000002e-07,1.0000000000000002e-07,,,,6429
54,,,0.3711566627025604,,,6429
54,,,,73.07368469238281,73.1925277709961,6434
,1.0000000000000002e-07,1.0000000000000002e-07,,,,6439
55,,,0.15719056129455566,,,6439
,1.0000000000000002e-07,1.0000000000000002e-07,,,,6449
55,,,0.1683463156223297,,,6449
,1.0000000000000002e-07,1.0000000000000002e-07,,,,6459
55,,,0.22442121803760529,,,6459
,1.0000000000000002e-07,1.0000000000000002e-07,,,,6469
55,,,0.38057878613471985,,,6469
,1.0000000000000002e-07,1.0000000000000002e-07,,,,6479
55,,,0.32573437690734863,,,6479
,1.0000000000000002e-07,1.0000000000000002e-07,,,,6489
55,,,0.15787273645401,,,6489
,1.0000000000000002e-07,1.0000000000000002e-07,,,,6499
55,,,0.42066603899002075,,,6499
,1.0000000000000002e-07,1.0000000000000002e-07,,,,6509
55,,,0.202124685049057,,,6509
,1.0000000000000002e-07,1.0000000000000002e-07,,,,6519
55,,,0.1624152660369873,,,6519
,1.0000000000000002e-07,1.0000000000000002e-07,,,,6529
55,,,0.32376164197921753,,,6529
,1.0000000000000002e-07,1.0000000000000002e-07,,,,6539
55,,,0.18513986468315125,,,6539
,1.0000000000000002e-07,1.0000000000000002e-07,,,,6549
55,,,0.1619580090045929,,,6549
55,,,,71.97592163085938,72.136474609375,6551
,1.0000000000000002e-07,1.0000000000000002e-07,,,,6559
56,,,0.11819010227918625,,,6559
,1.0000000000000002e-07,1.0000000000000002e-07,,,,6569
56,,,0.12721094489097595,,,6569
,1.0000000000000002e-07,1.0000000000000002e-07,,,,6579
56,,,0.2974250316619873,,,6579
,1.0000000000000002e-07,1.0000000000000002e-07,,,,6589
56,,,0.27578529715538025,,,6589
,1.0000000000000002e-07,1.0000000000000002e-07,,,,6599
56,,,0.11080765724182129,,,6599
,1.0000000000000002e-07,1.0000000000000002e-07,,,,6609
56,,,0.23488295078277588,,,6609
,1.0000000000000002e-07,1.0000000000000002e-07,,,,6619
56,,,0.4963824450969696,,,6619
,1.0000000000000002e-07,1.0000000000000002e-07,,,,6629
56,,,0.31064194440841675,,,6629
,1.0000000000000002e-07,1.0000000000000002e-07,,,,6639
56,,,0.3495067059993744,,,6639
,1.0000000000000002e-07,1.0000000000000002e-07,,,,6649
56,,,0.12523607909679413,,,6649
,1.0000000000000002e-07,1.0000000000000002e-07,,,,6659
56,,,0.25129735469818115,,,6659
56,,,,72.32711791992188,72.38018035888672,6668
,1.0000000000000002e-07,1.0000000000000002e-07,,,,6669
57,,,0.5044458508491516,,,6669
,1.0000000000000002e-07,1.0000000000000002e-07,,,,6679
57,,,0.18174196779727936,,,6679
,1.0000000000000002e-07,1.0000000000000002e-07,,,,6689
57,,,0.2547485828399658,,,6689
,1.0000000000000002e-07,1.0000000000000002e-07,,,,6699
57,,,0.15904861688613892,,,6699
,1.0000000000000002e-07,1.0000000000000002e-07,,,,6709
57,,,0.17389270663261414,,,6709
,1.0000000000000002e-07,1.0000000000000002e-07,,,,6719
57,,,0.4479352831840515,,,6719
,1.0000000000000002e-07,1.0000000000000002e-07,,,,6729
57,,,0.1341358721256256,,,6729
,1.0000000000000002e-07,1.0000000000000002e-07,,,,6739
57,,,0.20779061317443848,,,6739
,1.0000000000000002e-07,1.0000000000000002e-07,,,,6749
57,,,0.23067647218704224,,,6749
,1.0000000000000002e-07,1.0000000000000002e-07,,,,6759
57,,,0.328266441822052,,,6759
,1.0000000000000002e-07,1.0000000000000002e-07,,,,6769
57,,,0.2011515200138092,,,6769
,1.0000000000000002e-07,1.0000000000000002e-07,,,,6779
57,,,0.2849145829677582,,,6779
57,,,,73.19448852539062,73.27375793457031,6785
,1.0000000000000002e-07,1.0000000000000002e-07,,,,6789
58,,,0.2664284110069275,,,6789
,1.0000000000000002e-07,1.0000000000000002e-07,,,,6799
58,,,0.32302284240722656,,,6799
,1.0000000000000002e-07,1.0000000000000002e-07,,,,6809
58,,,0.2579098343849182,,,6809
,1.0000000000000002e-07,1.0000000000000002e-07,,,,6819
58,,,0.15042592585086823,,,6819
,1.0000000000000002e-07,1.0000000000000002e-07,,,,6829
58,,,0.3957238495349884,,,6829
,1.0000000000000002e-07,1.0000000000000002e-07,,,,6839
58,,,0.21851369738578796,,,6839
,1.0000000000000002e-07,1.0000000000000002e-07,,,,6849
58,,,0.23231548070907593,,,6849
,1.0000000000000002e-07,1.0000000000000002e-07,,,,6859
58,,,0.2515135407447815,,,6859
,1.0000000000000002e-07,1.0000000000000002e-07,,,,6869
58,,,0.161971777677536,,,6869
,1.0000000000000002e-07,1.0000000000000002e-07,,,,6879
58,,,0.09826222062110901,,,6879
,1.0000000000000002e-07,1.0000000000000002e-07,,,,6889
58,,,0.32625865936279297,,,6889
,1.0000000000000002e-07,1.0000000000000002e-07,,,,6899
58,,,0.19236597418785095,,,6899
58,,,,72.30003356933594,72.38018035888672,6902
,1.0000000000000002e-07,1.0000000000000002e-07,,,,6909
59,,,0.25695404410362244,,,6909
,1.0000000000000002e-07,1.0000000000000002e-07,,,,6919
59,,,0.5524986386299133,,,6919
,1.0000000000000002e-07,1.0000000000000002e-07,,,,6929
59,,,0.5191330909729004,,,6929
,1.0000000000000002e-07,1.0000000000000002e-07,,,,6939
59,,,0.35275813937187195,,,6939
,1.0000000000000002e-07,1.0000000000000002e-07,,,,6949
59,,,0.28782862424850464,,,6949
,1.0000000000000002e-07,1.0000000000000002e-07,,,,6959
59,,,0.1942417174577713,,,6959
,1.0000000000000002e-07,1.0000000000000002e-07,,,,6969
59,,,0.11263787746429443,,,6969
,1.0000000000000002e-07,1.0000000000000002e-07,,,,6979
59,,,0.25121742486953735,,,6979
,1.0000000000000002e-07,1.0000000000000002e-07,,,,6989
59,,,0.3875125050544739,,,6989
,1.0000000000000002e-07,1.0000000000000002e-07,,,,6999
59,,,0.10687340795993805,,,6999
,1.0000000000000002e-07,1.0000000000000002e-07,,,,7009
59,,,0.31754574179649353,,,7009
,1.0000000000000002e-07,1.0000000000000002e-07,,,,7019
59,,,2.1933391094207764,,,7019
59,,,,72.56197357177734,72.62388610839844,7019
,1.0000000000000004e-08,1.0000000000000004e-08,,,,7029
60,,,0.2795461118221283,,,7029
,1.0000000000000004e-08,1.0000000000000004e-08,,,,7039
60,,,0.36590027809143066,,,7039
,1.0000000000000004e-08,1.0000000000000004e-08,,,,7049
60,,,0.277329683303833,,,7049
,1.0000000000000004e-08,1.0000000000000004e-08,,,,7059
60,,,0.2808721661567688,,,7059
,1.0000000000000004e-08,1.0000000000000004e-08,,,,7069
60,,,0.24334417283535004,,,7069
,1.0000000000000004e-08,1.0000000000000004e-08,,,,7079
60,,,0.3145459294319153,,,7079
,1.0000000000000004e-08,1.0000000000000004e-08,,,,7089
60,,,0.1696465015411377,,,7089
,1.0000000000000004e-08,1.0000000000000004e-08,,,,7099
60,,,0.24738171696662903,,,7099
,1.0000000000000004e-08,1.0000000000000004e-08,,,,7109
60,,,0.4945064187049866,,,7109
,1.0000000000000004e-08,1.0000000000000004e-08,,,,7119
60,,,0.30026671290397644,,,7119
,1.0000000000000004e-08,1.0000000000000004e-08,,,,7129
60,,,0.38021352887153625,,,7129
60,,,,72.48609161376953,72.46141052246094,7136
,1.0000000000000004e-08,1.0000000000000004e-08,,,,7139
61,,,0.07725554704666138,,,7139
,1.0000000000000004e-08,1.0000000000000004e-08,,,,7149
61,,,0.3421053886413574,,,7149
,1.0000000000000004e-08,1.0000000000000004e-08,,,,7159
61,,,0.2632462680339813,,,7159
,1.0000000000000004e-08,1.0000000000000004e-08,,,,7169
61,,,0.3349713981151581,,,7169
,1.0000000000000004e-08,1.0000000000000004e-08,,,,7179
61,,,0.2597826421260834,,,7179
,1.0000000000000004e-08,1.0000000000000004e-08,,,,7189
61,,,0.21950441598892212,,,7189
,1.0000000000000004e-08,1.0000000000000004e-08,,,,7199
61,,,0.387096107006073,,,7199
,1.0000000000000004e-08,1.0000000000000004e-08,,,,7209
61,,,0.17682279646396637,,,7209
,1.0000000000000004e-08,1.0000000000000004e-08,,,,7219
61,,,0.146610289812088,,,7219
,1.0000000000000004e-08,1.0000000000000004e-08,,,,7229
61,,,0.3396362066268921,,,7229
,1.0000000000000004e-08,1.0000000000000004e-08,,,,7239
61,,,0.28985944390296936,,,7239
,1.0000000000000004e-08,1.0000000000000004e-08,,,,7249
61,,,0.18551000952720642,,,7249
61,,,,73.01705932617188,73.11128997802734,7253
,1.0000000000000004e-08,1.0000000000000004e-08,,,,7259
62,,,0.3781755864620209,,,7259
,1.0000000000000004e-08,1.0000000000000004e-08,,,,7269
62,,,0.3059411644935608,,,7269
,1.0000000000000004e-08,1.0000000000000004e-08,,,,7279
62,,,0.354603111743927,,,7279
,1.0000000000000004e-08,1.0000000000000004e-08,,,,7289
62,,,0.08887846022844315,,,7289
,1.0000000000000004e-08,1.0000000000000004e-08,,,,7299
62,,,0.36713430285453796,,,7299
,1.0000000000000004e-08,1.0000000000000004e-08,,,,7309
62,,,0.26089152693748474,,,7309
,1.0000000000000004e-08,1.0000000000000004e-08,,,,7319
62,,,0.27377596497535706,,,7319
,1.0000000000000004e-08,1.0000000000000004e-08,,,,7329
62,,,0.4379386901855469,,,7329
,1.0000000000000004e-08,1.0000000000000004e-08,,,,7339
62,,,0.08580441027879715,,,7339
,1.0000000000000004e-08,1.0000000000000004e-08,,,,7349
62,,,0.3828273415565491,,,7349
,1.0000000000000004e-08,1.0000000000000004e-08,,,,7359
62,,,0.3971051573753357,,,7359
,1.0000000000000004e-08,1.0000000000000004e-08,,,,7369
62,,,0.21579580008983612,,,7369
62,,,,72.66478729248047,72.7863540649414,7370
,1.0000000000000004e-08,1.0000000000000004e-08,,,,7379
63,,,0.1283620446920395,,,7379
,1.0000000000000004e-08,1.0000000000000004e-08,,,,7389
63,,,0.31588655710220337,,,7389
,1.0000000000000004e-08,1.0000000000000004e-08,,,,7399
63,,,0.5157308578491211,,,7399
,1.0000000000000004e-08,1.0000000000000004e-08,,,,7409
63,,,0.2194838970899582,,,7409
,1.0000000000000004e-08,1.0000000000000004e-08,,,,7419
63,,,0.21726197004318237,,,7419
,1.0000000000000004e-08,1.0000000000000004e-08,,,,7429
63,,,0.38525646924972534,,,7429
,1.0000000000000004e-08,1.0000000000000004e-08,,,,7439
63,,,0.20882391929626465,,,7439
,1.0000000000000004e-08,1.0000000000000004e-08,,,,7449
63,,,0.3855096101760864,,,7449
,1.0000000000000004e-08,1.0000000000000004e-08,,,,7459
63,,,0.15976275503635406,,,7459
,1.0000000000000004e-08,1.0000000000000004e-08,,,,7469
63,,,0.15180861949920654,,,7469
,1.0000000000000004e-08,1.0000000000000004e-08,,,,7479
63,,,0.23716795444488525,,,7479
63,,,,72.97148895263672,73.03005981445312,7487
,1.0000000000000004e-08,1.0000000000000004e-08,,,,7489
64,,,0.39783424139022827,,,7489
,1.0000000000000004e-08,1.0000000000000004e-08,,,,7499
64,,,0.464739054441452,,,7499
,1.0000000000000004e-08,1.0000000000000004e-08,,,,7509
64,,,0.34688588976860046,,,7509
,1.0000000000000004e-08,1.0000000000000004e-08,,,,7519
64,,,0.20105580985546112,,,7519
,1.0000000000000004e-08,1.0000000000000004e-08,,,,7529
64,,,0.22774767875671387,,,7529
,1.0000000000000004e-08,1.0000000000000004e-08,,,,7539
64,,,0.23660293221473694,,,7539
,1.0000000000000004e-08,1.0000000000000004e-08,,,,7549
64,,,0.22353678941726685,,,7549
,1.0000000000000004e-08,1.0000000000000004e-08,,,,7559
64,,,0.15868428349494934,,,7559
,1.0000000000000004e-08,1.0000000000000004e-08,,,,7569
64,,,0.22055363655090332,,,7569
,1.0000000000000004e-08,1.0000000000000004e-08,,,,7579
64,,,0.23805853724479675,,,7579
,1.0000000000000004e-08,1.0000000000000004e-08,,,,7589
64,,,0.10590407252311707,,,7589
,1.0000000000000004e-08,1.0000000000000004e-08,,,,7599
64,,,0.10430742055177689,,,7599
64,,,,72.88957214355469,72.94882202148438,7604
,1.0000000000000004e-08,1.0000000000000004e-08,,,,7609
65,,,0.38747087121009827,,,7609
,1.0000000000000004e-08,1.0000000000000004e-08,,,,7619
65,,,0.10637815296649933,,,7619
,1.0000000000000004e-08,1.0000000000000004e-08,,,,7629
65,,,0.23523016273975372,,,7629
,1.0000000000000004e-08,1.0000000000000004e-08,,,,7639
65,,,0.375466525554657,,,7639
,1.0000000000000004e-08,1.0000000000000004e-08,,,,7649
65,,,0.4983024001121521,,,7649
,1.0000000000000004e-08,1.0000000000000004e-08,,,,7659
65,,,0.18616615235805511,,,7659
,1.0000000000000004e-08,1.0000000000000004e-08,,,,7669
65,,,0.3199538290500641,,,7669
,1.0000000000000004e-08,1.0000000000000004e-08,,,,7679
65,,,0.5400205850601196,,,7679
,1.0000000000000004e-08,1.0000000000000004e-08,,,,7689
65,,,0.09706701338291168,,,7689
,1.0000000000000004e-08,1.0000000000000004e-08,,,,7699
65,,,0.2674483060836792,,,7699
,1.0000000000000004e-08,1.0000000000000004e-08,,,,7709
65,,,0.26363199949264526,,,7709
,1.0000000000000004e-08,1.0000000000000004e-08,,,,7719
65,,,0.2402614951133728,,,7719
65,,,,71.97181701660156,72.05523681640625,7721
,1.0000000000000004e-08,1.0000000000000004e-08,,,,7729
66,,,0.34940361976623535,,,7729
,1.0000000000000004e-08,1.0000000000000004e-08,,,,7739
66,,,0.43817758560180664,,,7739
,1.0000000000000004e-08,1.0000000000000004e-08,,,,7749
66,,,0.5224510431289673,,,7749
,1.0000000000000004e-08,1.0000000000000004e-08,,,,7759
66,,,0.20073196291923523,,,7759
,1.0000000000000004e-08,1.0000000000000004e-08,,,,7769
66,,,0.4178617000579834,,,7769
,1.0000000000000004e-08,1.0000000000000004e-08,,,,7779
66,,,0.11318696290254593,,,7779
,1.0000000000000004e-08,1.0000000000000004e-08,,,,7789
66,,,0.3099198341369629,,,7789
,1.0000000000000004e-08,1.0000000000000004e-08,,,,7799
66,,,0.25014710426330566,,,7799
,1.0000000000000004e-08,1.0000000000000004e-08,,,,7809
66,,,0.09413574635982513,,,7809
,1.0000000000000004e-08,1.0000000000000004e-08,,,,7819
66,,,0.48972171545028687,,,7819
,1.0000000000000004e-08,1.0000000000000004e-08,,,,7829
66,,,0.15766039490699768,,,7829
66,,,,73.13387298583984,73.1925277709961,7838
,1.0000000000000004e-08,1.0000000000000004e-08,,,,7839
67,,,0.21743673086166382,,,7839
,1.0000000000000004e-08,1.0000000000000004e-08,,,,7849
67,,,0.12924450635910034,,,7849
,1.0000000000000004e-08,1.0000000000000004e-08,,,,7859
67,,,0.2905745208263397,,,7859
,1.0000000000000004e-08,1.0000000000000004e-08,,,,7869
67,,,0.10172128677368164,,,7869
,1.0000000000000004e-08,1.0000000000000004e-08,,,,7879
67,,,0.515543520450592,,,7879
,1.0000000000000004e-08,1.0000000000000004e-08,,,,7889
67,,,0.11400246620178223,,,7889
,1.0000000000000004e-08,1.0000000000000004e-08,,,,7899
67,,,0.27484017610549927,,,7899
,1.0000000000000004e-08,1.0000000000000004e-08,,,,7909
67,,,0.19279514253139496,,,7909
,1.0000000000000004e-08,1.0000000000000004e-08,,,,7919
67,,,0.2794104218482971,,,7919
,1.0000000000000004e-08,1.0000000000000004e-08,,,,7929
67,,,0.1885162591934204,,,7929
,1.0000000000000004e-08,1.0000000000000004e-08,,,,7939
67,,,0.17972266674041748,,,7939
,1.0000000000000004e-08,1.0000000000000004e-08,,,,7949
67,,,0.2539953887462616,,,7949
67,,,,72.74827575683594,72.7863540649414,7955
,1.0000000000000004e-08,1.0000000000000004e-08,,,,7959
68,,,0.29688578844070435,,,7959
,1.0000000000000004e-08,1.0000000000000004e-08,,,,7969
68,,,0.31225186586380005,,,7969
,1.0000000000000004e-08,1.0000000000000004e-08,,,,7979
68,,,0.28365302085876465,,,7979
,1.0000000000000004e-08,1.0000000000000004e-08,,,,7989
68,,,0.24430714547634125,,,7989
,1.0000000000000004e-08,1.0000000000000004e-08,,,,7999
68,,,0.16731521487236023,,,7999
,1.0000000000000004e-08,1.0000000000000004e-08,,,,8009
68,,,0.23095667362213135,,,8009
,1.0000000000000004e-08,1.0000000000000004e-08,,,,8019
68,,,0.12569737434387207,,,8019
,1.0000000000000004e-08,1.0000000000000004e-08,,,,8029
68,,,0.284162700176239,,,8029
,1.0000000000000004e-08,1.0000000000000004e-08,,,,8039
68,,,0.5102573037147522,,,8039
,1.0000000000000004e-08,1.0000000000000004e-08,,,,8049
68,,,0.12928427755832672,,,8049
,1.0000000000000004e-08,1.0000000000000004e-08,,,,8059
68,,,0.30276891589164734,,,8059
,1.0000000000000004e-08,1.0000000000000004e-08,,,,8069
68,,,0.27216339111328125,,,8069
68,,,,71.17108917236328,71.16165924072266,8072
,1.0000000000000004e-08,1.0000000000000004e-08,,,,8079
69,,,0.19891250133514404,,,8079
,1.0000000000000004e-08,1.0000000000000004e-08,,,,8089
69,,,0.17592018842697144,,,8089
,1.0000000000000004e-08,1.0000000000000004e-08,,,,8099
69,,,0.19945260882377625,,,8099
,1.0000000000000004e-08,1.0000000000000004e-08,,,,8109
69,,,0.5951722860336304,,,8109
,1.0000000000000004e-08,1.0000000000000004e-08,,,,8119
69,,,0.177045077085495,,,8119
,1.0000000000000004e-08,1.0000000000000004e-08,,,,8129
69,,,0.049391500651836395,,,8129
,1.0000000000000004e-08,1.0000000000000004e-08,,,,8139
69,,,0.3705828785896301,,,8139
,1.0000000000000004e-08,1.0000000000000004e-08,,,,8149
69,,,0.20185630023479462,,,8149
,1.0000000000000004e-08,1.0000000000000004e-08,,,,8159
69,,,0.213786318898201,,,8159
,1.0000000000000004e-08,1.0000000000000004e-08,,,,8169
69,,,0.10598327219486237,,,8169
,1.0000000000000004e-08,1.0000000000000004e-08,,,,8179
69,,,0.29640668630599976,,,8179
,1.0000000000000004e-08,1.0000000000000004e-08,,,,8189
69,,,2.1495213508605957,,,8189
69,,,,72.97090148925781,73.03005981445312,8189
,1.0000000000000005e-09,1.0000000000000005e-09,,,,8199
70,,,0.20575252175331116,,,8199
,1.0000000000000005e-09,1.0000000000000005e-09,,,,8209
70,,,0.1445559859275818,,,8209
,1.0000000000000005e-09,1.0000000000000005e-09,,,,8219
70,,,0.3271940052509308,,,8219
,1.0000000000000005e-09,1.0000000000000005e-09,,,,8229
70,,,0.4218798577785492,,,8229
,1.0000000000000005e-09,1.0000000000000005e-09,,,,8239
70,,,0.2593684792518616,,,8239
,1.0000000000000005e-09,1.0000000000000005e-09,,,,8249
70,,,0.15588465332984924,,,8249
,1.0000000000000005e-09,1.0000000000000005e-09,,,,8259
70,,,0.13841377198696136,,,8259
,1.0000000000000005e-09,1.0000000000000005e-09,,,,8269
70,,,0.17195254564285278,,,8269
,1.0000000000000005e-09,1.0000000000000005e-09,,,,8279
70,,,0.211614727973938,,,8279
,1.0000000000000005e-09,1.0000000000000005e-09,,,,8289
70,,,0.19694840908050537,,,8289
,1.0000000000000005e-09,1.0000000000000005e-09,,,,8299
70,,,0.3520049452781677,,,8299
70,,,,72.73060607910156,72.7863540649414,8306
,1.0000000000000005e-09,1.0000000000000005e-09,,,,8309
71,,,0.270247220993042,,,8309
,1.0000000000000005e-09,1.0000000000000005e-09,,,,8319
71,,,0.1646622121334076,,,8319
,1.0000000000000005e-09,1.0000000000000005e-09,,,,8329
71,,,0.270747572183609,,,8329
,1.0000000000000005e-09,1.0000000000000005e-09,,,,8339
71,,,0.3587114214897156,,,8339
,1.0000000000000005e-09,1.0000000000000005e-09,,,,8349
71,,,0.15731535851955414,,,8349
,1.0000000000000005e-09,1.0000000000000005e-09,,,,8359
71,,,0.45057982206344604,,,8359
,1.0000000000000005e-09,1.0000000000000005e-09,,,,8369
71,,,0.10028759390115738,,,8369
,1.0000000000000005e-09,1.0000000000000005e-09,,,,8379
71,,,0.25338631868362427,,,8379
,1.0000000000000005e-09,1.0000000000000005e-09,,,,8389
71,,,0.18440431356430054,,,8389
,1.0000000000000005e-09,1.0000000000000005e-09,,,,8399
71,,,0.2800843119621277,,,8399
,1.0000000000000005e-09,1.0000000000000005e-09,,,,8409
71,,,0.3798685371875763,,,8409
,1.0000000000000005e-09,1.0000000000000005e-09,,,,8419
71,,,0.1867961287498474,,,8419
71,,,,73.17402648925781,73.27375793457031,8423
,1.0000000000000005e-09,1.0000000000000005e-09,,,,8429
72,,,0.3552621304988861,,,8429
,1.0000000000000005e-09,1.0000000000000005e-09,,,,8439
72,,,0.1945582628250122,,,8439
,1.0000000000000005e-09,1.0000000000000005e-09,,,,8449
72,,,0.3739442229270935,,,8449
,1.0000000000000005e-09,1.0000000000000005e-09,,,,8459
72,,,0.34890812635421753,,,8459
,1.0000000000000005e-09,1.0000000000000005e-09,,,,8469
72,,,0.5056341886520386,,,8469
,1.0000000000000005e-09,1.0000000000000005e-09,,,,8479
72,,,0.2621340751647949,,,8479
,1.0000000000000005e-09,1.0000000000000005e-09,,,,8489
72,,,0.1125045120716095,,,8489
,1.0000000000000005e-09,1.0000000000000005e-09,,,,8499
72,,,0.16689945757389069,,,8499
,1.0000000000000005e-09,1.0000000000000005e-09,,,,8509
72,,,0.16418109834194183,,,8509
,1.0000000000000005e-09,1.0000000000000005e-09,,,,8519
72,,,0.34678083658218384,,,8519
,1.0000000000000005e-09,1.0000000000000005e-09,,,,8529
72,,,0.2642819881439209,,,8529
,1.0000000000000005e-09,1.0000000000000005e-09,,,,8539
72,,,0.1725432574748993,,,8539
72,,,,72.25867462158203,72.29894256591797,8540
,1.0000000000000005e-09,1.0000000000000005e-09,,,,8549
73,,,0.26416653394699097,,,8549
,1.0000000000000005e-09,1.0000000000000005e-09,,,,8559
73,,,0.13721877336502075,,,8559
,1.0000000000000005e-09,1.0000000000000005e-09,,,,8569
73,,,0.3632640838623047,,,8569
,1.0000000000000005e-09,1.0000000000000005e-09,,,,8579
73,,,0.12380784749984741,,,8579
,1.0000000000000005e-09,1.0000000000000005e-09,,,,8589
73,,,0.3198464512825012,,,8589
,1.0000000000000005e-09,1.0000000000000005e-09,,,,8599
73,,,0.33317020535469055,,,8599
,1.0000000000000005e-09,1.0000000000000005e-09,,,,8609
73,,,0.21566075086593628,,,8609
,1.0000000000000005e-09,1.0000000000000005e-09,,,,8619
73,,,0.2578055262565613,,,8619
,1.0000000000000005e-09,1.0000000000000005e-09,,,,8629
73,,,0.2767183184623718,,,8629
,1.0000000000000005e-09,1.0000000000000005e-09,,,,8639
73,,,0.24262547492980957,,,8639
,1.0000000000000005e-09,1.0000000000000005e-09,,,,8649
73,,,0.4140005111694336,,,8649
73,,,,72.47145080566406,72.54264831542969,8657
,1.0000000000000005e-09,1.0000000000000005e-09,,,,8659
74,,,0.21915486454963684,,,8659
,1.0000000000000005e-09,1.0000000000000005e-09,,,,8669
74,,,0.16993488371372223,,,8669
,1.0000000000000005e-09,1.0000000000000005e-09,,,,8679
74,,,0.2955389618873596,,,8679
,1.0000000000000005e-09,1.0000000000000005e-09,,,,8689
74,,,0.3514525294303894,,,8689
,1.0000000000000005e-09,1.0000000000000005e-09,,,,8699
74,,,0.1167493686079979,,,8699
,1.0000000000000005e-09,1.0000000000000005e-09,,,,8709
74,,,0.1312083899974823,,,8709
,1.0000000000000005e-09,1.0000000000000005e-09,,,,8719
74,,,0.22321322560310364,,,8719
,1.0000000000000005e-09,1.0000000000000005e-09,,,,8729
74,,,0.17903545498847961,,,8729
,1.0000000000000005e-09,1.0000000000000005e-09,,,,8739
74,,,0.18940192461013794,,,8739
,1.0000000000000005e-09,1.0000000000000005e-09,,,,8749
74,,,0.0990796834230423,,,8749
,1.0000000000000005e-09,1.0000000000000005e-09,,,,8759
74,,,0.1890629529953003,,,8759
,1.0000000000000005e-09,1.0000000000000005e-09,,,,8769
74,,,0.27424973249435425,,,8769
74,,,,72.60757446289062,72.70511627197266,8774
,1.0000000000000005e-09,1.0000000000000005e-09,,,,8779
75,,,0.6707766056060791,,,8779
,1.0000000000000005e-09,1.0000000000000005e-09,,,,8789
75,,,0.19367995858192444,,,8789
,1.0000000000000005e-09,1.0000000000000005e-09,,,,8799
75,,,0.26992401480674744,,,8799
,1.0000000000000005e-09,1.0000000000000005e-09,,,,8809
75,,,0.4009833037853241,,,8809
,1.0000000000000005e-09,1.0000000000000005e-09,,,,8819
75,,,0.14658872783184052,,,8819
,1.0000000000000005e-09,1.0000000000000005e-09,,,,8829
75,,,0.2618388533592224,,,8829
,1.0000000000000005e-09,1.0000000000000005e-09,,,,8839
75,,,0.326285719871521,,,8839
,1.0000000000000005e-09,1.0000000000000005e-09,,,,8849
75,,,0.2594544291496277,,,8849
,1.0000000000000005e-09,1.0000000000000005e-09,,,,8859
75,,,0.2060210406780243,,,8859
,1.0000000000000005e-09,1.0000000000000005e-09,,,,8869
75,,,0.30189248919487,,,8869
,1.0000000000000005e-09,1.0000000000000005e-09,,,,8879
75,,,0.39477619528770447,,,8879
,1.0000000000000005e-09,1.0000000000000005e-09,,,,8889
75,,,0.36122429370880127,,,8889
75,,,,72.8115005493164,72.86758422851562,8891
,1.0000000000000005e-09,1.0000000000000005e-09,,,,8899
76,,,0.25301679968833923,,,8899
,1.0000000000000005e-09,1.0000000000000005e-09,,,,8909
76,,,0.2964567244052887,,,8909
,1.0000000000000005e-09,1.0000000000000005e-09,,,,8919
76,,,0.18606486916542053,,,8919
,1.0000000000000005e-09,1.0000000000000005e-09,,,,8929
76,,,0.500674843788147,,,8929
,1.0000000000000005e-09,1.0000000000000005e-09,,,,8939
76,,,0.30907565355300903,,,8939
,1.0000000000000005e-09,1.0000000000000005e-09,,,,8949
76,,,0.4300743639469147,,,8949
,1.0000000000000005e-09,1.0000000000000005e-09,,,,8959
76,,,0.2289169579744339,,,8959
,1.0000000000000005e-09,1.0000000000000005e-09,,,,8969
76,,,0.28808915615081787,,,8969
,1.0000000000000005e-09,1.0000000000000005e-09,,,,8979
76,,,0.2254936695098877,,,8979
,1.0000000000000005e-09,1.0000000000000005e-09,,,,8989
76,,,0.17096459865570068,,,8989
,1.0000000000000005e-09,1.0000000000000005e-09,,,,8999
76,,,0.17238867282867432,,,8999
76,,,,73.44902801513672,73.51746368408203,9008
,1.0000000000000005e-09,1.0000000000000005e-09,,,,9009
77,,,0.35677865147590637,,,9009
,1.0000000000000005e-09,1.0000000000000005e-09,,,,9019
77,,,0.176609605550766,,,9019
,1.0000000000000005e-09,1.0000000000000005e-09,,,,9029
77,,,0.24056470394134521,,,9029
,1.0000000000000005e-09,1.0000000000000005e-09,,,,9039
77,,,0.16659894585609436,,,9039
,1.0000000000000005e-09,1.0000000000000005e-09,,,,9049
77,,,0.35735493898391724,,,9049
,1.0000000000000005e-09,1.0000000000000005e-09,,,,9059
77,,,0.2934359908103943,,,9059
,1.0000000000000005e-09,1.0000000000000005e-09,,,,9069
77,,,0.25213325023651123,,,9069
,1.0000000000000005e-09,1.0000000000000005e-09,,,,9079
77,,,0.2762041389942169,,,9079
,1.0000000000000005e-09,1.0000000000000005e-09,,,,9089
77,,,0.2217273712158203,,,9089
,1.0000000000000005e-09,1.0000000000000005e-09,,,,9099
77,,,0.206006720662117,,,9099
,1.0000000000000005e-09,1.0000000000000005e-09,,,,9109
77,,,0.2954639792442322,,,9109
,1.0000000000000005e-09,1.0000000000000005e-09,,,,9119
77,,,0.15796014666557312,,,9119
77,,,,71.93248748779297,71.97400665283203,9125
,1.0000000000000005e-09,1.0000000000000005e-09,,,,9129
78,,,0.03209644556045532,,,9129
,1.0000000000000005e-09,1.0000000000000005e-09,,,,9139
78,,,0.2253343015909195,,,9139
,1.0000000000000005e-09,1.0000000000000005e-09,,,,9149
78,,,0.22051401436328888,,,9149
,1.0000000000000005e-09,1.0000000000000005e-09,,,,9159
78,,,0.12082035839557648,,,9159
,1.0000000000000005e-09,1.0000000000000005e-09,,,,9169
78,,,0.26767176389694214,,,9169
,1.0000000000000005e-09,1.0000000000000005e-09,,,,9179
78,,,0.20482584834098816,,,9179
,1.0000000000000005e-09,1.0000000000000005e-09,,,,9189
78,,,0.2922511100769043,,,9189
,1.0000000000000005e-09,1.0000000000000005e-09,,,,9199
78,,,0.18846875429153442,,,9199
,1.0000000000000005e-09,1.0000000000000005e-09,,,,9209
78,,,0.1692775934934616,,,9209
,1.0000000000000005e-09,1.0000000000000005e-09,,,,9219
78,,,0.2298372983932495,,,9219
,1.0000000000000005e-09,1.0000000000000005e-09,,,,9229
78,,,0.1194959282875061,,,9229
,1.0000000000000005e-09,1.0000000000000005e-09,,,,9239
78,,,0.7506414651870728,,,9239
78,,,,72.79444122314453,72.86758422851562,9242
,1.0000000000000005e-09,1.0000000000000005e-09,,,,9249
79,,,0.24710550904273987,,,9249
,1.0000000000000005e-09,1.0000000000000005e-09,,,,9259
79,,,0.27268463373184204,,,9259
,1.0000000000000005e-09,1.0000000000000005e-09,,,,9269
79,,,0.3597581088542938,,,9269
,1.0000000000000005e-09,1.0000000000000005e-09,,,,9279
79,,,0.32591986656188965,,,9279
,1.0000000000000005e-09,1.0000000000000005e-09,,,,9289
79,,,0.505158543586731,,,9289
,1.0000000000000005e-09,1.0000000000000005e-09,,,,9299
79,,,0.14596152305603027,,,9299
,1.0000000000000005e-09,1.0000000000000005e-09,,,,9309
79,,,0.17362195253372192,,,9309
,1.0000000000000005e-09,1.0000000000000005e-09,,,,9319
79,,,0.22753456234931946,,,9319
,1.0000000000000005e-09,1.0000000000000005e-09,,,,9329
79,,,0.16813316941261292,,,9329
,1.0000000000000005e-09,1.0000000000000005e-09,,,,9339
79,,,0.2004377841949463,,,9339
,1.0000000000000005e-09,1.0000000000000005e-09,,,,9349
79,,,0.13827714323997498,,,9349
,1.0000000000000005e-09,1.0000000000000005e-09,,,,9359
79,,,1.1904062032699585,,,9359
79,,,,72.1867904663086,72.21771240234375,9359
,1.0000000000000006e-10,1.0000000000000006e-10,,,,9369
80,,,0.37130388617515564,,,9369
,1.0000000000000006e-10,1.0000000000000006e-10,,,,9379
80,,,0.35545894503593445,,,9379
,1.0000000000000006e-10,1.0000000000000006e-10,,,,9389
80,,,0.34755706787109375,,,9389
,1.0000000000000006e-10,1.0000000000000006e-10,,,,9399
80,,,0.35676804184913635,,,9399
,1.0000000000000006e-10,1.0000000000000006e-10,,,,9409
80,,,0.26450204849243164,,,9409
,1.0000000000000006e-10,1.0000000000000006e-10,,,,9419
80,,,0.12844884395599365,,,9419
,1.0000000000000006e-10,1.0000000000000006e-10,,,,9429
80,,,0.39776015281677246,,,9429
,1.0000000000000006e-10,1.0000000000000006e-10,,,,9439
80,,,0.30660852789878845,,,9439
,1.0000000000000006e-10,1.0000000000000006e-10,,,,9449
80,,,0.18315951526165009,,,9449
,1.0000000000000006e-10,1.0000000000000006e-10,,,,9459
80,,,0.21521234512329102,,,9459
,1.0000000000000006e-10,1.0000000000000006e-10,,,,9469
80,,,0.23516052961349487,,,9469
80,,,,73.01545715332031,73.11128997802734,9476
,1.0000000000000006e-10,1.0000000000000006e-10,,,,9479
81,,,0.19557899236679077,,,9479
,1.0000000000000006e-10,1.0000000000000006e-10,,,,9489
81,,,0.16969947516918182,,,9489
,1.0000000000000006e-10,1.0000000000000006e-10,,,,9499
81,,,0.10040810704231262,,,9499
,1.0000000000000006e-10,1.0000000000000006e-10,,,,9509
81,,,0.16645678877830505,,,9509
,1.0000000000000006e-10,1.0000000000000006e-10,,,,9519
81,,,0.10313393920660019,,,9519
,1.0000000000000006e-10,1.0000000000000006e-10,,,,9529
81,,,0.3410031795501709,,,9529
,1.0000000000000006e-10,1.0000000000000006e-10,,,,9539
81,,,0.1927950382232666,,,9539
,1.0000000000000006e-10,1.0000000000000006e-10,,,,9549
81,,,0.2882227301597595,,,9549
,1.0000000000000006e-10,1.0000000000000006e-10,,,,9559
81,,,0.22197410464286804,,,9559
,1.0000000000000006e-10,1.0000000000000006e-10,,,,9569
81,,,0.2871074080467224,,,9569
,1.0000000000000006e-10,1.0000000000000006e-10,,,,9579
81,,,0.21491697430610657,,,9579
,1.0000000000000006e-10,1.0000000000000006e-10,,,,9589
81,,,0.48988234996795654,,,9589
81,,,,73.36795043945312,73.43623352050781,9593
,1.0000000000000006e-10,1.0000000000000006e-10,,,,9599
82,,,0.18189828097820282,,,9599
,1.0000000000000006e-10,1.0000000000000006e-10,,,,9609
82,,,0.2586081027984619,,,9609
,1.0000000000000006e-10,1.0000000000000006e-10,,,,9619
82,,,0.3606299161911011,,,9619
,1.0000000000000006e-10,1.0000000000000006e-10,,,,9629
82,,,0.12203291058540344,,,9629
,1.0000000000000006e-10,1.0000000000000006e-10,,,,9639
82,,,0.20928223431110382,,,9639
,1.0000000000000006e-10,1.0000000000000006e-10,,,,9649
82,,,0.48809701204299927,,,9649
,1.0000000000000006e-10,1.0000000000000006e-10,,,,9659
82,,,0.2277527153491974,,,9659
,1.0000000000000006e-10,1.0000000000000006e-10,,,,9669
82,,,0.2542482614517212,,,9669
,1.0000000000000006e-10,1.0000000000000006e-10,,,,9679
82,,,0.3163388967514038,,,9679
,1.0000000000000006e-10,1.0000000000000006e-10,,,,9689
82,,,0.2873132824897766,,,9689
,1.0000000000000006e-10,1.0000000000000006e-10,,,,9699
82,,,0.3576408922672272,,,9699
,1.0000000000000006e-10,1.0000000000000006e-10,,,,9709
82,,,0.1175154596567154,,,9709
82,,,,71.79645538330078,71.97400665283203,9710
,1.0000000000000006e-10,1.0000000000000006e-10,,,,9719
83,,,0.3461645543575287,,,9719
,1.0000000000000006e-10,1.0000000000000006e-10,,,,9729
83,,,0.2194267213344574,,,9729
,1.0000000000000006e-10,1.0000000000000006e-10,,,,9739
83,,,0.2681577205657959,,,9739
,1.0000000000000006e-10,1.0000000000000006e-10,,,,9749
83,,,0.35126298666000366,,,9749
,1.0000000000000006e-10,1.0000000000000006e-10,,,,9759
83,,,0.43755751848220825,,,9759
,1.0000000000000006e-10,1.0000000000000006e-10,,,,9769
83,,,0.4920101761817932,,,9769
,1.0000000000000006e-10,1.0000000000000006e-10,,,,9779
83,,,0.16513460874557495,,,9779
,1.0000000000000006e-10,1.0000000000000006e-10,,,,9789
83,,,0.209528386592865,,,9789
,1.0000000000000006e-10,1.0000000000000006e-10,,,,9799
83,,,0.17739057540893555,,,9799
,1.0000000000000006e-10,1.0000000000000006e-10,,,,9809
83,,,0.40424978733062744,,,9809
,1.0000000000000006e-10,1.0000000000000006e-10,,,,9819
83,,,0.24963639676570892,,,9819
83,,,,72.32290649414062,72.38018035888672,9827
,1.0000000000000006e-10,1.0000000000000006e-10,,,,9829
84,,,0.32315197587013245,,,9829
,1.0000000000000006e-10,1.0000000000000006e-10,,,,9839
84,,,0.13705143332481384,,,9839
,1.0000000000000006e-10,1.0000000000000006e-10,,,,9849
84,,,0.21392226219177246,,,9849
,1.0000000000000006e-10,1.0000000000000006e-10,,,,9859
84,,,0.144144669175148,,,9859
,1.0000000000000006e-10,1.0000000000000006e-10,,,,9869
84,,,0.20536354184150696,,,9869
,1.0000000000000006e-10,1.0000000000000006e-10,,,,9879
84,,,0.2801576554775238,,,9879
,1.0000000000000006e-10,1.0000000000000006e-10,,,,9889
84,,,0.20586732029914856,,,9889
,1.0000000000000006e-10,1.0000000000000006e-10,,,,9899
84,,,0.17008176445960999,,,9899
,1.0000000000000006e-10,1.0000000000000006e-10,,,,9909
84,,,0.1690550446510315,,,9909
,1.0000000000000006e-10,1.0000000000000006e-10,,,,9919
84,,,0.1216062679886818,,,9919
,1.0000000000000006e-10,1.0000000000000006e-10,,,,9929
84,,,0.17491015791893005,,,9929
,1.0000000000000006e-10,1.0000000000000006e-10,,,,9939
84,,,0.07728128135204315,,,9939
84,,,,73.42596435546875,73.51746368408203,9944
,1.0000000000000006e-10,1.0000000000000006e-10,,,,9949
85,,,0.40470513701438904,,,9949
,1.0000000000000006e-10,1.0000000000000006e-10,,,,9959
85,,,0.3179870843887329,,,9959
,1.0000000000000006e-10,1.0000000000000006e-10,,,,9969
85,,,0.2827679514884949,,,9969
,1.0000000000000006e-10,1.0000000000000006e-10,,,,9979
85,,,0.0934094563126564,,,9979
,1.0000000000000006e-10,1.0000000000000006e-10,,,,9989
85,,,0.196351557970047,,,9989
,1.0000000000000006e-10,1.0000000000000006e-10,,,,9999
85,,,0.2746858298778534,,,9999
,1.0000000000000006e-10,1.0000000000000006e-10,,,,10009
85,,,0.2698702812194824,,,10009
,1.0000000000000006e-10,1.0000000000000006e-10,,,,10019
85,,,0.28383371233940125,,,10019
,1.0000000000000006e-10,1.0000000000000006e-10,,,,10029
85,,,0.14327079057693481,,,10029
,1.0000000000000006e-10,1.0000000000000006e-10,,,,10039
85,,,0.2078409343957901,,,10039
,1.0000000000000006e-10,1.0000000000000006e-10,,,,10049
85,,,0.25437992811203003,,,10049
,1.0000000000000006e-10,1.0000000000000006e-10,,,,10059
85,,,0.23430153727531433,,,10059
85,,,,72.45120239257812,72.54264831542969,10061
,1.0000000000000006e-10,1.0000000000000006e-10,,,,10069
86,,,0.09135004132986069,,,10069
,1.0000000000000006e-10,1.0000000000000006e-10,,,,10079
86,,,0.22934505343437195,,,10079
,1.0000000000000006e-10,1.0000000000000006e-10,,,,10089
86,,,0.28087419271469116,,,10089
,1.0000000000000006e-10,1.0000000000000006e-10,,,,10099
86,,,0.38688772916793823,,,10099
,1.0000000000000006e-10,1.0000000000000006e-10,,,,10109
86,,,0.09938335418701172,,,10109
,1.0000000000000006e-10,1.0000000000000006e-10,,,,10119
86,,,0.17233723402023315,,,10119
,1.0000000000000006e-10,1.0000000000000006e-10,,,,10129
86,,,0.1164381206035614,,,10129
,1.0000000000000006e-10,1.0000000000000006e-10,,,,10139
86,,,0.4433092772960663,,,10139
,1.0000000000000006e-10,1.0000000000000006e-10,,,,10149
86,,,0.3043709397315979,,,10149
,1.0000000000000006e-10,1.0000000000000006e-10,,,,10159
86,,,0.2825620472431183,,,10159
,1.0000000000000006e-10,1.0000000000000006e-10,,,,10169
86,,,0.21490366756916046,,,10169
86,,,,72.16152954101562,72.29894256591797,10178
,1.0000000000000006e-10,1.0000000000000006e-10,,,,10179
87,,,0.2194250375032425,,,10179
,1.0000000000000006e-10,1.0000000000000006e-10,,,,10189
87,,,0.4725668728351593,,,10189
,1.0000000000000006e-10,1.0000000000000006e-10,,,,10199
87,,,0.536847710609436,,,10199
,1.0000000000000006e-10,1.0000000000000006e-10,,,,10209
87,,,0.2782377004623413,,,10209
,1.0000000000000006e-10,1.0000000000000006e-10,,,,10219
87,,,0.19086289405822754,,,10219
,1.0000000000000006e-10,1.0000000000000006e-10,,,,10229
87,,,0.23316124081611633,,,10229
,1.0000000000000006e-10,1.0000000000000006e-10,,,,10239
87,,,0.3827694058418274,,,10239
,1.0000000000000006e-10,1.0000000000000006e-10,,,,10249
87,,,0.12547104060649872,,,10249
,1.0000000000000006e-10,1.0000000000000006e-10,,,,10259
87,,,0.4023746848106384,,,10259
,1.0000000000000006e-10,1.0000000000000006e-10,,,,10269
87,,,0.12056396156549454,,,10269
,1.0000000000000006e-10,1.0000000000000006e-10,,,,10279
87,,,0.25517579913139343,,,10279
,1.0000000000000006e-10,1.0000000000000006e-10,,,,10289
87,,,0.38162195682525635,,,10289
87,,,,72.2781753540039,72.38018035888672,10295
,1.0000000000000006e-10,1.0000000000000006e-10,,,,10299
88,,,0.28948602080345154,,,10299
,1.0000000000000006e-10,1.0000000000000006e-10,,,,10309
88,,,0.27209529280662537,,,10309
,1.0000000000000006e-10,1.0000000000000006e-10,,,,10319
88,,,0.21364957094192505,,,10319
,1.0000000000000006e-10,1.0000000000000006e-10,,,,10329
88,,,0.39918234944343567,,,10329
,1.0000000000000006e-10,1.0000000000000006e-10,,,,10339
88,,,0.27025488018989563,,,10339
,1.0000000000000006e-10,1.0000000000000006e-10,,,,10349
88,,,0.16564062237739563,,,10349
,1.0000000000000006e-10,1.0000000000000006e-10,,,,10359
88,,,0.26019763946533203,,,10359
,1.0000000000000006e-10,1.0000000000000006e-10,,,,10369
88,,,0.19412602484226227,,,10369
,1.0000000000000006e-10,1.0000000000000006e-10,,,,10379
88,,,0.12323293834924698,,,10379
,1.0000000000000006e-10,1.0000000000000006e-10,,,,10389
88,,,0.31759652495384216,,,10389
,1.0000000000000006e-10,1.0000000000000006e-10,,,,10399
88,,,0.17275607585906982,,,10399
,1.0000000000000006e-10,1.0000000000000006e-10,,,,10409
88,,,0.3872202932834625,,,10409
88,,,,72.8660888671875,72.94882202148438,10412
,1.0000000000000006e-10,1.0000000000000006e-10,,,,10419
89,,,0.09768032282590866,,,10419
,1.0000000000000006e-10,1.0000000000000006e-10,,,,10429
89,,,0.25491610169410706,,,10429
,1.0000000000000006e-10,1.0000000000000006e-10,,,,10439
89,,,0.5567975044250488,,,10439
,1.0000000000000006e-10,1.0000000000000006e-10,,,,10449
89,,,0.1587805598974228,,,10449
,1.0000000000000006e-10,1.0000000000000006e-10,,,,10459
89,,,0.17814064025878906,,,10459
,1.0000000000000006e-10,1.0000000000000006e-10,,,,10469
89,,,0.4003296494483948,,,10469
,1.0000000000000006e-10,1.0000000000000006e-10,,,,10479
89,,,0.3308371305465698,,,10479
,1.0000000000000006e-10,1.0000000000000006e-10,,,,10489
89,,,0.1725609302520752,,,10489
,1.0000000000000006e-10,1.0000000000000006e-10,,,,10499
89,,,0.1630975902080536,,,10499
,1.0000000000000006e-10,1.0000000000000006e-10,,,,10509
89,,,0.4467352628707886,,,10509
,1.0000000000000006e-10,1.0000000000000006e-10,,,,10519
89,,,0.22152435779571533,,,10519
,1.0000000000000006e-10,1.0000000000000006e-10,,,,10529
89,,,2.2668251991271973,,,10529
89,,,,72.37432861328125,72.46141052246094,10529
,1.0000000000000006e-11,1.0000000000000006e-11,,,,10539
90,,,0.16662323474884033,,,10539
,1.0000000000000006e-11,1.0000000000000006e-11,,,,10549
90,,,0.47692954540252686,,,10549
,1.0000000000000006e-11,1.0000000000000006e-11,,,,10559
90,,,0.3685097098350525,,,10559
,1.0000000000000006e-11,1.0000000000000006e-11,,,,10569
90,,,0.45584216713905334,,,10569
,1.0000000000000006e-11,1.0000000000000006e-11,,,,10579
90,,,0.15396632254123688,,,10579
,1.0000000000000006e-11,1.0000000000000006e-11,,,,10589
90,,,0.3273514211177826,,,10589
,1.0000000000000006e-11,1.0000000000000006e-11,,,,10599
90,,,0.19567808508872986,,,10599
,1.0000000000000006e-11,1.0000000000000006e-11,,,,10609
90,,,0.2516334354877472,,,10609
,1.0000000000000006e-11,1.0000000000000006e-11,,,,10619
90,,,0.11197240650653839,,,10619
,1.0000000000000006e-11,1.0000000000000006e-11,,,,10629
90,,,0.10267641395330429,,,10629
,1.0000000000000006e-11,1.0000000000000006e-11,,,,10639
90,,,0.23074710369110107,,,10639
90,,,,72.97972106933594,73.03005981445312,10646
,1.0000000000000006e-11,1.0000000000000006e-11,,,,10649
91,,,0.22032053768634796,,,10649
,1.0000000000000006e-11,1.0000000000000006e-11,,,,10659
91,,,0.18581697344779968,,,10659
,1.0000000000000006e-11,1.0000000000000006e-11,,,,10669
91,,,0.1531008630990982,,,10669
,1.0000000000000006e-11,1.0000000000000006e-11,,,,10679
91,,,0.442463219165802,,,10679
,1.0000000000000006e-11,1.0000000000000006e-11,,,,10689
91,,,0.51582932472229,,,10689
,1.0000000000000006e-11,1.0000000000000006e-11,,,,10699
91,,,0.1391163021326065,,,10699
,1.0000000000000006e-11,1.0000000000000006e-11,,,,10709
91,,,0.24340538680553436,,,10709
,1.0000000000000006e-11,1.0000000000000006e-11,,,,10719
91,,,0.26018446683883667,,,10719
,1.0000000000000006e-11,1.0000000000000006e-11,,,,10729
91,,,0.38020849227905273,,,10729
,1.0000000000000006e-11,1.0000000000000006e-11,,,,10739
91,,,0.07642412930727005,,,10739
,1.0000000000000006e-11,1.0000000000000006e-11,,,,10749
91,,,0.3265935778617859,,,10749
,1.0000000000000006e-11,1.0000000000000006e-11,,,,10759
91,,,0.2701459527015686,,,10759
91,,,,72.74948120117188,72.7863540649414,10763
,1.0000000000000006e-11,1.0000000000000006e-11,,,,10769
92,,,0.4670197367668152,,,10769
,1.0000000000000006e-11,1.0000000000000006e-11,,,,10779
92,,,0.2312949001789093,,,10779
,1.0000000000000006e-11,1.0000000000000006e-11,,,,10789
92,,,0.33458441495895386,,,10789
,1.0000000000000006e-11,1.0000000000000006e-11,,,,10799
92,,,0.34724223613739014,,,10799
,1.0000000000000006e-11,1.0000000000000006e-11,,,,10809
92,,,0.19301535189151764,,,10809
,1.0000000000000006e-11,1.0000000000000006e-11,,,,10819
92,,,0.24187977612018585,,,10819
,1.0000000000000006e-11,1.0000000000000006e-11,,,,10829
92,,,0.25914236903190613,,,10829
,1.0000000000000006e-11,1.0000000000000006e-11,,,,10839
92,,,0.20883271098136902,,,10839
,1.0000000000000006e-11,1.0000000000000006e-11,,,,10849
92,,,0.4373762309551239,,,10849
,1.0000000000000006e-11,1.0000000000000006e-11,,,,10859
92,,,0.27482110261917114,,,10859
,1.0000000000000006e-11,1.0000000000000006e-11,,,,10869
92,,,0.16942253708839417,,,10869
,1.0000000000000006e-11,1.0000000000000006e-11,,,,10879
92,,,0.25940996408462524,,,10879
92,,,,73.06684875488281,73.1925277709961,10880
,1.0000000000000006e-11,1.0000000000000006e-11,,,,10889
93,,,0.28034457564353943,,,10889
,1.0000000000000006e-11,1.0000000000000006e-11,,,,10899
93,,,0.26906538009643555,,,10899
,1.0000000000000006e-11,1.0000000000000006e-11,,,,10909
93,,,0.3598383069038391,,,10909
,1.0000000000000006e-11,1.0000000000000006e-11,,,,10919
93,,,0.14721253514289856,,,10919
,1.0000000000000006e-11,1.0000000000000006e-11,,,,10929
93,,,0.3077176809310913,,,10929
,1.0000000000000006e-11,1.0000000000000006e-11,,,,10939
93,,,0.37792420387268066,,,10939
,1.0000000000000006e-11,1.0000000000000006e-11,,,,10949
93,,,0.23924358189105988,,,10949
,1.0000000000000006e-11,1.0000000000000006e-11,,,,10959
93,,,0.22310718894004822,,,10959
,1.0000000000000006e-11,1.0000000000000006e-11,,,,10969
93,,,0.2143838107585907,,,10969
,1.0000000000000006e-11,1.0000000000000006e-11,,,,10979
93,,,0.3825451731681824,,,10979
,1.0000000000000006e-11,1.0000000000000006e-11,,,,10989
93,,,0.3010423481464386,,,10989
93,,,,72.36427307128906,72.46141052246094,10997
,1.0000000000000006e-11,1.0000000000000006e-11,,,,10999
94,,,0.38487303256988525,,,10999
,1.0000000000000006e-11,1.0000000000000006e-11,,,,11009
94,,,0.12555886805057526,,,11009
,1.0000000000000006e-11,1.0000000000000006e-11,,,,11019
94,,,0.21645714342594147,,,11019
,1.0000000000000006e-11,1.0000000000000006e-11,,,,11029
94,,,0.4643760323524475,,,11029
,1.0000000000000006e-11,1.0000000000000006e-11,,,,11039
94,,,0.4244020879268646,,,11039
,1.0000000000000006e-11,1.0000000000000006e-11,,,,11049
94,,,0.2654601037502289,,,11049
,1.0000000000000006e-11,1.0000000000000006e-11,,,,11059
94,,,0.11332887411117554,,,11059
,1.0000000000000006e-11,1.0000000000000006e-11,,,,11069
94,,,0.4045639932155609,,,11069
,1.0000000000000006e-11,1.0000000000000006e-11,,,,11079
94,,,0.5391849875450134,,,11079
,1.0000000000000006e-11,1.0000000000000006e-11,,,,11089
94,,,0.5013732314109802,,,11089
,1.0000000000000006e-11,1.0000000000000006e-11,,,,11099
94,,,0.32443928718566895,,,11099
,1.0000000000000006e-11,1.0000000000000006e-11,,,,11109
94,,,0.26131752133369446,,,11109
94,,,,71.93045043945312,71.97400665283203,11114
,1.0000000000000006e-11,1.0000000000000006e-11,,,,11119
95,,,0.20530983805656433,,,11119
,1.0000000000000006e-11,1.0000000000000006e-11,,,,11129
95,,,0.21178558468818665,,,11129
,1.0000000000000006e-11,1.0000000000000006e-11,,,,11139
95,,,0.2874895930290222,,,11139
,1.0000000000000006e-11,1.0000000000000006e-11,,,,11149
95,,,0.32827430963516235,,,11149
,1.0000000000000006e-11,1.0000000000000006e-11,,,,11159
95,,,0.14369550347328186,,,11159
,1.0000000000000006e-11,1.0000000000000006e-11,,,,11169
95,,,0.22228607535362244,,,11169
,1.0000000000000006e-11,1.0000000000000006e-11,,,,11179
95,,,0.2804409861564636,,,11179
,1.0000000000000006e-11,1.0000000000000006e-11,,,,11189
95,,,0.08346351981163025,,,11189
,1.0000000000000006e-11,1.0000000000000006e-11,,,,11199
95,,,0.09025124460458755,,,11199
,1.0000000000000006e-11,1.0000000000000006e-11,,,,11209
95,,,0.21202513575553894,,,11209
,1.0000000000000006e-11,1.0000000000000006e-11,,,,11219
95,,,0.3240929841995239,,,11219
,1.0000000000000006e-11,1.0000000000000006e-11,,,,11229
95,,,0.44038110971450806,,,11229
95,,,,73.00802612304688,73.11128997802734,11231
,1.0000000000000006e-11,1.0000000000000006e-11,,,,11239
96,,,0.18708720803260803,,,11239
,1.0000000000000006e-11,1.0000000000000006e-11,,,,11249
96,,,0.2052554190158844,,,11249
,1.0000000000000006e-11,1.0000000000000006e-11,,,,11259
96,,,0.33452606201171875,,,11259
,1.0000000000000006e-11,1.0000000000000006e-11,,,,11269
96,,,0.1444632112979889,,,11269
,1.0000000000000006e-11,1.0000000000000006e-11,,,,11279
96,,,0.26082757115364075,,,11279
,1.0000000000000006e-11,1.0000000000000006e-11,,,,11289
96,,,0.31256330013275146,,,11289
,1.0000000000000006e-11,1.0000000000000006e-11,,,,11299
96,,,0.20133477449417114,,,11299
,1.0000000000000006e-11,1.0000000000000006e-11,,,,11309
96,,,0.2372431457042694,,,11309
,1.0000000000000006e-11,1.0000000000000006e-11,,,,11319
96,,,0.15377135574817657,,,11319
,1.0000000000000006e-11,1.0000000000000006e-11,,,,11329
96,,,0.09449933469295502,,,11329
,1.0000000000000006e-11,1.0000000000000006e-11,,,,11339
96,,,0.27685466408729553,,,11339
96,,,,72.53510284423828,72.62388610839844,11348
,1.0000000000000006e-11,1.0000000000000006e-11,,,,11349
97,,,0.25818780064582825,,,11349
,1.0000000000000006e-11,1.0000000000000006e-11,,,,11359
97,,,0.2548578977584839,,,11359
,1.0000000000000006e-11,1.0000000000000006e-11,,,,11369
97,,,0.11903853714466095,,,11369
,1.0000000000000006e-11,1.0000000000000006e-11,,,,11379
97,,,0.41296055912971497,,,11379
,1.0000000000000006e-11,1.0000000000000006e-11,,,,11389
97,,,0.3178861141204834,,,11389
,1.0000000000000006e-11,1.0000000000000006e-11,,,,11399
97,,,0.3106434941291809,,,11399
,1.0000000000000006e-11,1.0000000000000006e-11,,,,11409
97,,,0.3339999318122864,,,11409
,1.0000000000000006e-11,1.0000000000000006e-11,,,,11419
97,,,0.3841605484485626,,,11419
,1.0000000000000006e-11,1.0000000000000006e-11,,,,11429
97,,,0.3324624300003052,,,11429
,1.0000000000000006e-11,1.0000000000000006e-11,,,,11439
97,,,0.29547226428985596,,,11439
,1.0000000000000006e-11,1.0000000000000006e-11,,,,11449
97,,,0.19517123699188232,,,11449
,1.0000000000000006e-11,1.0000000000000006e-11,,,,11459
97,,,0.13770420849323273,,,11459
97,,,,73.25051879882812,73.35499572753906,11465
,1.0000000000000006e-11,1.0000000000000006e-11,,,,11469
98,,,0.17953279614448547,,,11469
,1.0000000000000006e-11,1.0000000000000006e-11,,,,11479
98,,,0.21713916957378387,,,11479
,1.0000000000000006e-11,1.0000000000000006e-11,,,,11489
98,,,0.2658006548881531,,,11489
,1.0000000000000006e-11,1.0000000000000006e-11,,,,11499
98,,,0.365030974149704,,,11499
,1.0000000000000006e-11,1.0000000000000006e-11,,,,11509
98,,,0.32621434330940247,,,11509
,1.0000000000000006e-11,1.0000000000000006e-11,,,,11519
98,,,0.1568039059638977,,,11519
,1.0000000000000006e-11,1.0000000000000006e-11,,,,11529
98,,,0.2667696475982666,,,11529
,1.0000000000000006e-11,1.0000000000000006e-11,,,,11539
98,,,0.3169476389884949,,,11539
,1.0000000000000006e-11,1.0000000000000006e-11,,,,11549
98,,,0.19673186540603638,,,11549
,1.0000000000000006e-11,1.0000000000000006e-11,,,,11559
98,,,0.24251070618629456,,,11559
,1.0000000000000006e-11,1.0000000000000006e-11,,,,11569
98,,,0.21609830856323242,,,11569
,1.0000000000000006e-11,1.0000000000000006e-11,,,,11579
98,,,0.20734083652496338,,,11579
98,,,,72.62723541259766,72.70511627197266,11582
,1.0000000000000006e-11,1.0000000000000006e-11,,,,11589
99,,,0.34498757123947144,,,11589
,1.0000000000000006e-11,1.0000000000000006e-11,,,,11599
99,,,0.39153072237968445,,,11599
,1.0000000000000006e-11,1.0000000000000006e-11,,,,11609
99,,,0.09010103344917297,,,11609
,1.0000000000000006e-11,1.0000000000000006e-11,,,,11619
99,,,0.2391027957201004,,,11619
,1.0000000000000006e-11,1.0000000000000006e-11,,,,11629
99,,,0.27350157499313354,,,11629
,1.0000000000000006e-11,1.0000000000000006e-11,,,,11639
99,,,0.18843597173690796,,,11639
,1.0000000000000006e-11,1.0000000000000006e-11,,,,11649
99,,,0.17566746473312378,,,11649
,1.0000000000000006e-11,1.0000000000000006e-11,,,,11659
99,,,0.18029209971427917,,,11659
,1.0000000000000006e-11,1.0000000000000006e-11,,,,11669
99,,,0.4961775839328766,,,11669
,1.0000000000000006e-11,1.0000000000000006e-11,,,,11679
99,,,0.18285517394542694,,,11679
,1.0000000000000006e-11,1.0000000000000006e-11,,,,11689
99,,,0.1689341962337494,,,11689
,1.0000000000000006e-11,1.0000000000000006e-11,,,,11699
99,,,1.326807975769043,,,11699
99,,,,72.54695129394531,72.62388610839844,11699
,1.0000000000000006e-12,1.0000000000000006e-12,,,,11709
100,,,0.11742459237575531,,,11709
,1.0000000000000006e-12,1.0000000000000006e-12,,,,11719
100,,,0.20239916443824768,,,11719
,1.0000000000000006e-12,1.0000000000000006e-12,,,,11729
100,,,0.31156960129737854,,,11729
,1.0000000000000006e-12,1.0000000000000006e-12,,,,11739
100,,,0.36626121401786804,,,11739
,1.0000000000000006e-12,1.0000000000000006e-12,,,,11749
100,,,0.5268826484680176,,,11749
,1.0000000000000006e-12,1.0000000000000006e-12,,,,11759
100,,,0.06433059275150299,,,11759
,1.0000000000000006e-12,1.0000000000000006e-12,,,,11769
100,,,0.20207099616527557,,,11769
,1.0000000000000006e-12,1.0000000000000006e-12,,,,11779
100,,,0.24005237221717834,,,11779
,1.0000000000000006e-12,1.0000000000000006e-12,,,,11789
100,,,0.19188550114631653,,,11789
,1.0000000000000006e-12,1.0000000000000006e-12,,,,11799
100,,,0.4211692214012146,,,11799
,1.0000000000000006e-12,1.0000000000000006e-12,,,,11809
100,,,0.34340253472328186,,,11809
100,,,,72.69869232177734,72.7863540649414,11816
,1.0000000000000006e-12,1.0000000000000006e-12,,,,11819
101,,,0.27465805411338806,,,11819
,1.0000000000000006e-12,1.0000000000000006e-12,,,,11829
101,,,0.21231907606124878,,,11829
,1.0000000000000006e-12,1.0000000000000006e-12,,,,11839
101,,,0.1603037267923355,,,11839
,1.0000000000000006e-12,1.0000000000000006e-12,,,,11849
101,,,0.19773998856544495,,,11849
,1.0000000000000006e-12,1.0000000000000006e-12,,,,11859
101,,,0.23429816961288452,,,11859
,1.0000000000000006e-12,1.0000000000000006e-12,,,,11869
101,,,0.29756128787994385,,,11869
,1.0000000000000006e-12,1.0000000000000006e-12,,,,11879
101,,,0.34237825870513916,,,11879
,1.0000000000000006e-12,1.0000000000000006e-12,,,,11889
101,,,0.2874498963356018,,,11889
,1.0000000000000006e-12,1.0000000000000006e-12,,,,11899
101,,,0.2738006114959717,,,11899
,1.0000000000000006e-12,1.0000000000000006e-12,,,,11909
101,,,0.2585994005203247,,,11909
,1.0000000000000006e-12,1.0000000000000006e-12,,,,11919
101,,,0.2425897717475891,,,11919
,1.0000000000000006e-12,1.0000000000000006e-12,,,,11929
101,,,0.38623836636543274,,,11929
101,,,,72.79645538330078,72.86758422851562,11933
,1.0000000000000006e-12,1.0000000000000006e-12,,,,11939
102,,,0.20935893058776855,,,11939
,1.0000000000000006e-12,1.0000000000000006e-12,,,,11949
102,,,0.1702556014060974,,,11949
,1.0000000000000006e-12,1.0000000000000006e-12,,,,11959
102,,,0.4389449954032898,,,11959
,1.0000000000000006e-12,1.0000000000000006e-12,,,,11969
102,,,0.19717346131801605,,,11969
,1.0000000000000006e-12,1.0000000000000006e-12,,,,11979
102,,,0.33264830708503723,,,11979
,1.0000000000000006e-12,1.0000000000000006e-12,,,,11989
102,,,0.36783748865127563,,,11989
,1.0000000000000006e-12,1.0000000000000006e-12,,,,11999
102,,,0.16701093316078186,,,11999
,1.0000000000000006e-12,1.0000000000000006e-12,,,,12009
102,,,0.19521847367286682,,,12009
,1.0000000000000006e-12,1.0000000000000006e-12,,,,12019
102,,,0.3068627417087555,,,12019
,1.0000000000000006e-12,1.0000000000000006e-12,,,,12029
102,,,0.43329083919525146,,,12029
,1.0000000000000006e-12,1.0000000000000006e-12,,,,12039
102,,,0.3577197194099426,,,12039
,1.0000000000000006e-12,1.0000000000000006e-12,,,,12049
102,,,0.1759873777627945,,,12049
102,,,,71.95451354980469,71.97400665283203,12050
,1.0000000000000006e-12,1.0000000000000006e-12,,,,12059
103,,,0.4322287142276764,,,12059
,1.0000000000000006e-12,1.0000000000000006e-12,,,,12069
103,,,0.21600951254367828,,,12069
,1.0000000000000006e-12,1.0000000000000006e-12,,,,12079
103,,,0.312374472618103,,,12079
,1.0000000000000006e-12,1.0000000000000006e-12,,,,12089
103,,,0.28742897510528564,,,12089
,1.0000000000000006e-12,1.0000000000000006e-12,,,,12099
103,,,0.522876501083374,,,12099
,1.0000000000000006e-12,1.0000000000000006e-12,,,,12109
103,,,0.1383410543203354,,,12109
,1.0000000000000006e-12,1.0000000000000006e-12,,,,12119
103,,,0.18943481147289276,,,12119
,1.0000000000000006e-12,1.0000000000000006e-12,,,,12129
103,,,0.20102286338806152,,,12129
,1.0000000000000006e-12,1.0000000000000006e-12,,,,12139
103,,,0.24562036991119385,,,12139
,1.0000000000000006e-12,1.0000000000000006e-12,,,,12149
103,,,0.20924824476242065,,,12149
,1.0000000000000006e-12,1.0000000000000006e-12,,,,12159
103,,,0.2548621892929077,,,12159
103,,,,72.6300277709961,72.70511627197266,12167
,1.0000000000000006e-12,1.0000000000000006e-12,,,,12169
104,,,0.39770203828811646,,,12169
,1.0000000000000006e-12,1.0000000000000006e-12,,,,12179
104,,,0.11194965243339539,,,12179
,1.0000000000000006e-12,1.0000000000000006e-12,,,,12189
104,,,0.09614752233028412,,,12189
,1.0000000000000006e-12,1.0000000000000006e-12,,,,12199
104,,,0.24491995573043823,,,12199
,1.0000000000000006e-12,1.0000000000000006e-12,,,,12209
104,,,0.14901036024093628,,,12209
,1.0000000000000006e-12,1.0000000000000006e-12,,,,12219
104,,,0.28142809867858887,,,12219
,1.0000000000000006e-12,1.0000000000000006e-12,,,,12229
104,,,0.6217659711837769,,,12229
,1.0000000000000006e-12,1.0000000000000006e-12,,,,12239
104,,,0.20604830980300903,,,12239
,1.0000000000000006e-12,1.0000000000000006e-12,,,,12249
104,,,0.243840292096138,,,12249
,1.0000000000000006e-12,1.0000000000000006e-12,,,,12259
104,,,0.22797825932502747,,,12259
,1.0000000000000006e-12,1.0000000000000006e-12,,,,12269
104,,,0.1987157016992569,,,12269
,1.0000000000000006e-12,1.0000000000000006e-12,,,,12279
104,,,0.13099414110183716,,,12279
104,,,,73.13772583007812,73.1925277709961,12284
,1.0000000000000006e-12,1.0000000000000006e-12,,,,12289
105,,,0.15815579891204834,,,12289
,1.0000000000000006e-12,1.0000000000000006e-12,,,,12299
105,,,0.22425058484077454,,,12299
,1.0000000000000006e-12,1.0000000000000006e-12,,,,12309
105,,,0.4146336615085602,,,12309
,1.0000000000000006e-12,1.0000000000000006e-12,,,,12319
105,,,0.33778589963912964,,,12319
,1.0000000000000006e-12,1.0000000000000006e-12,,,,12329
105,,,0.33024781942367554,,,12329
,1.0000000000000006e-12,1.0000000000000006e-12,,,,12339
105,,,0.16969093680381775,,,12339
,1.0000000000000006e-12,1.0000000000000006e-12,,,,12349
105,,,0.28739845752716064,,,12349
,1.0000000000000006e-12,1.0000000000000006e-12,,,,12359
105,,,0.7126442790031433,,,12359
,1.0000000000000006e-12,1.0000000000000006e-12,,,,12369
105,,,0.3951072692871094,,,12369
,1.0000000000000006e-12,1.0000000000000006e-12,,,,12379
105,,,0.20612312853336334,,,12379
,1.0000000000000006e-12,1.0000000000000006e-12,,,,12389
105,,,0.1360929310321808,,,12389
,1.0000000000000006e-12,1.0000000000000006e-12,,,,12399
105,,,0.19880050420761108,,,12399
105,,,,72.13684844970703,72.21771240234375,12401
,1.0000000000000006e-12,1.0000000000000006e-12,,,,12409
106,,,0.19306939840316772,,,12409
,1.0000000000000006e-12,1.0000000000000006e-12,,,,12419
106,,,0.29416948556900024,,,12419
,1.0000000000000006e-12,1.0000000000000006e-12,,,,12429
106,,,0.25192758440971375,,,12429
,1.0000000000000006e-12,1.0000000000000006e-12,,,,12439
106,,,0.20522314310073853,,,12439
,1.0000000000000006e-12,1.0000000000000006e-12,,,,12449
106,,,0.3040691018104553,,,12449
,1.0000000000000006e-12,1.0000000000000006e-12,,,,12459
106,,,0.09974077343940735,,,12459
,1.0000000000000006e-12,1.0000000000000006e-12,,,,12469
106,,,0.38909003138542175,,,12469
,1.0000000000000006e-12,1.0000000000000006e-12,,,,12479
106,,,0.18500924110412598,,,12479
,1.0000000000000006e-12,1.0000000000000006e-12,,,,12489
106,,,0.16882024705410004,,,12489
,1.0000000000000006e-12,1.0000000000000006e-12,,,,12499
106,,,0.10822639614343643,,,12499
,1.0000000000000006e-12,1.0000000000000006e-12,,,,12509
106,,,0.24755346775054932,,,12509
106,,,,73.01609802246094,73.1925277709961,12518
,1.0000000000000006e-12,1.0000000000000006e-12,,,,12519
107,,,0.2821175158023834,,,12519
,1.0000000000000006e-12,1.0000000000000006e-12,,,,12529
107,,,0.4318108856678009,,,12529
,1.0000000000000006e-12,1.0000000000000006e-12,,,,12539
107,,,0.3412294387817383,,,12539
,1.0000000000000006e-12,1.0000000000000006e-12,,,,12549
107,,,0.31821635365486145,,,12549
,1.0000000000000006e-12,1.0000000000000006e-12,,,,12559
107,,,0.25255024433135986,,,12559
,1.0000000000000006e-12,1.0000000000000006e-12,,,,12569
107,,,0.19474436342716217,,,12569
,1.0000000000000006e-12,1.0000000000000006e-12,,,,12579
107,,,0.24163520336151123,,,12579
,1.0000000000000006e-12,1.0000000000000006e-12,,,,12589
107,,,0.26846206188201904,,,12589
,1.0000000000000006e-12,1.0000000000000006e-12,,,,12599
107,,,0.2901836931705475,,,12599
,1.0000000000000006e-12,1.0000000000000006e-12,,,,12609
107,,,0.17977413535118103,,,12609
,1.0000000000000006e-12,1.0000000000000006e-12,,,,12619
107,,,0.2018943428993225,,,12619
,1.0000000000000006e-12,1.0000000000000006e-12,,,,12629
107,,,0.1979883909225464,,,12629
107,,,,72.04329681396484,72.136474609375,12635
,1.0000000000000006e-12,1.0000000000000006e-12,,,,12639
108,,,0.26305651664733887,,,12639
,1.0000000000000006e-12,1.0000000000000006e-12,,,,12649
108,,,0.18369002640247345,,,12649
,1.0000000000000006e-12,1.0000000000000006e-12,,,,12659
108,,,0.28188207745552063,,,12659
,1.0000000000000006e-12,1.0000000000000006e-12,,,,12669
108,,,0.19994762539863586,,,12669
,1.0000000000000006e-12,1.0000000000000006e-12,,,,12679
108,,,0.27697232365608215,,,12679
,1.0000000000000006e-12,1.0000000000000006e-12,,,,12689
108,,,0.2646627128124237,,,12689
,1.0000000000000006e-12,1.0000000000000006e-12,,,,12699
108,,,0.08877608180046082,,,12699
,1.0000000000000006e-12,1.0000000000000006e-12,,,,12709
108,,,0.2516041398048401,,,12709
,1.0000000000000006e-12,1.0000000000000006e-12,,,,12719
108,,,0.16650377213954926,,,12719
,1.0000000000000006e-12,1.0000000000000006e-12,,,,12729
108,,,0.3014221489429474,,,12729
,1.0000000000000006e-12,1.0000000000000006e-12,,,,12739
108,,,0.26652073860168457,,,12739
,1.0000000000000006e-12,1.0000000000000006e-12,,,,12749
108,,,0.17982804775238037,,,12749
108,,,,72.47989654541016,72.54264831542969,12752
,1.0000000000000006e-12,1.0000000000000006e-12,,,,12759
109,,,0.19884395599365234,,,12759
,1.0000000000000006e-12,1.0000000000000006e-12,,,,12769
109,,,0.18823625147342682,,,12769
,1.0000000000000006e-12,1.0000000000000006e-12,,,,12779
109,,,0.23051053285598755,,,12779
,1.0000000000000006e-12,1.0000000000000006e-12,,,,12789
109,,,0.23377114534378052,,,12789
,1.0000000000000006e-12,1.0000000000000006e-12,,,,12799
109,,,0.2169225662946701,,,12799
,1.0000000000000006e-12,1.0000000000000006e-12,,,,12809
109,,,0.3378451466560364,,,12809
,1.0000000000000006e-12,1.0000000000000006e-12,,,,12819
109,,,0.2296343892812729,,,12819
,1.0000000000000006e-12,1.0000000000000006e-12,,,,12829
109,,,0.43686139583587646,,,12829
,1.0000000000000006e-12,1.0000000000000006e-12,,,,12839
109,,,0.3703252077102661,,,12839
,1.0000000000000006e-12,1.0000000000000006e-12,,,,12849
109,,,0.2141275852918625,,,12849
,1.0000000000000006e-12,1.0000000000000006e-12,,,,12859
109,,,0.23547279834747314,,,12859
,1.0000000000000006e-12,1.0000000000000006e-12,,,,12869
109,,,2.0942893028259277,,,12869
109,,,,72.78803253173828,72.86758422851562,12869
,1.0000000000000007e-13,1.0000000000000007e-13,,,,12879
110,,,0.37626028060913086,,,12879
,1.0000000000000007e-13,1.0000000000000007e-13,,,,12889
110,,,0.3148941993713379,,,12889
,1.0000000000000007e-13,1.0000000000000007e-13,,,,12899
110,,,0.5509299039840698,,,12899
,1.0000000000000007e-13,1.0000000000000007e-13,,,,12909
110,,,0.16638144850730896,,,12909
,1.0000000000000007e-13,1.0000000000000007e-13,,,,12919
110,,,0.1258237212896347,,,12919
,1.0000000000000007e-13,1.0000000000000007e-13,,,,12929
110,,,0.21422326564788818,,,12929
,1.0000000000000007e-13,1.0000000000000007e-13,,,,12939
110,,,0.31034672260284424,,,12939
,1.0000000000000007e-13,1.0000000000000007e-13,,,,12949
110,,,0.23905865848064423,,,12949
,1.0000000000000007e-13,1.0000000000000007e-13,,,,12959
110,,,0.09379091113805771,,,12959
,1.0000000000000007e-13,1.0000000000000007e-13,,,,12969
110,,,0.17651215195655823,,,12969
,1.0000000000000007e-13,1.0000000000000007e-13,,,,12979
110,,,0.3839262127876282,,,12979
110,,,,72.66976928710938,72.70511627197266,12986
,1.0000000000000007e-13,1.0000000000000007e-13,,,,12989
111,,,0.26160895824432373,,,12989
,1.0000000000000007e-13,1.0000000000000007e-13,,,,12999
111,,,0.13284003734588623,,,12999
,1.0000000000000007e-13,1.0000000000000007e-13,,,,13009
111,,,0.0766599029302597,,,13009
,1.0000000000000007e-13,1.0000000000000007e-13,,,,13019
111,,,0.1970243901014328,,,13019
,1.0000000000000007e-13,1.0000000000000007e-13,,,,13029
111,,,0.6076549887657166,,,13029
,1.0000000000000007e-13,1.0000000000000007e-13,,,,13039
111,,,0.23350216448307037,,,13039
,1.0000000000000007e-13,1.0000000000000007e-13,,,,13049
111,,,0.27322572469711304,,,13049
,1.0000000000000007e-13,1.0000000000000007e-13,,,,13059
111,,,0.24004481732845306,,,13059
,1.0000000000000007e-13,1.0000000000000007e-13,,,,13069
111,,,0.34823372960090637,,,13069
,1.0000000000000007e-13,1.0000000000000007e-13,,,,13079
111,,,0.2472972273826599,,,13079
,1.0000000000000007e-13,1.0000000000000007e-13,,,,13089
111,,,0.10371650755405426,,,13089
,1.0000000000000007e-13,1.0000000000000007e-13,,,,13099
111,,,0.24577905237674713,,,13099
111,,,,72.97189331054688,73.11128997802734,13103
,1.0000000000000007e-13,1.0000000000000007e-13,,,,13109
112,,,0.09746937453746796,,,13109
,1.0000000000000007e-13,1.0000000000000007e-13,,,,13119
112,,,0.09778313338756561,,,13119
,1.0000000000000007e-13,1.0000000000000007e-13,,,,13129
112,,,0.34116339683532715,,,13129
,1.0000000000000007e-13,1.0000000000000007e-13,,,,13139
112,,,0.27331286668777466,,,13139
,1.0000000000000007e-13,1.0000000000000007e-13,,,,13149
112,,,0.26821956038475037,,,13149
,1.0000000000000007e-13,1.0000000000000007e-13,,,,13159
112,,,0.31379255652427673,,,13159
,1.0000000000000007e-13,1.0000000000000007e-13,,,,13169
112,,,0.18230700492858887,,,13169
,1.0000000000000007e-13,1.0000000000000007e-13,,,,13179
112,,,0.1459408402442932,,,13179
,1.0000000000000007e-13,1.0000000000000007e-13,,,,13189
112,,,0.25296735763549805,,,13189
,1.0000000000000007e-13,1.0000000000000007e-13,,,,13199
112,,,0.1560019552707672,,,13199
,1.0000000000000007e-13,1.0000000000000007e-13,,,,13209
112,,,0.2531850337982178,,,13209
,1.0000000000000007e-13,1.0000000000000007e-13,,,,13219
112,,,0.523560643196106,,,13219
112,,,,72.80406951904297,72.86758422851562,13220
,1.0000000000000007e-13,1.0000000000000007e-13,,,,13229
113,,,0.1992342621088028,,,13229
,1.0000000000000007e-13,1.0000000000000007e-13,,,,13239
113,,,0.255220502614975,,,13239
,1.0000000000000007e-13,1.0000000000000007e-13,,,,13249
113,,,0.1488679051399231,,,13249
,1.0000000000000007e-13,1.0000000000000007e-13,,,,13259
113,,,0.16692495346069336,,,13259
,1.0000000000000007e-13,1.0000000000000007e-13,,,,13269
113,,,0.30118295550346375,,,13269
,1.0000000000000007e-13,1.0000000000000007e-13,,,,13279
113,,,0.21450552344322205,,,13279
,1.0000000000000007e-13,1.0000000000000007e-13,,,,13289
113,,,0.40421515703201294,,,13289
,1.0000000000000007e-13,1.0000000000000007e-13,,,,13299
113,,,0.08536237478256226,,,13299
,1.0000000000000007e-13,1.0000000000000007e-13,,,,13309
113,,,0.20649024844169617,,,13309
,1.0000000000000007e-13,1.0000000000000007e-13,,,,13319
113,,,0.2104915976524353,,,13319
,1.0000000000000007e-13,1.0000000000000007e-13,,,,13329
113,,,0.12170059978961945,,,13329
113,,,,72.90282440185547,72.94882202148438,13337
,1.0000000000000007e-13,1.0000000000000007e-13,,,,13339
114,,,0.32821428775787354,,,13339
,1.0000000000000007e-13,1.0000000000000007e-13,,,,13349
114,,,0.12413057684898376,,,13349
,1.0000000000000007e-13,1.0000000000000007e-13,,,,13359
114,,,0.4548322558403015,,,13359
,1.0000000000000007e-13,1.0000000000000007e-13,,,,13369
114,,,0.225019633769989,,,13369
,1.0000000000000007e-13,1.0000000000000007e-13,,,,13379
114,,,0.1786980926990509,,,13379
,1.0000000000000007e-13,1.0000000000000007e-13,,,,13389
114,,,0.24301515519618988,,,13389
,1.0000000000000007e-13,1.0000000000000007e-13,,,,13399
114,,,0.21577247977256775,,,13399
,1.0000000000000007e-13,1.0000000000000007e-13,,,,13409
114,,,0.11982247978448868,,,13409
,1.0000000000000007e-13,1.0000000000000007e-13,,,,13419
114,,,0.20605319738388062,,,13419
,1.0000000000000007e-13,1.0000000000000007e-13,,,,13429
114,,,0.5459806323051453,,,13429
,1.0000000000000007e-13,1.0000000000000007e-13,,,,13439
114,,,0.311591237783432,,,13439
,1.0000000000000007e-13,1.0000000000000007e-13,,,,13449
114,,,0.30402466654777527,,,13449
114,,,,71.92524719238281,71.97400665283203,13454
,1.0000000000000007e-13,1.0000000000000007e-13,,,,13459
115,,,0.3396996259689331,,,13459
,1.0000000000000007e-13,1.0000000000000007e-13,,,,13469
115,,,0.26900720596313477,,,13469
,1.0000000000000007e-13,1.0000000000000007e-13,,,,13479
115,,,0.1726897954940796,,,13479
,1.0000000000000007e-13,1.0000000000000007e-13,,,,13489
115,,,0.2980197072029114,,,13489
,1.0000000000000007e-13,1.0000000000000007e-13,,,,13499
115,,,0.20841091871261597,,,13499
,1.0000000000000007e-13,1.0000000000000007e-13,,,,13509
115,,,0.18527694046497345,,,13509
,1.0000000000000007e-13,1.0000000000000007e-13,,,,13519
115,,,0.131666898727417,,,13519
,1.0000000000000007e-13,1.0000000000000007e-13,,,,13529
115,,,0.3013894557952881,,,13529
,1.0000000000000007e-13,1.0000000000000007e-13,,,,13539
115,,,0.2824074625968933,,,13539
,1.0000000000000007e-13,1.0000000000000007e-13,,,,13549
115,,,0.36570554971694946,,,13549
,1.0000000000000007e-13,1.0000000000000007e-13,,,,13559
115,,,0.24505925178527832,,,13559
,1.0000000000000007e-13,1.0000000000000007e-13,,,,13569
115,,,0.191090390086174,,,13569
115,,,,72.67862701416016,72.7863540649414,13571
,1.0000000000000007e-13,1.0000000000000007e-13,,,,13579
116,,,0.24154816567897797,,,13579
,1.0000000000000007e-13,1.0000000000000007e-13,,,,13589
116,,,0.5248953104019165,,,13589
,1.0000000000000007e-13,1.0000000000000007e-13,,,,13599
116,,,0.10682278871536255,,,13599
,1.0000000000000007e-13,1.0000000000000007e-13,,,,13609
116,,,0.27731502056121826,,,13609
,1.0000000000000007e-13,1.0000000000000007e-13,,,,13619
116,,,0.25192156434059143,,,13619
,1.0000000000000007e-13,1.0000000000000007e-13,,,,13629
116,,,0.1375643014907837,,,13629
,1.0000000000000007e-13,1.0000000000000007e-13,,,,13639
116,,,0.1561034768819809,,,13639
,1.0000000000000007e-13,1.0000000000000007e-13,,,,13649
116,,,0.19731421768665314,,,13649
,1.0000000000000007e-13,1.0000000000000007e-13,,,,13659
116,,,0.2011374831199646,,,13659
,1.0000000000000007e-13,1.0000000000000007e-13,,,,13669
116,,,0.17251765727996826,,,13669
,1.0000000000000007e-13,1.0000000000000007e-13,,,,13679
116,,,0.23657019436359406,,,13679
116,,,,72.61556243896484,72.62388610839844,13688
,1.0000000000000007e-13,1.0000000000000007e-13,,,,13689
117,,,0.13638538122177124,,,13689
,1.0000000000000007e-13,1.0000000000000007e-13,,,,13699
117,,,0.23937802016735077,,,13699
,1.0000000000000007e-13,1.0000000000000007e-13,,,,13709
117,,,0.2467842847108841,,,13709
,1.0000000000000007e-13,1.0000000000000007e-13,,,,13719
117,,,0.3223533034324646,,,13719
,1.0000000000000007e-13,1.0000000000000007e-13,,,,13729
117,,,0.15463458001613617,,,13729
,1.0000000000000007e-13,1.0000000000000007e-13,,,,13739
117,,,0.28618165850639343,,,13739
,1.0000000000000007e-13,1.0000000000000007e-13,,,,13749
117,,,0.32800889015197754,,,13749
,1.0000000000000007e-13,1.0000000000000007e-13,,,,13759
117,,,0.4852597713470459,,,13759
,1.0000000000000007e-13,1.0000000000000007e-13,,,,13769
117,,,0.1782648265361786,,,13769
,1.0000000000000007e-13,1.0000000000000007e-13,,,,13779
117,,,0.2018098533153534,,,13779
,1.0000000000000007e-13,1.0000000000000007e-13,,,,13789
117,,,0.4699938893318176,,,13789
,1.0000000000000007e-13,1.0000000000000007e-13,,,,13799
117,,,0.28893810510635376,,,13799
117,,,,72.6290283203125,72.70511627197266,13805
,1.0000000000000007e-13,1.0000000000000007e-13,,,,13809
118,,,0.0949527770280838,,,13809
,1.0000000000000007e-13,1.0000000000000007e-13,,,,13819
118,,,0.25947651267051697,,,13819
,1.0000000000000007e-13,1.0000000000000007e-13,,,,13829
118,,,0.36310404539108276,,,13829
,1.0000000000000007e-13,1.0000000000000007e-13,,,,13839
118,,,0.19442349672317505,,,13839
,1.0000000000000007e-13,1.0000000000000007e-13,,,,13849
118,,,0.16432398557662964,,,13849
,1.0000000000000007e-13,1.0000000000000007e-13,,,,13859
118,,,0.4528328776359558,,,13859
,1.0000000000000007e-13,1.0000000000000007e-13,,,,13869
118,,,0.27928465604782104,,,13869
,1.0000000000000007e-13,1.0000000000000007e-13,,,,13879
118,,,0.1892012059688568,,,13879
,1.0000000000000007e-13,1.0000000000000007e-13,,,,13889
118,,,0.09092026948928833,,,13889
,1.0000000000000007e-13,1.0000000000000007e-13,,,,13899
118,,,0.3308905363082886,,,13899
,1.0000000000000007e-13,1.0000000000000007e-13,,,,13909
118,,,0.1203402504324913,,,13909
,1.0000000000000007e-13,1.0000000000000007e-13,,,,13919
118,,,0.21927493810653687,,,13919
118,,,,72.98275756835938,73.11128997802734,13922
,1.0000000000000007e-13,1.0000000000000007e-13,,,,13929
119,,,0.2564886212348938,,,13929
,1.0000000000000007e-13,1.0000000000000007e-13,,,,13939
119,,,0.2811548411846161,,,13939
,1.0000000000000007e-13,1.0000000000000007e-13,,,,13949
119,,,0.2664746046066284,,,13949
,1.0000000000000007e-13,1.0000000000000007e-13,,,,13959
119,,,0.2963101267814636,,,13959
,1.0000000000000007e-13,1.0000000000000007e-13,,,,13969
119,,,0.13973957300186157,,,13969
,1.0000000000000007e-13,1.0000000000000007e-13,,,,13979
119,,,0.4632788896560669,,,13979
,1.0000000000000007e-13,1.0000000000000007e-13,,,,13989
119,,,0.37027621269226074,,,13989
,1.0000000000000007e-13,1.0000000000000007e-13,,,,13999
119,,,0.3463291525840759,,,13999
,1.0000000000000007e-13,1.0000000000000007e-13,,,,14009
119,,,0.18008354306221008,,,14009
,1.0000000000000007e-13,1.0000000000000007e-13,,,,14019
119,,,0.17369826138019562,,,14019
,1.0000000000000007e-13,1.0000000000000007e-13,,,,14029
119,,,0.16438542306423187,,,14029
,1.0000000000000007e-13,1.0000000000000007e-13,,,,14039
119,,,3.2257232666015625,,,14039
119,,,,72.0081787109375,72.05523681640625,14039
,1.0000000000000008e-14,1.0000000000000008e-14,,,,14049
120,,,0.16451948881149292,,,14049
,1.0000000000000008e-14,1.0000000000000008e-14,,,,14059
120,,,0.16248002648353577,,,14059
,1.0000000000000008e-14,1.0000000000000008e-14,,,,14069
120,,,0.21122561395168304,,,14069
,1.0000000000000008e-14,1.0000000000000008e-14,,,,14079
120,,,0.21103759109973907,,,14079
,1.0000000000000008e-14,1.0000000000000008e-14,,,,14089
120,,,0.22687208652496338,,,14089
,1.0000000000000008e-14,1.0000000000000008e-14,,,,14099
120,,,0.2610299587249756,,,14099
,1.0000000000000008e-14,1.0000000000000008e-14,,,,14109
120,,,0.1277332603931427,,,14109
,1.0000000000000008e-14,1.0000000000000008e-14,,,,14119
120,,,0.45587605237960815,,,14119
,1.0000000000000008e-14,1.0000000000000008e-14,,,,14129
120,,,0.29669928550720215,,,14129
,1.0000000000000008e-14,1.0000000000000008e-14,,,,14139
120,,,0.3545374274253845,,,14139
,1.0000000000000008e-14,1.0000000000000008e-14,,,,14149
120,,,0.15354883670806885,,,14149
120,,,,72.30746459960938,72.38018035888672,14156
,1.0000000000000008e-14,1.0000000000000008e-14,,,,14159
121,,,0.6231198310852051,,,14159
,1.0000000000000008e-14,1.0000000000000008e-14,,,,14169
121,,,0.15539757907390594,,,14169
,1.0000000000000008e-14,1.0000000000000008e-14,,,,14179
121,,,0.2610260844230652,,,14179
,1.0000000000000008e-14,1.0000000000000008e-14,,,,14189
121,,,0.4011306166648865,,,14189
,1.0000000000000008e-14,1.0000000000000008e-14,,,,14199
121,,,0.2297990620136261,,,14199
,1.0000000000000008e-14,1.0000000000000008e-14,,,,14209
121,,,0.29557332396507263,,,14209
,1.0000000000000008e-14,1.0000000000000008e-14,,,,14219
121,,,0.15224745869636536,,,14219
,1.0000000000000008e-14,1.0000000000000008e-14,,,,14229
121,,,0.32550179958343506,,,14229
,1.0000000000000008e-14,1.0000000000000008e-14,,,,14239
121,,,0.1388799250125885,,,14239
,1.0000000000000008e-14,1.0000000000000008e-14,,,,14249
121,,,0.08116483688354492,,,14249
,1.0000000000000008e-14,1.0000000000000008e-14,,,,14259
121,,,0.2779930830001831,,,14259
,1.0000000000000008e-14,1.0000000000000008e-14,,,,14269
121,,,0.3422088027000427,,,14269
121,,,,72.09989166259766,72.136474609375,14273
,1.0000000000000008e-14,1.0000000000000008e-14,,,,14279
122,,,0.2760654091835022,,,14279
,1.0000000000000008e-14,1.0000000000000008e-14,,,,14289
122,,,0.4674404263496399,,,14289
,1.0000000000000008e-14,1.0000000000000008e-14,,,,14299
122,,,0.27933043241500854,,,14299
,1.0000000000000008e-14,1.0000000000000008e-14,,,,14309
122,,,0.11485721915960312,,,14309
,1.0000000000000008e-14,1.0000000000000008e-14,,,,14319
122,,,0.26707425713539124,,,14319
,1.0000000000000008e-14,1.0000000000000008e-14,,,,14329
122,,,0.08472253382205963,,,14329
,1.0000000000000008e-14,1.0000000000000008e-14,,,,14339
122,,,0.2678271532058716,,,14339
,1.0000000000000008e-14,1.0000000000000008e-14,,,,14349
122,,,0.2520849108695984,,,14349
,1.0000000000000008e-14,1.0000000000000008e-14,,,,14359
122,,,0.185125470161438,,,14359
,1.0000000000000008e-14,1.0000000000000008e-14,,,,14369
122,,,0.17130285501480103,,,14369
,1.0000000000000008e-14,1.0000000000000008e-14,,,,14379
122,,,0.2253061830997467,,,14379
,1.0000000000000008e-14,1.0000000000000008e-14,,,,14389
122,,,0.24480977654457092,,,14389
122,,,,72.71595764160156,72.7863540649414,14390
,1.0000000000000008e-14,1.0000000000000008e-14,,,,14399
123,,,0.09259837865829468,,,14399
,1.0000000000000008e-14,1.0000000000000008e-14,,,,14409
123,,,0.17833563685417175,,,14409
,1.0000000000000008e-14,1.0000000000000008e-14,,,,14419
123,,,0.31189605593681335,,,14419
,1.0000000000000008e-14,1.0000000000000008e-14,,,,14429
123,,,0.21196474134922028,,,14429
,1.0000000000000008e-14,1.0000000000000008e-14,,,,14439
123,,,0.05789550393819809,,,14439
,1.0000000000000008e-14,1.0000000000000008e-14,,,,14449
123,,,0.07961174845695496,,,14449
,1.0000000000000008e-14,1.0000000000000008e-14,,,,14459
123,,,0.15991485118865967,,,14459
,1.0000000000000008e-14,1.0000000000000008e-14,,,,14469
123,,,0.12571103870868683,,,14469
,1.0000000000000008e-14,1.0000000000000008e-14,,,,14479
123,,,0.18502750992774963,,,14479
,1.0000000000000008e-14,1.0000000000000008e-14,,,,14489
123,,,0.17385542392730713,,,14489
,1.0000000000000008e-14,1.0000000000000008e-14,,,,14499
123,,,0.294176310300827,,,14499
123,,,,71.83250427246094,71.89276885986328,14507
,1.0000000000000008e-14,1.0000000000000008e-14,,,,14509
124,,,0.2010076642036438,,,14509
,1.0000000000000008e-14,1.0000000000000008e-14,,,,14519
124,,,0.22594669461250305,,,14519
,1.0000000000000008e-14,1.0000000000000008e-14,,,,14529
124,,,0.24964971840381622,,,14529
,1.0000000000000008e-14,1.0000000000000008e-14,,,,14539
124,,,0.3969438076019287,,,14539
,1.0000000000000008e-14,1.0000000000000008e-14,,,,14549
124,,,0.3723905682563782,,,14549
,1.0000000000000008e-14,1.0000000000000008e-14,,,,14559
124,,,0.3014081120491028,,,14559
,1.0000000000000008e-14,1.0000000000000008e-14,,,,14569
124,,,0.16152195632457733,,,14569
,1.0000000000000008e-14,1.0000000000000008e-14,,,,14579
124,,,0.43213316798210144,,,14579
,1.0000000000000008e-14,1.0000000000000008e-14,,,,14589
124,,,0.27138957381248474,,,14589
,1.0000000000000008e-14,1.0000000000000008e-14,,,,14599
124,,,0.3555377721786499,,,14599
,1.0000000000000008e-14,1.0000000000000008e-14,,,,14609
124,,,0.33449697494506836,,,14609
,1.0000000000000008e-14,1.0000000000000008e-14,,,,14619
124,,,0.16278083622455597,,,14619
124,,,,72.44194793701172,72.46141052246094,14624
,1.0000000000000008e-14,1.0000000000000008e-14,,,,14629
125,,,0.2978050708770752,,,14629
,1.0000000000000008e-14,1.0000000000000008e-14,,,,14639
125,,,0.39218002557754517,,,14639
,1.0000000000000008e-14,1.0000000000000008e-14,,,,14649
125,,,0.33847576379776,,,14649
,1.0000000000000008e-14,1.0000000000000008e-14,,,,14659
125,,,0.1542174369096756,,,14659
,1.0000000000000008e-14,1.0000000000000008e-14,,,,14669
125,,,0.14546969532966614,,,14669
,1.0000000000000008e-14,1.0000000000000008e-14,,,,14679
125,,,0.2517666220664978,,,14679
,1.0000000000000008e-14,1.0000000000000008e-14,,,,14689
125,,,0.18388205766677856,,,14689
,1.0000000000000008e-14,1.0000000000000008e-14,,,,14699
125,,,0.22079214453697205,,,14699
,1.0000000000000008e-14,1.0000000000000008e-14,,,,14709
125,,,0.2975188195705414,,,14709
,1.0000000000000008e-14,1.0000000000000008e-14,,,,14719
125,,,0.427415132522583,,,14719
,1.0000000000000008e-14,1.0000000000000008e-14,,,,14729
125,,,0.17948037385940552,,,14729
,1.0000000000000008e-14,1.0000000000000008e-14,,,,14739
125,,,0.10798761248588562,,,14739
125,,,,72.6850357055664,72.7863540649414,14741
,1.0000000000000008e-14,1.0000000000000008e-14,,,,14749
126,,,0.4522395730018616,,,14749
,1.0000000000000008e-14,1.0000000000000008e-14,,,,14759
126,,,0.2965681552886963,,,14759
,1.0000000000000008e-14,1.0000000000000008e-14,,,,14769
126,,,0.3013648986816406,,,14769
,1.0000000000000008e-14,1.0000000000000008e-14,,,,14779
126,,,0.2502995729446411,,,14779
,1.0000000000000008e-14,1.0000000000000008e-14,,,,14789
126,,,0.34696149826049805,,,14789
,1.0000000000000008e-14,1.0000000000000008e-14,,,,14799
126,,,0.38155150413513184,,,14799
,1.0000000000000008e-14,1.0000000000000008e-14,,,,14809
126,,,0.3605518341064453,,,14809
,1.0000000000000008e-14,1.0000000000000008e-14,,,,14819
126,,,0.3060789704322815,,,14819
,1.0000000000000008e-14,1.0000000000000008e-14,,,,14829
126,,,0.1360045224428177,,,14829
,1.0000000000000008e-14,1.0000000000000008e-14,,,,14839
126,,,0.4494897127151489,,,14839
,1.0000000000000008e-14,1.0000000000000008e-14,,,,14849
126,,,0.19364765286445618,,,14849
126,,,,72.11134338378906,72.21771240234375,14858
,1.0000000000000008e-14,1.0000000000000008e-14,,,,14859
127,,,0.46188884973526,,,14859
,1.0000000000000008e-14,1.0000000000000008e-14,,,,14869
127,,,0.292644202709198,,,14869
,1.0000000000000008e-14,1.0000000000000008e-14,,,,14879
127,,,0.2955065965652466,,,14879
,1.0000000000000008e-14,1.0000000000000008e-14,,,,14889
127,,,0.2240408957004547,,,14889
,1.0000000000000008e-14,1.0000000000000008e-14,,,,14899
127,,,0.29347068071365356,,,14899
,1.0000000000000008e-14,1.0000000000000008e-14,,,,14909
127,,,0.1432330161333084,,,14909
,1.0000000000000008e-14,1.0000000000000008e-14,,,,14919
127,,,0.23501184582710266,,,14919
,1.0000000000000008e-14,1.0000000000000008e-14,,,,14929
127,,,0.22165259718894958,,,14929
,1.0000000000000008e-14,1.0000000000000008e-14,,,,14939
127,,,0.5442007780075073,,,14939
,1.0000000000000008e-14,1.0000000000000008e-14,,,,14949
127,,,0.18848398327827454,,,14949
,1.0000000000000008e-14,1.0000000000000008e-14,,,,14959
127,,,0.17560264468193054,,,14959
,1.0000000000000008e-14,1.0000000000000008e-14,,,,14969
127,,,0.3434702754020691,,,14969
127,,,,73.04854583740234,73.11128997802734,14975
,1.0000000000000008e-14,1.0000000000000008e-14,,,,14979
128,,,0.2148633450269699,,,14979
,1.0000000000000008e-14,1.0000000000000008e-14,,,,14989
128,,,0.22210361063480377,,,14989
,1.0000000000000008e-14,1.0000000000000008e-14,,,,14999
128,,,0.08078143745660782,,,14999
,1.0000000000000008e-14,1.0000000000000008e-14,,,,15009
128,,,0.24824261665344238,,,15009
,1.0000000000000008e-14,1.0000000000000008e-14,,,,15019
128,,,0.12617278099060059,,,15019
,1.0000000000000008e-14,1.0000000000000008e-14,,,,15029
128,,,0.7331221699714661,,,15029
,1.0000000000000008e-14,1.0000000000000008e-14,,,,15039
128,,,0.290192186832428,,,15039
,1.0000000000000008e-14,1.0000000000000008e-14,,,,15049
128,,,0.13707397878170013,,,15049
,1.0000000000000008e-14,1.0000000000000008e-14,,,,15059
128,,,0.566585898399353,,,15059
,1.0000000000000008e-14,1.0000000000000008e-14,,,,15069
128,,,0.17367175221443176,,,15069
,1.0000000000000008e-14,1.0000000000000008e-14,,,,15079
128,,,0.1497742235660553,,,15079
,1.0000000000000008e-14,1.0000000000000008e-14,,,,15089
128,,,0.30091536045074463,,,15089
128,,,,72.46865844726562,72.54264831542969,15092
,1.0000000000000008e-14,1.0000000000000008e-14,,,,15099
129,,,0.17920666933059692,,,15099
,1.0000000000000008e-14,1.0000000000000008e-14,,,,15109
129,,,0.3109346032142639,,,15109
,1.0000000000000008e-14,1.0000000000000008e-14,,,,15119
129,,,0.13889214396476746,,,15119
,1.0000000000000008e-14,1.0000000000000008e-14,,,,15129
129,,,0.2856464087963104,,,15129
,1.0000000000000008e-14,1.0000000000000008e-14,,,,15139
129,,,0.3160288631916046,,,15139
,1.0000000000000008e-14,1.0000000000000008e-14,,,,15149
129,,,0.3394968807697296,,,15149
,1.0000000000000008e-14,1.0000000000000008e-14,,,,15159
129,,,0.5072228908538818,,,15159
,1.0000000000000008e-14,1.0000000000000008e-14,,,,15169
129,,,0.2380802035331726,,,15169
,1.0000000000000008e-14,1.0000000000000008e-14,,,,15179
129,,,0.04773557931184769,,,15179
,1.0000000000000008e-14,1.0000000000000008e-14,,,,15189
129,,,0.23857226967811584,,,15189
,1.0000000000000008e-14,1.0000000000000008e-14,,,,15199
129,,,0.23465591669082642,,,15199
,1.0000000000000008e-14,1.0000000000000008e-14,,,,15209
129,,,1.11238694190979,,,15209
129,,,,72.25162506103516,72.29894256591797,15209
,1.0000000000000009e-15,1.0000000000000009e-15,,,,15219
130,,,0.28124338388442993,,,15219
,1.0000000000000009e-15,1.0000000000000009e-15,,,,15229
130,,,0.09112956374883652,,,15229
,1.0000000000000009e-15,1.0000000000000009e-15,,,,15239
130,,,0.19696462154388428,,,15239
,1.0000000000000009e-15,1.0000000000000009e-15,,,,15249
130,,,0.2982134521007538,,,15249
,1.0000000000000009e-15,1.0000000000000009e-15,,,,15259
130,,,0.29178595542907715,,,15259
,1.0000000000000009e-15,1.0000000000000009e-15,,,,15269
130,,,0.16930729150772095,,,15269
,1.0000000000000009e-15,1.0000000000000009e-15,,,,15279
130,,,0.5847313404083252,,,15279
,1.0000000000000009e-15,1.0000000000000009e-15,,,,15289
130,,,0.5158756375312805,,,15289
,1.0000000000000009e-15,1.0000000000000009e-15,,,,15299
130,,,0.2672773003578186,,,15299
,1.0000000000000009e-15,1.0000000000000009e-15,,,,15309
130,,,0.4178115427494049,,,15309
,1.0000000000000009e-15,1.0000000000000009e-15,,,,15319
130,,,0.5321817994117737,,,15319
130,,,,73.09774017333984,73.11128997802734,15326
,1.0000000000000009e-15,1.0000000000000009e-15,,,,15329
131,,,0.33109909296035767,,,15329
,1.0000000000000009e-15,1.0000000000000009e-15,,,,15339
131,,,0.1950037181377411,,,15339
,1.0000000000000009e-15,1.0000000000000009e-15,,,,15349
131,,,0.1910698115825653,,,15349
,1.0000000000000009e-15,1.0000000000000009e-15,,,,15359
131,,,0.3259262442588806,,,15359
,1.0000000000000009e-15,1.0000000000000009e-15,,,,15369
131,,,0.42261093854904175,,,15369
,1.0000000000000009e-15,1.0000000000000009e-15,,,,15379
131,,,0.12843120098114014,,,15379
,1.0000000000000009e-15,1.0000000000000009e-15,,,,15389
131,,,0.3665836453437805,,,15389
,1.0000000000000009e-15,1.0000000000000009e-15,,,,15399
131,,,0.15608859062194824,,,15399
,1.0000000000000009e-15,1.0000000000000009e-15,,,,15409
131,,,0.1525370180606842,,,15409
,1.0000000000000009e-15,1.0000000000000009e-15,,,,15419
131,,,0.1251053512096405,,,15419
,1.0000000000000009e-15,1.0000000000000009e-15,,,,15429
131,,,0.25412750244140625,,,15429
,1.0000000000000009e-15,1.0000000000000009e-15,,,,15439
131,,,0.15948593616485596,,,15439
131,,,,72.45801544189453,72.54264831542969,15443
,1.0000000000000009e-15,1.0000000000000009e-15,,,,15449
132,,,0.13252028822898865,,,15449
,1.0000000000000009e-15,1.0000000000000009e-15,,,,15459
132,,,0.4128822088241577,,,15459
,1.0000000000000009e-15,1.0000000000000009e-15,,,,15469
132,,,0.22999414801597595,,,15469
,1.0000000000000009e-15,1.0000000000000009e-15,,,,15479
132,,,0.33305996656417847,,,15479
,1.0000000000000009e-15,1.0000000000000009e-15,,,,15489
132,,,0.2773270308971405,,,15489
,1.0000000000000009e-15,1.0000000000000009e-15,,,,15499
132,,,0.27048665285110474,,,15499
,1.0000000000000009e-15,1.0000000000000009e-15,,,,15509
132,,,0.32892701029777527,,,15509
,1.0000000000000009e-15,1.0000000000000009e-15,,,,15519
132,,,0.15949910879135132,,,15519
,1.0000000000000009e-15,1.0000000000000009e-15,,,,15529
132,,,0.25304365158081055,,,15529
,1.0000000000000009e-15,1.0000000000000009e-15,,,,15539
132,,,0.30587518215179443,,,15539
,1.0000000000000009e-15,1.0000000000000009e-15,,,,15549
132,,,0.2304314374923706,,,15549
,1.0000000000000009e-15,1.0000000000000009e-15,,,,15559
132,,,0.2714878022670746,,,15559
132,,,,72.03789520263672,72.05523681640625,15560
,1.0000000000000009e-15,1.0000000000000009e-15,,,,15569
133,,,0.276909202337265,,,15569
,1.0000000000000009e-15,1.0000000000000009e-15,,,,15579
133,,,0.31062430143356323,,,15579
,1.0000000000000009e-15,1.0000000000000009e-15,,,,15589
133,,,0.2035040408372879,,,15589
,1.0000000000000009e-15,1.0000000000000009e-15,,,,15599
133,,,0.3612074851989746,,,15599
,1.0000000000000009e-15,1.0000000000000009e-15,,,,15609
133,,,0.27066659927368164,,,15609
,1.0000000000000009e-15,1.0000000000000009e-15,,,,15619
133,,,0.3733018934726715,,,15619
,1.0000000000000009e-15,1.0000000000000009e-15,,,,15629
133,,,0.5712894797325134,,,15629
,1.0000000000000009e-15,1.0000000000000009e-15,,,,15639
133,,,0.33271324634552,,,15639
,1.0000000000000009e-15,1.0000000000000009e-15,,,,15649
133,,,0.20624646544456482,,,15649
,1.0000000000000009e-15,1.0000000000000009e-15,,,,15659
133,,,0.31586211919784546,,,15659
,1.0000000000000009e-15,1.0000000000000009e-15,,,,15669
133,,,0.2165500521659851,,,15669
133,,,,72.79042053222656,72.86758422851562,15677
,1.0000000000000009e-15,1.0000000000000009e-15,,,,15679
134,,,0.3751399517059326,,,15679
,1.0000000000000009e-15,1.0000000000000009e-15,,,,15689
134,,,0.21619144082069397,,,15689
,1.0000000000000009e-15,1.0000000000000009e-15,,,,15699
134,,,0.16174471378326416,,,15699
,1.0000000000000009e-15,1.0000000000000009e-15,,,,15709
134,,,0.3182368576526642,,,15709
,1.0000000000000009e-15,1.0000000000000009e-15,,,,15719
134,,,0.35691550374031067,,,15719
,1.0000000000000009e-15,1.0000000000000009e-15,,,,15729
134,,,0.21491266787052155,,,15729
,1.0000000000000009e-15,1.0000000000000009e-15,,,,15739
134,,,0.31078675389289856,,,15739
,1.0000000000000009e-15,1.0000000000000009e-15,,,,15749
134,,,0.288129985332489,,,15749
,1.0000000000000009e-15,1.0000000000000009e-15,,,,15759
134,,,0.15107284486293793,,,15759
,1.0000000000000009e-15,1.0000000000000009e-15,,,,15769
134,,,0.3845853805541992,,,15769
,1.0000000000000009e-15,1.0000000000000009e-15,,,,15779
134,,,0.378822922706604,,,15779
,1.0000000000000009e-15,1.0000000000000009e-15,,,,15789
134,,,0.3030930161476135,,,15789
134,,,,72.56880950927734,72.62388610839844,15794
,1.0000000000000009e-15,1.0000000000000009e-15,,,,15799
135,,,0.7635060548782349,,,15799
,1.0000000000000009e-15,1.0000000000000009e-15,,,,15809
135,,,1.0022263526916504,,,15809
,1.0000000000000009e-15,1.0000000000000009e-15,,,,15819
135,,,0.4696807265281677,,,15819
,1.0000000000000009e-15,1.0000000000000009e-15,,,,15829
135,,,0.22696453332901,,,15829
,1.0000000000000009e-15,1.0000000000000009e-15,,,,15839
135,,,0.22672192752361298,,,15839
,1.0000000000000009e-15,1.0000000000000009e-15,,,,15849
135,,,0.04954599589109421,,,15849
,1.0000000000000009e-15,1.0000000000000009e-15,,,,15859
135,,,0.25629526376724243,,,15859
,1.0000000000000009e-15,1.0000000000000009e-15,,,,15869
135,,,0.21275174617767334,,,15869
,1.0000000000000009e-15,1.0000000000000009e-15,,,,15879
135,,,0.12638238072395325,,,15879
,1.0000000000000009e-15,1.0000000000000009e-15,,,,15889
135,,,0.22654935717582703,,,15889
,1.0000000000000009e-15,1.0000000000000009e-15,,,,15899
135,,,0.463313490152359,,,15899
,1.0000000000000009e-15,1.0000000000000009e-15,,,,15909
135,,,0.26309722661972046,,,15909
135,,,,72.56682586669922,72.62388610839844,15911
,1.0000000000000009e-15,1.0000000000000009e-15,,,,15919
136,,,0.3653864860534668,,,15919
,1.0000000000000009e-15,1.0000000000000009e-15,,,,15929
136,,,0.22067712247371674,,,15929
,1.0000000000000009e-15,1.0000000000000009e-15,,,,15939
136,,,0.1799623966217041,,,15939
,1.0000000000000009e-15,1.0000000000000009e-15,,,,15949
136,,,0.3634454309940338,,,15949
,1.0000000000000009e-15,1.0000000000000009e-15,,,,15959
136,,,0.2417447715997696,,,15959
,1.0000000000000009e-15,1.0000000000000009e-15,,,,15969
136,,,0.22769927978515625,,,15969
,1.0000000000000009e-15,1.0000000000000009e-15,,,,15979
136,,,0.34629225730895996,,,15979
,1.0000000000000009e-15,1.0000000000000009e-15,,,,15989
136,,,0.20667549967765808,,,15989
,1.0000000000000009e-15,1.0000000000000009e-15,,,,15999
136,,,0.19044363498687744,,,15999
,1.0000000000000009e-15,1.0000000000000009e-15,,,,16009
136,,,0.24010027945041656,,,16009
,1.0000000000000009e-15,1.0000000000000009e-15,,,,16019
136,,,0.25741514563560486,,,16019
136,,,,72.77297973632812,72.86758422851562,16028
,1.0000000000000009e-15,1.0000000000000009e-15,,,,16029
137,,,0.2929908037185669,,,16029
,1.0000000000000009e-15,1.0000000000000009e-15,,,,16039
137,,,0.20450374484062195,,,16039
,1.0000000000000009e-15,1.0000000000000009e-15,,,,16049
137,,,0.2714212238788605,,,16049
,1.0000000000000009e-15,1.0000000000000009e-15,,,,16059
137,,,0.18858662247657776,,,16059
,1.0000000000000009e-15,1.0000000000000009e-15,,,,16069
137,,,0.2631857693195343,,,16069
,1.0000000000000009e-15,1.0000000000000009e-15,,,,16079
137,,,0.18668915331363678,,,16079
,1.0000000000000009e-15,1.0000000000000009e-15,,,,16089
137,,,0.1413460373878479,,,16089
,1.0000000000000009e-15,1.0000000000000009e-15,,,,16099
137,,,0.1853979229927063,,,16099
,1.0000000000000009e-15,1.0000000000000009e-15,,,,16109
137,,,0.2946949601173401,,,16109
,1.0000000000000009e-15,1.0000000000000009e-15,,,,16119
137,,,0.18187764286994934,,,16119
,1.0000000000000009e-15,1.0000000000000009e-15,,,,16129
137,,,0.3394516110420227,,,16129
,1.0000000000000009e-15,1.0000000000000009e-15,,,,16139
137,,,0.2874581813812256,,,16139
137,,,,72.63546752929688,72.70511627197266,16145
,1.0000000000000009e-15,1.0000000000000009e-15,,,,16149
138,,,0.19158333539962769,,,16149
,1.0000000000000009e-15,1.0000000000000009e-15,,,,16159
138,,,0.3067111074924469,,,16159
,1.0000000000000009e-15,1.0000000000000009e-15,,,,16169
138,,,0.21958307921886444,,,16169
,1.0000000000000009e-15,1.0000000000000009e-15,,,,16179
138,,,0.25513148307800293,,,16179
,1.0000000000000009e-15,1.0000000000000009e-15,,,,16189
138,,,0.36937475204467773,,,16189
,1.0000000000000009e-15,1.0000000000000009e-15,,,,16199
138,,,0.39962735772132874,,,16199
,1.0000000000000009e-15,1.0000000000000009e-15,,,,16209
138,,,0.13598112761974335,,,16209
,1.0000000000000009e-15,1.0000000000000009e-15,,,,16219
138,,,0.24120691418647766,,,16219
,1.0000000000000009e-15,1.0000000000000009e-15,,,,16229
138,,,0.1558743566274643,,,16229
,1.0000000000000009e-15,1.0000000000000009e-15,,,,16239
138,,,0.2313036471605301,,,16239
,1.0000000000000009e-15,1.0000000000000009e-15,,,,16249
138,,,0.2767610549926758,,,16249
,1.0000000000000009e-15,1.0000000000000009e-15,,,,16259
138,,,0.2816888391971588,,,16259
138,,,,73.45645141601562,73.51746368408203,16262
,1.0000000000000009e-15,1.0000000000000009e-15,,,,16269
139,,,0.20782649517059326,,,16269
,1.0000000000000009e-15,1.0000000000000009e-15,,,,16279
139,,,0.4321461319923401,,,16279
,1.0000000000000009e-15,1.0000000000000009e-15,,,,16289
139,,,0.27119308710098267,,,16289
,1.0000000000000009e-15,1.0000000000000009e-15,,,,16299
139,,,0.2464640885591507,,,16299
,1.0000000000000009e-15,1.0000000000000009e-15,,,,16309
139,,,0.4686516523361206,,,16309
,1.0000000000000009e-15,1.0000000000000009e-15,,,,16319
139,,,0.4943941831588745,,,16319
,1.0000000000000009e-15,1.0000000000000009e-15,,,,16329
139,,,0.25641724467277527,,,16329
,1.0000000000000009e-15,1.0000000000000009e-15,,,,16339
139,,,0.15715055167675018,,,16339
,1.0000000000000009e-15,1.0000000000000009e-15,,,,16349
139,,,0.2663092613220215,,,16349
,1.0000000000000009e-15,1.0000000000000009e-15,,,,16359
139,,,0.11318986862897873,,,16359
,1.0000000000000009e-15,1.0000000000000009e-15,,,,16369
139,,,0.1546194851398468,,,16369
,1.0000000000000009e-15,1.0000000000000009e-15,,,,16379
139,,,2.1934468746185303,,,16379
139,,,,72.6545639038086,72.7863540649414,16379
,1.000000000000001e-16,1.000000000000001e-16,,,,16389
140,,,0.20811313390731812,,,16389
,1.000000000000001e-16,1.000000000000001e-16,,,,16399
140,,,0.18967635929584503,,,16399
,1.000000000000001e-16,1.000000000000001e-16,,,,16409
140,,,0.34036409854888916,,,16409
,1.000000000000001e-16,1.000000000000001e-16,,,,16419
140,,,0.16483378410339355,,,16419
,1.000000000000001e-16,1.000000000000001e-16,,,,16429
140,,,0.3715799152851105,,,16429
,1.000000000000001e-16,1.000000000000001e-16,,,,16439
140,,,0.22340866923332214,,,16439
,1.000000000000001e-16,1.000000000000001e-16,,,,16449
140,,,0.10279480367898941,,,16449
,1.000000000000001e-16,1.000000000000001e-16,,,,16459
140,,,0.2004769742488861,,,16459
,1.000000000000001e-16,1.000000000000001e-16,,,,16469
140,,,0.25139886140823364,,,16469
,1.000000000000001e-16,1.000000000000001e-16,,,,16479
140,,,0.2991555631160736,,,16479
,1.000000000000001e-16,1.000000000000001e-16,,,,16489
140,,,0.1898995339870453,,,16489
140,,,,72.48896789550781,72.62388610839844,16496
,1.000000000000001e-16,1.000000000000001e-16,,,,16499
141,,,0.14014238119125366,,,16499
,1.000000000000001e-16,1.000000000000001e-16,,,,16509
141,,,0.29137641191482544,,,16509
,1.000000000000001e-16,1.000000000000001e-16,,,,16519
141,,,0.4481050968170166,,,16519
,1.000000000000001e-16,1.000000000000001e-16,,,,16529
141,,,0.15456770360469818,,,16529
,1.000000000000001e-16,1.000000000000001e-16,,,,16539
141,,,0.23909708857536316,,,16539
,1.000000000000001e-16,1.000000000000001e-16,,,,16549
141,,,0.2900998592376709,,,16549
,1.000000000000001e-16,1.000000000000001e-16,,,,16559
141,,,0.24872426688671112,,,16559
,1.000000000000001e-16,1.000000000000001e-16,,,,16569
141,,,0.2841840982437134,,,16569
,1.000000000000001e-16,1.000000000000001e-16,,,,16579
141,,,0.2933642864227295,,,16579
,1.000000000000001e-16,1.000000000000001e-16,,,,16589
141,,,0.3047693073749542,,,16589
,1.000000000000001e-16,1.000000000000001e-16,,,,16599
141,,,0.20197254419326782,,,16599
,1.000000000000001e-16,1.000000000000001e-16,,,,16609
141,,,0.1217346042394638,,,16609
141,,,,72.24283599853516,72.29894256591797,16613
,1.000000000000001e-16,1.000000000000001e-16,,,,16619
142,,,0.1721564531326294,,,16619
,1.000000000000001e-16,1.000000000000001e-16,,,,16629
142,,,0.3212338089942932,,,16629
,1.000000000000001e-16,1.000000000000001e-16,,,,16639
142,,,0.21462807059288025,,,16639
,1.000000000000001e-16,1.000000000000001e-16,,,,16649
142,,,0.31918615102767944,,,16649
,1.000000000000001e-16,1.000000000000001e-16,,,,16659
142,,,0.1474287062883377,,,16659
,1.000000000000001e-16,1.000000000000001e-16,,,,16669
142,,,0.10873828828334808,,,16669
,1.000000000000001e-16,1.000000000000001e-16,,,,16679
142,,,0.11641906946897507,,,16679
,1.000000000000001e-16,1.000000000000001e-16,,,,16689
142,,,0.15454626083374023,,,16689
,1.000000000000001e-16,1.000000000000001e-16,,,,16699
142,,,0.12870366871356964,,,16699
,1.000000000000001e-16,1.000000000000001e-16,,,,16709
142,,,0.3062683343887329,,,16709
,1.000000000000001e-16,1.000000000000001e-16,,,,16719
142,,,0.32604461908340454,,,16719
,1.000000000000001e-16,1.000000000000001e-16,,,,16729
142,,,0.6317083835601807,,,16729
142,,,,72.72518920898438,72.7863540649414,16730
,1.000000000000001e-16,1.000000000000001e-16,,,,16739
143,,,0.5981727838516235,,,16739
,1.000000000000001e-16,1.000000000000001e-16,,,,16749
143,,,0.5916706919670105,,,16749
,1.000000000000001e-16,1.000000000000001e-16,,,,16759
143,,,0.2275904417037964,,,16759
,1.000000000000001e-16,1.000000000000001e-16,,,,16769
143,,,0.3669690489768982,,,16769
,1.000000000000001e-16,1.000000000000001e-16,,,,16779
143,,,0.12325859069824219,,,16779
,1.000000000000001e-16,1.000000000000001e-16,,,,16789
143,,,0.09027998149394989,,,16789
,1.000000000000001e-16,1.000000000000001e-16,,,,16799
143,,,0.40910717844963074,,,16799
,1.000000000000001e-16,1.000000000000001e-16,,,,16809
143,,,0.23631057143211365,,,16809
,1.000000000000001e-16,1.000000000000001e-16,,,,16819
143,,,0.17950785160064697,,,16819
,1.000000000000001e-16,1.000000000000001e-16,,,,16829
143,,,0.27707910537719727,,,16829
,1.000000000000001e-16,1.000000000000001e-16,,,,16839
143,,,0.14276140928268433,,,16839
143,,,,73.44361114501953,73.51746368408203,16847
,1.000000000000001e-16,1.000000000000001e-16,,,,16849
144,,,0.18918193876743317,,,16849
,1.000000000000001e-16,1.000000000000001e-16,,,,16859
144,,,0.25597238540649414,,,16859
,1.000000000000001e-16,1.000000000000001e-16,,,,16869
144,,,0.2019401341676712,,,16869
,1.000000000000001e-16,1.000000000000001e-16,,,,16879
144,,,0.07153516262769699,,,16879
,1.000000000000001e-16,1.000000000000001e-16,,,,16889
144,,,0.26818394660949707,,,16889
,1.000000000000001e-16,1.000000000000001e-16,,,,16899
144,,,0.17770524322986603,,,16899
,1.000000000000001e-16,1.000000000000001e-16,,,,16909
144,,,0.26013192534446716,,,16909
,1.000000000000001e-16,1.000000000000001e-16,,,,16919
144,,,0.3806324601173401,,,16919
,1.000000000000001e-16,1.000000000000001e-16,,,,16929
144,,,0.0973748192191124,,,16929
,1.000000000000001e-16,1.000000000000001e-16,,,,16939
144,,,0.16186654567718506,,,16939
,1.000000000000001e-16,1.000000000000001e-16,,,,16949
144,,,0.26524072885513306,,,16949
,1.000000000000001e-16,1.000000000000001e-16,,,,16959
144,,,0.5819327235221863,,,16959
144,,,,72.37151336669922,72.46141052246094,16964
,1.000000000000001e-16,1.000000000000001e-16,,,,16969
145,,,0.2643033564090729,,,16969
,1.000000000000001e-16,1.000000000000001e-16,,,,16979
145,,,0.1625175029039383,,,16979
,1.000000000000001e-16,1.000000000000001e-16,,,,16989
145,,,0.30261242389678955,,,16989
,1.000000000000001e-16,1.000000000000001e-16,,,,16999
145,,,0.27495086193084717,,,16999
,1.000000000000001e-16,1.000000000000001e-16,,,,17009
145,,,0.3477655351161957,,,17009
,1.000000000000001e-16,1.000000000000001e-16,,,,17019
145,,,0.33706530928611755,,,17019
,1.000000000000001e-16,1.000000000000001e-16,,,,17029
145,,,0.2393523007631302,,,17029
,1.000000000000001e-16,1.000000000000001e-16,,,,17039
145,,,0.19759351015090942,,,17039
,1.000000000000001e-16,1.000000000000001e-16,,,,17049
145,,,0.5888996124267578,,,17049
,1.000000000000001e-16,1.000000000000001e-16,,,,17059
145,,,0.1688864827156067,,,17059
,1.000000000000001e-16,1.000000000000001e-16,,,,17069
145,,,0.15012401342391968,,,17069
,1.000000000000001e-16,1.000000000000001e-16,,,,17079
145,,,0.10232505947351456,,,17079
145,,,,72.37972259521484,72.46141052246094,17081
,1.000000000000001e-16,1.000000000000001e-16,,,,17089
146,,,0.1474744975566864,,,17089
,1.000000000000001e-16,1.000000000000001e-16,,,,17099
146,,,0.2633700966835022,,,17099
,1.000000000000001e-16,1.000000000000001e-16,,,,17109
146,,,0.20523805916309357,,,17109
,1.000000000000001e-16,1.000000000000001e-16,,,,17119
146,,,0.46082958579063416,,,17119
,1.000000000000001e-16,1.000000000000001e-16,,,,17129
146,,,0.1377020925283432,,,17129
,1.000000000000001e-16,1.000000000000001e-16,,,,17139
146,,,0.18053914606571198,,,17139
,1.000000000000001e-16,1.000000000000001e-16,,,,17149
146,,,0.25316542387008667,,,17149
,1.000000000000001e-16,1.000000000000001e-16,,,,17159
146,,,0.2883365750312805,,,17159
,1.000000000000001e-16,1.000000000000001e-16,,,,17169
146,,,0.27445560693740845,,,17169
,1.000000000000001e-16,1.000000000000001e-16,,,,17179
146,,,0.08620806038379669,,,17179
,1.000000000000001e-16,1.000000000000001e-16,,,,17189
146,,,0.24528753757476807,,,17189
146,,,,72.56519317626953,72.62388610839844,17198
,1.000000000000001e-16,1.000000000000001e-16,,,,17199
147,,,0.20308491587638855,,,17199
,1.000000000000001e-16,1.000000000000001e-16,,,,17209
147,,,0.1604776233434677,,,17209
,1.000000000000001e-16,1.000000000000001e-16,,,,17219
147,,,0.4320322871208191,,,17219
,1.000000000000001e-16,1.000000000000001e-16,,,,17229
147,,,0.38796260952949524,,,17229
,1.000000000000001e-16,1.000000000000001e-16,,,,17239
147,,,0.24394917488098145,,,17239
,1.000000000000001e-16,1.000000000000001e-16,,,,17249
147,,,0.2583482265472412,,,17249
,1.000000000000001e-16,1.000000000000001e-16,,,,17259
147,,,0.17879743874073029,,,17259
,1.000000000000001e-16,1.000000000000001e-16,,,,17269
147,,,0.24717992544174194,,,17269
,1.000000000000001e-16,1.000000000000001e-16,,,,17279
147,,,0.2660391628742218,,,17279
,1.000000000000001e-16,1.000000000000001e-16,,,,17289
147,,,0.18748798966407776,,,17289
,1.000000000000001e-16,1.000000000000001e-16,,,,17299
147,,,0.559810996055603,,,17299
,1.000000000000001e-16,1.000000000000001e-16,,,,17309
147,,,0.3958130478858948,,,17309
147,,,,73.0899658203125,73.1925277709961,17315
,1.000000000000001e-16,1.000000000000001e-16,,,,17319
148,,,0.2241392731666565,,,17319
,1.000000000000001e-16,1.000000000000001e-16,,,,17329
148,,,0.19175633788108826,,,17329
,1.000000000000001e-16,1.000000000000001e-16,,,,17339
148,,,0.21955865621566772,,,17339
,1.000000000000001e-16,1.000000000000001e-16,,,,17349
148,,,0.22071698307991028,,,17349
,1.000000000000001e-16,1.000000000000001e-16,,,,17359
148,,,0.24270819127559662,,,17359
,1.000000000000001e-16,1.000000000000001e-16,,,,17369
148,,,0.29844892024993896,,,17369
,1.000000000000001e-16,1.000000000000001e-16,,,,17379
148,,,0.37454789876937866,,,17379
,1.000000000000001e-16,1.000000000000001e-16,,,,17389
148,,,0.4051792323589325,,,17389
,1.000000000000001e-16,1.000000000000001e-16,,,,17399
148,,,0.2992447018623352,,,17399
,1.000000000000001e-16,1.000000000000001e-16,,,,17409
148,,,0.2407105565071106,,,17409
,1.000000000000001e-16,1.000000000000001e-16,,,,17419
148,,,0.3422696590423584,,,17419
,1.000000000000001e-16,1.000000000000001e-16,,,,17429
148,,,0.13342785835266113,,,17429
148,,,,72.65230560302734,72.70511627197266,17432
,1.000000000000001e-16,1.000000000000001e-16,,,,17439
149,,,0.1312173753976822,,,17439
,1.000000000000001e-16,1.000000000000001e-16,,,,17449
149,,,0.23502019047737122,,,17449
,1.000000000000001e-16,1.000000000000001e-16,,,,17459
149,,,0.2831379771232605,,,17459
,1.000000000000001e-16,1.000000000000001e-16,,,,17469
149,,,0.28594690561294556,,,17469
,1.000000000000001e-16,1.000000000000001e-16,,,,17479
149,,,0.5025515556335449,,,17479
,1.000000000000001e-16,1.000000000000001e-16,,,,17489
149,,,0.25629183650016785,,,17489
,1.000000000000001e-16,1.000000000000001e-16,,,,17499
149,,,0.4889318346977234,,,17499
,1.000000000000001e-16,1.000000000000001e-16,,,,17509
149,,,0.1095091849565506,,,17509
,1.000000000000001e-16,1.000000000000001e-16,,,,17519
149,,,0.24533826112747192,,,17519
,1.000000000000001e-16,1.000000000000001e-16,,,,17529
149,,,0.15438123047351837,,,17529
,1.000000000000001e-16,1.000000000000001e-16,,,,17539
149,,,0.39536505937576294,,,17539
,1.000000000000001e-16,1.000000000000001e-16,,,,17549
149,,,1.1624610424041748,,,17549
149,,,,72.66497802734375,72.7863540649414,17549
,1.000000000000001e-17,1.000000000000001e-17,,,,17559
150,,,0.35064995288848877,,,17559
,1.000000000000001e-17,1.000000000000001e-17,,,,17569
150,,,0.31639528274536133,,,17569
,1.000000000000001e-17,1.000000000000001e-17,,,,17579
150,,,0.17138344049453735,,,17579
,1.000000000000001e-17,1.000000000000001e-17,,,,17589
150,,,0.4182906150817871,,,17589
,1.000000000000001e-17,1.000000000000001e-17,,,,17599
150,,,0.3464088439941406,,,17599
,1.000000000000001e-17,1.000000000000001e-17,,,,17609
150,,,0.27079081535339355,,,17609
,1.000000000000001e-17,1.000000000000001e-17,,,,17619
150,,,0.0868237316608429,,,17619
,1.000000000000001e-17,1.000000000000001e-17,,,,17629
150,,,0.11726246774196625,,,17629
,1.000000000000001e-17,1.000000000000001e-17,,,,17639
150,,,0.2325417697429657,,,17639
,1.000000000000001e-17,1.000000000000001e-17,,,,17649
150,,,0.19444851577281952,,,17649
,1.000000000000001e-17,1.000000000000001e-17,,,,17659
150,,,0.24171194434165955,,,17659
150,,,,72.72298431396484,72.7863540649414,17666
,1.000000000000001e-17,1.000000000000001e-17,,,,17669
151,,,0.16831505298614502,,,17669
,1.000000000000001e-17,1.000000000000001e-17,,,,17679
151,,,0.20142489671707153,,,17679
,1.000000000000001e-17,1.000000000000001e-17,,,,17689
151,,,0.30767273902893066,,,17689
,1.000000000000001e-17,1.000000000000001e-17,,,,17699
151,,,0.12553110718727112,,,17699
,1.000000000000001e-17,1.000000000000001e-17,,,,17709
151,,,0.14766517281532288,,,17709
,1.000000000000001e-17,1.000000000000001e-17,,,,17719
151,,,0.2841542959213257,,,17719
,1.000000000000001e-17,1.000000000000001e-17,,,,17729
151,,,0.18817570805549622,,,17729
,1.000000000000001e-17,1.000000000000001e-17,,,,17739
151,,,0.11757845431566238,,,17739
,1.000000000000001e-17,1.000000000000001e-17,,,,17749
151,,,0.3385653495788574,,,17749
,1.000000000000001e-17,1.000000000000001e-17,,,,17759
151,,,0.37389707565307617,,,17759
,1.000000000000001e-17,1.000000000000001e-17,,,,17769
151,,,0.28710314631462097,,,17769
,1.000000000000001e-17,1.000000000000001e-17,,,,17779
151,,,0.15327182412147522,,,17779
151,,,,72.9385757446289,73.03005981445312,17783
,1.000000000000001e-17,1.000000000000001e-17,,,,17789
152,,,0.14051029086112976,,,17789
,1.000000000000001e-17,1.000000000000001e-17,,,,17799
152,,,0.3058922588825226,,,17799
,1.000000000000001e-17,1.000000000000001e-17,,,,17809
152,,,0.30312579870224,,,17809
,1.000000000000001e-17,1.000000000000001e-17,,,,17819
152,,,0.1467837691307068,,,17819
,1.000000000000001e-17,1.000000000000001e-17,,,,17829
152,,,0.1595062017440796,,,17829
,1.000000000000001e-17,1.000000000000001e-17,,,,17839
152,,,0.46216434240341187,,,17839
,1.000000000000001e-17,1.000000000000001e-17,,,,17849
152,,,0.16406768560409546,,,17849
,1.000000000000001e-17,1.000000000000001e-17,,,,17859
152,,,0.037624746561050415,,,17859
,1.000000000000001e-17,1.000000000000001e-17,,,,17869
152,,,0.43069085478782654,,,17869
,1.000000000000001e-17,1.000000000000001e-17,,,,17879
152,,,0.3920885920524597,,,17879
,1.000000000000001e-17,1.000000000000001e-17,,,,17889
152,,,0.263359397649765,,,17889
,1.000000000000001e-17,1.000000000000001e-17,,,,17899
152,,,0.3903462886810303,,,17899
152,,,,72.50680541992188,72.62388610839844,17900
,1.000000000000001e-17,1.000000000000001e-17,,,,17909
153,,,0.23349204659461975,,,17909
,1.000000000000001e-17,1.000000000000001e-17,,,,17919
153,,,0.24018222093582153,,,17919
,1.000000000000001e-17,1.000000000000001e-17,,,,17929
153,,,0.2756551504135132,,,17929
,1.000000000000001e-17,1.000000000000001e-17,,,,17939
153,,,0.3935739994049072,,,17939
,1.000000000000001e-17,1.000000000000001e-17,,,,17949
153,,,0.28290483355522156,,,17949
,1.000000000000001e-17,1.000000000000001e-17,,,,17959
153,,,0.2162533700466156,,,17959
,1.000000000000001e-17,1.000000000000001e-17,,,,17969
153,,,0.18816368281841278,,,17969
,1.000000000000001e-17,1.000000000000001e-17,,,,17979
153,,,0.2168424278497696,,,17979
,1.000000000000001e-17,1.000000000000001e-17,,,,17989
153,,,0.2239089012145996,,,17989
,1.000000000000001e-17,1.000000000000001e-17,,,,17999
153,,,0.09990523010492325,,,17999
,1.000000000000001e-17,1.000000000000001e-17,,,,18009
153,,,0.07643130421638489,,,18009
153,,,,73.47734832763672,73.51746368408203,18017
,1.000000000000001e-17,1.000000000000001e-17,,,,18019
154,,,0.15782591700553894,,,18019
,1.000000000000001e-17,1.000000000000001e-17,,,,18029
154,,,0.26348239183425903,,,18029
,1.000000000000001e-17,1.000000000000001e-17,,,,18039
154,,,0.32078367471694946,,,18039
,1.000000000000001e-17,1.000000000000001e-17,,,,18049
154,,,0.40023279190063477,,,18049
,1.000000000000001e-17,1.000000000000001e-17,,,,18059
154,,,0.22400900721549988,,,18059
,1.000000000000001e-17,1.000000000000001e-17,,,,18069
154,,,0.3114660084247589,,,18069
,1.000000000000001e-17,1.000000000000001e-17,,,,18079
154,,,0.09956829994916916,,,18079
,1.000000000000001e-17,1.000000000000001e-17,,,,18089
154,,,0.16109290719032288,,,18089
,1.000000000000001e-17,1.000000000000001e-17,,,,18099
154,,,0.20892643928527832,,,18099
,1.000000000000001e-17,1.000000000000001e-17,,,,18109
154,,,0.38982298970222473,,,18109
,1.000000000000001e-17,1.000000000000001e-17,,,,18119
154,,,0.2270972728729248,,,18119
,1.000000000000001e-17,1.000000000000001e-17,,,,18129
154,,,0.41110512614250183,,,18129
154,,,,72.70610809326172,72.70511627197266,18134
,1.000000000000001e-17,1.000000000000001e-17,,,,18139
155,,,0.24083945155143738,,,18139
,1.000000000000001e-17,1.000000000000001e-17,,,,18149
155,,,0.23327940702438354,,,18149
,1.000000000000001e-17,1.000000000000001e-17,,,,18159
155,,,0.354896605014801,,,18159
,1.000000000000001e-17,1.000000000000001e-17,,,,18169
155,,,0.26421594619750977,,,18169
,1.000000000000001e-17,1.000000000000001e-17,,,,18179
155,,,0.3258259892463684,,,18179
,1.000000000000001e-17,1.000000000000001e-17,,,,18189
155,,,0.21922564506530762,,,18189
,1.000000000000001e-17,1.000000000000001e-17,,,,18199
155,,,0.2756776809692383,,,18199
,1.000000000000001e-17,1.000000000000001e-17,,,,18209
155,,,0.13933053612709045,,,18209
,1.000000000000001e-17,1.000000000000001e-17,,,,18219
155,,,0.47715967893600464,,,18219
,1.000000000000001e-17,1.000000000000001e-17,,,,18229
155,,,0.24767014384269714,,,18229
,1.000000000000001e-17,1.000000000000001e-17,,,,18239
155,,,0.5365168452262878,,,18239
,1.000000000000001e-17,1.000000000000001e-17,,,,18249
155,,,0.30893218517303467,,,18249
155,,,,73.12786102294922,73.1925277709961,18251
,1.000000000000001e-17,1.000000000000001e-17,,,,18259
156,,,0.3620759844779968,,,18259
,1.000000000000001e-17,1.000000000000001e-17,,,,18269
156,,,0.1942806839942932,,,18269
,1.000000000000001e-17,1.000000000000001e-17,,,,18279
156,,,0.27239421010017395,,,18279
,1.000000000000001e-17,1.000000000000001e-17,,,,18289
156,,,0.2658016085624695,,,18289
,1.000000000000001e-17,1.000000000000001e-17,,,,18299
156,,,0.16287042200565338,,,18299
,1.000000000000001e-17,1.000000000000001e-17,,,,18309
156,,,0.17332115769386292,,,18309
,1.000000000000001e-17,1.000000000000001e-17,,,,18319
156,,,0.19162937998771667,,,18319
,1.000000000000001e-17,1.000000000000001e-17,,,,18329
156,,,0.2625926733016968,,,18329
,1.000000000000001e-17,1.000000000000001e-17,,,,18339
156,,,0.096808061003685,,,18339
,1.000000000000001e-17,1.000000000000001e-17,,,,18349
156,,,0.3987094759941101,,,18349
,1.000000000000001e-17,1.000000000000001e-17,,,,18359
156,,,0.17867855727672577,,,18359
156,,,,73.12764739990234,73.1925277709961,18368
,1.000000000000001e-17,1.000000000000001e-17,,,,18369
157,,,0.2983728349208832,,,18369
,1.000000000000001e-17,1.000000000000001e-17,,,,18379
157,,,0.3826206922531128,,,18379
,1.000000000000001e-17,1.000000000000001e-17,,,,18389
157,,,0.12136237323284149,,,18389
,1.000000000000001e-17,1.000000000000001e-17,,,,18399
157,,,0.16355228424072266,,,18399
,1.000000000000001e-17,1.000000000000001e-17,,,,18409
157,,,0.25009894371032715,,,18409
,1.000000000000001e-17,1.000000000000001e-17,,,,18419
157,,,0.1637778878211975,,,18419
,1.000000000000001e-17,1.000000000000001e-17,,,,18429
157,,,0.17141583561897278,,,18429
,1.000000000000001e-17,1.000000000000001e-17,,,,18439
157,,,0.1899746209383011,,,18439
,1.000000000000001e-17,1.000000000000001e-17,,,,18449
157,,,0.1639065146446228,,,18449
,1.000000000000001e-17,1.000000000000001e-17,,,,18459
157,,,0.2158491611480713,,,18459
,1.000000000000001e-17,1.000000000000001e-17,,,,18469
157,,,0.18945419788360596,,,18469
,1.000000000000001e-17,1.000000000000001e-17,,,,18479
157,,,0.22624191641807556,,,18479
157,,,,72.99298095703125,73.11128997802734,18485
,1.000000000000001e-17,1.000000000000001e-17,,,,18489
158,,,0.34585124254226685,,,18489
,1.000000000000001e-17,1.000000000000001e-17,,,,18499
158,,,0.12917861342430115,,,18499
,1.000000000000001e-17,1.000000000000001e-17,,,,18509
158,,,0.16504207253456116,,,18509
,1.000000000000001e-17,1.000000000000001e-17,,,,18519
158,,,0.20587308704853058,,,18519
,1.000000000000001e-17,1.000000000000001e-17,,,,18529
158,,,0.43632569909095764,,,18529
,1.000000000000001e-17,1.000000000000001e-17,,,,18539
158,,,0.2577402591705322,,,18539
,1.000000000000001e-17,1.000000000000001e-17,,,,18549
158,,,0.2183920294046402,,,18549
,1.000000000000001e-17,1.000000000000001e-17,,,,18559
158,,,0.23395489156246185,,,18559
,1.000000000000001e-17,1.000000000000001e-17,,,,18569
158,,,0.12125619500875473,,,18569
,1.000000000000001e-17,1.000000000000001e-17,,,,18579
158,,,0.20917315781116486,,,18579
,1.000000000000001e-17,1.000000000000001e-17,,,,18589
158,,,0.07808226346969604,,,18589
,1.000000000000001e-17,1.000000000000001e-17,,,,18599
158,,,0.3055827021598816,,,18599
158,,,,72.8887710571289,72.94882202148438,18602
,1.000000000000001e-17,1.000000000000001e-17,,,,18609
159,,,0.4062286615371704,,,18609
,1.000000000000001e-17,1.000000000000001e-17,,,,18619
159,,,0.12381785362958908,,,18619
,1.000000000000001e-17,1.000000000000001e-17,,,,18629
159,,,0.11367975920438766,,,18629
,1.000000000000001e-17,1.000000000000001e-17,,,,18639
159,,,0.27178654074668884,,,18639
,1.000000000000001e-17,1.000000000000001e-17,,,,18649
159,,,0.42521029710769653,,,18649
,1.000000000000001e-17,1.000000000000001e-17,,,,18659
159,,,0.6871975064277649,,,18659
,1.000000000000001e-17,1.000000000000001e-17,,,,18669
159,,,0.3063575029373169,,,18669
,1.000000000000001e-17,1.000000000000001e-17,,,,18679
159,,,0.15370425581932068,,,18679
,1.000000000000001e-17,1.000000000000001e-17,,,,18689
159,,,0.3619723320007324,,,18689
,1.000000000000001e-17,1.000000000000001e-17,,,,18699
159,,,0.24565435945987701,,,18699
,1.000000000000001e-17,1.000000000000001e-17,,,,18709
159,,,0.27292442321777344,,,18709
,1.000000000000001e-17,1.000000000000001e-17,,,,18719
159,,,3.3006467819213867,,,18719
159,,,,72.39173126220703,72.38018035888672,18719
,1.000000000000001e-18,1.000000000000001e-18,,,,18729
160,,,0.163770392537117,,,18729
,1.000000000000001e-18,1.000000000000001e-18,,,,18739
160,,,0.3820570707321167,,,18739
,1.000000000000001e-18,1.000000000000001e-18,,,,18749
160,,,0.24304930865764618,,,18749
,1.000000000000001e-18,1.000000000000001e-18,,,,18759
160,,,0.254672110080719,,,18759
,1.000000000000001e-18,1.000000000000001e-18,,,,18769
160,,,0.19058731198310852,,,18769
,1.000000000000001e-18,1.000000000000001e-18,,,,18779
160,,,0.38727784156799316,,,18779
,1.000000000000001e-18,1.000000000000001e-18,,,,18789
160,,,0.12605077028274536,,,18789
,1.000000000000001e-18,1.000000000000001e-18,,,,18799
160,,,0.2692035436630249,,,18799
,1.000000000000001e-18,1.000000000000001e-18,,,,18809
160,,,0.3367156982421875,,,18809
,1.000000000000001e-18,1.000000000000001e-18,,,,18819
160,,,0.13951930403709412,,,18819
,1.000000000000001e-18,1.000000000000001e-18,,,,18829
160,,,0.12557445466518402,,,18829
160,,,,72.51822662353516,72.54264831542969,18836
,1.000000000000001e-18,1.000000000000001e-18,,,,18839
161,,,0.3058509826660156,,,18839
,1.000000000000001e-18,1.000000000000001e-18,,,,18849
161,,,0.23565177619457245,,,18849
,1.000000000000001e-18,1.000000000000001e-18,,,,18859
161,,,0.41965657472610474,,,18859
,1.000000000000001e-18,1.000000000000001e-18,,,,18869
161,,,0.22062744200229645,,,18869
,1.000000000000001e-18,1.000000000000001e-18,,,,18879
161,,,0.1770482361316681,,,18879
,1.000000000000001e-18,1.000000000000001e-18,,,,18889
161,,,0.24127641320228577,,,18889
,1.000000000000001e-18,1.000000000000001e-18,,,,18899
161,,,0.40807783603668213,,,18899
,1.000000000000001e-18,1.000000000000001e-18,,,,18909
161,,,0.1526964008808136,,,18909
,1.000000000000001e-18,1.000000000000001e-18,,,,18919
161,,,0.18695297837257385,,,18919
,1.000000000000001e-18,1.000000000000001e-18,,,,18929
161,,,0.38534116744995117,,,18929
,1.000000000000001e-18,1.000000000000001e-18,,,,18939
161,,,0.2553543150424957,,,18939
,1.000000000000001e-18,1.000000000000001e-18,,,,18949
161,,,0.21435023844242096,,,18949
161,,,,72.47024536132812,72.54264831542969,18953
,1.000000000000001e-18,1.000000000000001e-18,,,,18959
162,,,0.1851423978805542,,,18959
,1.000000000000001e-18,1.000000000000001e-18,,,,18969
162,,,0.3379008173942566,,,18969
,1.000000000000001e-18,1.000000000000001e-18,,,,18979
162,,,0.07059639692306519,,,18979
,1.000000000000001e-18,1.000000000000001e-18,,,,18989
162,,,0.16532431542873383,,,18989
,1.000000000000001e-18,1.000000000000001e-18,,,,18999
162,,,0.44512608647346497,,,18999
,1.000000000000001e-18,1.000000000000001e-18,,,,19009
162,,,0.2371579110622406,,,19009
,1.000000000000001e-18,1.000000000000001e-18,,,,19019
162,,,0.15209698677062988,,,19019
,1.000000000000001e-18,1.000000000000001e-18,,,,19029
162,,,0.4851621389389038,,,19029
,1.000000000000001e-18,1.000000000000001e-18,,,,19039
162,,,0.23690655827522278,,,19039
,1.000000000000001e-18,1.000000000000001e-18,,,,19049
162,,,0.29023027420043945,,,19049
,1.000000000000001e-18,1.000000000000001e-18,,,,19059
162,,,0.31311821937561035,,,19059
,1.000000000000001e-18,1.000000000000001e-18,,,,19069
162,,,0.26301780343055725,,,19069
162,,,,72.29080963134766,72.38018035888672,19070
,1.000000000000001e-18,1.000000000000001e-18,,,,19079
163,,,0.20390264689922333,,,19079
,1.000000000000001e-18,1.000000000000001e-18,,,,19089
163,,,0.12060783803462982,,,19089
,1.000000000000001e-18,1.000000000000001e-18,,,,19099
163,,,0.2044018805027008,,,19099
,1.000000000000001e-18,1.000000000000001e-18,,,,19109
163,,,0.20300734043121338,,,19109
,1.000000000000001e-18,1.000000000000001e-18,,,,19119
163,,,0.14489756524562836,,,19119
,1.000000000000001e-18,1.000000000000001e-18,,,,19129
163,,,0.39620834589004517,,,19129
,1.000000000000001e-18,1.000000000000001e-18,,,,19139
163,,,0.2738509774208069,,,19139
,1.000000000000001e-18,1.000000000000001e-18,,,,19149
163,,,0.1414511352777481,,,19149
,1.000000000000001e-18,1.000000000000001e-18,,,,19159
163,,,0.1687132716178894,,,19159
,1.000000000000001e-18,1.000000000000001e-18,,,,19169
163,,,0.1836787462234497,,,19169
,1.000000000000001e-18,1.000000000000001e-18,,,,19179
163,,,0.2040630429983139,,,19179
163,,,,72.40460968017578,72.46141052246094,19187
,1.000000000000001e-18,1.000000000000001e-18,,,,19189
164,,,0.06020436808466911,,,19189
,1.000000000000001e-18,1.000000000000001e-18,,,,19199
164,,,0.23473040759563446,,,19199
,1.000000000000001e-18,1.000000000000001e-18,,,,19209
164,,,0.3001609146595001,,,19209
,1.000000000000001e-18,1.000000000000001e-18,,,,19219
164,,,0.1926020383834839,,,19219
,1.000000000000001e-18,1.000000000000001e-18,,,,19229
164,,,0.17453330755233765,,,19229
,1.000000000000001e-18,1.000000000000001e-18,,,,19239
164,,,0.26634854078292847,,,19239
,1.000000000000001e-18,1.000000000000001e-18,,,,19249
164,,,0.22246992588043213,,,19249
,1.000000000000001e-18,1.000000000000001e-18,,,,19259
164,,,0.11679591238498688,,,19259
,1.000000000000001e-18,1.000000000000001e-18,,,,19269
164,,,0.15314660966396332,,,19269
,1.000000000000001e-18,1.000000000000001e-18,,,,19279
164,,,0.4762595593929291,,,19279
,1.000000000000001e-18,1.000000000000001e-18,,,,19289
164,,,0.3142193555831909,,,19289
,1.000000000000001e-18,1.000000000000001e-18,,,,19299
164,,,0.25793981552124023,,,19299
164,,,,72.4521713256836,72.54264831542969,19304
,1.000000000000001e-18,1.000000000000001e-18,,,,19309
165,,,0.1874685287475586,,,19309
,1.000000000000001e-18,1.000000000000001e-18,,,,19319
165,,,0.5657241344451904,,,19319
,1.000000000000001e-18,1.000000000000001e-18,,,,19329
165,,,0.15215809643268585,,,19329
,1.000000000000001e-18,1.000000000000001e-18,,,,19339
165,,,0.3289794921875,,,19339
,1.000000000000001e-18,1.000000000000001e-18,,,,19349
165,,,0.1903151571750641,,,19349
,1.000000000000001e-18,1.000000000000001e-18,,,,19359
165,,,0.3031758964061737,,,19359
,1.000000000000001e-18,1.000000000000001e-18,,,,19369
165,,,0.16645243763923645,,,19369
,1.000000000000001e-18,1.000000000000001e-18,,,,19379
165,,,0.19207942485809326,,,19379
,1.000000000000001e-18,1.000000000000001e-18,,,,19389
165,,,0.4108789563179016,,,19389
,1.000000000000001e-18,1.000000000000001e-18,,,,19399
165,,,0.3245461583137512,,,19399
,1.000000000000001e-18,1.000000000000001e-18,,,,19409
165,,,0.334195613861084,,,19409
,1.000000000000001e-18,1.000000000000001e-18,,,,19419
165,,,0.2673161029815674,,,19419
165,,,,72.9072494506836,72.94882202148438,19421
,1.000000000000001e-18,1.000000000000001e-18,,,,19429
166,,,0.27638718485832214,,,19429
,1.000000000000001e-18,1.000000000000001e-18,,,,19439
166,,,0.07282103598117828,,,19439
,1.000000000000001e-18,1.000000000000001e-18,,,,19449
166,,,0.43150681257247925,,,19449
,1.000000000000001e-18,1.000000000000001e-18,,,,19459
166,,,0.4286347031593323,,,19459
,1.000000000000001e-18,1.000000000000001e-18,,,,19469
166,,,0.36839109659194946,,,19469
,1.000000000000001e-18,1.000000000000001e-18,,,,19479
166,,,0.29311567544937134,,,19479
,1.000000000000001e-18,1.000000000000001e-18,,,,19489
166,,,0.46497252583503723,,,19489
,1.000000000000001e-18,1.000000000000001e-18,,,,19499
166,,,0.5387699007987976,,,19499
,1.000000000000001e-18,1.000000000000001e-18,,,,19509
166,,,0.2296011596918106,,,19509
,1.000000000000001e-18,1.000000000000001e-18,,,,19519
166,,,0.1801813840866089,,,19519
,1.000000000000001e-18,1.000000000000001e-18,,,,19529
166,,,0.14877498149871826,,,19529
166,,,,73.25270080566406,73.35499572753906,19538
,1.000000000000001e-18,1.000000000000001e-18,,,,19539
167,,,0.24093639850616455,,,19539
,1.000000000000001e-18,1.000000000000001e-18,,,,19549
167,,,0.055224306881427765,,,19549
,1.000000000000001e-18,1.000000000000001e-18,,,,19559
167,,,0.19827944040298462,,,19559
,1.000000000000001e-18,1.000000000000001e-18,,,,19569
167,,,0.21706858277320862,,,19569
,1.000000000000001e-18,1.000000000000001e-18,,,,19579
167,,,0.2623983919620514,,,19579
,1.000000000000001e-18,1.000000000000001e-18,,,,19589
167,,,0.42641666531562805,,,19589
,1.000000000000001e-18,1.000000000000001e-18,,,,19599
167,,,0.35197484493255615,,,19599
,1.000000000000001e-18,1.000000000000001e-18,,,,19609
167,,,0.19035804271697998,,,19609
,1.000000000000001e-18,1.000000000000001e-18,,,,19619
167,,,0.41280826926231384,,,19619
,1.000000000000001e-18,1.000000000000001e-18,,,,19629
167,,,0.3057335913181305,,,19629
,1.000000000000001e-18,1.000000000000001e-18,,,,19639
167,,,0.33373162150382996,,,19639
,1.000000000000001e-18,1.000000000000001e-18,,,,19649
167,,,0.46854937076568604,,,19649
167,,,,71.97642517089844,72.05523681640625,19655
,1.000000000000001e-18,1.000000000000001e-18,,,,19659
168,,,0.23152868449687958,,,19659
,1.000000000000001e-18,1.000000000000001e-18,,,,19669
168,,,0.30573946237564087,,,19669
,1.000000000000001e-18,1.000000000000001e-18,,,,19679
168,,,0.17859221994876862,,,19679
,1.000000000000001e-18,1.000000000000001e-18,,,,19689
168,,,0.27995797991752625,,,19689
,1.000000000000001e-18,1.000000000000001e-18,,,,19699
168,,,0.06197424605488777,,,19699
,1.000000000000001e-18,1.000000000000001e-18,,,,19709
168,,,0.1286672204732895,,,19709
,1.000000000000001e-18,1.000000000000001e-18,,,,19719
168,,,0.17360767722129822,,,19719
,1.000000000000001e-18,1.000000000000001e-18,,,,19729
168,,,0.24973164498806,,,19729
,1.000000000000001e-18,1.000000000000001e-18,,,,19739
168,,,0.1959085315465927,,,19739
,1.000000000000001e-18,1.000000000000001e-18,,,,19749
168,,,0.21031787991523743,,,19749
,1.000000000000001e-18,1.000000000000001e-18,,,,19759
168,,,0.14833375811576843,,,19759
,1.000000000000001e-18,1.000000000000001e-18,,,,19769
168,,,0.5038193464279175,,,19769
168,,,,73.2812271118164,73.35499572753906,19772
,1.000000000000001e-18,1.000000000000001e-18,,,,19779
169,,,0.20774990320205688,,,19779
,1.000000000000001e-18,1.000000000000001e-18,,,,19789
169,,,0.16723503172397614,,,19789
,1.000000000000001e-18,1.000000000000001e-18,,,,19799
169,,,0.4089694619178772,,,19799
,1.000000000000001e-18,1.000000000000001e-18,,,,19809
169,,,0.4249035120010376,,,19809
,1.000000000000001e-18,1.000000000000001e-18,,,,19819
169,,,0.4478358328342438,,,19819
,1.000000000000001e-18,1.000000000000001e-18,,,,19829
169,,,0.20679712295532227,,,19829
,1.000000000000001e-18,1.000000000000001e-18,,,,19839
169,,,0.1279105842113495,,,19839
,1.000000000000001e-18,1.000000000000001e-18,,,,19849
169,,,0.1631375253200531,,,19849
,1.000000000000001e-18,1.000000000000001e-18,,,,19859
169,,,0.3303573727607727,,,19859
,1.000000000000001e-18,1.000000000000001e-18,,,,19869
169,,,0.17096413671970367,,,19869
,1.000000000000001e-18,1.000000000000001e-18,,,,19879
169,,,0.2717413306236267,,,19879
,1.000000000000001e-18,1.000000000000001e-18,,,,19889
169,,,1.2091588973999023,,,19889
169,,,,72.61017608642578,72.70511627197266,19889
,1.000000000000001e-19,1.000000000000001e-19,,,,19899
170,,,0.2164616584777832,,,19899
,1.000000000000001e-19,1.000000000000001e-19,,,,19909
170,,,0.15770503878593445,,,19909
,1.000000000000001e-19,1.000000000000001e-19,,,,19919
170,,,0.1597188115119934,,,19919
,1.000000000000001e-19,1.000000000000001e-19,,,,19929
170,,,0.3626226782798767,,,19929
,1.000000000000001e-19,1.000000000000001e-19,,,,19939
170,,,0.21174263954162598,,,19939
,1.000000000000001e-19,1.000000000000001e-19,,,,19949
170,,,0.20214501023292542,,,19949
,1.000000000000001e-19,1.000000000000001e-19,,,,19959
170,,,0.16457341611385345,,,19959
,1.000000000000001e-19,1.000000000000001e-19,,,,19969
170,,,0.40023288130760193,,,19969
,1.000000000000001e-19,1.000000000000001e-19,,,,19979
170,,,0.16147871315479279,,,19979
,1.000000000000001e-19,1.000000000000001e-19,,,,19989
170,,,0.2535324692726135,,,19989
,1.000000000000001e-19,1.000000000000001e-19,,,,19999
170,,,0.1822102665901184,,,19999
170,,,,72.59271240234375,72.70511627197266,20006
,1.000000000000001e-19,1.000000000000001e-19,,,,20009
171,,,0.22282521426677704,,,20009
,1.000000000000001e-19,1.000000000000001e-19,,,,20019
171,,,0.2456195056438446,,,20019
,1.000000000000001e-19,1.000000000000001e-19,,,,20029
171,,,0.25527241826057434,,,20029
,1.000000000000001e-19,1.000000000000001e-19,,,,20039
171,,,0.26933494210243225,,,20039
,1.000000000000001e-19,1.000000000000001e-19,,,,20049
171,,,0.4564099609851837,,,20049
,1.000000000000001e-19,1.000000000000001e-19,,,,20059
171,,,0.3861100375652313,,,20059
,1.000000000000001e-19,1.000000000000001e-19,,,,20069
171,,,0.3120688796043396,,,20069
,1.000000000000001e-19,1.000000000000001e-19,,,,20079
171,,,0.1758611798286438,,,20079
,1.000000000000001e-19,1.000000000000001e-19,,,,20089
171,,,0.2093544900417328,,,20089
,1.000000000000001e-19,1.000000000000001e-19,,,,20099
171,,,0.2988111078739166,,,20099
,1.000000000000001e-19,1.000000000000001e-19,,,,20109
171,,,0.1545029878616333,,,20109
,1.000000000000001e-19,1.000000000000001e-19,,,,20119
171,,,0.3099696636199951,,,20119
171,,,,72.59834289550781,72.70511627197266,20123
,1.000000000000001e-19,1.000000000000001e-19,,,,20129
172,,,0.16213512420654297,,,20129
,1.000000000000001e-19,1.000000000000001e-19,,,,20139
172,,,0.18316760659217834,,,20139
,1.000000000000001e-19,1.000000000000001e-19,,,,20149
172,,,0.12956926226615906,,,20149
,1.000000000000001e-19,1.000000000000001e-19,,,,20159
172,,,0.23174597322940826,,,20159
,1.000000000000001e-19,1.000000000000001e-19,,,,20169
172,,,0.23317478597164154,,,20169
,1.000000000000001e-19,1.000000000000001e-19,,,,20179
172,,,0.2824614346027374,,,20179
,1.000000000000001e-19,1.000000000000001e-19,,,,20189
172,,,0.23457659780979156,,,20189
,1.000000000000001e-19,1.000000000000001e-19,,,,20199
172,,,0.15159180760383606,,,20199
,1.000000000000001e-19,1.000000000000001e-19,,,,20209
172,,,0.21341469883918762,,,20209
,1.000000000000001e-19,1.000000000000001e-19,,,,20219
172,,,0.3366659879684448,,,20219
,1.000000000000001e-19,1.000000000000001e-19,,,,20229
172,,,0.1842147707939148,,,20229
,1.000000000000001e-19,1.000000000000001e-19,,,,20239
172,,,0.11051355302333832,,,20239
172,,,,72.1637191772461,72.136474609375,20240
,1.000000000000001e-19,1.000000000000001e-19,,,,20249
173,,,0.1979435384273529,,,20249
,1.000000000000001e-19,1.000000000000001e-19,,,,20259
173,,,0.28678327798843384,,,20259
,1.000000000000001e-19,1.000000000000001e-19,,,,20269
173,,,0.18146976828575134,,,20269
,1.000000000000001e-19,1.000000000000001e-19,,,,20279
173,,,0.19738930463790894,,,20279
,1.000000000000001e-19,1.000000000000001e-19,,,,20289
173,,,0.15840090811252594,,,20289
,1.000000000000001e-19,1.000000000000001e-19,,,,20299
173,,,0.12097888439893723,,,20299
,1.000000000000001e-19,1.000000000000001e-19,,,,20309
173,,,0.2993818521499634,,,20309
,1.000000000000001e-19,1.000000000000001e-19,,,,20319
173,,,0.48561084270477295,,,20319
,1.000000000000001e-19,1.000000000000001e-19,,,,20329
173,,,0.28738418221473694,,,20329
,1.000000000000001e-19,1.000000000000001e-19,,,,20339
173,,,0.11019175499677658,,,20339
,1.000000000000001e-19,1.000000000000001e-19,,,,20349
173,,,0.09514391422271729,,,20349
173,,,,72.8949966430664,72.94882202148438,20357
,1.000000000000001e-19,1.000000000000001e-19,,,,20359
174,,,0.24972207844257355,,,20359
,1.000000000000001e-19,1.000000000000001e-19,,,,20369
174,,,0.27331292629241943,,,20369
,1.000000000000001e-19,1.000000000000001e-19,,,,20379
174,,,0.2696193754673004,,,20379
,1.000000000000001e-19,1.000000000000001e-19,,,,20389
174,,,0.1779422163963318,,,20389
,1.000000000000001e-19,1.000000000000001e-19,,,,20399
174,,,0.0986398458480835,,,20399
,1.000000000000001e-19,1.000000000000001e-19,,,,20409
174,,,0.17453786730766296,,,20409
,1.000000000000001e-19,1.000000000000001e-19,,,,20419
174,,,0.1930619776248932,,,20419
,1.000000000000001e-19,1.000000000000001e-19,,,,20429
174,,,0.16770292818546295,,,20429
,1.000000000000001e-19,1.000000000000001e-19,,,,20439
174,,,0.29955586791038513,,,20439
,1.000000000000001e-19,1.000000000000001e-19,,,,20449
174,,,0.28168126940727234,,,20449
,1.000000000000001e-19,1.000000000000001e-19,,,,20459
174,,,0.0916246771812439,,,20459
,1.000000000000001e-19,1.000000000000001e-19,,,,20469
174,,,0.357310950756073,,,20469
174,,,,72.77137756347656,72.86758422851562,20474
,1.000000000000001e-19,1.000000000000001e-19,,,,20479
175,,,0.30148884654045105,,,20479
,1.000000000000001e-19,1.000000000000001e-19,,,,20489
175,,,0.4259558320045471,,,20489
,1.000000000000001e-19,1.000000000000001e-19,,,,20499
175,,,0.22695119678974152,,,20499
,1.000000000000001e-19,1.000000000000001e-19,,,,20509
175,,,0.3050626814365387,,,20509
,1.000000000000001e-19,1.000000000000001e-19,,,,20519
175,,,0.08745937049388885,,,20519
,1.000000000000001e-19,1.000000000000001e-19,,,,20529
175,,,0.26339882612228394,,,20529
,1.000000000000001e-19,1.000000000000001e-19,,,,20539
175,,,0.353701651096344,,,20539
,1.000000000000001e-19,1.000000000000001e-19,,,,20549
175,,,0.27403563261032104,,,20549
,1.000000000000001e-19,1.000000000000001e-19,,,,20559
175,,,0.1311188042163849,,,20559
,1.000000000000001e-19,1.000000000000001e-19,,,,20569
175,,,0.3192026615142822,,,20569
,1.000000000000001e-19,1.000000000000001e-19,,,,20579
175,,,0.34466272592544556,,,20579
,1.000000000000001e-19,1.000000000000001e-19,,,,20589
175,,,0.17749597132205963,,,20589
175,,,,72.69847106933594,72.7863540649414,20591
,1.000000000000001e-19,1.000000000000001e-19,,,,20599
176,,,0.12373054772615433,,,20599
,1.000000000000001e-19,1.000000000000001e-19,,,,20609
176,,,0.2813469171524048,,,20609
,1.000000000000001e-19,1.000000000000001e-19,,,,20619
176,,,0.38835805654525757,,,20619
,1.000000000000001e-19,1.000000000000001e-19,,,,20629
176,,,0.3314017355442047,,,20629
,1.000000000000001e-19,1.000000000000001e-19,,,,20639
176,,,0.38422513008117676,,,20639
,1.000000000000001e-19,1.000000000000001e-19,,,,20649
176,,,0.3694336712360382,,,20649
,1.000000000000001e-19,1.000000000000001e-19,,,,20659
176,,,0.2841009497642517,,,20659
,1.000000000000001e-19,1.000000000000001e-19,,,,20669
176,,,0.2187063992023468,,,20669
,1.000000000000001e-19,1.000000000000001e-19,,,,20679
176,,,0.5360656976699829,,,20679
,1.000000000000001e-19,1.000000000000001e-19,,,,20689
176,,,0.1325402557849884,,,20689
,1.000000000000001e-19,1.000000000000001e-19,,,,20699
176,,,0.14873498678207397,,,20699
176,,,,72.71276092529297,72.7863540649414,20708
,1.000000000000001e-19,1.000000000000001e-19,,,,20709
177,,,0.16117697954177856,,,20709
,1.000000000000001e-19,1.000000000000001e-19,,,,20719
177,,,0.3564346134662628,,,20719
,1.000000000000001e-19,1.000000000000001e-19,,,,20729
177,,,0.21167217195034027,,,20729
,1.000000000000001e-19,1.000000000000001e-19,,,,20739
177,,,0.32317328453063965,,,20739
,1.000000000000001e-19,1.000000000000001e-19,,,,20749
177,,,0.37961745262145996,,,20749
,1.000000000000001e-19,1.000000000000001e-19,,,,20759
177,,,0.3104718327522278,,,20759
,1.000000000000001e-19,1.000000000000001e-19,,,,20769
177,,,0.24870847165584564,,,20769
,1.000000000000001e-19,1.000000000000001e-19,,,,20779
177,,,0.22467507421970367,,,20779
,1.000000000000001e-19,1.000000000000001e-19,,,,20789
177,,,0.36242327094078064,,,20789
,1.000000000000001e-19,1.000000000000001e-19,,,,20799
177,,,0.31892675161361694,,,20799
,1.000000000000001e-19,1.000000000000001e-19,,,,20809
177,,,0.30286073684692383,,,20809
,1.000000000000001e-19,1.000000000000001e-19,,,,20819
177,,,0.4175425171852112,,,20819
177,,,,72.8117446899414,72.94882202148438,20825
,1.000000000000001e-19,1.000000000000001e-19,,,,20829
178,,,0.08125626295804977,,,20829
,1.000000000000001e-19,1.000000000000001e-19,,,,20839
178,,,0.4030112624168396,,,20839
,1.000000000000001e-19,1.000000000000001e-19,,,,20849
178,,,0.4602352976799011,,,20849
,1.000000000000001e-19,1.000000000000001e-19,,,,20859
178,,,0.07104320824146271,,,20859
,1.000000000000001e-19,1.000000000000001e-19,,,,20869
178,,,0.21902059018611908,,,20869
,1.000000000000001e-19,1.000000000000001e-19,,,,20879
178,,,0.1558179408311844,,,20879
,1.000000000000001e-19,1.000000000000001e-19,,,,20889
178,,,0.20376606285572052,,,20889
,1.000000000000001e-19,1.000000000000001e-19,,,,20899
178,,,0.3016408085823059,,,20899
,1.000000000000001e-19,1.000000000000001e-19,,,,20909
178,,,0.19569900631904602,,,20909
,1.000000000000001e-19,1.000000000000001e-19,,,,20919
178,,,0.33759695291519165,,,20919
,1.000000000000001e-19,1.000000000000001e-19,,,,20929
178,,,0.3466872572898865,,,20929
,1.000000000000001e-19,1.000000000000001e-19,,,,20939
178,,,0.17576082050800323,,,20939
178,,,,72.37892150878906,72.46141052246094,20942
,1.000000000000001e-19,1.000000000000001e-19,,,,20949
179,,,0.1047440767288208,,,20949
,1.000000000000001e-19,1.000000000000001e-19,,,,20959
179,,,0.1387474685907364,,,20959
,1.000000000000001e-19,1.000000000000001e-19,,,,20969
179,,,0.2837011218070984,,,20969
,1.000000000000001e-19,1.000000000000001e-19,,,,20979
179,,,0.38861382007598877,,,20979
,1.000000000000001e-19,1.000000000000001e-19,,,,20989
179,,,0.19112591445446014,,,20989
,1.000000000000001e-19,1.000000000000001e-19,,,,20999
179,,,0.20498289167881012,,,20999
,1.000000000000001e-19,1.000000000000001e-19,,,,21009
179,,,0.14303171634674072,,,21009
,1.000000000000001e-19,1.000000000000001e-19,,,,21019
179,,,0.19743292033672333,,,21019
,1.000000000000001e-19,1.000000000000001e-19,,,,21029
179,,,0.444744735956192,,,21029
,1.000000000000001e-19,1.000000000000001e-19,,,,21039
179,,,0.1780853569507599,,,21039
,1.000000000000001e-19,1.000000000000001e-19,,,,21049
179,,,0.12467904388904572,,,21049
,1.000000000000001e-19,1.000000000000001e-19,,,,21059
179,,,1.1718758344650269,,,21059
179,,,,72.47909545898438,72.54264831542969,21059
,1.0000000000000011e-20,1.0000000000000011e-20,,,,21069
180,,,0.19408458471298218,,,21069
,1.0000000000000011e-20,1.0000000000000011e-20,,,,21079
180,,,0.20225608348846436,,,21079
,1.0000000000000011e-20,1.0000000000000011e-20,,,,21089
180,,,0.12092772126197815,,,21089
,1.0000000000000011e-20,1.0000000000000011e-20,,,,21099
180,,,0.12232372164726257,,,21099
,1.0000000000000011e-20,1.0000000000000011e-20,,,,21109
180,,,0.27430909872055054,,,21109
,1.0000000000000011e-20,1.0000000000000011e-20,,,,21119
180,,,0.2508804202079773,,,21119
,1.0000000000000011e-20,1.0000000000000011e-20,,,,21129
180,,,0.3968607783317566,,,21129
,1.0000000000000011e-20,1.0000000000000011e-20,,,,21139
180,,,0.1900147795677185,,,21139
,1.0000000000000011e-20,1.0000000000000011e-20,,,,21149
180,,,0.1409376561641693,,,21149
,1.0000000000000011e-20,1.0000000000000011e-20,,,,21159
180,,,0.2644171118736267,,,21159
,1.0000000000000011e-20,1.0000000000000011e-20,,,,21169
180,,,0.24891060590744019,,,21169
180,,,,72.55781555175781,72.70511627197266,21176
,1.0000000000000011e-20,1.0000000000000011e-20,,,,21179
181,,,0.2225087285041809,,,21179
,1.0000000000000011e-20,1.0000000000000011e-20,,,,21189
181,,,0.27746084332466125,,,21189
,1.0000000000000011e-20,1.0000000000000011e-20,,,,21199
181,,,0.4973275065422058,,,21199
,1.0000000000000011e-20,1.0000000000000011e-20,,,,21209
181,,,0.24250082671642303,,,21209
,1.0000000000000011e-20,1.0000000000000011e-20,,,,21219
181,,,0.21013888716697693,,,21219
,1.0000000000000011e-20,1.0000000000000011e-20,,,,21229
181,,,0.3002322018146515,,,21229
,1.0000000000000011e-20,1.0000000000000011e-20,,,,21239
181,,,0.1948378086090088,,,21239
,1.0000000000000011e-20,1.0000000000000011e-20,,,,21249
181,,,0.5182912349700928,,,21249
,1.0000000000000011e-20,1.0000000000000011e-20,,,,21259
181,,,0.22014078497886658,,,21259
,1.0000000000000011e-20,1.0000000000000011e-20,,,,21269
181,,,0.32992228865623474,,,21269
,1.0000000000000011e-20,1.0000000000000011e-20,,,,21279
181,,,0.09958763420581818,,,21279
,1.0000000000000011e-20,1.0000000000000011e-20,,,,21289
181,,,0.34741073846817017,,,21289
181,,,,72.88314819335938,72.94882202148438,21293
,1.0000000000000011e-20,1.0000000000000011e-20,,,,21299
182,,,0.13709557056427002,,,21299
,1.0000000000000011e-20,1.0000000000000011e-20,,,,21309
182,,,0.2559131681919098,,,21309
,1.0000000000000011e-20,1.0000000000000011e-20,,,,21319
182,,,0.2847903370857239,,,21319
,1.0000000000000011e-20,1.0000000000000011e-20,,,,21329
182,,,0.40831077098846436,,,21329
,1.0000000000000011e-20,1.0000000000000011e-20,,,,21339
182,,,0.19615302979946136,,,21339
,1.0000000000000011e-20,1.0000000000000011e-20,,,,21349
182,,,0.2293524444103241,,,21349
,1.0000000000000011e-20,1.0000000000000011e-20,,,,21359
182,,,0.29256874322891235,,,21359
,1.0000000000000011e-20,1.0000000000000011e-20,,,,21369
182,,,0.30599284172058105,,,21369
,1.0000000000000011e-20,1.0000000000000011e-20,,,,21379
182,,,0.2785322368144989,,,21379
,1.0000000000000011e-20,1.0000000000000011e-20,,,,21389
182,,,0.21112453937530518,,,21389
,1.0000000000000011e-20,1.0000000000000011e-20,,,,21399
182,,,0.5909372568130493,,,21399
,1.0000000000000011e-20,1.0000000000000011e-20,,,,21409
182,,,0.17940863966941833,,,21409
182,,,,73.03089904785156,73.11128997802734,21410
,1.0000000000000011e-20,1.0000000000000011e-20,,,,21419
183,,,0.24963638186454773,,,21419
,1.0000000000000011e-20,1.0000000000000011e-20,,,,21429
183,,,0.16695216298103333,,,21429
,1.0000000000000011e-20,1.0000000000000011e-20,,,,21439
183,,,0.2550980746746063,,,21439
,1.0000000000000011e-20,1.0000000000000011e-20,,,,21449
183,,,0.2859208583831787,,,21449
,1.0000000000000011e-20,1.0000000000000011e-20,,,,21459
183,,,0.18675950169563293,,,21459
,1.0000000000000011e-20,1.0000000000000011e-20,,,,21469
183,,,0.32962584495544434,,,21469
,1.0000000000000011e-20,1.0000000000000011e-20,,,,21479
183,,,0.40728452801704407,,,21479
,1.0000000000000011e-20,1.0000000000000011e-20,,,,21489
183,,,0.17219331860542297,,,21489
,1.0000000000000011e-20,1.0000000000000011e-20,,,,21499
183,,,0.2214680314064026,,,21499
,1.0000000000000011e-20,1.0000000000000011e-20,,,,21509
183,,,0.13278451561927795,,,21509
,1.0000000000000011e-20,1.0000000000000011e-20,,,,21519
183,,,0.27303341031074524,,,21519
183,,,,72.66795349121094,72.70511627197266,21527
,1.0000000000000011e-20,1.0000000000000011e-20,,,,21529
184,,,0.14682507514953613,,,21529
,1.0000000000000011e-20,1.0000000000000011e-20,,,,21539
184,,,0.5588483810424805,,,21539
,1.0000000000000011e-20,1.0000000000000011e-20,,,,21549
184,,,0.20736391842365265,,,21549
,1.0000000000000011e-20,1.0000000000000011e-20,,,,21559
184,,,0.43941205739974976,,,21559
,1.0000000000000011e-20,1.0000000000000011e-20,,,,21569
184,,,0.4653869569301605,,,21569
,1.0000000000000011e-20,1.0000000000000011e-20,,,,21579
184,,,0.1654430627822876,,,21579
,1.0000000000000011e-20,1.0000000000000011e-20,,,,21589
184,,,0.22339805960655212,,,21589
,1.0000000000000011e-20,1.0000000000000011e-20,,,,21599
184,,,0.24034367501735687,,,21599
,1.0000000000000011e-20,1.0000000000000011e-20,,,,21609
184,,,0.34789037704467773,,,21609
,1.0000000000000011e-20,1.0000000000000011e-20,,,,21619
184,,,0.4371568262577057,,,21619
,1.0000000000000011e-20,1.0000000000000011e-20,,,,21629
184,,,0.14967450499534607,,,21629
,1.0000000000000011e-20,1.0000000000000011e-20,,,,21639
184,,,0.49109581112861633,,,21639
184,,,,72.18462371826172,72.29894256591797,21644
,1.0000000000000011e-20,1.0000000000000011e-20,,,,21649
185,,,0.2853773236274719,,,21649
,1.0000000000000011e-20,1.0000000000000011e-20,,,,21659
185,,,0.2067250907421112,,,21659
,1.0000000000000011e-20,1.0000000000000011e-20,,,,21669
185,,,0.1361422836780548,,,21669
,1.0000000000000011e-20,1.0000000000000011e-20,,,,21679
185,,,0.2932828664779663,,,21679
,1.0000000000000011e-20,1.0000000000000011e-20,,,,21689
185,,,0.24596968293190002,,,21689
,1.0000000000000011e-20,1.0000000000000011e-20,,,,21699
185,,,0.273454487323761,,,21699
,1.0000000000000011e-20,1.0000000000000011e-20,,,,21709
185,,,0.21012723445892334,,,21709
,1.0000000000000011e-20,1.0000000000000011e-20,,,,21719
185,,,0.14492982625961304,,,21719
,1.0000000000000011e-20,1.0000000000000011e-20,,,,21729
185,,,0.1999896764755249,,,21729
,1.0000000000000011e-20,1.0000000000000011e-20,,,,21739
185,,,0.09235173463821411,,,21739
,1.0000000000000011e-20,1.0000000000000011e-20,,,,21749
185,,,0.11111021786928177,,,21749
,1.0000000000000011e-20,1.0000000000000011e-20,,,,21759
185,,,0.20783723890781403,,,21759
185,,,,72.96610260009766,73.11128997802734,21761
,1.0000000000000011e-20,1.0000000000000011e-20,,,,21769
186,,,0.18165212869644165,,,21769
,1.0000000000000011e-20,1.0000000000000011e-20,,,,21779
186,,,0.35633963346481323,,,21779
,1.0000000000000011e-20,1.0000000000000011e-20,,,,21789
186,,,0.15010863542556763,,,21789
,1.0000000000000011e-20,1.0000000000000011e-20,,,,21799
186,,,0.09662748128175735,,,21799
,1.0000000000000011e-20,1.0000000000000011e-20,,,,21809
186,,,0.4825514853000641,,,21809
,1.0000000000000011e-20,1.0000000000000011e-20,,,,21819
186,,,0.30656084418296814,,,21819
,1.0000000000000011e-20,1.0000000000000011e-20,,,,21829
186,,,0.4512474238872528,,,21829
,1.0000000000000011e-20,1.0000000000000011e-20,,,,21839
186,,,0.2573150396347046,,,21839
,1.0000000000000011e-20,1.0000000000000011e-20,,,,21849
186,,,0.40306639671325684,,,21849
,1.0000000000000011e-20,1.0000000000000011e-20,,,,21859
186,,,0.3084154725074768,,,21859
,1.0000000000000011e-20,1.0000000000000011e-20,,,,21869
186,,,0.32318878173828125,,,21869
186,,,,72.85004425048828,72.94882202148438,21878
,1.0000000000000011e-20,1.0000000000000011e-20,,,,21879
187,,,0.3681564927101135,,,21879
,1.0000000000000011e-20,1.0000000000000011e-20,,,,21889
187,,,0.16218997538089752,,,21889
,1.0000000000000011e-20,1.0000000000000011e-20,,,,21899
187,,,0.32750439643859863,,,21899
,1.0000000000000011e-20,1.0000000000000011e-20,,,,21909
187,,,0.1780576854944229,,,21909
,1.0000000000000011e-20,1.0000000000000011e-20,,,,21919
187,,,0.3536680042743683,,,21919
,1.0000000000000011e-20,1.0000000000000011e-20,,,,21929
187,,,0.1498015969991684,,,21929
,1.0000000000000011e-20,1.0000000000000011e-20,,,,21939
187,,,0.24828369915485382,,,21939
,1.0000000000000011e-20,1.0000000000000011e-20,,,,21949
187,,,0.4437013566493988,,,21949
,1.0000000000000011e-20,1.0000000000000011e-20,,,,21959
187,,,0.21581272780895233,,,21959
,1.0000000000000011e-20,1.0000000000000011e-20,,,,21969
187,,,0.1761140525341034,,,21969
,1.0000000000000011e-20,1.0000000000000011e-20,,,,21979
187,,,0.12383672595024109,,,21979
,1.0000000000000011e-20,1.0000000000000011e-20,,,,21989
187,,,0.1265743225812912,,,21989
187,,,,71.94474792480469,72.05523681640625,21995
,1.0000000000000011e-20,1.0000000000000011e-20,,,,21999
188,,,0.2564851939678192,,,21999
,1.0000000000000011e-20,1.0000000000000011e-20,,,,22009
188,,,0.19302354753017426,,,22009
,1.0000000000000011e-20,1.0000000000000011e-20,,,,22019
188,,,0.40841829776763916,,,22019
,1.0000000000000011e-20,1.0000000000000011e-20,,,,22029
188,,,0.3404889702796936,,,22029
,1.0000000000000011e-20,1.0000000000000011e-20,,,,22039
188,,,0.1489093154668808,,,22039
,1.0000000000000011e-20,1.0000000000000011e-20,,,,22049
188,,,0.20965814590454102,,,22049
,1.0000000000000011e-20,1.0000000000000011e-20,,,,22059
188,,,0.32116153836250305,,,22059
,1.0000000000000011e-20,1.0000000000000011e-20,,,,22069
188,,,0.2699241638183594,,,22069
,1.0000000000000011e-20,1.0000000000000011e-20,,,,22079
188,,,0.24560970067977905,,,22079
,1.0000000000000011e-20,1.0000000000000011e-20,,,,22089
188,,,0.557185709476471,,,22089
,1.0000000000000011e-20,1.0000000000000011e-20,,,,22099
188,,,0.1288727968931198,,,22099
,1.0000000000000011e-20,1.0000000000000011e-20,,,,22109
188,,,0.21639573574066162,,,22109
188,,,,72.23880004882812,72.29894256591797,22112
,1.0000000000000011e-20,1.0000000000000011e-20,,,,22119
189,,,0.21271996200084686,,,22119
,1.0000000000000011e-20,1.0000000000000011e-20,,,,22129
189,,,0.32066184282302856,,,22129
,1.0000000000000011e-20,1.0000000000000011e-20,,,,22139
189,,,0.1752931773662567,,,22139
,1.0000000000000011e-20,1.0000000000000011e-20,,,,22149
189,,,0.20282086730003357,,,22149
,1.0000000000000011e-20,1.0000000000000011e-20,,,,22159
189,,,0.5037509202957153,,,22159
,1.0000000000000011e-20,1.0000000000000011e-20,,,,22169
189,,,0.18739847838878632,,,22169
,1.0000000000000011e-20,1.0000000000000011e-20,,,,22179
189,,,0.125789612531662,,,22179
,1.0000000000000011e-20,1.0000000000000011e-20,,,,22189
189,,,0.2505030333995819,,,22189
,1.0000000000000011e-20,1.0000000000000011e-20,,,,22199
189,,,0.2866632044315338,,,22199
,1.0000000000000011e-20,1.0000000000000011e-20,,,,22209
189,,,0.12434989959001541,,,22209
,1.0000000000000011e-20,1.0000000000000011e-20,,,,22219
189,,,0.1428924947977066,,,22219
,1.0000000000000011e-20,1.0000000000000011e-20,,,,22229
189,,,2.2627334594726562,,,22229
189,,,,72.71674346923828,72.7863540649414,22229
,1.0000000000000012e-21,1.0000000000000012e-21,,,,22239
190,,,0.4886944890022278,,,22239
,1.0000000000000012e-21,1.0000000000000012e-21,,,,22249
190,,,0.1612565517425537,,,22249
,1.0000000000000012e-21,1.0000000000000012e-21,,,,22259
190,,,0.3412209153175354,,,22259
,1.0000000000000012e-21,1.0000000000000012e-21,,,,22269
190,,,0.13157662749290466,,,22269
,1.0000000000000012e-21,1.0000000000000012e-21,,,,22279
190,,,0.5723756551742554,,,22279
,1.0000000000000012e-21,1.0000000000000012e-21,,,,22289
190,,,0.3068280816078186,,,22289
,1.0000000000000012e-21,1.0000000000000012e-21,,,,22299
190,,,0.3548350930213928,,,22299
,1.0000000000000012e-21,1.0000000000000012e-21,,,,22309
190,,,0.22061218321323395,,,22309
,1.0000000000000012e-21,1.0000000000000012e-21,,,,22319
190,,,0.4771598279476166,,,22319
,1.0000000000000012e-21,1.0000000000000012e-21,,,,22329
190,,,0.22283995151519775,,,22329
,1.0000000000000012e-21,1.0000000000000012e-21,,,,22339
190,,,0.10283588618040085,,,22339
190,,,,72.54650115966797,72.62388610839844,22346
,1.0000000000000012e-21,1.0000000000000012e-21,,,,22349
191,,,0.1288154125213623,,,22349
,1.0000000000000012e-21,1.0000000000000012e-21,,,,22359
191,,,0.21342095732688904,,,22359
,1.0000000000000012e-21,1.0000000000000012e-21,,,,22369
191,,,0.4311639964580536,,,22369
,1.0000000000000012e-21,1.0000000000000012e-21,,,,22379
191,,,0.13121864199638367,,,22379
,1.0000000000000012e-21,1.0000000000000012e-21,,,,22389
191,,,0.11425039917230606,,,22389
,1.0000000000000012e-21,1.0000000000000012e-21,,,,22399
191,,,0.3500658869743347,,,22399
,1.0000000000000012e-21,1.0000000000000012e-21,,,,22409
191,,,0.2498665302991867,,,22409
,1.0000000000000012e-21,1.0000000000000012e-21,,,,22419
191,,,0.19159388542175293,,,22419
,1.0000000000000012e-21,1.0000000000000012e-21,,,,22429
191,,,0.4983316957950592,,,22429
,1.0000000000000012e-21,1.0000000000000012e-21,,,,22439
191,,,0.2638319432735443,,,22439
,1.0000000000000012e-21,1.0000000000000012e-21,,,,22449
191,,,0.3706686496734619,,,22449
,1.0000000000000012e-21,1.0000000000000012e-21,,,,22459
191,,,0.270662397146225,,,22459
191,,,,72.806884765625,72.86758422851562,22463
,1.0000000000000012e-21,1.0000000000000012e-21,,,,22469
192,,,0.2748444676399231,,,22469
,1.0000000000000012e-21,1.0000000000000012e-21,,,,22479
192,,,0.18065154552459717,,,22479
,1.0000000000000012e-21,1.0000000000000012e-21,,,,22489
192,,,0.32080769538879395,,,22489
,1.0000000000000012e-21,1.0000000000000012e-21,,,,22499
192,,,0.2700954079627991,,,22499
,1.0000000000000012e-21,1.0000000000000012e-21,,,,22509
192,,,0.14542660117149353,,,22509
,1.0000000000000012e-21,1.0000000000000012e-21,,,,22519
192,,,0.367734432220459,,,22519
,1.0000000000000012e-21,1.0000000000000012e-21,,,,22529
192,,,0.46044328808784485,,,22529
,1.0000000000000012e-21,1.0000000000000012e-21,,,,22539
192,,,0.2412930428981781,,,22539
,1.0000000000000012e-21,1.0000000000000012e-21,,,,22549
192,,,0.22562459111213684,,,22549
,1.0000000000000012e-21,1.0000000000000012e-21,,,,22559
192,,,0.40644967555999756,,,22559
,1.0000000000000012e-21,1.0000000000000012e-21,,,,22569
192,,,0.1687414050102234,,,22569
,1.0000000000000012e-21,1.0000000000000012e-21,,,,22579
192,,,0.34689009189605713,,,22579
192,,,,72.40018463134766,72.46141052246094,22580
,1.0000000000000012e-21,1.0000000000000012e-21,,,,22589
193,,,0.24221788346767426,,,22589
,1.0000000000000012e-21,1.0000000000000012e-21,,,,22599
193,,,0.4140191972255707,,,22599
,1.0000000000000012e-21,1.0000000000000012e-21,,,,22609
193,,,0.16942350566387177,,,22609
,1.0000000000000012e-21,1.0000000000000012e-21,,,,22619
193,,,0.23604553937911987,,,22619
,1.0000000000000012e-21,1.0000000000000012e-21,,,,22629
193,,,0.21664974093437195,,,22629
,1.0000000000000012e-21,1.0000000000000012e-21,,,,22639
193,,,0.2458217442035675,,,22639
,1.0000000000000012e-21,1.0000000000000012e-21,,,,22649
193,,,0.3071520924568176,,,22649
,1.0000000000000012e-21,1.0000000000000012e-21,,,,22659
193,,,0.36268213391304016,,,22659
,1.0000000000000012e-21,1.0000000000000012e-21,,,,22669
193,,,0.2747393250465393,,,22669
,1.0000000000000012e-21,1.0000000000000012e-21,,,,22679
193,,,0.29143887758255005,,,22679
,1.0000000000000012e-21,1.0000000000000012e-21,,,,22689
193,,,0.1257396936416626,,,22689
193,,,,72.86710357666016,72.94882202148438,22697
,1.0000000000000012e-21,1.0000000000000012e-21,,,,22699
194,,,0.13851891458034515,,,22699
,1.0000000000000012e-21,1.0000000000000012e-21,,,,22709
194,,,0.20984964072704315,,,22709
,1.0000000000000012e-21,1.0000000000000012e-21,,,,22719
194,,,0.18874230980873108,,,22719
,1.0000000000000012e-21,1.0000000000000012e-21,,,,22729
194,,,0.25831303000450134,,,22729
,1.0000000000000012e-21,1.0000000000000012e-21,,,,22739
194,,,0.19709190726280212,,,22739
,1.0000000000000012e-21,1.0000000000000012e-21,,,,22749
194,,,0.4802132546901703,,,22749
,1.0000000000000012e-21,1.0000000000000012e-21,,,,22759
194,,,0.28298860788345337,,,22759
,1.0000000000000012e-21,1.0000000000000012e-21,,,,22769
194,,,0.4004223942756653,,,22769
,1.0000000000000012e-21,1.0000000000000012e-21,,,,22779
194,,,0.2559688091278076,,,22779
,1.0000000000000012e-21,1.0000000000000012e-21,,,,22789
194,,,0.324614942073822,,,22789
,1.0000000000000012e-21,1.0000000000000012e-21,,,,22799
194,,,0.2362029254436493,,,22799
,1.0000000000000012e-21,1.0000000000000012e-21,,,,22809
194,,,0.17041122913360596,,,22809
194,,,,72.39937591552734,72.46141052246094,22814
,1.0000000000000012e-21,1.0000000000000012e-21,,,,22819
195,,,0.09710441529750824,,,22819
,1.0000000000000012e-21,1.0000000000000012e-21,,,,22829
195,,,0.20426838099956512,,,22829
,1.0000000000000012e-21,1.0000000000000012e-21,,,,22839
195,,,0.22504127025604248,,,22839
,1.0000000000000012e-21,1.0000000000000012e-21,,,,22849
195,,,0.30613887310028076,,,22849
,1.0000000000000012e-21,1.0000000000000012e-21,,,,22859
195,,,0.4766576588153839,,,22859
,1.0000000000000012e-21,1.0000000000000012e-21,,,,22869
195,,,0.23814916610717773,,,22869
,1.0000000000000012e-21,1.0000000000000012e-21,,,,22879
195,,,0.06943795084953308,,,22879
,1.0000000000000012e-21,1.0000000000000012e-21,,,,22889
195,,,0.2773092985153198,,,22889
,1.0000000000000012e-21,1.0000000000000012e-21,,,,22899
195,,,0.4373812675476074,,,22899
,1.0000000000000012e-21,1.0000000000000012e-21,,,,22909
195,,,0.25543883442878723,,,22909
,1.0000000000000012e-21,1.0000000000000012e-21,,,,22919
195,,,0.26657503843307495,,,22919
,1.0000000000000012e-21,1.0000000000000012e-21,,,,22929
195,,,0.22593611478805542,,,22929
195,,,,73.39645385742188,73.43623352050781,22931
,1.0000000000000012e-21,1.0000000000000012e-21,,,,22939
196,,,0.14991708099842072,,,22939
,1.0000000000000012e-21,1.0000000000000012e-21,,,,22949
196,,,0.33552998304367065,,,22949
,1.0000000000000012e-21,1.0000000000000012e-21,,,,22959
196,,,0.15440048277378082,,,22959
,1.0000000000000012e-21,1.0000000000000012e-21,,,,22969
196,,,0.19444312155246735,,,22969
,1.0000000000000012e-21,1.0000000000000012e-21,,,,22979
196,,,0.3451990485191345,,,22979
,1.0000000000000012e-21,1.0000000000000012e-21,,,,22989
196,,,0.2684754431247711,,,22989
,1.0000000000000012e-21,1.0000000000000012e-21,,,,22999
196,,,0.22628776729106903,,,22999
,1.0000000000000012e-21,1.0000000000000012e-21,,,,23009
196,,,0.27903884649276733,,,23009
,1.0000000000000012e-21,1.0000000000000012e-21,,,,23019
196,,,0.4658645987510681,,,23019
,1.0000000000000012e-21,1.0000000000000012e-21,,,,23029
196,,,0.40206390619277954,,,23029
,1.0000000000000012e-21,1.0000000000000012e-21,,,,23039
196,,,0.20261262357234955,,,23039
196,,,,71.74717712402344,71.73030090332031,23048
,1.0000000000000012e-21,1.0000000000000012e-21,,,,23049
197,,,0.33552104234695435,,,23049
,1.0000000000000012e-21,1.0000000000000012e-21,,,,23059
197,,,0.31903135776519775,,,23059
,1.0000000000000012e-21,1.0000000000000012e-21,,,,23069
197,,,0.16952678561210632,,,23069
,1.0000000000000012e-21,1.0000000000000012e-21,,,,23079
197,,,0.17383728921413422,,,23079
,1.0000000000000012e-21,1.0000000000000012e-21,,,,23089
197,,,0.42130139470100403,,,23089
,1.0000000000000012e-21,1.0000000000000012e-21,,,,23099
197,,,0.3122033178806305,,,23099
,1.0000000000000012e-21,1.0000000000000012e-21,,,,23109
197,,,0.30543240904808044,,,23109
,1.0000000000000012e-21,1.0000000000000012e-21,,,,23119
197,,,0.13031288981437683,,,23119
,1.0000000000000012e-21,1.0000000000000012e-21,,,,23129
197,,,0.27237650752067566,,,23129
,1.0000000000000012e-21,1.0000000000000012e-21,,,,23139
197,,,0.3109380006790161,,,23139
,1.0000000000000012e-21,1.0000000000000012e-21,,,,23149
197,,,0.2508435845375061,,,23149
,1.0000000000000012e-21,1.0000000000000012e-21,,,,23159
197,,,0.15403883159160614,,,23159
197,,,,72.81610870361328,72.86758422851562,23165
,1.0000000000000012e-21,1.0000000000000012e-21,,,,23169
198,,,0.1306421160697937,,,23169
,1.0000000000000012e-21,1.0000000000000012e-21,,,,23179
198,,,0.17556920647621155,,,23179
,1.0000000000000012e-21,1.0000000000000012e-21,,,,23189
198,,,0.29826784133911133,,,23189
,1.0000000000000012e-21,1.0000000000000012e-21,,,,23199
198,,,0.5346812009811401,,,23199
,1.0000000000000012e-21,1.0000000000000012e-21,,,,23209
198,,,0.12590238451957703,,,23209
,1.0000000000000012e-21,1.0000000000000012e-21,,,,23219
198,,,0.2174597829580307,,,23219
,1.0000000000000012e-21,1.0000000000000012e-21,,,,23229
198,,,0.10526300966739655,,,23229
,1.0000000000000012e-21,1.0000000000000012e-21,,,,23239
198,,,0.1914449781179428,,,23239
,1.0000000000000012e-21,1.0000000000000012e-21,,,,23249
198,,,0.29212069511413574,,,23249
,1.0000000000000012e-21,1.0000000000000012e-21,,,,23259
198,,,0.13462334871292114,,,23259
,1.0000000000000012e-21,1.0000000000000012e-21,,,,23269
198,,,0.19418781995773315,,,23269
,1.0000000000000012e-21,1.0000000000000012e-21,,,,23279
198,,,0.3082756996154785,,,23279
198,,,,71.8346939086914,71.81153869628906,23282
,1.0000000000000012e-21,1.0000000000000012e-21,,,,23289
199,,,0.5104176998138428,,,23289
,1.0000000000000012e-21,1.0000000000000012e-21,,,,23299
199,,,0.14455944299697876,,,23299
,1.0000000000000012e-21,1.0000000000000012e-21,,,,23309
199,,,0.11586355417966843,,,23309
,1.0000000000000012e-21,1.0000000000000012e-21,,,,23319
199,,,0.44252532720565796,,,23319
,1.0000000000000012e-21,1.0000000000000012e-21,,,,23329
199,,,0.13404884934425354,,,23329
,1.0000000000000012e-21,1.0000000000000012e-21,,,,23339
199,,,0.1968284547328949,,,23339
,1.0000000000000012e-21,1.0000000000000012e-21,,,,23349
199,,,0.28647714853286743,,,23349
,1.0000000000000012e-21,1.0000000000000012e-21,,,,23359
199,,,0.2816481590270996,,,23359
,1.0000000000000012e-21,1.0000000000000012e-21,,,,23369
199,,,0.2345762699842453,,,23369
,1.0000000000000012e-21,1.0000000000000012e-21,,,,23379
199,,,0.1645413339138031,,,23379
,1.0000000000000012e-21,1.0000000000000012e-21,,,,23389
199,,,0.18545366823673248,,,23389
,1.0000000000000012e-21,1.0000000000000012e-21,,,,23399
199,,,3.30690336227417,,,23399
199,,,,72.5912857055664,72.62388610839844,23399
,1.0000000000000012e-22,1.0000000000000012e-22,,,,23409
200,,,0.20412997901439667,,,23409
,1.0000000000000012e-22,1.0000000000000012e-22,,,,23419
200,,,0.33737713098526,,,23419
,1.0000000000000012e-22,1.0000000000000012e-22,,,,23429
200,,,0.19161342084407806,,,23429
,1.0000000000000012e-22,1.0000000000000012e-22,,,,23439
200,,,0.19278186559677124,,,23439
,1.0000000000000012e-22,1.0000000000000012e-22,,,,23449
200,,,0.18440458178520203,,,23449
,1.0000000000000012e-22,1.0000000000000012e-22,,,,23459
200,,,0.24367478489875793,,,23459
,1.0000000000000012e-22,1.0000000000000012e-22,,,,23469
200,,,0.2164810746908188,,,23469
,1.0000000000000012e-22,1.0000000000000012e-22,,,,23479
200,,,0.5948411226272583,,,23479
,1.0000000000000012e-22,1.0000000000000012e-22,,,,23489
200,,,0.12863019108772278,,,23489
,1.0000000000000012e-22,1.0000000000000012e-22,,,,23499
200,,,0.3440844416618347,,,23499
,1.0000000000000012e-22,1.0000000000000012e-22,,,,23509
200,,,0.14870280027389526,,,23509
200,,,,72.08905029296875,72.136474609375,23516
,1.0000000000000012e-22,1.0000000000000012e-22,,,,23519
201,,,0.22590641677379608,,,23519
,1.0000000000000012e-22,1.0000000000000012e-22,,,,23529
201,,,0.3407573103904724,,,23529
,1.0000000000000012e-22,1.0000000000000012e-22,,,,23539
201,,,0.2844492495059967,,,23539
,1.0000000000000012e-22,1.0000000000000012e-22,,,,23549
201,,,0.23699671030044556,,,23549
,1.0000000000000012e-22,1.0000000000000012e-22,,,,23559
201,,,0.15692733228206635,,,23559
,1.0000000000000012e-22,1.0000000000000012e-22,,,,23569
201,,,0.1579335480928421,,,23569
,1.0000000000000012e-22,1.0000000000000012e-22,,,,23579
201,,,0.29394614696502686,,,23579
,1.0000000000000012e-22,1.0000000000000012e-22,,,,23589
201,,,0.3290746510028839,,,23589
,1.0000000000000012e-22,1.0000000000000012e-22,,,,23599
201,,,0.20119957625865936,,,23599
,1.0000000000000012e-22,1.0000000000000012e-22,,,,23609
201,,,0.30821165442466736,,,23609
,1.0000000000000012e-22,1.0000000000000012e-22,,,,23619
201,,,0.22616519033908844,,,23619
,1.0000000000000012e-22,1.0000000000000012e-22,,,,23629
201,,,0.45064181089401245,,,23629
201,,,,72.40117645263672,72.46141052246094,23633
,1.0000000000000012e-22,1.0000000000000012e-22,,,,23639
202,,,0.3452027440071106,,,23639
,1.0000000000000012e-22,1.0000000000000012e-22,,,,23649
202,,,0.1971811056137085,,,23649
,1.0000000000000012e-22,1.0000000000000012e-22,,,,23659
202,,,0.12709355354309082,,,23659
,1.0000000000000012e-22,1.0000000000000012e-22,,,,23669
202,,,0.08267629891633987,,,23669
,1.0000000000000012e-22,1.0000000000000012e-22,,,,23679
202,,,0.3719029426574707,,,23679
,1.0000000000000012e-22,1.0000000000000012e-22,,,,23689
202,,,0.35213369131088257,,,23689
,1.0000000000000012e-22,1.0000000000000012e-22,,,,23699
202,,,0.2593080401420593,,,23699
,1.0000000000000012e-22,1.0000000000000012e-22,,,,23709
202,,,0.29643142223358154,,,23709
,1.0000000000000012e-22,1.0000000000000012e-22,,,,23719
202,,,0.33628028631210327,,,23719
,1.0000000000000012e-22,1.0000000000000012e-22,,,,23729
202,,,0.3939216732978821,,,23729
,1.0000000000000012e-22,1.0000000000000012e-22,,,,23739
202,,,0.27547240257263184,,,23739
,1.0000000000000012e-22,1.0000000000000012e-22,,,,23749
202,,,0.11929408460855484,,,23749
202,,,,72.84202575683594,72.94882202148438,23750
,1.0000000000000012e-22,1.0000000000000012e-22,,,,23759
203,,,0.28306981921195984,,,23759
,1.0000000000000012e-22,1.0000000000000012e-22,,,,23769
203,,,0.1546233892440796,,,23769
,1.0000000000000012e-22,1.0000000000000012e-22,,,,23779
203,,,0.2607957422733307,,,23779
,1.0000000000000012e-22,1.0000000000000012e-22,,,,23789
203,,,0.3634474277496338,,,23789
,1.0000000000000012e-22,1.0000000000000012e-22,,,,23799
203,,,0.2093350887298584,,,23799
,1.0000000000000012e-22,1.0000000000000012e-22,,,,23809
203,,,0.23087367415428162,,,23809
,1.0000000000000012e-22,1.0000000000000012e-22,,,,23819
203,,,0.23619012534618378,,,23819
,1.0000000000000012e-22,1.0000000000000012e-22,,,,23829
203,,,0.492562860250473,,,23829
,1.0000000000000012e-22,1.0000000000000012e-22,,,,23839
203,,,0.3813353478908539,,,23839
,1.0000000000000012e-22,1.0000000000000012e-22,,,,23849
203,,,0.07783010601997375,,,23849
,1.0000000000000012e-22,1.0000000000000012e-22,,,,23859
203,,,0.2509324550628662,,,23859
203,,,,72.77918243408203,72.86758422851562,23867
,1.0000000000000012e-22,1.0000000000000012e-22,,,,23869
204,,,0.22121930122375488,,,23869
,1.0000000000000012e-22,1.0000000000000012e-22,,,,23879
204,,,0.3393464982509613,,,23879
,1.0000000000000012e-22,1.0000000000000012e-22,,,,23889
204,,,0.21869634091854095,,,23889
,1.0000000000000012e-22,1.0000000000000012e-22,,,,23899
204,,,0.15988770127296448,,,23899
,1.0000000000000012e-22,1.0000000000000012e-22,,,,23909
204,,,0.44252151250839233,,,23909
,1.0000000000000012e-22,1.0000000000000012e-22,,,,23919
204,,,0.22977790236473083,,,23919
,1.0000000000000012e-22,1.0000000000000012e-22,,,,23929
204,,,0.47644340991973877,,,23929
,1.0000000000000012e-22,1.0000000000000012e-22,,,,23939
204,,,0.2518649399280548,,,23939
,1.0000000000000012e-22,1.0000000000000012e-22,,,,23949
204,,,0.13062860071659088,,,23949
,1.0000000000000012e-22,1.0000000000000012e-22,,,,23959
204,,,0.3180846571922302,,,23959
,1.0000000000000012e-22,1.0000000000000012e-22,,,,23969
204,,,0.29857832193374634,,,23969
,1.0000000000000012e-22,1.0000000000000012e-22,,,,23979
204,,,0.23004581034183502,,,23979
204,,,,73.07306671142578,73.1925277709961,23984
,1.0000000000000012e-22,1.0000000000000012e-22,,,,23989
205,,,0.26913753151893616,,,23989
,1.0000000000000012e-22,1.0000000000000012e-22,,,,23999
205,,,0.237873837351799,,,23999
,1.0000000000000012e-22,1.0000000000000012e-22,,,,24009
205,,,0.37576472759246826,,,24009
,1.0000000000000012e-22,1.0000000000000012e-22,,,,24019
205,,,0.35813525319099426,,,24019
,1.0000000000000012e-22,1.0000000000000012e-22,,,,24029
205,,,0.22727087140083313,,,24029
,1.0000000000000012e-22,1.0000000000000012e-22,,,,24039
205,,,0.22196242213249207,,,24039
,1.0000000000000012e-22,1.0000000000000012e-22,,,,24049
205,,,0.3491540849208832,,,24049
,1.0000000000000012e-22,1.0000000000000012e-22,,,,24059
205,,,0.07079440355300903,,,24059
,1.0000000000000012e-22,1.0000000000000012e-22,,,,24069
205,,,0.21369290351867676,,,24069
,1.0000000000000012e-22,1.0000000000000012e-22,,,,24079
205,,,0.34372568130493164,,,24079
,1.0000000000000012e-22,1.0000000000000012e-22,,,,24089
205,,,0.23349976539611816,,,24089
,1.0000000000000012e-22,1.0000000000000012e-22,,,,24099
205,,,0.14447835087776184,,,24099
205,,,,72.45761108398438,72.54264831542969,24101
,1.0000000000000012e-22,1.0000000000000012e-22,,,,24109
206,,,0.12905758619308472,,,24109
,1.0000000000000012e-22,1.0000000000000012e-22,,,,24119
206,,,0.25504446029663086,,,24119
,1.0000000000000012e-22,1.0000000000000012e-22,,,,24129
206,,,0.3637046217918396,,,24129
,1.0000000000000012e-22,1.0000000000000012e-22,,,,24139
206,,,0.29978179931640625,,,24139
,1.0000000000000012e-22,1.0000000000000012e-22,,,,24149
206,,,0.18683499097824097,,,24149
,1.0000000000000012e-22,1.0000000000000012e-22,,,,24159
206,,,0.26837611198425293,,,24159
,1.0000000000000012e-22,1.0000000000000012e-22,,,,24169
206,,,0.2939763367176056,,,24169
,1.0000000000000012e-22,1.0000000000000012e-22,,,,24179
206,,,0.11379091441631317,,,24179
,1.0000000000000012e-22,1.0000000000000012e-22,,,,24189
206,,,0.28506898880004883,,,24189
,1.0000000000000012e-22,1.0000000000000012e-22,,,,24199
206,,,0.15015582740306854,,,24199
,1.0000000000000012e-22,1.0000000000000012e-22,,,,24209
206,,,0.2772160470485687,,,24209
206,,,,73.12445831298828,73.1925277709961,24218
,1.0000000000000012e-22,1.0000000000000012e-22,,,,24219
207,,,0.3015768527984619,,,24219
,1.0000000000000012e-22,1.0000000000000012e-22,,,,24229
207,,,0.17867910861968994,,,24229
,1.0000000000000012e-22,1.0000000000000012e-22,,,,24239
207,,,0.49410194158554077,,,24239
,1.0000000000000012e-22,1.0000000000000012e-22,,,,24249
207,,,0.19076180458068848,,,24249
,1.0000000000000012e-22,1.0000000000000012e-22,,,,24259
207,,,0.15014266967773438,,,24259
,1.0000000000000012e-22,1.0000000000000012e-22,,,,24269
207,,,0.4518507122993469,,,24269
,1.0000000000000012e-22,1.0000000000000012e-22,,,,24279
207,,,0.0955982506275177,,,24279
,1.0000000000000012e-22,1.0000000000000012e-22,,,,24289
207,,,0.2151460498571396,,,24289
,1.0000000000000012e-22,1.0000000000000012e-22,,,,24299
207,,,0.25229161977767944,,,24299
,1.0000000000000012e-22,1.0000000000000012e-22,,,,24309
207,,,0.4188610315322876,,,24309
,1.0000000000000012e-22,1.0000000000000012e-22,,,,24319
207,,,0.20397602021694183,,,24319
,1.0000000000000012e-22,1.0000000000000012e-22,,,,24329
207,,,0.4284937083721161,,,24329
207,,,,72.47126007080078,72.54264831542969,24335
,1.0000000000000012e-22,1.0000000000000012e-22,,,,24339
208,,,0.18194054067134857,,,24339
,1.0000000000000012e-22,1.0000000000000012e-22,,,,24349
208,,,0.25814419984817505,,,24349
,1.0000000000000012e-22,1.0000000000000012e-22,,,,24359
208,,,0.22402003407478333,,,24359
,1.0000000000000012e-22,1.0000000000000012e-22,,,,24369
208,,,0.09783492237329483,,,24369
,1.0000000000000012e-22,1.0000000000000012e-22,,,,24379
208,,,0.430134117603302,,,24379
,1.0000000000000012e-22,1.0000000000000012e-22,,,,24389
208,,,0.2175038903951645,,,24389
,1.0000000000000012e-22,1.0000000000000012e-22,,,,24399
208,,,0.4862923324108124,,,24399
,1.0000000000000012e-22,1.0000000000000012e-22,,,,24409
208,,,0.08588992059230804,,,24409
,1.0000000000000012e-22,1.0000000000000012e-22,,,,24419
208,,,0.21135161817073822,,,24419
,1.0000000000000012e-22,1.0000000000000012e-22,,,,24429
208,,,0.18434157967567444,,,24429
,1.0000000000000012e-22,1.0000000000000012e-22,,,,24439
208,,,0.5125982165336609,,,24439
,1.0000000000000012e-22,1.0000000000000012e-22,,,,24449
208,,,0.2514687478542328,,,24449
208,,,,71.75969696044922,71.81153869628906,24452
,1.0000000000000012e-22,1.0000000000000012e-22,,,,24459
209,,,0.4967800974845886,,,24459
,1.0000000000000012e-22,1.0000000000000012e-22,,,,24469
209,,,0.4114622473716736,,,24469
,1.0000000000000012e-22,1.0000000000000012e-22,,,,24479
209,,,0.22657746076583862,,,24479
,1.0000000000000012e-22,1.0000000000000012e-22,,,,24489
209,,,0.21140840649604797,,,24489
,1.0000000000000012e-22,1.0000000000000012e-22,,,,24499
209,,,0.46446532011032104,,,24499
,1.0000000000000012e-22,1.0000000000000012e-22,,,,24509
209,,,0.7071325778961182,,,24509
,1.0000000000000012e-22,1.0000000000000012e-22,,,,24519
209,,,0.2783082127571106,,,24519
,1.0000000000000012e-22,1.0000000000000012e-22,,,,24529
209,,,0.25212183594703674,,,24529
,1.0000000000000012e-22,1.0000000000000012e-22,,,,24539
209,,,0.13508722186088562,,,24539
,1.0000000000000012e-22,1.0000000000000012e-22,,,,24549
209,,,0.40362441539764404,,,24549
,1.0000000000000012e-22,1.0000000000000012e-22,,,,24559
209,,,0.38988208770751953,,,24559
,1.0000000000000012e-22,1.0000000000000012e-22,,,,24569
209,,,3.2917301654815674,,,24569
209,,,,72.69852447509766,72.7863540649414,24569
,1.0000000000000013e-23,1.0000000000000013e-23,,,,24579
210,,,0.20316962897777557,,,24579
,1.0000000000000013e-23,1.0000000000000013e-23,,,,24589
210,,,0.16112974286079407,,,24589
,1.0000000000000013e-23,1.0000000000000013e-23,,,,24599
210,,,0.2787322402000427,,,24599
,1.0000000000000013e-23,1.0000000000000013e-23,,,,24609
210,,,0.3218967914581299,,,24609
,1.0000000000000013e-23,1.0000000000000013e-23,,,,24619
210,,,0.1319708675146103,,,24619
,1.0000000000000013e-23,1.0000000000000013e-23,,,,24629
210,,,0.32573172450065613,,,24629
,1.0000000000000013e-23,1.0000000000000013e-23,,,,24639
210,,,0.2835359275341034,,,24639
,1.0000000000000013e-23,1.0000000000000013e-23,,,,24649
210,,,0.43392711877822876,,,24649
,1.0000000000000013e-23,1.0000000000000013e-23,,,,24659
210,,,0.2515030801296234,,,24659
,1.0000000000000013e-23,1.0000000000000013e-23,,,,24669
210,,,0.34851938486099243,,,24669
,1.0000000000000013e-23,1.0000000000000013e-23,,,,24679
210,,,0.26911091804504395,,,24679
210,,,,72.575439453125,72.62388610839844,24686
,1.0000000000000013e-23,1.0000000000000013e-23,,,,24689
211,,,0.12982964515686035,,,24689
,1.0000000000000013e-23,1.0000000000000013e-23,,,,24699
211,,,0.3066067099571228,,,24699
,1.0000000000000013e-23,1.0000000000000013e-23,,,,24709
211,,,0.17931242287158966,,,24709
,1.0000000000000013e-23,1.0000000000000013e-23,,,,24719
211,,,0.23436442017555237,,,24719
,1.0000000000000013e-23,1.0000000000000013e-23,,,,24729
211,,,0.34987884759902954,,,24729
,1.0000000000000013e-23,1.0000000000000013e-23,,,,24739
211,,,0.39416950941085815,,,24739
,1.0000000000000013e-23,1.0000000000000013e-23,,,,24749
211,,,0.12026378512382507,,,24749
,1.0000000000000013e-23,1.0000000000000013e-23,,,,24759
211,,,0.14344891905784607,,,24759
,1.0000000000000013e-23,1.0000000000000013e-23,,,,24769
211,,,0.16574658453464508,,,24769
,1.0000000000000013e-23,1.0000000000000013e-23,,,,24779
211,,,0.32335910201072693,,,24779
,1.0000000000000013e-23,1.0000000000000013e-23,,,,24789
211,,,0.19134309887886047,,,24789
,1.0000000000000013e-23,1.0000000000000013e-23,,,,24799
211,,,0.15477058291435242,,,24799
211,,,,72.76836395263672,72.86758422851562,24803
,1.0000000000000013e-23,1.0000000000000013e-23,,,,24809
212,,,0.1324818879365921,,,24809
,1.0000000000000013e-23,1.0000000000000013e-23,,,,24819
212,,,0.1800985187292099,,,24819
,1.0000000000000013e-23,1.0000000000000013e-23,,,,24829
212,,,0.3259955644607544,,,24829
,1.0000000000000013e-23,1.0000000000000013e-23,,,,24839
212,,,0.24794068932533264,,,24839
,1.0000000000000013e-23,1.0000000000000013e-23,,,,24849
212,,,0.34899967908859253,,,24849
,1.0000000000000013e-23,1.0000000000000013e-23,,,,24859
212,,,0.09052896499633789,,,24859
,1.0000000000000013e-23,1.0000000000000013e-23,,,,24869
212,,,0.18616677820682526,,,24869
,1.0000000000000013e-23,1.0000000000000013e-23,,,,24879
212,,,0.337755411863327,,,24879
,1.0000000000000013e-23,1.0000000000000013e-23,,,,24889
212,,,0.48776572942733765,,,24889
,1.0000000000000013e-23,1.0000000000000013e-23,,,,24899
212,,,0.26174211502075195,,,24899
,1.0000000000000013e-23,1.0000000000000013e-23,,,,24909
212,,,0.5039854645729065,,,24909
,1.0000000000000013e-23,1.0000000000000013e-23,,,,24919
212,,,0.2659527063369751,,,24919
212,,,,73.71743774414062,73.8424072265625,24920
,1.0000000000000013e-23,1.0000000000000013e-23,,,,24929
213,,,0.2889285981655121,,,24929
,1.0000000000000013e-23,1.0000000000000013e-23,,,,24939
213,,,0.3755045533180237,,,24939
,1.0000000000000013e-23,1.0000000000000013e-23,,,,24949
213,,,0.2803347110748291,,,24949
,1.0000000000000013e-23,1.0000000000000013e-23,,,,24959
213,,,0.20055943727493286,,,24959
,1.0000000000000013e-23,1.0000000000000013e-23,,,,24969
213,,,0.3790740370750427,,,24969
,1.0000000000000013e-23,1.0000000000000013e-23,,,,24979
213,,,0.3839462995529175,,,24979
,1.0000000000000013e-23,1.0000000000000013e-23,,,,24989
213,,,0.18525761365890503,,,24989
,1.0000000000000013e-23,1.0000000000000013e-23,,,,24999
213,,,0.5085562467575073,,,24999
,1.0000000000000013e-23,1.0000000000000013e-23,,,,25009
213,,,0.3152165710926056,,,25009
,1.0000000000000013e-23,1.0000000000000013e-23,,,,25019
213,,,0.4181954860687256,,,25019
,1.0000000000000013e-23,1.0000000000000013e-23,,,,25029
213,,,0.15115968883037567,,,25029
213,,,,72.21117401123047,72.38018035888672,25037
,1.0000000000000013e-23,1.0000000000000013e-23,,,,25039
214,,,0.12251497060060501,,,25039
,1.0000000000000013e-23,1.0000000000000013e-23,,,,25049
214,,,0.31153303384780884,,,25049
,1.0000000000000013e-23,1.0000000000000013e-23,,,,25059
214,,,0.1846955567598343,,,25059
,1.0000000000000013e-23,1.0000000000000013e-23,,,,25069
214,,,0.11856353282928467,,,25069
,1.0000000000000013e-23,1.0000000000000013e-23,,,,25079
214,,,0.15095818042755127,,,25079
,1.0000000000000013e-23,1.0000000000000013e-23,,,,25089
214,,,0.1546151041984558,,,25089
,1.0000000000000013e-23,1.0000000000000013e-23,,,,25099
214,,,0.2527921199798584,,,25099
,1.0000000000000013e-23,1.0000000000000013e-23,,,,25109
214,,,0.28862789273262024,,,25109
,1.0000000000000013e-23,1.0000000000000013e-23,,,,25119
214,,,0.12098875641822815,,,25119
,1.0000000000000013e-23,1.0000000000000013e-23,,,,25129
214,,,0.1588413417339325,,,25129
,1.0000000000000013e-23,1.0000000000000013e-23,,,,25139
214,,,0.26890307664871216,,,25139
,1.0000000000000013e-23,1.0000000000000013e-23,,,,25149
214,,,0.2820841073989868,,,25149
214,,,,71.88732147216797,71.97400665283203,25154
,1.0000000000000013e-23,1.0000000000000013e-23,,,,25159
215,,,0.2660435438156128,,,25159
,1.0000000000000013e-23,1.0000000000000013e-23,,,,25169
215,,,0.06489834189414978,,,25169
,1.0000000000000013e-23,1.0000000000000013e-23,,,,25179
215,,,0.3700563907623291,,,25179
,1.0000000000000013e-23,1.0000000000000013e-23,,,,25189
215,,,0.33477434515953064,,,25189
,1.0000000000000013e-23,1.0000000000000013e-23,,,,25199
215,,,0.24923765659332275,,,25199
,1.0000000000000013e-23,1.0000000000000013e-23,,,,25209
215,,,0.09748414903879166,,,25209
,1.0000000000000013e-23,1.0000000000000013e-23,,,,25219
215,,,0.3244561553001404,,,25219
,1.0000000000000013e-23,1.0000000000000013e-23,,,,25229
215,,,0.3495507538318634,,,25229
,1.0000000000000013e-23,1.0000000000000013e-23,,,,25239
215,,,0.2109394371509552,,,25239
,1.0000000000000013e-23,1.0000000000000013e-23,,,,25249
215,,,0.353809654712677,,,25249
,1.0000000000000013e-23,1.0000000000000013e-23,,,,25259
215,,,0.35637223720550537,,,25259
,1.0000000000000013e-23,1.0000000000000013e-23,,,,25269
215,,,0.25315478444099426,,,25269
215,,,,70.33745574951172,70.4305419921875,25271
,1.0000000000000013e-23,1.0000000000000013e-23,,,,25279
216,,,0.36873650550842285,,,25279
,1.0000000000000013e-23,1.0000000000000013e-23,,,,25289
216,,,0.14917632937431335,,,25289
,1.0000000000000013e-23,1.0000000000000013e-23,,,,25299
216,,,0.14897961914539337,,,25299
,1.0000000000000013e-23,1.0000000000000013e-23,,,,25309
216,,,0.11566523462533951,,,25309
,1.0000000000000013e-23,1.0000000000000013e-23,,,,25319
216,,,0.19662459194660187,,,25319
,1.0000000000000013e-23,1.0000000000000013e-23,,,,25329
216,,,0.19997486472129822,,,25329
,1.0000000000000013e-23,1.0000000000000013e-23,,,,25339
216,,,0.17879965901374817,,,25339
,1.0000000000000013e-23,1.0000000000000013e-23,,,,25349
216,,,0.1266375482082367,,,25349
,1.0000000000000013e-23,1.0000000000000013e-23,,,,25359
216,,,0.24848732352256775,,,25359
,1.0000000000000013e-23,1.0000000000000013e-23,,,,25369
216,,,0.2841953635215759,,,25369
,1.0000000000000013e-23,1.0000000000000013e-23,,,,25379
216,,,0.3204001486301422,,,25379
216,,,,72.9317398071289,72.94882202148438,25388
,1.0000000000000013e-23,1.0000000000000013e-23,,,,25389
217,,,0.19666019082069397,,,25389
,1.0000000000000013e-23,1.0000000000000013e-23,,,,25399
217,,,0.27872222661972046,,,25399
,1.0000000000000013e-23,1.0000000000000013e-23,,,,25409
217,,,0.2474140226840973,,,25409
,1.0000000000000013e-23,1.0000000000000013e-23,,,,25419
217,,,0.2543933093547821,,,25419
,1.0000000000000013e-23,1.0000000000000013e-23,,,,25429
217,,,0.2985823154449463,,,25429
,1.0000000000000013e-23,1.0000000000000013e-23,,,,25439
217,,,0.20536202192306519,,,25439
,1.0000000000000013e-23,1.0000000000000013e-23,,,,25449
217,,,0.21563589572906494,,,25449
,1.0000000000000013e-23,1.0000000000000013e-23,,,,25459
217,,,0.22404272854328156,,,25459
,1.0000000000000013e-23,1.0000000000000013e-23,,,,25469
217,,,0.3771553635597229,,,25469
,1.0000000000000013e-23,1.0000000000000013e-23,,,,25479
217,,,0.28925958275794983,,,25479
,1.0000000000000013e-23,1.0000000000000013e-23,,,,25489
217,,,0.19103044271469116,,,25489
,1.0000000000000013e-23,1.0000000000000013e-23,,,,25499
217,,,0.30441373586654663,,,25499
217,,,,72.51422882080078,72.62388610839844,25505
,1.0000000000000013e-23,1.0000000000000013e-23,,,,25509
218,,,0.14613211154937744,,,25509
,1.0000000000000013e-23,1.0000000000000013e-23,,,,25519
218,,,0.2392164021730423,,,25519
,1.0000000000000013e-23,1.0000000000000013e-23,,,,25529
218,,,0.36314576864242554,,,25529
,1.0000000000000013e-23,1.0000000000000013e-23,,,,25539
218,,,0.1833549290895462,,,25539
,1.0000000000000013e-23,1.0000000000000013e-23,,,,25549
218,,,0.15928584337234497,,,25549
,1.0000000000000013e-23,1.0000000000000013e-23,,,,25559
218,,,0.29950523376464844,,,25559
,1.0000000000000013e-23,1.0000000000000013e-23,,,,25569
218,,,0.13376246392726898,,,25569
,1.0000000000000013e-23,1.0000000000000013e-23,,,,25579
218,,,0.28753480315208435,,,25579
,1.0000000000000013e-23,1.0000000000000013e-23,,,,25589
218,,,0.22073203325271606,,,25589
,1.0000000000000013e-23,1.0000000000000013e-23,,,,25599
218,,,0.4148105978965759,,,25599
,1.0000000000000013e-23,1.0000000000000013e-23,,,,25609
218,,,0.2521735727787018,,,25609
,1.0000000000000013e-23,1.0000000000000013e-23,,,,25619
218,,,0.3828328549861908,,,25619
218,,,,72.59571838378906,72.70511627197266,25622
,1.0000000000000013e-23,1.0000000000000013e-23,,,,25629
219,,,0.27202725410461426,,,25629
,1.0000000000000013e-23,1.0000000000000013e-23,,,,25639
219,,,0.2721831798553467,,,25639
,1.0000000000000013e-23,1.0000000000000013e-23,,,,25649
219,,,0.3234409987926483,,,25649
,1.0000000000000013e-23,1.0000000000000013e-23,,,,25659
219,,,0.23497183620929718,,,25659
,1.0000000000000013e-23,1.0000000000000013e-23,,,,25669
219,,,0.18143980205059052,,,25669
,1.0000000000000013e-23,1.0000000000000013e-23,,,,25679
219,,,0.2934436798095703,,,25679
,1.0000000000000013e-23,1.0000000000000013e-23,,,,25689
219,,,0.3309180736541748,,,25689
,1.0000000000000013e-23,1.0000000000000013e-23,,,,25699
219,,,0.21416175365447998,,,25699
,1.0000000000000013e-23,1.0000000000000013e-23,,,,25709
219,,,0.24019445478916168,,,25709
,1.0000000000000013e-23,1.0000000000000013e-23,,,,25719
219,,,0.3139936625957489,,,25719
,1.0000000000000013e-23,1.0000000000000013e-23,,,,25729
219,,,0.4206903278827667,,,25729
,1.0000000000000013e-23,1.0000000000000013e-23,,,,25739
219,,,2.9642741680145264,,,25739
219,,,,71.39288330078125,71.32412719726562,25739
,1.0000000000000014e-24,1.0000000000000014e-24,,,,25749
220,,,0.24705617129802704,,,25749
,1.0000000000000014e-24,1.0000000000000014e-24,,,,25759
220,,,0.2049332559108734,,,25759
,1.0000000000000014e-24,1.0000000000000014e-24,,,,25769
220,,,0.13699933886528015,,,25769
,1.0000000000000014e-24,1.0000000000000014e-24,,,,25779
220,,,0.20713673532009125,,,25779
,1.0000000000000014e-24,1.0000000000000014e-24,,,,25789
220,,,0.33354508876800537,,,25789
,1.0000000000000014e-24,1.0000000000000014e-24,,,,25799
220,,,0.33028674125671387,,,25799
,1.0000000000000014e-24,1.0000000000000014e-24,,,,25809
220,,,0.15838374197483063,,,25809
,1.0000000000000014e-24,1.0000000000000014e-24,,,,25819
220,,,0.18592435121536255,,,25819
,1.0000000000000014e-24,1.0000000000000014e-24,,,,25829
220,,,0.4265459477901459,,,25829
,1.0000000000000014e-24,1.0000000000000014e-24,,,,25839
220,,,0.370331346988678,,,25839
,1.0000000000000014e-24,1.0000000000000014e-24,,,,25849
220,,,0.14437644183635712,,,25849
220,,,,72.45481872558594,72.54264831542969,25856
,1.0000000000000014e-24,1.0000000000000014e-24,,,,25859
221,,,0.2020726501941681,,,25859
,1.0000000000000014e-24,1.0000000000000014e-24,,,,25869
221,,,0.38980942964553833,,,25869
,1.0000000000000014e-24,1.0000000000000014e-24,,,,25879
221,,,0.38675686717033386,,,25879
,1.0000000000000014e-24,1.0000000000000014e-24,,,,25889
221,,,0.4857594966888428,,,25889
,1.0000000000000014e-24,1.0000000000000014e-24,,,,25899
221,,,0.15558813512325287,,,25899
,1.0000000000000014e-24,1.0000000000000014e-24,,,,25909
221,,,0.41260939836502075,,,25909
,1.0000000000000014e-24,1.0000000000000014e-24,,,,25919
221,,,0.3629525899887085,,,25919
,1.0000000000000014e-24,1.0000000000000014e-24,,,,25929
221,,,0.36044561862945557,,,25929
,1.0000000000000014e-24,1.0000000000000014e-24,,,,25939
221,,,0.1923973560333252,,,25939
,1.0000000000000014e-24,1.0000000000000014e-24,,,,25949
221,,,0.5788552165031433,,,25949
,1.0000000000000014e-24,1.0000000000000014e-24,,,,25959
221,,,0.23490658402442932,,,25959
,1.0000000000000014e-24,1.0000000000000014e-24,,,,25969
221,,,0.1664721667766571,,,25969
221,,,,72.32231140136719,72.29894256591797,25973
,1.0000000000000014e-24,1.0000000000000014e-24,,,,25979
222,,,0.2038772702217102,,,25979
,1.0000000000000014e-24,1.0000000000000014e-24,,,,25989
222,,,0.2578718662261963,,,25989
,1.0000000000000014e-24,1.0000000000000014e-24,,,,25999
222,,,0.3211670219898224,,,25999
,1.0000000000000014e-24,1.0000000000000014e-24,,,,26009
222,,,0.25990188121795654,,,26009
,1.0000000000000014e-24,1.0000000000000014e-24,,,,26019
222,,,0.2330460548400879,,,26019
,1.0000000000000014e-24,1.0000000000000014e-24,,,,26029
222,,,0.2957983613014221,,,26029
,1.0000000000000014e-24,1.0000000000000014e-24,,,,26039
222,,,0.15642979741096497,,,26039
,1.0000000000000014e-24,1.0000000000000014e-24,,,,26049
222,,,0.42385199666023254,,,26049
,1.0000000000000014e-24,1.0000000000000014e-24,,,,26059
222,,,0.27378904819488525,,,26059
,1.0000000000000014e-24,1.0000000000000014e-24,,,,26069
222,,,0.2691486179828644,,,26069
,1.0000000000000014e-24,1.0000000000000014e-24,,,,26079
222,,,0.10519949346780777,,,26079
,1.0000000000000014e-24,1.0000000000000014e-24,,,,26089
222,,,0.25741422176361084,,,26089
222,,,,72.32675170898438,72.46141052246094,26090
,1.0000000000000014e-24,1.0000000000000014e-24,,,,26099
223,,,0.45912718772888184,,,26099
,1.0000000000000014e-24,1.0000000000000014e-24,,,,26109
223,,,0.15746945142745972,,,26109
,1.0000000000000014e-24,1.0000000000000014e-24,,,,26119
223,,,0.3580317795276642,,,26119
,1.0000000000000014e-24,1.0000000000000014e-24,,,,26129
223,,,0.21676528453826904,,,26129
,1.0000000000000014e-24,1.0000000000000014e-24,,,,26139
223,,,0.5765798091888428,,,26139
,1.0000000000000014e-24,1.0000000000000014e-24,,,,26149
223,,,0.1775711476802826,,,26149
,1.0000000000000014e-24,1.0000000000000014e-24,,,,26159
223,,,0.07900820672512054,,,26159
,1.0000000000000014e-24,1.0000000000000014e-24,,,,26169
223,,,0.13179780542850494,,,26169
,1.0000000000000014e-24,1.0000000000000014e-24,,,,26179
223,,,0.2553817927837372,,,26179
,1.0000000000000014e-24,1.0000000000000014e-24,,,,26189
223,,,0.2792510986328125,,,26189
,1.0000000000000014e-24,1.0000000000000014e-24,,,,26199
223,,,0.16884779930114746,,,26199
223,,,,72.31808471679688,72.38018035888672,26207
,1.0000000000000014e-24,1.0000000000000014e-24,,,,26209
224,,,0.20361202955245972,,,26209
,1.0000000000000014e-24,1.0000000000000014e-24,,,,26219
224,,,0.2793349027633667,,,26219
,1.0000000000000014e-24,1.0000000000000014e-24,,,,26229
224,,,0.24812890589237213,,,26229
,1.0000000000000014e-24,1.0000000000000014e-24,,,,26239
224,,,0.41950252652168274,,,26239
,1.0000000000000014e-24,1.0000000000000014e-24,,,,26249
224,,,0.335946261882782,,,26249
,1.0000000000000014e-24,1.0000000000000014e-24,,,,26259
224,,,0.2487838715314865,,,26259
,1.0000000000000014e-24,1.0000000000000014e-24,,,,26269
224,,,0.27764028310775757,,,26269
,1.0000000000000014e-24,1.0000000000000014e-24,,,,26279
224,,,0.1544637233018875,,,26279
,1.0000000000000014e-24,1.0000000000000014e-24,,,,26289
224,,,0.49092984199523926,,,26289
,1.0000000000000014e-24,1.0000000000000014e-24,,,,26299
224,,,0.3808428943157196,,,26299
,1.0000000000000014e-24,1.0000000000000014e-24,,,,26309
224,,,0.3909323513507843,,,26309
,1.0000000000000014e-24,1.0000000000000014e-24,,,,26319
224,,,0.14561870694160461,,,26319
224,,,,73.0162582397461,73.11128997802734,26324
,1.0000000000000014e-24,1.0000000000000014e-24,,,,26329
225,,,0.28422993421554565,,,26329
,1.0000000000000014e-24,1.0000000000000014e-24,,,,26339
225,,,0.319073349237442,,,26339
,1.0000000000000014e-24,1.0000000000000014e-24,,,,26349
225,,,0.3517772853374481,,,26349
,1.0000000000000014e-24,1.0000000000000014e-24,,,,26359
225,,,0.21888189017772675,,,26359
,1.0000000000000014e-24,1.0000000000000014e-24,,,,26369
225,,,0.15927520394325256,,,26369
,1.0000000000000014e-24,1.0000000000000014e-24,,,,26379
225,,,0.2633822560310364,,,26379
,1.0000000000000014e-24,1.0000000000000014e-24,,,,26389
225,,,0.3469775319099426,,,26389
,1.0000000000000014e-24,1.0000000000000014e-24,,,,26399
225,,,0.5328972339630127,,,26399
,1.0000000000000014e-24,1.0000000000000014e-24,,,,26409
225,,,0.19646692276000977,,,26409
,1.0000000000000014e-24,1.0000000000000014e-24,,,,26419
225,,,0.1841679811477661,,,26419
,1.0000000000000014e-24,1.0000000000000014e-24,,,,26429
225,,,0.31965386867523193,,,26429
,1.0000000000000014e-24,1.0000000000000014e-24,,,,26439
225,,,0.2379586547613144,,,26439
225,,,,72.22777557373047,72.29894256591797,26441
,1.0000000000000014e-24,1.0000000000000014e-24,,,,26449
226,,,0.10693570971488953,,,26449
,1.0000000000000014e-24,1.0000000000000014e-24,,,,26459
226,,,0.6833747029304504,,,26459
,1.0000000000000014e-24,1.0000000000000014e-24,,,,26469
226,,,0.49367305636405945,,,26469
,1.0000000000000014e-24,1.0000000000000014e-24,,,,26479
226,,,0.24470411241054535,,,26479
,1.0000000000000014e-24,1.0000000000000014e-24,,,,26489
226,,,0.2026749551296234,,,26489
,1.0000000000000014e-24,1.0000000000000014e-24,,,,26499
226,,,0.32400935888290405,,,26499
,1.0000000000000014e-24,1.0000000000000014e-24,,,,26509
226,,,0.17861145734786987,,,26509
,1.0000000000000014e-24,1.0000000000000014e-24,,,,26519
226,,,0.23087188601493835,,,26519
,1.0000000000000014e-24,1.0000000000000014e-24,,,,26529
226,,,0.24134409427642822,,,26529
,1.0000000000000014e-24,1.0000000000000014e-24,,,,26539
226,,,0.19000479578971863,,,26539
,1.0000000000000014e-24,1.0000000000000014e-24,,,,26549
226,,,0.387454092502594,,,26549
226,,,,72.7003173828125,72.7863540649414,26558
,1.0000000000000014e-24,1.0000000000000014e-24,,,,26559
227,,,0.21387718617916107,,,26559
,1.0000000000000014e-24,1.0000000000000014e-24,,,,26569
227,,,0.2139587700366974,,,26569
,1.0000000000000014e-24,1.0000000000000014e-24,,,,26579
227,,,0.16286063194274902,,,26579
,1.0000000000000014e-24,1.0000000000000014e-24,,,,26589
227,,,0.31256741285324097,,,26589
,1.0000000000000014e-24,1.0000000000000014e-24,,,,26599
227,,,0.18367129564285278,,,26599
,1.0000000000000014e-24,1.0000000000000014e-24,,,,26609
227,,,0.35079994797706604,,,26609
,1.0000000000000014e-24,1.0000000000000014e-24,,,,26619
227,,,0.22636020183563232,,,26619
,1.0000000000000014e-24,1.0000000000000014e-24,,,,26629
227,,,0.31130123138427734,,,26629
,1.0000000000000014e-24,1.0000000000000014e-24,,,,26639
227,,,0.1981375813484192,,,26639
,1.0000000000000014e-24,1.0000000000000014e-24,,,,26649
227,,,0.15957799553871155,,,26649
,1.0000000000000014e-24,1.0000000000000014e-24,,,,26659
227,,,0.32396429777145386,,,26659
,1.0000000000000014e-24,1.0000000000000014e-24,,,,26669
227,,,0.41322678327560425,,,26669
227,,,,73.10938262939453,73.1925277709961,26675
,1.0000000000000014e-24,1.0000000000000014e-24,,,,26679
228,,,0.2587370276451111,,,26679
,1.0000000000000014e-24,1.0000000000000014e-24,,,,26689
228,,,0.3672215938568115,,,26689
,1.0000000000000014e-24,1.0000000000000014e-24,,,,26699
228,,,0.13572478294372559,,,26699
,1.0000000000000014e-24,1.0000000000000014e-24,,,,26709
228,,,0.2519769072532654,,,26709
,1.0000000000000014e-24,1.0000000000000014e-24,,,,26719
228,,,0.24235251545906067,,,26719
,1.0000000000000014e-24,1.0000000000000014e-24,,,,26729
228,,,0.24919191002845764,,,26729
,1.0000000000000014e-24,1.0000000000000014e-24,,,,26739
228,,,0.25818929076194763,,,26739
,1.0000000000000014e-24,1.0000000000000014e-24,,,,26749
228,,,0.22262604534626007,,,26749
,1.0000000000000014e-24,1.0000000000000014e-24,,,,26759
228,,,0.2672193944454193,,,26759
,1.0000000000000014e-24,1.0000000000000014e-24,,,,26769
228,,,0.24894240498542786,,,26769
,1.0000000000000014e-24,1.0000000000000014e-24,,,,26779
228,,,0.2588033378124237,,,26779
,1.0000000000000014e-24,1.0000000000000014e-24,,,,26789
228,,,0.38916003704071045,,,26789
228,,,,72.57522583007812,72.62388610839844,26792
,1.0000000000000014e-24,1.0000000000000014e-24,,,,26799
229,,,0.16780370473861694,,,26799
,1.0000000000000014e-24,1.0000000000000014e-24,,,,26809
229,,,0.22825485467910767,,,26809
,1.0000000000000014e-24,1.0000000000000014e-24,,,,26819
229,,,0.28608500957489014,,,26819
,1.0000000000000014e-24,1.0000000000000014e-24,,,,26829
229,,,0.21798348426818848,,,26829
,1.0000000000000014e-24,1.0000000000000014e-24,,,,26839
229,,,0.08556263148784637,,,26839
,1.0000000000000014e-24,1.0000000000000014e-24,,,,26849
229,,,0.4292006492614746,,,26849
,1.0000000000000014e-24,1.0000000000000014e-24,,,,26859
229,,,0.13462522625923157,,,26859
,1.0000000000000014e-24,1.0000000000000014e-24,,,,26869
229,,,0.21271857619285583,,,26869
,1.0000000000000014e-24,1.0000000000000014e-24,,,,26879
229,,,0.0881122350692749,,,26879
,1.0000000000000014e-24,1.0000000000000014e-24,,,,26889
229,,,0.2343018352985382,,,26889
,1.0000000000000014e-24,1.0000000000000014e-24,,,,26899
229,,,0.3849363625049591,,,26899
,1.0000000000000014e-24,1.0000000000000014e-24,,,,26909
229,,,2.1860153675079346,,,26909
229,,,,72.5740737915039,72.70511627197266,26909
,1.0000000000000014e-25,1.0000000000000014e-25,,,,26919
230,,,0.4034448564052582,,,26919
,1.0000000000000014e-25,1.0000000000000014e-25,,,,26929
230,,,0.3136027455329895,,,26929
,1.0000000000000014e-25,1.0000000000000014e-25,,,,26939
230,,,0.4243590831756592,,,26939
,1.0000000000000014e-25,1.0000000000000014e-25,,,,26949
230,,,0.215643048286438,,,26949
,1.0000000000000014e-25,1.0000000000000014e-25,,,,26959
230,,,0.3105853796005249,,,26959
,1.0000000000000014e-25,1.0000000000000014e-25,,,,26969
230,,,0.3586585223674774,,,26969
,1.0000000000000014e-25,1.0000000000000014e-25,,,,26979
230,,,0.3456048369407654,,,26979
,1.0000000000000014e-25,1.0000000000000014e-25,,,,26989
230,,,0.30453214049339294,,,26989
,1.0000000000000014e-25,1.0000000000000014e-25,,,,26999
230,,,0.17797505855560303,,,26999
,1.0000000000000014e-25,1.0000000000000014e-25,,,,27009
230,,,0.3376912474632263,,,27009
,1.0000000000000014e-25,1.0000000000000014e-25,,,,27019
230,,,0.13160088658332825,,,27019
230,,,,72.22074127197266,72.21771240234375,27026
,1.0000000000000014e-25,1.0000000000000014e-25,,,,27029
231,,,0.35704901814460754,,,27029
,1.0000000000000014e-25,1.0000000000000014e-25,,,,27039
231,,,0.21318580210208893,,,27039
,1.0000000000000014e-25,1.0000000000000014e-25,,,,27049
231,,,0.1994897723197937,,,27049
,1.0000000000000014e-25,1.0000000000000014e-25,,,,27059
231,,,0.32837754487991333,,,27059
,1.0000000000000014e-25,1.0000000000000014e-25,,,,27069
231,,,0.41212499141693115,,,27069
,1.0000000000000014e-25,1.0000000000000014e-25,,,,27079
231,,,0.276913583278656,,,27079
,1.0000000000000014e-25,1.0000000000000014e-25,,,,27089
231,,,0.2791639268398285,,,27089
,1.0000000000000014e-25,1.0000000000000014e-25,,,,27099
231,,,0.5910667181015015,,,27099
,1.0000000000000014e-25,1.0000000000000014e-25,,,,27109
231,,,0.18798691034317017,,,27109
,1.0000000000000014e-25,1.0000000000000014e-25,,,,27119
231,,,0.39017367362976074,,,27119
,1.0000000000000014e-25,1.0000000000000014e-25,,,,27129
231,,,0.131747305393219,,,27129
,1.0000000000000014e-25,1.0000000000000014e-25,,,,27139
231,,,0.23728951811790466,,,27139
231,,,,72.10651397705078,72.136474609375,27143
,1.0000000000000014e-25,1.0000000000000014e-25,,,,27149
232,,,0.09432673454284668,,,27149
,1.0000000000000014e-25,1.0000000000000014e-25,,,,27159
232,,,0.20782259106636047,,,27159
,1.0000000000000014e-25,1.0000000000000014e-25,,,,27169
232,,,0.12909209728240967,,,27169
,1.0000000000000014e-25,1.0000000000000014e-25,,,,27179
232,,,0.27411794662475586,,,27179
,1.0000000000000014e-25,1.0000000000000014e-25,,,,27189
232,,,0.10292264074087143,,,27189
,1.0000000000000014e-25,1.0000000000000014e-25,,,,27199
232,,,0.2377435863018036,,,27199
,1.0000000000000014e-25,1.0000000000000014e-25,,,,27209
232,,,0.32483258843421936,,,27209
,1.0000000000000014e-25,1.0000000000000014e-25,,,,27219
232,,,0.49206817150115967,,,27219
,1.0000000000000014e-25,1.0000000000000014e-25,,,,27229
232,,,0.14358113706111908,,,27229
,1.0000000000000014e-25,1.0000000000000014e-25,,,,27239
232,,,0.23282885551452637,,,27239
,1.0000000000000014e-25,1.0000000000000014e-25,,,,27249
232,,,0.23355704545974731,,,27249
,1.0000000000000014e-25,1.0000000000000014e-25,,,,27259
232,,,0.16508199274539948,,,27259
232,,,,72.90223693847656,72.94882202148438,27260
,1.0000000000000014e-25,1.0000000000000014e-25,,,,27269
233,,,0.3765143156051636,,,27269
,1.0000000000000014e-25,1.0000000000000014e-25,,,,27279
233,,,0.13275009393692017,,,27279
,1.0000000000000014e-25,1.0000000000000014e-25,,,,27289
233,,,0.10691474378108978,,,27289
,1.0000000000000014e-25,1.0000000000000014e-25,,,,27299
233,,,0.6821463108062744,,,27299
,1.0000000000000014e-25,1.0000000000000014e-25,,,,27309
233,,,0.20006878674030304,,,27309
,1.0000000000000014e-25,1.0000000000000014e-25,,,,27319
233,,,0.19199424982070923,,,27319
,1.0000000000000014e-25,1.0000000000000014e-25,,,,27329
233,,,0.317434698343277,,,27329
,1.0000000000000014e-25,1.0000000000000014e-25,,,,27339
233,,,0.14151319861412048,,,27339
,1.0000000000000014e-25,1.0000000000000014e-25,,,,27349
233,,,0.11652311682701111,,,27349
,1.0000000000000014e-25,1.0000000000000014e-25,,,,27359
233,,,0.3097444474697113,,,27359
,1.0000000000000014e-25,1.0000000000000014e-25,,,,27369
233,,,0.3433936834335327,,,27369
233,,,,72.35724639892578,72.46141052246094,27377
,1.0000000000000014e-25,1.0000000000000014e-25,,,,27379
234,,,0.33598819375038147,,,27379
,1.0000000000000014e-25,1.0000000000000014e-25,,,,27389
234,,,0.16734722256660461,,,27389
,1.0000000000000014e-25,1.0000000000000014e-25,,,,27399
234,,,0.14846819639205933,,,27399
,1.0000000000000014e-25,1.0000000000000014e-25,,,,27409
234,,,0.25498801469802856,,,27409
,1.0000000000000014e-25,1.0000000000000014e-25,,,,27419
234,,,0.21578793227672577,,,27419
,1.0000000000000014e-25,1.0000000000000014e-25,,,,27429
234,,,0.21445998549461365,,,27429
,1.0000000000000014e-25,1.0000000000000014e-25,,,,27439
234,,,0.3477016091346741,,,27439
,1.0000000000000014e-25,1.0000000000000014e-25,,,,27449
234,,,0.1327935755252838,,,27449
,1.0000000000000014e-25,1.0000000000000014e-25,,,,27459
234,,,0.20253035426139832,,,27459
,1.0000000000000014e-25,1.0000000000000014e-25,,,,27469
234,,,0.13936975598335266,,,27469
,1.0000000000000014e-25,1.0000000000000014e-25,,,,27479
234,,,0.44235196709632874,,,27479
,1.0000000000000014e-25,1.0000000000000014e-25,,,,27489
234,,,0.246742844581604,,,27489
234,,,,72.92211151123047,73.03005981445312,27494
,1.0000000000000014e-25,1.0000000000000014e-25,,,,27499
235,,,0.2148870825767517,,,27499
,1.0000000000000014e-25,1.0000000000000014e-25,,,,27509
235,,,0.18124917149543762,,,27509
,1.0000000000000014e-25,1.0000000000000014e-25,,,,27519
235,,,0.2889845669269562,,,27519
,1.0000000000000014e-25,1.0000000000000014e-25,,,,27529
235,,,0.18071162700653076,,,27529
,1.0000000000000014e-25,1.0000000000000014e-25,,,,27539
235,,,0.2710602283477783,,,27539
,1.0000000000000014e-25,1.0000000000000014e-25,,,,27549
235,,,0.11543623358011246,,,27549
,1.0000000000000014e-25,1.0000000000000014e-25,,,,27559
235,,,0.21353009343147278,,,27559
,1.0000000000000014e-25,1.0000000000000014e-25,,,,27569
235,,,0.5337738990783691,,,27569
,1.0000000000000014e-25,1.0000000000000014e-25,,,,27579
235,,,0.37926825881004333,,,27579
,1.0000000000000014e-25,1.0000000000000014e-25,,,,27589
235,,,0.15793544054031372,,,27589
,1.0000000000000014e-25,1.0000000000000014e-25,,,,27599
235,,,0.20000305771827698,,,27599
,1.0000000000000014e-25,1.0000000000000014e-25,,,,27609
235,,,0.22916379570960999,,,27609
235,,,,72.96806335449219,73.03005981445312,27611
,1.0000000000000014e-25,1.0000000000000014e-25,,,,27619
236,,,0.18502157926559448,,,27619
,1.0000000000000014e-25,1.0000000000000014e-25,,,,27629
236,,,0.2871702313423157,,,27629
,1.0000000000000014e-25,1.0000000000000014e-25,,,,27639
236,,,0.46137183904647827,,,27639
,1.0000000000000014e-25,1.0000000000000014e-25,,,,27649
236,,,0.24787753820419312,,,27649
,1.0000000000000014e-25,1.0000000000000014e-25,,,,27659
236,,,0.2028052806854248,,,27659
,1.0000000000000014e-25,1.0000000000000014e-25,,,,27669
236,,,0.35238373279571533,,,27669
,1.0000000000000014e-25,1.0000000000000014e-25,,,,27679
236,,,0.26459407806396484,,,27679
,1.0000000000000014e-25,1.0000000000000014e-25,,,,27689
236,,,0.43944987654685974,,,27689
,1.0000000000000014e-25,1.0000000000000014e-25,,,,27699
236,,,0.22813722491264343,,,27699
,1.0000000000000014e-25,1.0000000000000014e-25,,,,27709
236,,,0.31962868571281433,,,27709
,1.0000000000000014e-25,1.0000000000000014e-25,,,,27719
236,,,0.19426116347312927,,,27719
236,,,,73.03050231933594,73.11128997802734,27728
,1.0000000000000014e-25,1.0000000000000014e-25,,,,27729
237,,,0.2860376238822937,,,27729
,1.0000000000000014e-25,1.0000000000000014e-25,,,,27739
237,,,0.23982112109661102,,,27739
,1.0000000000000014e-25,1.0000000000000014e-25,,,,27749
237,,,0.23107659816741943,,,27749
,1.0000000000000014e-25,1.0000000000000014e-25,,,,27759
237,,,0.26686370372772217,,,27759
,1.0000000000000014e-25,1.0000000000000014e-25,,,,27769
237,,,0.2024085819721222,,,27769
,1.0000000000000014e-25,1.0000000000000014e-25,,,,27779
237,,,0.2066483199596405,,,27779
,1.0000000000000014e-25,1.0000000000000014e-25,,,,27789
237,,,0.20420429110527039,,,27789
,1.0000000000000014e-25,1.0000000000000014e-25,,,,27799
237,,,0.2674977481365204,,,27799
,1.0000000000000014e-25,1.0000000000000014e-25,,,,27809
237,,,0.1323990821838379,,,27809
,1.0000000000000014e-25,1.0000000000000014e-25,,,,27819
237,,,0.25045496225357056,,,27819
,1.0000000000000014e-25,1.0000000000000014e-25,,,,27829
237,,,0.14195235073566437,,,27829
,1.0000000000000014e-25,1.0000000000000014e-25,,,,27839
237,,,0.12985369563102722,,,27839
237,,,,72.8560791015625,72.94882202148438,27845
,1.0000000000000014e-25,1.0000000000000014e-25,,,,27849
238,,,0.4248254895210266,,,27849
,1.0000000000000014e-25,1.0000000000000014e-25,,,,27859
238,,,0.349368155002594,,,27859
,1.0000000000000014e-25,1.0000000000000014e-25,,,,27869
238,,,0.1598975658416748,,,27869
,1.0000000000000014e-25,1.0000000000000014e-25,,,,27879
238,,,0.3013744354248047,,,27879
,1.0000000000000014e-25,1.0000000000000014e-25,,,,27889
238,,,0.2100515216588974,,,27889
,1.0000000000000014e-25,1.0000000000000014e-25,,,,27899
238,,,0.2282271385192871,,,27899
,1.0000000000000014e-25,1.0000000000000014e-25,,,,27909
238,,,0.12933017313480377,,,27909
,1.0000000000000014e-25,1.0000000000000014e-25,,,,27919
238,,,0.2893984019756317,,,27919
,1.0000000000000014e-25,1.0000000000000014e-25,,,,27929
238,,,0.6404516100883484,,,27929
,1.0000000000000014e-25,1.0000000000000014e-25,,,,27939
238,,,0.11436821520328522,,,27939
,1.0000000000000014e-25,1.0000000000000014e-25,,,,27949
238,,,0.33647236227989197,,,27949
,1.0000000000000014e-25,1.0000000000000014e-25,,,,27959
238,,,0.5162726044654846,,,27959
238,,,,72.11215209960938,72.21771240234375,27962
,1.0000000000000014e-25,1.0000000000000014e-25,,,,27969
239,,,0.2594488263130188,,,27969
,1.0000000000000014e-25,1.0000000000000014e-25,,,,27979
239,,,0.30286961793899536,,,27979
,1.0000000000000014e-25,1.0000000000000014e-25,,,,27989
239,,,0.27528342604637146,,,27989
,1.0000000000000014e-25,1.0000000000000014e-25,,,,27999
239,,,0.2665954828262329,,,27999
,1.0000000000000014e-25,1.0000000000000014e-25,,,,28009
239,,,0.22888609766960144,,,28009
,1.0000000000000014e-25,1.0000000000000014e-25,,,,28019
239,,,0.14457660913467407,,,28019
,1.0000000000000014e-25,1.0000000000000014e-25,,,,28029
239,,,0.29435640573501587,,,28029
,1.0000000000000014e-25,1.0000000000000014e-25,,,,28039
239,,,0.14320576190948486,,,28039
,1.0000000000000014e-25,1.0000000000000014e-25,,,,28049
239,,,0.2498708963394165,,,28049
,1.0000000000000014e-25,1.0000000000000014e-25,,,,28059
239,,,0.16752642393112183,,,28059
,1.0000000000000014e-25,1.0000000000000014e-25,,,,28069
239,,,0.18118172883987427,,,28069
,1.0000000000000014e-25,1.0000000000000014e-25,,,,28079
239,,,2.1853275299072266,,,28079
239,,,,73.37735748291016,73.43623352050781,28079
,1.0000000000000015e-26,1.0000000000000015e-26,,,,28089
240,,,0.11697619408369064,,,28089
,1.0000000000000015e-26,1.0000000000000015e-26,,,,28099
240,,,0.25790297985076904,,,28099
,1.0000000000000015e-26,1.0000000000000015e-26,,,,28109
240,,,0.29238373041152954,,,28109
,1.0000000000000015e-26,1.0000000000000015e-26,,,,28119
240,,,0.25621870160102844,,,28119
,1.0000000000000015e-26,1.0000000000000015e-26,,,,28129
240,,,0.2560507357120514,,,28129
,1.0000000000000015e-26,1.0000000000000015e-26,,,,28139
240,,,0.08016896992921829,,,28139
,1.0000000000000015e-26,1.0000000000000015e-26,,,,28149
240,,,0.17699792981147766,,,28149
,1.0000000000000015e-26,1.0000000000000015e-26,,,,28159
240,,,0.16341374814510345,,,28159
,1.0000000000000015e-26,1.0000000000000015e-26,,,,28169
240,,,0.355729877948761,,,28169
,1.0000000000000015e-26,1.0000000000000015e-26,,,,28179
240,,,0.4431871175765991,,,28179
,1.0000000000000015e-26,1.0000000000000015e-26,,,,28189
240,,,0.2811146080493927,,,28189
240,,,,71.79961395263672,71.89276885986328,28196
,1.0000000000000015e-26,1.0000000000000015e-26,,,,28199
241,,,0.3073282539844513,,,28199
,1.0000000000000015e-26,1.0000000000000015e-26,,,,28209
241,,,0.2555426359176636,,,28209
,1.0000000000000015e-26,1.0000000000000015e-26,,,,28219
241,,,0.15675902366638184,,,28219
,1.0000000000000015e-26,1.0000000000000015e-26,,,,28229
241,,,0.34218594431877136,,,28229
,1.0000000000000015e-26,1.0000000000000015e-26,,,,28239
241,,,0.15905237197875977,,,28239
,1.0000000000000015e-26,1.0000000000000015e-26,,,,28249
241,,,0.1553502082824707,,,28249
,1.0000000000000015e-26,1.0000000000000015e-26,,,,28259
241,,,0.195652037858963,,,28259
,1.0000000000000015e-26,1.0000000000000015e-26,,,,28269
241,,,0.15882861614227295,,,28269
,1.0000000000000015e-26,1.0000000000000015e-26,,,,28279
241,,,0.46187275648117065,,,28279
,1.0000000000000015e-26,1.0000000000000015e-26,,,,28289
241,,,0.33944767713546753,,,28289
,1.0000000000000015e-26,1.0000000000000015e-26,,,,28299
241,,,0.09066883474588394,,,28299
,1.0000000000000015e-26,1.0000000000000015e-26,,,,28309
241,,,0.27546143531799316,,,28309
241,,,,72.38455200195312,72.46141052246094,28313
,1.0000000000000015e-26,1.0000000000000015e-26,,,,28319
242,,,0.2599446773529053,,,28319
,1.0000000000000015e-26,1.0000000000000015e-26,,,,28329
242,,,0.37031954526901245,,,28329
,1.0000000000000015e-26,1.0000000000000015e-26,,,,28339
242,,,0.4181215763092041,,,28339
,1.0000000000000015e-26,1.0000000000000015e-26,,,,28349
242,,,0.15111985802650452,,,28349
,1.0000000000000015e-26,1.0000000000000015e-26,,,,28359
242,,,0.23249825835227966,,,28359
,1.0000000000000015e-26,1.0000000000000015e-26,,,,28369
242,,,0.4615338444709778,,,28369
,1.0000000000000015e-26,1.0000000000000015e-26,,,,28379
242,,,0.10892300307750702,,,28379
,1.0000000000000015e-26,1.0000000000000015e-26,,,,28389
242,,,0.19546917080879211,,,28389
,1.0000000000000015e-26,1.0000000000000015e-26,,,,28399
242,,,0.5268681645393372,,,28399
,1.0000000000000015e-26,1.0000000000000015e-26,,,,28409
242,,,0.11391617357730865,,,28409
,1.0000000000000015e-26,1.0000000000000015e-26,,,,28419
242,,,0.3247474133968353,,,28419
,1.0000000000000015e-26,1.0000000000000015e-26,,,,28429
242,,,0.31877070665359497,,,28429
242,,,,71.8008804321289,71.97400665283203,28430
,1.0000000000000015e-26,1.0000000000000015e-26,,,,28439
243,,,0.33553314208984375,,,28439
,1.0000000000000015e-26,1.0000000000000015e-26,,,,28449
243,,,0.20252257585525513,,,28449
,1.0000000000000015e-26,1.0000000000000015e-26,,,,28459
243,,,0.2829088866710663,,,28459
,1.0000000000000015e-26,1.0000000000000015e-26,,,,28469
243,,,0.15576520562171936,,,28469
,1.0000000000000015e-26,1.0000000000000015e-26,,,,28479
243,,,0.2585321366786957,,,28479
,1.0000000000000015e-26,1.0000000000000015e-26,,,,28489
243,,,0.2438163459300995,,,28489
,1.0000000000000015e-26,1.0000000000000015e-26,,,,28499
243,,,0.47869032621383667,,,28499
,1.0000000000000015e-26,1.0000000000000015e-26,,,,28509
243,,,0.12666931748390198,,,28509
,1.0000000000000015e-26,1.0000000000000015e-26,,,,28519
243,,,0.42335134744644165,,,28519
,1.0000000000000015e-26,1.0000000000000015e-26,,,,28529
243,,,0.2260272055864334,,,28529
,1.0000000000000015e-26,1.0000000000000015e-26,,,,28539
243,,,0.3186950981616974,,,28539
243,,,,73.40187072753906,73.43623352050781,28547
,1.0000000000000015e-26,1.0000000000000015e-26,,,,28549
244,,,0.23485611379146576,,,28549
,1.0000000000000015e-26,1.0000000000000015e-26,,,,28559
244,,,0.22122183442115784,,,28559
,1.0000000000000015e-26,1.0000000000000015e-26,,,,28569
244,,,0.24909475445747375,,,28569
,1.0000000000000015e-26,1.0000000000000015e-26,,,,28579
244,,,0.3270673155784607,,,28579
,1.0000000000000015e-26,1.0000000000000015e-26,,,,28589
244,,,0.39485880732536316,,,28589
,1.0000000000000015e-26,1.0000000000000015e-26,,,,28599
244,,,0.3325040340423584,,,28599
,1.0000000000000015e-26,1.0000000000000015e-26,,,,28609
244,,,0.12345454841852188,,,28609
,1.0000000000000015e-26,1.0000000000000015e-26,,,,28619
244,,,0.18704983592033386,,,28619
,1.0000000000000015e-26,1.0000000000000015e-26,,,,28629
244,,,0.23343022167682648,,,28629
,1.0000000000000015e-26,1.0000000000000015e-26,,,,28639
244,,,0.2553585469722748,,,28639
,1.0000000000000015e-26,1.0000000000000015e-26,,,,28649
244,,,0.15020529925823212,,,28649
,1.0000000000000015e-26,1.0000000000000015e-26,,,,28659
244,,,0.14071008563041687,,,28659
244,,,,72.7212142944336,72.86758422851562,28664
,1.0000000000000015e-26,1.0000000000000015e-26,,,,28669
245,,,0.15986722707748413,,,28669
,1.0000000000000015e-26,1.0000000000000015e-26,,,,28679
245,,,0.25999215245246887,,,28679
,1.0000000000000015e-26,1.0000000000000015e-26,,,,28689
245,,,0.1637514978647232,,,28689
,1.0000000000000015e-26,1.0000000000000015e-26,,,,28699
245,,,0.3978877663612366,,,28699
,1.0000000000000015e-26,1.0000000000000015e-26,,,,28709
245,,,0.1424967646598816,,,28709
,1.0000000000000015e-26,1.0000000000000015e-26,,,,28719
245,,,0.09866274148225784,,,28719
,1.0000000000000015e-26,1.0000000000000015e-26,,,,28729
245,,,0.2953490614891052,,,28729
,1.0000000000000015e-26,1.0000000000000015e-26,,,,28739
245,,,0.1605776846408844,,,28739
,1.0000000000000015e-26,1.0000000000000015e-26,,,,28749
245,,,0.441274493932724,,,28749
,1.0000000000000015e-26,1.0000000000000015e-26,,,,28759
245,,,0.13903853297233582,,,28759
,1.0000000000000015e-26,1.0000000000000015e-26,,,,28769
245,,,0.2711690068244934,,,28769
,1.0000000000000015e-26,1.0000000000000015e-26,,,,28779
245,,,0.21460458636283875,,,28779
245,,,,73.4124984741211,73.51746368408203,28781
,1.0000000000000015e-26,1.0000000000000015e-26,,,,28789
246,,,0.3595350980758667,,,28789
,1.0000000000000015e-26,1.0000000000000015e-26,,,,28799
246,,,0.3736923336982727,,,28799
,1.0000000000000015e-26,1.0000000000000015e-26,,,,28809
246,,,0.27097219228744507,,,28809
,1.0000000000000015e-26,1.0000000000000015e-26,,,,28819
246,,,0.2514997124671936,,,28819
,1.0000000000000015e-26,1.0000000000000015e-26,,,,28829
246,,,0.17932799458503723,,,28829
,1.0000000000000015e-26,1.0000000000000015e-26,,,,28839
246,,,0.10119152069091797,,,28839
,1.0000000000000015e-26,1.0000000000000015e-26,,,,28849
246,,,0.2424587905406952,,,28849
,1.0000000000000015e-26,1.0000000000000015e-26,,,,28859
246,,,0.24744614958763123,,,28859
,1.0000000000000015e-26,1.0000000000000015e-26,,,,28869
246,,,0.3128999173641205,,,28869
,1.0000000000000015e-26,1.0000000000000015e-26,,,,28879
246,,,0.22558632493019104,,,28879
,1.0000000000000015e-26,1.0000000000000015e-26,,,,28889
246,,,0.2704288959503174,,,28889
246,,,,73.29769897460938,73.35499572753906,28898
,1.0000000000000015e-26,1.0000000000000015e-26,,,,28899
247,,,0.1431804597377777,,,28899
,1.0000000000000015e-26,1.0000000000000015e-26,,,,28909
247,,,0.3073917329311371,,,28909
,1.0000000000000015e-26,1.0000000000000015e-26,,,,28919
247,,,0.1478310227394104,,,28919
,1.0000000000000015e-26,1.0000000000000015e-26,,,,28929
247,,,0.24492961168289185,,,28929
,1.0000000000000015e-26,1.0000000000000015e-26,,,,28939
247,,,0.15807050466537476,,,28939
,1.0000000000000015e-26,1.0000000000000015e-26,,,,28949
247,,,0.22311432659626007,,,28949
,1.0000000000000015e-26,1.0000000000000015e-26,,,,28959
247,,,0.205011785030365,,,28959
,1.0000000000000015e-26,1.0000000000000015e-26,,,,28969
247,,,0.2968887388706207,,,28969
,1.0000000000000015e-26,1.0000000000000015e-26,,,,28979
247,,,0.4939466118812561,,,28979
,1.0000000000000015e-26,1.0000000000000015e-26,,,,28989
247,,,0.5137524604797363,,,28989
,1.0000000000000015e-26,1.0000000000000015e-26,,,,28999
247,,,0.0931890532374382,,,28999
,1.0000000000000015e-26,1.0000000000000015e-26,,,,29009
247,,,0.10077953338623047,,,29009
247,,,,72.8458480834961,72.86758422851562,29015
,1.0000000000000015e-26,1.0000000000000015e-26,,,,29019
248,,,0.2546859681606293,,,29019
,1.0000000000000015e-26,1.0000000000000015e-26,,,,29029
248,,,0.14367130398750305,,,29029
,1.0000000000000015e-26,1.0000000000000015e-26,,,,29039
248,,,0.06674996018409729,,,29039
,1.0000000000000015e-26,1.0000000000000015e-26,,,,29049
248,,,0.19451335072517395,,,29049
,1.0000000000000015e-26,1.0000000000000015e-26,,,,29059
248,,,0.4061990976333618,,,29059
,1.0000000000000015e-26,1.0000000000000015e-26,,,,29069
248,,,0.3224204182624817,,,29069
,1.0000000000000015e-26,1.0000000000000015e-26,,,,29079
248,,,0.30774179100990295,,,29079
,1.0000000000000015e-26,1.0000000000000015e-26,,,,29089
248,,,0.17443522810935974,,,29089
,1.0000000000000015e-26,1.0000000000000015e-26,,,,29099
248,,,0.26250171661376953,,,29099
,1.0000000000000015e-26,1.0000000000000015e-26,,,,29109
248,,,0.3943718373775482,,,29109
,1.0000000000000015e-26,1.0000000000000015e-26,,,,29119
248,,,0.33630648255348206,,,29119
,1.0000000000000015e-26,1.0000000000000015e-26,,,,29129
248,,,0.22005131840705872,,,29129
248,,,,72.91529846191406,73.03005981445312,29132
,1.0000000000000015e-26,1.0000000000000015e-26,,,,29139
249,,,0.4007207751274109,,,29139
,1.0000000000000015e-26,1.0000000000000015e-26,,,,29149
249,,,0.07669807225465775,,,29149
,1.0000000000000015e-26,1.0000000000000015e-26,,,,29159
249,,,0.3244391679763794,,,29159
,1.0000000000000015e-26,1.0000000000000015e-26,,,,29169
249,,,0.21453437209129333,,,29169
,1.0000000000000015e-26,1.0000000000000015e-26,,,,29179
249,,,0.19842928647994995,,,29179
,1.0000000000000015e-26,1.0000000000000015e-26,,,,29189
249,,,0.20400279760360718,,,29189
,1.0000000000000015e-26,1.0000000000000015e-26,,,,29199
249,,,0.3919525444507599,,,29199
,1.0000000000000015e-26,1.0000000000000015e-26,,,,29209
249,,,0.11113622039556503,,,29209
,1.0000000000000015e-26,1.0000000000000015e-26,,,,29219
249,,,0.2593209743499756,,,29219
,1.0000000000000015e-26,1.0000000000000015e-26,,,,29229
249,,,0.35473641753196716,,,29229
,1.0000000000000015e-26,1.0000000000000015e-26,,,,29239
249,,,0.1808670163154602,,,29239
,1.0000000000000015e-26,1.0000000000000015e-26,,,,29249
249,,,3.1237945556640625,,,29249
249,,,,72.3524398803711,72.38018035888672,29249
,1.0000000000000015e-27,1.0000000000000015e-27,,,,29259
250,,,0.4101974368095398,,,29259
,1.0000000000000015e-27,1.0000000000000015e-27,,,,29269
250,,,0.2017870396375656,,,29269
,1.0000000000000015e-27,1.0000000000000015e-27,,,,29279
250,,,0.1500040739774704,,,29279
,1.0000000000000015e-27,1.0000000000000015e-27,,,,29289
250,,,0.16408272087574005,,,29289
,1.0000000000000015e-27,1.0000000000000015e-27,,,,29299
250,,,0.24994535744190216,,,29299
,1.0000000000000015e-27,1.0000000000000015e-27,,,,29309
250,,,0.1952112466096878,,,29309
,1.0000000000000015e-27,1.0000000000000015e-27,,,,29319
250,,,0.2005128711462021,,,29319
,1.0000000000000015e-27,1.0000000000000015e-27,,,,29329
250,,,0.3084755837917328,,,29329
,1.0000000000000015e-27,1.0000000000000015e-27,,,,29339
250,,,0.16907572746276855,,,29339
,1.0000000000000015e-27,1.0000000000000015e-27,,,,29349
250,,,0.07989054173231125,,,29349
,1.0000000000000015e-27,1.0000000000000015e-27,,,,29359
250,,,0.1999036818742752,,,29359
250,,,,72.49097442626953,72.62388610839844,29366
,1.0000000000000015e-27,1.0000000000000015e-27,,,,29369
251,,,0.15402282774448395,,,29369
,1.0000000000000015e-27,1.0000000000000015e-27,,,,29379
251,,,0.12322144210338593,,,29379
,1.0000000000000015e-27,1.0000000000000015e-27,,,,29389
251,,,0.17493115365505219,,,29389
,1.0000000000000015e-27,1.0000000000000015e-27,,,,29399
251,,,0.14842727780342102,,,29399
,1.0000000000000015e-27,1.0000000000000015e-27,,,,29409
251,,,0.5109331607818604,,,29409
,1.0000000000000015e-27,1.0000000000000015e-27,,,,29419
251,,,0.10077636688947678,,,29419
,1.0000000000000015e-27,1.0000000000000015e-27,,,,29429
251,,,0.28031232953071594,,,29429
,1.0000000000000015e-27,1.0000000000000015e-27,,,,29439
251,,,0.24017523229122162,,,29439
,1.0000000000000015e-27,1.0000000000000015e-27,,,,29449
251,,,0.24355506896972656,,,29449
,1.0000000000000015e-27,1.0000000000000015e-27,,,,29459
251,,,0.3405328392982483,,,29459
,1.0000000000000015e-27,1.0000000000000015e-27,,,,29469
251,,,0.14946357905864716,,,29469
,1.0000000000000015e-27,1.0000000000000015e-27,,,,29479
251,,,0.3989165127277374,,,29479
251,,,,72.77799987792969,72.94882202148438,29483
,1.0000000000000015e-27,1.0000000000000015e-27,,,,29489
252,,,0.35495343804359436,,,29489
,1.0000000000000015e-27,1.0000000000000015e-27,,,,29499
252,,,0.42565616965293884,,,29499
,1.0000000000000015e-27,1.0000000000000015e-27,,,,29509
252,,,0.22123706340789795,,,29509
,1.0000000000000015e-27,1.0000000000000015e-27,,,,29519
252,,,0.30654895305633545,,,29519
,1.0000000000000015e-27,1.0000000000000015e-27,,,,29529
252,,,0.20621223747730255,,,29529
,1.0000000000000015e-27,1.0000000000000015e-27,,,,29539
252,,,0.28236687183380127,,,29539
,1.0000000000000015e-27,1.0000000000000015e-27,,,,29549
252,,,0.12204037606716156,,,29549
,1.0000000000000015e-27,1.0000000000000015e-27,,,,29559
252,,,0.16837266087532043,,,29559
,1.0000000000000015e-27,1.0000000000000015e-27,,,,29569
252,,,0.26031795144081116,,,29569
,1.0000000000000015e-27,1.0000000000000015e-27,,,,29579
252,,,0.5474340915679932,,,29579
,1.0000000000000015e-27,1.0000000000000015e-27,,,,29589
252,,,0.29130688309669495,,,29589
,1.0000000000000015e-27,1.0000000000000015e-27,,,,29599
252,,,0.20827820897102356,,,29599
252,,,,72.86431121826172,72.94882202148438,29600
,1.0000000000000015e-27,1.0000000000000015e-27,,,,29609
253,,,0.13402679562568665,,,29609
,1.0000000000000015e-27,1.0000000000000015e-27,,,,29619
253,,,0.36632734537124634,,,29619
,1.0000000000000015e-27,1.0000000000000015e-27,,,,29629
253,,,0.1430932879447937,,,29629
,1.0000000000000015e-27,1.0000000000000015e-27,,,,29639
253,,,0.22876180708408356,,,29639
,1.0000000000000015e-27,1.0000000000000015e-27,,,,29649
253,,,0.20429939031600952,,,29649
,1.0000000000000015e-27,1.0000000000000015e-27,,,,29659
253,,,0.43768614530563354,,,29659
,1.0000000000000015e-27,1.0000000000000015e-27,,,,29669
253,,,0.4376961886882782,,,29669
,1.0000000000000015e-27,1.0000000000000015e-27,,,,29679
253,,,0.2695996165275574,,,29679
,1.0000000000000015e-27,1.0000000000000015e-27,,,,29689
253,,,0.4146065413951874,,,29689
,1.0000000000000015e-27,1.0000000000000015e-27,,,,29699
253,,,0.15053097903728485,,,29699
,1.0000000000000015e-27,1.0000000000000015e-27,,,,29709
253,,,0.06808365136384964,,,29709
253,,,,73.04114532470703,73.11128997802734,29717
,1.0000000000000015e-27,1.0000000000000015e-27,,,,29719
254,,,0.15568989515304565,,,29719
,1.0000000000000015e-27,1.0000000000000015e-27,,,,29729
254,,,0.19386762380599976,,,29729
,1.0000000000000015e-27,1.0000000000000015e-27,,,,29739
254,,,0.3896312117576599,,,29739
,1.0000000000000015e-27,1.0000000000000015e-27,,,,29749
254,,,0.09807756543159485,,,29749
,1.0000000000000015e-27,1.0000000000000015e-27,,,,29759
254,,,0.17138102650642395,,,29759
,1.0000000000000015e-27,1.0000000000000015e-27,,,,29769
254,,,0.30077192187309265,,,29769
,1.0000000000000015e-27,1.0000000000000015e-27,,,,29779
254,,,0.3686180114746094,,,29779
,1.0000000000000015e-27,1.0000000000000015e-27,,,,29789
254,,,0.3771085739135742,,,29789
,1.0000000000000015e-27,1.0000000000000015e-27,,,,29799
254,,,0.12796291708946228,,,29799
,1.0000000000000015e-27,1.0000000000000015e-27,,,,29809
254,,,0.24797016382217407,,,29809
,1.0000000000000015e-27,1.0000000000000015e-27,,,,29819
254,,,0.2881186306476593,,,29819
,1.0000000000000015e-27,1.0000000000000015e-27,,,,29829
254,,,0.17483438551425934,,,29829
254,,,,72.6448745727539,72.62388610839844,29834
,1.0000000000000015e-27,1.0000000000000015e-27,,,,29839
255,,,0.2162405550479889,,,29839
,1.0000000000000015e-27,1.0000000000000015e-27,,,,29849
255,,,0.17224650084972382,,,29849
,1.0000000000000015e-27,1.0000000000000015e-27,,,,29859
255,,,0.18513819575309753,,,29859
,1.0000000000000015e-27,1.0000000000000015e-27,,,,29869
255,,,0.16657045483589172,,,29869
,1.0000000000000015e-27,1.0000000000000015e-27,,,,29879
255,,,0.1052161231637001,,,29879
,1.0000000000000015e-27,1.0000000000000015e-27,,,,29889
255,,,0.3580127954483032,,,29889
,1.0000000000000015e-27,1.0000000000000015e-27,,,,29899
255,,,0.5219624042510986,,,29899
,1.0000000000000015e-27,1.0000000000000015e-27,,,,29909
255,,,0.4510958790779114,,,29909
,1.0000000000000015e-27,1.0000000000000015e-27,,,,29919
255,,,0.3489537835121155,,,29919
,1.0000000000000015e-27,1.0000000000000015e-27,,,,29929
255,,,0.48290717601776123,,,29929
,1.0000000000000015e-27,1.0000000000000015e-27,,,,29939
255,,,0.16285935044288635,,,29939
,1.0000000000000015e-27,1.0000000000000015e-27,,,,29949
255,,,0.25232455134391785,,,29949
255,,,,72.33916473388672,72.38018035888672,29951
,1.0000000000000015e-27,1.0000000000000015e-27,,,,29959
256,,,0.14309291541576385,,,29959
,1.0000000000000015e-27,1.0000000000000015e-27,,,,29969
256,,,0.2759389877319336,,,29969
,1.0000000000000015e-27,1.0000000000000015e-27,,,,29979
256,,,0.18266230821609497,,,29979
,1.0000000000000015e-27,1.0000000000000015e-27,,,,29989
256,,,0.3396420180797577,,,29989
,1.0000000000000015e-27,1.0000000000000015e-27,,,,29999
256,,,0.2833344042301178,,,29999
,1.0000000000000015e-27,1.0000000000000015e-27,,,,30009
256,,,0.19524173438549042,,,30009
,1.0000000000000015e-27,1.0000000000000015e-27,,,,30019
256,,,0.1617405116558075,,,30019
,1.0000000000000015e-27,1.0000000000000015e-27,,,,30029
256,,,0.18424177169799805,,,30029
,1.0000000000000015e-27,1.0000000000000015e-27,,,,30039
256,,,0.18391087651252747,,,30039
,1.0000000000000015e-27,1.0000000000000015e-27,,,,30049
256,,,0.30317142605781555,,,30049
,1.0000000000000015e-27,1.0000000000000015e-27,,,,30059
256,,,0.37959372997283936,,,30059
256,,,,72.31124114990234,72.38018035888672,30068
,1.0000000000000015e-27,1.0000000000000015e-27,,,,30069
257,,,0.1291309893131256,,,30069
,1.0000000000000015e-27,1.0000000000000015e-27,,,,30079
257,,,0.1910250186920166,,,30079
,1.0000000000000015e-27,1.0000000000000015e-27,,,,30089
257,,,0.3603803515434265,,,30089
,1.0000000000000015e-27,1.0000000000000015e-27,,,,30099
257,,,0.2990225851535797,,,30099
,1.0000000000000015e-27,1.0000000000000015e-27,,,,30109
257,,,0.5305668115615845,,,30109
,1.0000000000000015e-27,1.0000000000000015e-27,,,,30119
257,,,0.5287876129150391,,,30119
,1.0000000000000015e-27,1.0000000000000015e-27,,,,30129
257,,,0.3211563229560852,,,30129
,1.0000000000000015e-27,1.0000000000000015e-27,,,,30139
257,,,0.13118082284927368,,,30139
,1.0000000000000015e-27,1.0000000000000015e-27,,,,30149
257,,,0.1295384019613266,,,30149
,1.0000000000000015e-27,1.0000000000000015e-27,,,,30159
257,,,0.17821744084358215,,,30159
,1.0000000000000015e-27,1.0000000000000015e-27,,,,30169
257,,,0.1896570920944214,,,30169
,1.0000000000000015e-27,1.0000000000000015e-27,,,,30179
257,,,0.29451414942741394,,,30179
257,,,,72.56500244140625,72.62388610839844,30185
,1.0000000000000015e-27,1.0000000000000015e-27,,,,30189
258,,,0.41455477476119995,,,30189
,1.0000000000000015e-27,1.0000000000000015e-27,,,,30199
258,,,0.2021879106760025,,,30199
,1.0000000000000015e-27,1.0000000000000015e-27,,,,30209
258,,,0.11697079986333847,,,30209
,1.0000000000000015e-27,1.0000000000000015e-27,,,,30219
258,,,0.3882942795753479,,,30219
,1.0000000000000015e-27,1.0000000000000015e-27,,,,30229
258,,,0.21951836347579956,,,30229
,1.0000000000000015e-27,1.0000000000000015e-27,,,,30239
258,,,0.36288130283355713,,,30239
,1.0000000000000015e-27,1.0000000000000015e-27,,,,30249
258,,,0.22741545736789703,,,30249
,1.0000000000000015e-27,1.0000000000000015e-27,,,,30259
258,,,0.2934410572052002,,,30259
,1.0000000000000015e-27,1.0000000000000015e-27,,,,30269
258,,,0.4169379472732544,,,30269
,1.0000000000000015e-27,1.0000000000000015e-27,,,,30279
258,,,0.2161901742219925,,,30279
,1.0000000000000015e-27,1.0000000000000015e-27,,,,30289
258,,,0.14721673727035522,,,30289
,1.0000000000000015e-27,1.0000000000000015e-27,,,,30299
258,,,0.23563267290592194,,,30299
258,,,,72.73580932617188,72.7863540649414,30302
,1.0000000000000015e-27,1.0000000000000015e-27,,,,30309
259,,,0.24602873623371124,,,30309
,1.0000000000000015e-27,1.0000000000000015e-27,,,,30319
259,,,0.2752822935581207,,,30319
,1.0000000000000015e-27,1.0000000000000015e-27,,,,30329
259,,,0.45359116792678833,,,30329
,1.0000000000000015e-27,1.0000000000000015e-27,,,,30339
259,,,0.18811769783496857,,,30339
,1.0000000000000015e-27,1.0000000000000015e-27,,,,30349
259,,,0.6007412672042847,,,30349
,1.0000000000000015e-27,1.0000000000000015e-27,,,,30359
259,,,0.2830072343349457,,,30359
,1.0000000000000015e-27,1.0000000000000015e-27,,,,30369
259,,,0.2539444863796234,,,30369
,1.0000000000000015e-27,1.0000000000000015e-27,,,,30379
259,,,0.254810094833374,,,30379
,1.0000000000000015e-27,1.0000000000000015e-27,,,,30389
259,,,0.24117837846279144,,,30389
,1.0000000000000015e-27,1.0000000000000015e-27,,,,30399
259,,,0.1474735289812088,,,30399
,1.0000000000000015e-27,1.0000000000000015e-27,,,,30409
259,,,0.19859783351421356,,,30409
,1.0000000000000015e-27,1.0000000000000015e-27,,,,30419
259,,,3.1701154708862305,,,30419
259,,,,73.32035827636719,73.35499572753906,30419
,1.0000000000000015e-28,1.0000000000000015e-28,,,,30429
260,,,0.24076810479164124,,,30429
,1.0000000000000015e-28,1.0000000000000015e-28,,,,30439
260,,,0.38344722986221313,,,30439
,1.0000000000000015e-28,1.0000000000000015e-28,,,,30449
260,,,0.25177404284477234,,,30449
,1.0000000000000015e-28,1.0000000000000015e-28,,,,30459
260,,,0.14789998531341553,,,30459
,1.0000000000000015e-28,1.0000000000000015e-28,,,,30469
260,,,0.23987892270088196,,,30469
,1.0000000000000015e-28,1.0000000000000015e-28,,,,30479
260,,,0.19722458720207214,,,30479
,1.0000000000000015e-28,1.0000000000000015e-28,,,,30489
260,,,0.23306751251220703,,,30489
,1.0000000000000015e-28,1.0000000000000015e-28,,,,30499
260,,,0.08855528384447098,,,30499
,1.0000000000000015e-28,1.0000000000000015e-28,,,,30509
260,,,0.44551676511764526,,,30509
,1.0000000000000015e-28,1.0000000000000015e-28,,,,30519
260,,,0.18969343602657318,,,30519
,1.0000000000000015e-28,1.0000000000000015e-28,,,,30529
260,,,0.15431758761405945,,,30529
260,,,,73.7740249633789,73.8424072265625,30536
,1.0000000000000015e-28,1.0000000000000015e-28,,,,30539
261,,,0.24535396695137024,,,30539
,1.0000000000000015e-28,1.0000000000000015e-28,,,,30549
261,,,0.2340116798877716,,,30549
,1.0000000000000015e-28,1.0000000000000015e-28,,,,30559
261,,,0.19881391525268555,,,30559
,1.0000000000000015e-28,1.0000000000000015e-28,,,,30569
261,,,0.23735633492469788,,,30569
,1.0000000000000015e-28,1.0000000000000015e-28,,,,30579
261,,,0.18172353506088257,,,30579
,1.0000000000000015e-28,1.0000000000000015e-28,,,,30589
261,,,0.24813953042030334,,,30589
,1.0000000000000015e-28,1.0000000000000015e-28,,,,30599
261,,,0.17493896186351776,,,30599
,1.0000000000000015e-28,1.0000000000000015e-28,,,,30609
261,,,0.2604578137397766,,,30609
,1.0000000000000015e-28,1.0000000000000015e-28,,,,30619
261,,,0.38647449016571045,,,30619
,1.0000000000000015e-28,1.0000000000000015e-28,,,,30629
261,,,0.10785316675901413,,,30629
,1.0000000000000015e-28,1.0000000000000015e-28,,,,30639
261,,,0.2017454206943512,,,30639
,1.0000000000000015e-28,1.0000000000000015e-28,,,,30649
261,,,0.24208687245845795,,,30649
261,,,,73.02690887451172,73.11128997802734,30653
,1.0000000000000015e-28,1.0000000000000015e-28,,,,30659
262,,,0.15094289183616638,,,30659
,1.0000000000000015e-28,1.0000000000000015e-28,,,,30669
262,,,0.11843055486679077,,,30669
,1.0000000000000015e-28,1.0000000000000015e-28,,,,30679
262,,,0.3117276728153229,,,30679
,1.0000000000000015e-28,1.0000000000000015e-28,,,,30689
262,,,0.21382081508636475,,,30689
,1.0000000000000015e-28,1.0000000000000015e-28,,,,30699
262,,,0.141182541847229,,,30699
,1.0000000000000015e-28,1.0000000000000015e-28,,,,30709
262,,,0.37077105045318604,,,30709
,1.0000000000000015e-28,1.0000000000000015e-28,,,,30719
262,,,0.16830140352249146,,,30719
,1.0000000000000015e-28,1.0000000000000015e-28,,,,30729
262,,,0.1610684096813202,,,30729
,1.0000000000000015e-28,1.0000000000000015e-28,,,,30739
262,,,0.24101057648658752,,,30739
,1.0000000000000015e-28,1.0000000000000015e-28,,,,30749
262,,,0.19367489218711853,,,30749
,1.0000000000000015e-28,1.0000000000000015e-28,,,,30759
262,,,0.2236742079257965,,,30759
,1.0000000000000015e-28,1.0000000000000015e-28,,,,30769
262,,,0.08851784467697144,,,30769
262,,,,72.32610321044922,72.38018035888672,30770
,1.0000000000000015e-28,1.0000000000000015e-28,,,,30779
263,,,0.11721422523260117,,,30779
,1.0000000000000015e-28,1.0000000000000015e-28,,,,30789
263,,,0.2960081696510315,,,30789
,1.0000000000000015e-28,1.0000000000000015e-28,,,,30799
263,,,0.32573795318603516,,,30799
,1.0000000000000015e-28,1.0000000000000015e-28,,,,30809
263,,,0.2559783458709717,,,30809
,1.0000000000000015e-28,1.0000000000000015e-28,,,,30819
263,,,0.24984514713287354,,,30819
,1.0000000000000015e-28,1.0000000000000015e-28,,,,30829
263,,,0.20507857203483582,,,30829
,1.0000000000000015e-28,1.0000000000000015e-28,,,,30839
263,,,0.7337081432342529,,,30839
,1.0000000000000015e-28,1.0000000000000015e-28,,,,30849
263,,,0.3757306933403015,,,30849
,1.0000000000000015e-28,1.0000000000000015e-28,,,,30859
263,,,0.2440876066684723,,,30859
,1.0000000000000015e-28,1.0000000000000015e-28,,,,30869
263,,,0.15377187728881836,,,30869
,1.0000000000000015e-28,1.0000000000000015e-28,,,,30879
263,,,0.20779521763324738,,,30879
263,,,,72.68023681640625,72.7863540649414,30887
,1.0000000000000015e-28,1.0000000000000015e-28,,,,30889
264,,,0.08509135991334915,,,30889
,1.0000000000000015e-28,1.0000000000000015e-28,,,,30899
264,,,0.15502294898033142,,,30899
,1.0000000000000015e-28,1.0000000000000015e-28,,,,30909
264,,,0.7893728017807007,,,30909
,1.0000000000000015e-28,1.0000000000000015e-28,,,,30919
264,,,0.09216945618391037,,,30919
,1.0000000000000015e-28,1.0000000000000015e-28,,,,30929
264,,,0.10752621293067932,,,30929
,1.0000000000000015e-28,1.0000000000000015e-28,,,,30939
264,,,0.3158782422542572,,,30939
,1.0000000000000015e-28,1.0000000000000015e-28,,,,30949
264,,,0.5017336010932922,,,30949
,1.0000000000000015e-28,1.0000000000000015e-28,,,,30959
264,,,0.14816761016845703,,,30959
,1.0000000000000015e-28,1.0000000000000015e-28,,,,30969
264,,,0.2259385585784912,,,30969
,1.0000000000000015e-28,1.0000000000000015e-28,,,,30979
264,,,0.5400813817977905,,,30979
,1.0000000000000015e-28,1.0000000000000015e-28,,,,30989
264,,,0.2785343527793884,,,30989
,1.0000000000000015e-28,1.0000000000000015e-28,,,,30999
264,,,0.20690587162971497,,,30999
264,,,,72.864501953125,72.94882202148438,31004
,1.0000000000000015e-28,1.0000000000000015e-28,,,,31009
265,,,0.10073413699865341,,,31009
,1.0000000000000015e-28,1.0000000000000015e-28,,,,31019
265,,,0.17793400585651398,,,31019
,1.0000000000000015e-28,1.0000000000000015e-28,,,,31029
265,,,0.30698809027671814,,,31029
,1.0000000000000015e-28,1.0000000000000015e-28,,,,31039
265,,,0.327327162027359,,,31039
,1.0000000000000015e-28,1.0000000000000015e-28,,,,31049
265,,,0.46489349007606506,,,31049
,1.0000000000000015e-28,1.0000000000000015e-28,,,,31059
265,,,0.26950305700302124,,,31059
,1.0000000000000015e-28,1.0000000000000015e-28,,,,31069
265,,,0.24535411596298218,,,31069
,1.0000000000000015e-28,1.0000000000000015e-28,,,,31079
265,,,0.28527504205703735,,,31079
,1.0000000000000015e-28,1.0000000000000015e-28,,,,31089
265,,,0.10819485783576965,,,31089
,1.0000000000000015e-28,1.0000000000000015e-28,,,,31099
265,,,0.32739660143852234,,,31099
,1.0000000000000015e-28,1.0000000000000015e-28,,,,31109
265,,,0.47389209270477295,,,31109
,1.0000000000000015e-28,1.0000000000000015e-28,,,,31119
265,,,0.3617846965789795,,,31119
265,,,,72.91929626464844,73.03005981445312,31121
,1.0000000000000015e-28,1.0000000000000015e-28,,,,31129
266,,,0.2557460367679596,,,31129
,1.0000000000000015e-28,1.0000000000000015e-28,,,,31139
266,,,0.2062579095363617,,,31139
,1.0000000000000015e-28,1.0000000000000015e-28,,,,31149
266,,,0.37797433137893677,,,31149
,1.0000000000000015e-28,1.0000000000000015e-28,,,,31159
266,,,0.42656388878822327,,,31159
,1.0000000000000015e-28,1.0000000000000015e-28,,,,31169
266,,,0.5057814717292786,,,31169
,1.0000000000000015e-28,1.0000000000000015e-28,,,,31179
266,,,0.2753226161003113,,,31179
,1.0000000000000015e-28,1.0000000000000015e-28,,,,31189
266,,,0.14066985249519348,,,31189
,1.0000000000000015e-28,1.0000000000000015e-28,,,,31199
266,,,0.17234641313552856,,,31199
,1.0000000000000015e-28,1.0000000000000015e-28,,,,31209
266,,,0.16214211285114288,,,31209
,1.0000000000000015e-28,1.0000000000000015e-28,,,,31219
266,,,0.11686380207538605,,,31219
,1.0000000000000015e-28,1.0000000000000015e-28,,,,31229
266,,,0.26400551199913025,,,31229
266,,,,72.77034759521484,72.7863540649414,31238
,1.0000000000000015e-28,1.0000000000000015e-28,,,,31239
267,,,0.17455324530601501,,,31239
,1.0000000000000015e-28,1.0000000000000015e-28,,,,31249
267,,,0.17924614250659943,,,31249
,1.0000000000000015e-28,1.0000000000000015e-28,,,,31259
267,,,0.2633548080921173,,,31259
,1.0000000000000015e-28,1.0000000000000015e-28,,,,31269
267,,,0.18906369805335999,,,31269
,1.0000000000000015e-28,1.0000000000000015e-28,,,,31279
267,,,0.15870490670204163,,,31279
,1.0000000000000015e-28,1.0000000000000015e-28,,,,31289
267,,,0.2581535577774048,,,31289
,1.0000000000000015e-28,1.0000000000000015e-28,,,,31299
267,,,0.17532555758953094,,,31299
,1.0000000000000015e-28,1.0000000000000015e-28,,,,31309
267,,,0.22806140780448914,,,31309
,1.0000000000000015e-28,1.0000000000000015e-28,,,,31319
267,,,0.16669979691505432,,,31319
,1.0000000000000015e-28,1.0000000000000015e-28,,,,31329
267,,,0.16517910361289978,,,31329
,1.0000000000000015e-28,1.0000000000000015e-28,,,,31339
267,,,0.08509869873523712,,,31339
,1.0000000000000015e-28,1.0000000000000015e-28,,,,31349
267,,,0.2444942146539688,,,31349
267,,,,72.21315002441406,72.29894256591797,31355
,1.0000000000000015e-28,1.0000000000000015e-28,,,,31359
268,,,0.21963922679424286,,,31359
,1.0000000000000015e-28,1.0000000000000015e-28,,,,31369
268,,,0.21897459030151367,,,31369
,1.0000000000000015e-28,1.0000000000000015e-28,,,,31379
268,,,0.2763976454734802,,,31379
,1.0000000000000015e-28,1.0000000000000015e-28,,,,31389
268,,,0.41669610142707825,,,31389
,1.0000000000000015e-28,1.0000000000000015e-28,,,,31399
268,,,0.29927241802215576,,,31399
,1.0000000000000015e-28,1.0000000000000015e-28,,,,31409
268,,,0.10939913243055344,,,31409
,1.0000000000000015e-28,1.0000000000000015e-28,,,,31419
268,,,0.3031117916107178,,,31419
,1.0000000000000015e-28,1.0000000000000015e-28,,,,31429
268,,,0.412955105304718,,,31429
,1.0000000000000015e-28,1.0000000000000015e-28,,,,31439
268,,,0.0998239815235138,,,31439
,1.0000000000000015e-28,1.0000000000000015e-28,,,,31449
268,,,0.19989368319511414,,,31449
,1.0000000000000015e-28,1.0000000000000015e-28,,,,31459
268,,,0.217791348695755,,,31459
,1.0000000000000015e-28,1.0000000000000015e-28,,,,31469
268,,,0.40166226029396057,,,31469
268,,,,73.00140380859375,73.11128997802734,31472
,1.0000000000000015e-28,1.0000000000000015e-28,,,,31479
269,,,0.1374245285987854,,,31479
,1.0000000000000015e-28,1.0000000000000015e-28,,,,31489
269,,,0.2868945002555847,,,31489
,1.0000000000000015e-28,1.0000000000000015e-28,,,,31499
269,,,0.30645570158958435,,,31499
,1.0000000000000015e-28,1.0000000000000015e-28,,,,31509
269,,,0.09194004535675049,,,31509
,1.0000000000000015e-28,1.0000000000000015e-28,,,,31519
269,,,0.3968304693698883,,,31519
,1.0000000000000015e-28,1.0000000000000015e-28,,,,31529
269,,,0.36410412192344666,,,31529
,1.0000000000000015e-28,1.0000000000000015e-28,,,,31539
269,,,0.26396942138671875,,,31539
,1.0000000000000015e-28,1.0000000000000015e-28,,,,31549
269,,,0.12072443217039108,,,31549
,1.0000000000000015e-28,1.0000000000000015e-28,,,,31559
269,,,0.4803641736507416,,,31559
,1.0000000000000015e-28,1.0000000000000015e-28,,,,31569
269,,,0.1665283441543579,,,31569
,1.0000000000000015e-28,1.0000000000000015e-28,,,,31579
269,,,0.225347101688385,,,31579
,1.0000000000000015e-28,1.0000000000000015e-28,,,,31589
269,,,1.3903117179870605,,,31589
269,,,,72.64751434326172,72.7863540649414,31589
,1.0000000000000016e-29,1.0000000000000016e-29,,,,31599
270,,,0.21455791592597961,,,31599
,1.0000000000000016e-29,1.0000000000000016e-29,,,,31609
270,,,0.11457271873950958,,,31609
,1.0000000000000016e-29,1.0000000000000016e-29,,,,31619
270,,,0.2609948515892029,,,31619
,1.0000000000000016e-29,1.0000000000000016e-29,,,,31629
270,,,0.102187380194664,,,31629
,1.0000000000000016e-29,1.0000000000000016e-29,,,,31639
270,,,0.08067850768566132,,,31639
,1.0000000000000016e-29,1.0000000000000016e-29,,,,31649
270,,,0.222012460231781,,,31649
,1.0000000000000016e-29,1.0000000000000016e-29,,,,31659
270,,,0.27637362480163574,,,31659
,1.0000000000000016e-29,1.0000000000000016e-29,,,,31669
270,,,0.27603504061698914,,,31669
,1.0000000000000016e-29,1.0000000000000016e-29,,,,31679
270,,,0.23927423357963562,,,31679
,1.0000000000000016e-29,1.0000000000000016e-29,,,,31689
270,,,0.14556822180747986,,,31689
,1.0000000000000016e-29,1.0000000000000016e-29,,,,31699
270,,,0.2170911431312561,,,31699
270,,,,73.42596435546875,73.51746368408203,31706
,1.0000000000000016e-29,1.0000000000000016e-29,,,,31709
271,,,0.18249312043190002,,,31709
,1.0000000000000016e-29,1.0000000000000016e-29,,,,31719
271,,,0.4416198134422302,,,31719
,1.0000000000000016e-29,1.0000000000000016e-29,,,,31729
271,,,0.37765365839004517,,,31729
,1.0000000000000016e-29,1.0000000000000016e-29,,,,31739
271,,,0.36720287799835205,,,31739
,1.0000000000000016e-29,1.0000000000000016e-29,,,,31749
271,,,0.33594629168510437,,,31749
,1.0000000000000016e-29,1.0000000000000016e-29,,,,31759
271,,,0.414020836353302,,,31759
,1.0000000000000016e-29,1.0000000000000016e-29,,,,31769
271,,,0.13354724645614624,,,31769
,1.0000000000000016e-29,1.0000000000000016e-29,,,,31779
271,,,0.2427818924188614,,,31779
,1.0000000000000016e-29,1.0000000000000016e-29,,,,31789
271,,,0.44554802775382996,,,31789
,1.0000000000000016e-29,1.0000000000000016e-29,,,,31799
271,,,0.28295063972473145,,,31799
,1.0000000000000016e-29,1.0000000000000016e-29,,,,31809
271,,,0.07145297527313232,,,31809
,1.0000000000000016e-29,1.0000000000000016e-29,,,,31819
271,,,0.1953396201133728,,,31819
271,,,,72.86549377441406,72.94882202148438,31823
,1.0000000000000016e-29,1.0000000000000016e-29,,,,31829
272,,,0.12236473709344864,,,31829
,1.0000000000000016e-29,1.0000000000000016e-29,,,,31839
272,,,0.25609633326530457,,,31839
,1.0000000000000016e-29,1.0000000000000016e-29,,,,31849
272,,,0.22922256588935852,,,31849
,1.0000000000000016e-29,1.0000000000000016e-29,,,,31859
272,,,0.26614394783973694,,,31859
,1.0000000000000016e-29,1.0000000000000016e-29,,,,31869
272,,,0.32220086455345154,,,31869
,1.0000000000000016e-29,1.0000000000000016e-29,,,,31879
272,,,0.33869504928588867,,,31879
,1.0000000000000016e-29,1.0000000000000016e-29,,,,31889
272,,,0.1023990660905838,,,31889
,1.0000000000000016e-29,1.0000000000000016e-29,,,,31899
272,,,0.27827218174934387,,,31899
,1.0000000000000016e-29,1.0000000000000016e-29,,,,31909
272,,,0.11537952721118927,,,31909
,1.0000000000000016e-29,1.0000000000000016e-29,,,,31919
272,,,0.2547862231731415,,,31919
,1.0000000000000016e-29,1.0000000000000016e-29,,,,31929
272,,,0.38819876313209534,,,31929
,1.0000000000000016e-29,1.0000000000000016e-29,,,,31939
272,,,0.3493376672267914,,,31939
272,,,,72.70450592041016,72.7863540649414,31940
,1.0000000000000016e-29,1.0000000000000016e-29,,,,31949
273,,,0.26570820808410645,,,31949
,1.0000000000000016e-29,1.0000000000000016e-29,,,,31959
273,,,0.11306804418563843,,,31959
,1.0000000000000016e-29,1.0000000000000016e-29,,,,31969
273,,,0.1771790236234665,,,31969
,1.0000000000000016e-29,1.0000000000000016e-29,,,,31979
273,,,0.22254998981952667,,,31979
,1.0000000000000016e-29,1.0000000000000016e-29,,,,31989
273,,,0.11031042039394379,,,31989
,1.0000000000000016e-29,1.0000000000000016e-29,,,,31999
273,,,0.21205925941467285,,,31999
,1.0000000000000016e-29,1.0000000000000016e-29,,,,32009
273,,,0.215318500995636,,,32009
,1.0000000000000016e-29,1.0000000000000016e-29,,,,32019
273,,,0.16072377562522888,,,32019
,1.0000000000000016e-29,1.0000000000000016e-29,,,,32029
273,,,0.1249740719795227,,,32029
,1.0000000000000016e-29,1.0000000000000016e-29,,,,32039
273,,,0.43015241622924805,,,32039
,1.0000000000000016e-29,1.0000000000000016e-29,,,,32049
273,,,0.20141328871250153,,,32049
273,,,,73.08412170410156,73.1925277709961,32057
,1.0000000000000016e-29,1.0000000000000016e-29,,,,32059
274,,,0.1857726275920868,,,32059
,1.0000000000000016e-29,1.0000000000000016e-29,,,,32069
274,,,0.4829542636871338,,,32069
,1.0000000000000016e-29,1.0000000000000016e-29,,,,32079
274,,,0.1419595628976822,,,32079
,1.0000000000000016e-29,1.0000000000000016e-29,,,,32089
274,,,0.31207430362701416,,,32089
,1.0000000000000016e-29,1.0000000000000016e-29,,,,32099
274,,,0.3396757245063782,,,32099
,1.0000000000000016e-29,1.0000000000000016e-29,,,,32109
274,,,0.3622645437717438,,,32109
,1.0000000000000016e-29,1.0000000000000016e-29,,,,32119
274,,,0.32294178009033203,,,32119
,1.0000000000000016e-29,1.0000000000000016e-29,,,,32129
274,,,0.2296619415283203,,,32129
,1.0000000000000016e-29,1.0000000000000016e-29,,,,32139
274,,,0.5217865705490112,,,32139
,1.0000000000000016e-29,1.0000000000000016e-29,,,,32149
274,,,0.3895384669303894,,,32149
,1.0000000000000016e-29,1.0000000000000016e-29,,,,32159
274,,,0.12270010262727737,,,32159
,1.0000000000000016e-29,1.0000000000000016e-29,,,,32169
274,,,0.362603098154068,,,32169
274,,,,72.77214813232422,72.7863540649414,32174
,1.0000000000000016e-29,1.0000000000000016e-29,,,,32179
275,,,0.27349042892456055,,,32179
,1.0000000000000016e-29,1.0000000000000016e-29,,,,32189
275,,,0.13425485789775848,,,32189
,1.0000000000000016e-29,1.0000000000000016e-29,,,,32199
275,,,0.20007669925689697,,,32199
,1.0000000000000016e-29,1.0000000000000016e-29,,,,32209
275,,,0.45622849464416504,,,32209
,1.0000000000000016e-29,1.0000000000000016e-29,,,,32219
275,,,0.24954846501350403,,,32219
,1.0000000000000016e-29,1.0000000000000016e-29,,,,32229
275,,,0.3295504152774811,,,32229
,1.0000000000000016e-29,1.0000000000000016e-29,,,,32239
275,,,0.26023954153060913,,,32239
,1.0000000000000016e-29,1.0000000000000016e-29,,,,32249
275,,,0.2121364325284958,,,32249
,1.0000000000000016e-29,1.0000000000000016e-29,,,,32259
275,,,0.38111183047294617,,,32259
,1.0000000000000016e-29,1.0000000000000016e-29,,,,32269
275,,,0.2728654742240906,,,32269
,1.0000000000000016e-29,1.0000000000000016e-29,,,,32279
275,,,0.2824317216873169,,,32279
,1.0000000000000016e-29,1.0000000000000016e-29,,,,32289
275,,,0.37411388754844666,,,32289
275,,,,72.69747924804688,72.7863540649414,32291
,1.0000000000000016e-29,1.0000000000000016e-29,,,,32299
276,,,0.14266906678676605,,,32299
,1.0000000000000016e-29,1.0000000000000016e-29,,,,32309
276,,,0.2165684700012207,,,32309
,1.0000000000000016e-29,1.0000000000000016e-29,,,,32319
276,,,0.40205496549606323,,,32319
,1.0000000000000016e-29,1.0000000000000016e-29,,,,32329
276,,,0.18481118977069855,,,32329
,1.0000000000000016e-29,1.0000000000000016e-29,,,,32339
276,,,0.12331534922122955,,,32339
,1.0000000000000016e-29,1.0000000000000016e-29,,,,32349
276,,,0.11966679245233536,,,32349
,1.0000000000000016e-29,1.0000000000000016e-29,,,,32359
276,,,0.41902604699134827,,,32359
,1.0000000000000016e-29,1.0000000000000016e-29,,,,32369
276,,,0.25674253702163696,,,32369
,1.0000000000000016e-29,1.0000000000000016e-29,,,,32379
276,,,0.23868680000305176,,,32379
,1.0000000000000016e-29,1.0000000000000016e-29,,,,32389
276,,,0.3070676922798157,,,32389
,1.0000000000000016e-29,1.0000000000000016e-29,,,,32399
276,,,0.19841422140598297,,,32399
276,,,,72.12115478515625,72.21771240234375,32408
,1.0000000000000016e-29,1.0000000000000016e-29,,,,32409
277,,,0.3370644450187683,,,32409
,1.0000000000000016e-29,1.0000000000000016e-29,,,,32419
277,,,0.3692976236343384,,,32419
,1.0000000000000016e-29,1.0000000000000016e-29,,,,32429
277,,,0.1855001300573349,,,32429
,1.0000000000000016e-29,1.0000000000000016e-29,,,,32439
277,,,0.49129602313041687,,,32439
,1.0000000000000016e-29,1.0000000000000016e-29,,,,32449
277,,,0.169891357421875,,,32449
,1.0000000000000016e-29,1.0000000000000016e-29,,,,32459
277,,,0.37502631545066833,,,32459
,1.0000000000000016e-29,1.0000000000000016e-29,,,,32469
277,,,0.12872420251369476,,,32469
,1.0000000000000016e-29,1.0000000000000016e-29,,,,32479
277,,,0.164330393075943,,,32479
,1.0000000000000016e-29,1.0000000000000016e-29,,,,32489
277,,,0.2384110689163208,,,32489
,1.0000000000000016e-29,1.0000000000000016e-29,,,,32499
277,,,0.21451956033706665,,,32499
,1.0000000000000016e-29,1.0000000000000016e-29,,,,32509
277,,,0.2546480894088745,,,32509
,1.0000000000000016e-29,1.0000000000000016e-29,,,,32519
277,,,0.2852291166782379,,,32519
277,,,,72.67138671875,72.7863540649414,32525
,1.0000000000000016e-29,1.0000000000000016e-29,,,,32529
278,,,0.0991453304886818,,,32529
,1.0000000000000016e-29,1.0000000000000016e-29,,,,32539
278,,,0.15748490393161774,,,32539
,1.0000000000000016e-29,1.0000000000000016e-29,,,,32549
278,,,0.07662161439657211,,,32549
,1.0000000000000016e-29,1.0000000000000016e-29,,,,32559
278,,,0.32724112272262573,,,32559
,1.0000000000000016e-29,1.0000000000000016e-29,,,,32569
278,,,0.4701916575431824,,,32569
,1.0000000000000016e-29,1.0000000000000016e-29,,,,32579
278,,,0.13064685463905334,,,32579
,1.0000000000000016e-29,1.0000000000000016e-29,,,,32589
278,,,0.4179321825504303,,,32589
,1.0000000000000016e-29,1.0000000000000016e-29,,,,32599
278,,,0.16949757933616638,,,32599
,1.0000000000000016e-29,1.0000000000000016e-29,,,,32609
278,,,0.24067223072052002,,,32609
,1.0000000000000016e-29,1.0000000000000016e-29,,,,32619
278,,,0.2818487882614136,,,32619
,1.0000000000000016e-29,1.0000000000000016e-29,,,,32629
278,,,0.2178843468427658,,,32629
,1.0000000000000016e-29,1.0000000000000016e-29,,,,32639
278,,,0.15474042296409607,,,32639
278,,,,72.56358337402344,72.62388610839844,32642
,1.0000000000000016e-29,1.0000000000000016e-29,,,,32649
279,,,0.2107248157262802,,,32649
,1.0000000000000016e-29,1.0000000000000016e-29,,,,32659
279,,,0.13210372626781464,,,32659
,1.0000000000000016e-29,1.0000000000000016e-29,,,,32669
279,,,0.21483120322227478,,,32669
,1.0000000000000016e-29,1.0000000000000016e-29,,,,32679
279,,,0.24793289601802826,,,32679
,1.0000000000000016e-29,1.0000000000000016e-29,,,,32689
279,,,0.17951838672161102,,,32689
,1.0000000000000016e-29,1.0000000000000016e-29,,,,32699
279,,,0.09678683429956436,,,32699
,1.0000000000000016e-29,1.0000000000000016e-29,,,,32709
279,,,0.3711104989051819,,,32709
,1.0000000000000016e-29,1.0000000000000016e-29,,,,32719
279,,,0.3512369990348816,,,32719
,1.0000000000000016e-29,1.0000000000000016e-29,,,,32729
279,,,0.14813250303268433,,,32729
,1.0000000000000016e-29,1.0000000000000016e-29,,,,32739
279,,,0.26523950695991516,,,32739
,1.0000000000000016e-29,1.0000000000000016e-29,,,,32749
279,,,0.2207704335451126,,,32749
,1.0000000000000016e-29,1.0000000000000016e-29,,,,32759
279,,,3.1620595455169678,,,32759
279,,,,72.56661224365234,72.62388610839844,32759
,1.0000000000000017e-30,1.0000000000000017e-30,,,,32769
280,,,0.1595468968153,,,32769
,1.0000000000000017e-30,1.0000000000000017e-30,,,,32779
280,,,0.17455345392227173,,,32779
,1.0000000000000017e-30,1.0000000000000017e-30,,,,32789
280,,,0.18809252977371216,,,32789
,1.0000000000000017e-30,1.0000000000000017e-30,,,,32799
280,,,0.25469261407852173,,,32799
,1.0000000000000017e-30,1.0000000000000017e-30,,,,32809
280,,,0.49123406410217285,,,32809
,1.0000000000000017e-30,1.0000000000000017e-30,,,,32819
280,,,0.19292494654655457,,,32819
,1.0000000000000017e-30,1.0000000000000017e-30,,,,32829
280,,,0.2937816381454468,,,32829
,1.0000000000000017e-30,1.0000000000000017e-30,,,,32839
280,,,0.211446151137352,,,32839
,1.0000000000000017e-30,1.0000000000000017e-30,,,,32849
280,,,0.37064898014068604,,,32849
,1.0000000000000017e-30,1.0000000000000017e-30,,,,32859
280,,,0.19173792004585266,,,32859
,1.0000000000000017e-30,1.0000000000000017e-30,,,,32869
280,,,0.130002960562706,,,32869
280,,,,72.8868179321289,73.03005981445312,32876
,1.0000000000000017e-30,1.0000000000000017e-30,,,,32879
281,,,0.21424859762191772,,,32879
,1.0000000000000017e-30,1.0000000000000017e-30,,,,32889
281,,,0.20183956623077393,,,32889
,1.0000000000000017e-30,1.0000000000000017e-30,,,,32899
281,,,0.2870190739631653,,,32899
,1.0000000000000017e-30,1.0000000000000017e-30,,,,32909
281,,,0.3712345361709595,,,32909
,1.0000000000000017e-30,1.0000000000000017e-30,,,,32919
281,,,0.24659332633018494,,,32919
,1.0000000000000017e-30,1.0000000000000017e-30,,,,32929
281,,,0.16673576831817627,,,32929
,1.0000000000000017e-30,1.0000000000000017e-30,,,,32939
281,,,0.20524683594703674,,,32939
,1.0000000000000017e-30,1.0000000000000017e-30,,,,32949
281,,,0.3293800354003906,,,32949
,1.0000000000000017e-30,1.0000000000000017e-30,,,,32959
281,,,0.1462949514389038,,,32959
,1.0000000000000017e-30,1.0000000000000017e-30,,,,32969
281,,,0.21548080444335938,,,32969
,1.0000000000000017e-30,1.0000000000000017e-30,,,,32979
281,,,0.28243547677993774,,,32979
,1.0000000000000017e-30,1.0000000000000017e-30,,,,32989
281,,,0.2828651964664459,,,32989
281,,,,72.51119995117188,72.54264831542969,32993
,1.0000000000000017e-30,1.0000000000000017e-30,,,,32999
282,,,0.6620815992355347,,,32999
,1.0000000000000017e-30,1.0000000000000017e-30,,,,33009
282,,,0.10549389570951462,,,33009
,1.0000000000000017e-30,1.0000000000000017e-30,,,,33019
282,,,0.19001421332359314,,,33019
,1.0000000000000017e-30,1.0000000000000017e-30,,,,33029
282,,,0.15968818962574005,,,33029
,1.0000000000000017e-30,1.0000000000000017e-30,,,,33039
282,,,0.2531159520149231,,,33039
,1.0000000000000017e-30,1.0000000000000017e-30,,,,33049
282,,,0.24155940115451813,,,33049
,1.0000000000000017e-30,1.0000000000000017e-30,,,,33059
282,,,0.08868782967329025,,,33059
,1.0000000000000017e-30,1.0000000000000017e-30,,,,33069
282,,,0.18333466351032257,,,33069
,1.0000000000000017e-30,1.0000000000000017e-30,,,,33079
282,,,0.1617128849029541,,,33079
,1.0000000000000017e-30,1.0000000000000017e-30,,,,33089
282,,,0.45043402910232544,,,33089
,1.0000000000000017e-30,1.0000000000000017e-30,,,,33099
282,,,0.49546366930007935,,,33099
,1.0000000000000017e-30,1.0000000000000017e-30,,,,33109
282,,,0.16082683205604553,,,33109
282,,,,72.60234832763672,72.70511627197266,33110
,1.0000000000000017e-30,1.0000000000000017e-30,,,,33119
283,,,0.30841684341430664,,,33119
,1.0000000000000017e-30,1.0000000000000017e-30,,,,33129
283,,,0.35271820425987244,,,33129
,1.0000000000000017e-30,1.0000000000000017e-30,,,,33139
283,,,0.10420497506856918,,,33139
,1.0000000000000017e-30,1.0000000000000017e-30,,,,33149
283,,,0.4180358648300171,,,33149
,1.0000000000000017e-30,1.0000000000000017e-30,,,,33159
283,,,0.17408043146133423,,,33159
,1.0000000000000017e-30,1.0000000000000017e-30,,,,33169
283,,,0.06792782247066498,,,33169
,1.0000000000000017e-30,1.0000000000000017e-30,,,,33179
283,,,0.1857706606388092,,,33179
,1.0000000000000017e-30,1.0000000000000017e-30,,,,33189
283,,,0.3309415280818939,,,33189
,1.0000000000000017e-30,1.0000000000000017e-30,,,,33199
283,,,0.22305792570114136,,,33199
,1.0000000000000017e-30,1.0000000000000017e-30,,,,33209
283,,,0.22210027277469635,,,33209
,1.0000000000000017e-30,1.0000000000000017e-30,,,,33219
283,,,0.27144718170166016,,,33219
283,,,,72.7870101928711,72.86758422851562,33227
,1.0000000000000017e-30,1.0000000000000017e-30,,,,33229
284,,,0.4406841993331909,,,33229
,1.0000000000000017e-30,1.0000000000000017e-30,,,,33239
284,,,0.305376261472702,,,33239
,1.0000000000000017e-30,1.0000000000000017e-30,,,,33249
284,,,0.18294236063957214,,,33249
,1.0000000000000017e-30,1.0000000000000017e-30,,,,33259
284,,,0.2840602397918701,,,33259
,1.0000000000000017e-30,1.0000000000000017e-30,,,,33269
284,,,0.07533717900514603,,,33269
,1.0000000000000017e-30,1.0000000000000017e-30,,,,33279
284,,,0.08070740103721619,,,33279
,1.0000000000000017e-30,1.0000000000000017e-30,,,,33289
284,,,0.2861236333847046,,,33289
,1.0000000000000017e-30,1.0000000000000017e-30,,,,33299
284,,,0.29555168747901917,,,33299
,1.0000000000000017e-30,1.0000000000000017e-30,,,,33309
284,,,0.09666095674037933,,,33309
,1.0000000000000017e-30,1.0000000000000017e-30,,,,33319
284,,,0.24992072582244873,,,33319
,1.0000000000000017e-30,1.0000000000000017e-30,,,,33329
284,,,0.3153097331523895,,,33329
,1.0000000000000017e-30,1.0000000000000017e-30,,,,33339
284,,,0.44933193922042847,,,33339
284,,,,72.64373016357422,72.7863540649414,33344
,1.0000000000000017e-30,1.0000000000000017e-30,,,,33349
285,,,0.39208877086639404,,,33349
,1.0000000000000017e-30,1.0000000000000017e-30,,,,33359
285,,,0.3472306728363037,,,33359
,1.0000000000000017e-30,1.0000000000000017e-30,,,,33369
285,,,0.2686436176300049,,,33369
,1.0000000000000017e-30,1.0000000000000017e-30,,,,33379
285,,,0.26792478561401367,,,33379
,1.0000000000000017e-30,1.0000000000000017e-30,,,,33389
285,,,0.17467640340328217,,,33389
,1.0000000000000017e-30,1.0000000000000017e-30,,,,33399
285,,,0.20306187868118286,,,33399
,1.0000000000000017e-30,1.0000000000000017e-30,,,,33409
285,,,0.48368561267852783,,,33409
,1.0000000000000017e-30,1.0000000000000017e-30,,,,33419
285,,,0.19670595228672028,,,33419
,1.0000000000000017e-30,1.0000000000000017e-30,,,,33429
285,,,0.23396223783493042,,,33429
,1.0000000000000017e-30,1.0000000000000017e-30,,,,33439
285,,,0.24420887231826782,,,33439
,1.0000000000000017e-30,1.0000000000000017e-30,,,,33449
285,,,0.1807265430688858,,,33449
,1.0000000000000017e-30,1.0000000000000017e-30,,,,33459
285,,,0.4803624451160431,,,33459
285,,,,72.26470947265625,72.38018035888672,33461
,1.0000000000000017e-30,1.0000000000000017e-30,,,,33469
286,,,0.5311502814292908,,,33469
,1.0000000000000017e-30,1.0000000000000017e-30,,,,33479
286,,,0.34297123551368713,,,33479
,1.0000000000000017e-30,1.0000000000000017e-30,,,,33489
286,,,0.373108446598053,,,33489
,1.0000000000000017e-30,1.0000000000000017e-30,,,,33499
286,,,0.1813373565673828,,,33499
,1.0000000000000017e-30,1.0000000000000017e-30,,,,33509
286,,,0.1617705076932907,,,33509
,1.0000000000000017e-30,1.0000000000000017e-30,,,,33519
286,,,0.5172147750854492,,,33519
,1.0000000000000017e-30,1.0000000000000017e-30,,,,33529
286,,,0.410076379776001,,,33529
,1.0000000000000017e-30,1.0000000000000017e-30,,,,33539
286,,,0.285293847322464,,,33539
,1.0000000000000017e-30,1.0000000000000017e-30,,,,33549
286,,,0.2123669683933258,,,33549
,1.0000000000000017e-30,1.0000000000000017e-30,,,,33559
286,,,0.1983998417854309,,,33559
,1.0000000000000017e-30,1.0000000000000017e-30,,,,33569
286,,,0.20322291553020477,,,33569
286,,,,73.33084869384766,73.43623352050781,33578
,1.0000000000000017e-30,1.0000000000000017e-30,,,,33579
287,,,0.18421918153762817,,,33579
,1.0000000000000017e-30,1.0000000000000017e-30,,,,33589
287,,,0.2787480354309082,,,33589
,1.0000000000000017e-30,1.0000000000000017e-30,,,,33599
287,,,0.11132416129112244,,,33599
,1.0000000000000017e-30,1.0000000000000017e-30,,,,33609
287,,,0.273557186126709,,,33609
,1.0000000000000017e-30,1.0000000000000017e-30,,,,33619
287,,,0.2367197573184967,,,33619
,1.0000000000000017e-30,1.0000000000000017e-30,,,,33629
287,,,0.40354642271995544,,,33629
,1.0000000000000017e-30,1.0000000000000017e-30,,,,33639
287,,,0.28913092613220215,,,33639
,1.0000000000000017e-30,1.0000000000000017e-30,,,,33649
287,,,0.10494358837604523,,,33649
,1.0000000000000017e-30,1.0000000000000017e-30,,,,33659
287,,,0.3849033713340759,,,33659
,1.0000000000000017e-30,1.0000000000000017e-30,,,,33669
287,,,0.20077887177467346,,,33669
,1.0000000000000017e-30,1.0000000000000017e-30,,,,33679
287,,,0.06789685040712357,,,33679
,1.0000000000000017e-30,1.0000000000000017e-30,,,,33689
287,,,0.25420475006103516,,,33689
287,,,,73.2302474975586,73.35499572753906,33695
,1.0000000000000017e-30,1.0000000000000017e-30,,,,33699
288,,,0.3841806650161743,,,33699
,1.0000000000000017e-30,1.0000000000000017e-30,,,,33709
288,,,0.24222923815250397,,,33709
,1.0000000000000017e-30,1.0000000000000017e-30,,,,33719
288,,,0.25393176078796387,,,33719
,1.0000000000000017e-30,1.0000000000000017e-30,,,,33729
288,,,0.39614710211753845,,,33729
,1.0000000000000017e-30,1.0000000000000017e-30,,,,33739
288,,,0.22446857392787933,,,33739
,1.0000000000000017e-30,1.0000000000000017e-30,,,,33749
288,,,0.25496065616607666,,,33749
,1.0000000000000017e-30,1.0000000000000017e-30,,,,33759
288,,,0.24885855615139008,,,33759
,1.0000000000000017e-30,1.0000000000000017e-30,,,,33769
288,,,0.32629454135894775,,,33769
,1.0000000000000017e-30,1.0000000000000017e-30,,,,33779
288,,,0.27632948756217957,,,33779
,1.0000000000000017e-30,1.0000000000000017e-30,,,,33789
288,,,0.32377925515174866,,,33789
,1.0000000000000017e-30,1.0000000000000017e-30,,,,33799
288,,,0.41717520356178284,,,33799
,1.0000000000000017e-30,1.0000000000000017e-30,,,,33809
288,,,0.2555665373802185,,,33809
288,,,,72.68425750732422,72.7863540649414,33812
,1.0000000000000017e-30,1.0000000000000017e-30,,,,33819
289,,,0.2811398208141327,,,33819
,1.0000000000000017e-30,1.0000000000000017e-30,,,,33829
289,,,0.3370484709739685,,,33829
,1.0000000000000017e-30,1.0000000000000017e-30,,,,33839
289,,,0.25855207443237305,,,33839
,1.0000000000000017e-30,1.0000000000000017e-30,,,,33849
289,,,0.295467734336853,,,33849
,1.0000000000000017e-30,1.0000000000000017e-30,,,,33859
289,,,0.09427688270807266,,,33859
,1.0000000000000017e-30,1.0000000000000017e-30,,,,33869
289,,,0.1719803512096405,,,33869
,1.0000000000000017e-30,1.0000000000000017e-30,,,,33879
289,,,0.35577505826950073,,,33879
,1.0000000000000017e-30,1.0000000000000017e-30,,,,33889
289,,,0.2716883420944214,,,33889
,1.0000000000000017e-30,1.0000000000000017e-30,,,,33899
289,,,0.15068304538726807,,,33899
,1.0000000000000017e-30,1.0000000000000017e-30,,,,33909
289,,,0.09912001341581345,,,33909
,1.0000000000000017e-30,1.0000000000000017e-30,,,,33919
289,,,0.3041333258152008,,,33919
,1.0000000000000017e-30,1.0000000000000017e-30,,,,33929
289,,,2.159512996673584,,,33929
289,,,,72.58507537841797,72.70511627197266,33929
,1.0000000000000016e-31,1.0000000000000016e-31,,,,33939
290,,,0.4852392077445984,,,33939
,1.0000000000000016e-31,1.0000000000000016e-31,,,,33949
290,,,0.3042294383049011,,,33949
,1.0000000000000016e-31,1.0000000000000016e-31,,,,33959
290,,,0.16718193888664246,,,33959
,1.0000000000000016e-31,1.0000000000000016e-31,,,,33969
290,,,0.3201688826084137,,,33969
,1.0000000000000016e-31,1.0000000000000016e-31,,,,33979
290,,,0.13996894657611847,,,33979
,1.0000000000000016e-31,1.0000000000000016e-31,,,,33989
290,,,0.29429733753204346,,,33989
,1.0000000000000016e-31,1.0000000000000016e-31,,,,33999
290,,,0.5276181101799011,,,33999
,1.0000000000000016e-31,1.0000000000000016e-31,,,,34009
290,,,0.23129279911518097,,,34009
,1.0000000000000016e-31,1.0000000000000016e-31,,,,34019
290,,,0.18863390386104584,,,34019
,1.0000000000000016e-31,1.0000000000000016e-31,,,,34029
290,,,0.18680083751678467,,,34029
,1.0000000000000016e-31,1.0000000000000016e-31,,,,34039
290,,,0.23549848794937134,,,34039
290,,,,72.781005859375,72.86758422851562,34046
,1.0000000000000016e-31,1.0000000000000016e-31,,,,34049
291,,,0.29253950715065,,,34049
,1.0000000000000016e-31,1.0000000000000016e-31,,,,34059
291,,,0.25660985708236694,,,34059
,1.0000000000000016e-31,1.0000000000000016e-31,,,,34069
291,,,0.38601168990135193,,,34069
,1.0000000000000016e-31,1.0000000000000016e-31,,,,34079
291,,,0.5020410418510437,,,34079
,1.0000000000000016e-31,1.0000000000000016e-31,,,,34089
291,,,0.3201209306716919,,,34089
,1.0000000000000016e-31,1.0000000000000016e-31,,,,34099
291,,,0.4913046956062317,,,34099
,1.0000000000000016e-31,1.0000000000000016e-31,,,,34109
291,,,0.2776155471801758,,,34109
,1.0000000000000016e-31,1.0000000000000016e-31,,,,34119
291,,,0.27047619223594666,,,34119
,1.0000000000000016e-31,1.0000000000000016e-31,,,,34129
291,,,0.16336971521377563,,,34129
,1.0000000000000016e-31,1.0000000000000016e-31,,,,34139
291,,,0.1290438324213028,,,34139
,1.0000000000000016e-31,1.0000000000000016e-31,,,,34149
291,,,0.06384648382663727,,,34149
,1.0000000000000016e-31,1.0000000000000016e-31,,,,34159
291,,,0.4654540419578552,,,34159
291,,,,72.2215576171875,72.29894256591797,34163
,1.0000000000000016e-31,1.0000000000000016e-31,,,,34169
292,,,0.2899607717990875,,,34169
,1.0000000000000016e-31,1.0000000000000016e-31,,,,34179
292,,,0.2002171277999878,,,34179
,1.0000000000000016e-31,1.0000000000000016e-31,,,,34189
292,,,0.20842228829860687,,,34189
,1.0000000000000016e-31,1.0000000000000016e-31,,,,34199
292,,,0.25351977348327637,,,34199
,1.0000000000000016e-31,1.0000000000000016e-31,,,,34209
292,,,0.23295709490776062,,,34209
,1.0000000000000016e-31,1.0000000000000016e-31,,,,34219
292,,,0.3241134583950043,,,34219
,1.0000000000000016e-31,1.0000000000000016e-31,,,,34229
292,,,0.3585262596607208,,,34229
,1.0000000000000016e-31,1.0000000000000016e-31,,,,34239
292,,,0.20364585518836975,,,34239
,1.0000000000000016e-31,1.0000000000000016e-31,,,,34249
292,,,0.27741938829421997,,,34249
,1.0000000000000016e-31,1.0000000000000016e-31,,,,34259
292,,,0.2354125678539276,,,34259
,1.0000000000000016e-31,1.0000000000000016e-31,,,,34269
292,,,0.3012387156486511,,,34269
,1.0000000000000016e-31,1.0000000000000016e-31,,,,34279
292,,,0.198929101228714,,,34279
292,,,,72.75567626953125,72.7863540649414,34280
,1.0000000000000016e-31,1.0000000000000016e-31,,,,34289
293,,,0.06423422694206238,,,34289
,1.0000000000000016e-31,1.0000000000000016e-31,,,,34299
293,,,0.3621540665626526,,,34299
,1.0000000000000016e-31,1.0000000000000016e-31,,,,34309
293,,,0.21223503351211548,,,34309
,1.0000000000000016e-31,1.0000000000000016e-31,,,,34319
293,,,0.31646886467933655,,,34319
,1.0000000000000016e-31,1.0000000000000016e-31,,,,34329
293,,,0.24227066338062286,,,34329
,1.0000000000000016e-31,1.0000000000000016e-31,,,,34339
293,,,0.1313297599554062,,,34339
,1.0000000000000016e-31,1.0000000000000016e-31,,,,34349
293,,,0.18859067559242249,,,34349
,1.0000000000000016e-31,1.0000000000000016e-31,,,,34359
293,,,0.23667581379413605,,,34359
,1.0000000000000016e-31,1.0000000000000016e-31,,,,34369
293,,,0.29060930013656616,,,34369
,1.0000000000000016e-31,1.0000000000000016e-31,,,,34379
293,,,0.15343987941741943,,,34379
,1.0000000000000016e-31,1.0000000000000016e-31,,,,34389
293,,,0.14415094256401062,,,34389
293,,,,73.47573852539062,73.51746368408203,34397
,1.0000000000000016e-31,1.0000000000000016e-31,,,,34399
294,,,0.21031640470027924,,,34399
,1.0000000000000016e-31,1.0000000000000016e-31,,,,34409
294,,,0.28012025356292725,,,34409
,1.0000000000000016e-31,1.0000000000000016e-31,,,,34419
294,,,0.18300296366214752,,,34419
,1.0000000000000016e-31,1.0000000000000016e-31,,,,34429
294,,,0.11451765894889832,,,34429
,1.0000000000000016e-31,1.0000000000000016e-31,,,,34439
294,,,0.3257930278778076,,,34439
,1.0000000000000016e-31,1.0000000000000016e-31,,,,34449
294,,,0.15682297945022583,,,34449
,1.0000000000000016e-31,1.0000000000000016e-31,,,,34459
294,,,0.16739457845687866,,,34459
,1.0000000000000016e-31,1.0000000000000016e-31,,,,34469
294,,,0.20903700590133667,,,34469
,1.0000000000000016e-31,1.0000000000000016e-31,,,,34479
294,,,0.31160539388656616,,,34479
,1.0000000000000016e-31,1.0000000000000016e-31,,,,34489
294,,,0.306580513715744,,,34489
,1.0000000000000016e-31,1.0000000000000016e-31,,,,34499
294,,,0.15609323978424072,,,34499
,1.0000000000000016e-31,1.0000000000000016e-31,,,,34509
294,,,0.19888539612293243,,,34509
294,,,,72.95343780517578,73.03005981445312,34514
,1.0000000000000016e-31,1.0000000000000016e-31,,,,34519
295,,,0.10693437606096268,,,34519
,1.0000000000000016e-31,1.0000000000000016e-31,,,,34529
295,,,0.06116708740592003,,,34529
,1.0000000000000016e-31,1.0000000000000016e-31,,,,34539
295,,,0.3659895956516266,,,34539
,1.0000000000000016e-31,1.0000000000000016e-31,,,,34549
295,,,0.1195090115070343,,,34549
,1.0000000000000016e-31,1.0000000000000016e-31,,,,34559
295,,,0.33879634737968445,,,34559
,1.0000000000000016e-31,1.0000000000000016e-31,,,,34569
295,,,0.3187464475631714,,,34569
,1.0000000000000016e-31,1.0000000000000016e-31,,,,34579
295,,,0.41984832286834717,,,34579
,1.0000000000000016e-31,1.0000000000000016e-31,,,,34589
295,,,0.40452226996421814,,,34589
,1.0000000000000016e-31,1.0000000000000016e-31,,,,34599
295,,,0.32824552059173584,,,34599
,1.0000000000000016e-31,1.0000000000000016e-31,,,,34609
295,,,0.29299676418304443,,,34609
,1.0000000000000016e-31,1.0000000000000016e-31,,,,34619
295,,,0.24631834030151367,,,34619
,1.0000000000000016e-31,1.0000000000000016e-31,,,,34629
295,,,0.23533353209495544,,,34629
295,,,,73.4922103881836,73.59870147705078,34631
,1.0000000000000016e-31,1.0000000000000016e-31,,,,34639
296,,,0.1103350967168808,,,34639
,1.0000000000000016e-31,1.0000000000000016e-31,,,,34649
296,,,0.1349940299987793,,,34649
,1.0000000000000016e-31,1.0000000000000016e-31,,,,34659
296,,,0.2883133292198181,,,34659
,1.0000000000000016e-31,1.0000000000000016e-31,,,,34669
296,,,0.23067228496074677,,,34669
,1.0000000000000016e-31,1.0000000000000016e-31,,,,34679
296,,,0.2230255901813507,,,34679
,1.0000000000000016e-31,1.0000000000000016e-31,,,,34689
296,,,0.1553952395915985,,,34689
,1.0000000000000016e-31,1.0000000000000016e-31,,,,34699
296,,,0.20303747057914734,,,34699
,1.0000000000000016e-31,1.0000000000000016e-31,,,,34709
296,,,0.2464878261089325,,,34709
,1.0000000000000016e-31,1.0000000000000016e-31,,,,34719
296,,,0.1377207636833191,,,34719
,1.0000000000000016e-31,1.0000000000000016e-31,,,,34729
296,,,0.25155067443847656,,,34729
,1.0000000000000016e-31,1.0000000000000016e-31,,,,34739
296,,,0.10860190540552139,,,34739
296,,,,73.31958770751953,73.43623352050781,34748
,1.0000000000000016e-31,1.0000000000000016e-31,,,,34749
297,,,0.2343091368675232,,,34749
,1.0000000000000016e-31,1.0000000000000016e-31,,,,34759
297,,,0.13871383666992188,,,34759
,1.0000000000000016e-31,1.0000000000000016e-31,,,,34769
297,,,0.10819367319345474,,,34769
,1.0000000000000016e-31,1.0000000000000016e-31,,,,34779
297,,,0.16767531633377075,,,34779
,1.0000000000000016e-31,1.0000000000000016e-31,,,,34789
297,,,0.4320329427719116,,,34789
,1.0000000000000016e-31,1.0000000000000016e-31,,,,34799
297,,,0.18262067437171936,,,34799
,1.0000000000000016e-31,1.0000000000000016e-31,,,,34809
297,,,0.238594189286232,,,34809
,1.0000000000000016e-31,1.0000000000000016e-31,,,,34819
297,,,0.08323836326599121,,,34819
,1.0000000000000016e-31,1.0000000000000016e-31,,,,34829
297,,,0.42115670442581177,,,34829
,1.0000000000000016e-31,1.0000000000000016e-31,,,,34839
297,,,0.5317455530166626,,,34839
,1.0000000000000016e-31,1.0000000000000016e-31,,,,34849
297,,,0.14756233990192413,,,34849
,1.0000000000000016e-31,1.0000000000000016e-31,,,,34859
297,,,0.3751702904701233,,,34859
297,,,,72.77236938476562,72.86758422851562,34865
,1.0000000000000016e-31,1.0000000000000016e-31,,,,34869
298,,,0.1742275059223175,,,34869
,1.0000000000000016e-31,1.0000000000000016e-31,,,,34879
298,,,0.16938796639442444,,,34879
,1.0000000000000016e-31,1.0000000000000016e-31,,,,34889
298,,,0.26134878396987915,,,34889
,1.0000000000000016e-31,1.0000000000000016e-31,,,,34899
298,,,0.18714919686317444,,,34899
,1.0000000000000016e-31,1.0000000000000016e-31,,,,34909
298,,,0.1297185719013214,,,34909
,1.0000000000000016e-31,1.0000000000000016e-31,,,,34919
298,,,0.20070798695087433,,,34919
,1.0000000000000016e-31,1.0000000000000016e-31,,,,34929
298,,,0.2531053423881531,,,34929
,1.0000000000000016e-31,1.0000000000000016e-31,,,,34939
298,,,0.2750466465950012,,,34939
,1.0000000000000016e-31,1.0000000000000016e-31,,,,34949
298,,,0.25928938388824463,,,34949
,1.0000000000000016e-31,1.0000000000000016e-31,,,,34959
298,,,0.2771877944469452,,,34959
,1.0000000000000016e-31,1.0000000000000016e-31,,,,34969
298,,,0.21103978157043457,,,34969
,1.0000000000000016e-31,1.0000000000000016e-31,,,,34979
298,,,0.33874547481536865,,,34979
298,,,,71.84695434570312,71.89276885986328,34982
,1.0000000000000016e-31,1.0000000000000016e-31,,,,34989
299,,,0.10979287326335907,,,34989
,1.0000000000000016e-31,1.0000000000000016e-31,,,,34999
299,,,0.15579254925251007,,,34999
,1.0000000000000016e-31,1.0000000000000016e-31,,,,35009
299,,,0.26044344902038574,,,35009
,1.0000000000000016e-31,1.0000000000000016e-31,,,,35019
299,,,0.2724249064922333,,,35019
,1.0000000000000016e-31,1.0000000000000016e-31,,,,35029
299,,,0.16100254654884338,,,35029
,1.0000000000000016e-31,1.0000000000000016e-31,,,,35039
299,,,0.12135080248117447,,,35039
,1.0000000000000016e-31,1.0000000000000016e-31,,,,35049
299,,,0.10350165516138077,,,35049
,1.0000000000000016e-31,1.0000000000000016e-31,,,,35059
299,,,0.19239692389965057,,,35059
,1.0000000000000016e-31,1.0000000000000016e-31,,,,35069
299,,,0.16231633722782135,,,35069
,1.0000000000000016e-31,1.0000000000000016e-31,,,,35079
299,,,0.4791877269744873,,,35079
,1.0000000000000016e-31,1.0000000000000016e-31,,,,35089
299,,,0.26755112409591675,,,35089
,1.0000000000000016e-31,1.0000000000000016e-31,,,,35099
299,,,3.081996440887451,,,35099
299,,,,72.26449584960938,72.29894256591797,35099
