path,label,classification
weasel_0628.jpg,weasel,4
weasel_0868.jpg,weasel,4
weasel_0844.jpg,weasel,4
pinemarten_0788.jpg,pinemarten,1
pinemarten_0069.jpg,pinemarten,1
pinemarten_0319.jpg,pinemarten,1
mink_0496.jpg,mink,0
stoat_0458.jpg,stoat,3
polecat_0265.jpg,polecat,2
pinemarten_0099.jpg,pinemarten,1
pinemarten_0733.jpg,pinemarten,1
pinemarten_0683.jpg,pinemarten,1
mink_0465.jpg,mink,0
polecat_0102.jpg,polecat,2
polecat_0569.jpg,polecat,2
mink_0686.jpg,mink,0
stoat_0245.jpg,stoat,3
weasel_0281.jpg,weasel,4
pinemarten_0575.jpg,pinemarten,1
weasel_0966.jpg,weasel,4
weasel_0554.jpg,weasel,4
stoat_0325.jpg,stoat,3
mink_0319.jpg,mink,0
polecat_0944.jpg,polecat,2
stoat_0300.jpg,stoat,3
polecat_0348.jpg,polecat,2
pinemarten_0506.jpg,pinemarten,1
mink_0601.jpg,mink,0
weasel_0722.jpg,weasel,4
pinemarten_0160.jpg,pinemarten,1
pinemarten_0345.jpg,pinemarten,1
weasel_0125.jpg,weasel,4
mink_0596.jpg,mink,0
stoat_0322.jpg,stoat,3
stoat_0470.jpg,stoat,3
polecat_0831.jpg,polecat,2
mink_0718.jpg,mink,0
pinemarten_0843.jpg,pinemarten,1
weasel_0930.jpg,weasel,4
mink_0410.jpg,mink,0
weasel_0146.jpg,weasel,4
pinemarten_0643.jpg,pinemarten,1
weasel_0463.jpg,weasel,4
weasel_0103.jpg,weasel,4
mink_0014.jpg,mink,0
weasel_0272.jpg,weasel,4
stoat_0589.jpg,stoat,3
mink_0692.jpg,mink,0
polecat_0285.jpg,polecat,2
mink_0549.jpg,mink,0
stoat_0234.jpg,stoat,3
pinemarten_0141.jpg,pinemarten,1
polecat_0894.jpg,polecat,2
weasel_0829.jpg,weasel,4
weasel_0230.jpg,weasel,4
mink_0126.jpg,mink,0
weasel_0970.jpg,weasel,4
stoat_0745.jpg,stoat,3
pinemarten_0876.jpg,pinemarten,1
mink_0802.jpg,mink,0
polecat_0027.jpg,polecat,2
mink_0685.jpg,mink,0
weasel_0677.jpg,weasel,4
weasel_0637.jpg,weasel,4
polecat_0522.jpg,polecat,2
pinemarten_0117.jpg,pinemarten,1
pinemarten_0387.jpg,pinemarten,1
mink_0888.jpg,mink,0
stoat_0567.jpg,stoat,3
stoat_0935.jpg,stoat,3
mink_0020.jpg,mink,0
polecat_0481.jpg,polecat,2
mink_0497.jpg,mink,0
weasel_0689.jpg,weasel,4
weasel_0571.jpg,weasel,4
stoat_0343.jpg,stoat,3
polecat_0503.jpg,polecat,2
stoat_0955.jpg,stoat,3
polecat_0634.jpg,polecat,2
mink_0965.jpg,mink,0
polecat_0079.jpg,polecat,2
polecat_0543.jpg,polecat,2
mink_0206.jpg,mink,0
mink_0545.jpg,mink,0
weasel_0563.jpg,weasel,4
stoat_0016.jpg,stoat,3
weasel_0617.jpg,weasel,4
pinemarten_0426.jpg,pinemarten,1
pinemarten_0518.jpg,pinemarten,1
stoat_0069.jpg,stoat,3
mink_0481.jpg,mink,0
polecat_0856.jpg,polecat,2
mink_0314.jpg,mink,0
weasel_0643.jpg,weasel,4
polecat_0139.jpg,polecat,2
pinemarten_0253.jpg,pinemarten,1
polecat_0951.jpg,polecat,2
pinemarten_0486.jpg,pinemarten,1
pinemarten_0859.jpg,pinemarten,1
pinemarten_0126.jpg,pinemarten,1
polecat_0629.jpg,polecat,2
stoat_0212.jpg,stoat,3
pinemarten_0598.jpg,pinemarten,1
mink_0235.jpg,mink,0
pinemarten_0321.jpg,pinemarten,1
weasel_0361.jpg,weasel,4
mink_0800.jpg,mink,0
weasel_0936.jpg,weasel,4
pinemarten_0651.jpg,pinemarten,1
pinemarten_0043.jpg,pinemarten,1
weasel_0161.jpg,weasel,4
weasel_0036.jpg,weasel,4
polecat_0784.jpg,polecat,2
polecat_0113.jpg,polecat,2
polecat_0918.jpg,polecat,2
pinemarten_0638.jpg,pinemarten,1
weasel_0209.jpg,weasel,4
stoat_0333.jpg,stoat,3
stoat_0191.jpg,stoat,3
mink_0115.jpg,mink,0
pinemarten_0271.jpg,pinemarten,1
stoat_0696.jpg,stoat,3
polecat_0363.jpg,polecat,2
mink_0638.jpg,mink,0
mink_0528.jpg,mink,0
weasel_0180.jpg,weasel,4
stoat_0436.jpg,stoat,3
mink_0079.jpg,mink,0
mink_0710.jpg,mink,0
stoat_0331.jpg,stoat,3
pinemarten_0640.jpg,pinemarten,1
pinemarten_0735.jpg,pinemarten,1
pinemarten_0258.jpg,pinemarten,1
stoat_0209.jpg,stoat,3
weasel_0746.jpg,weasel,4
stoat_0421.jpg,stoat,3
pinemarten_0155.jpg,pinemarten,1
stoat_0678.jpg,stoat,3
weasel_0983.jpg,weasel,4
pinemarten_0346.jpg,pinemarten,1
stoat_0636.jpg,stoat,3
pinemarten_0381.jpg,pinemarten,1
polecat_0169.jpg,polecat,2
pinemarten_0915.jpg,pinemarten,1
weasel_0364.jpg,weasel,4
stoat_0900.jpg,stoat,3
mink_0690.jpg,mink,0
pinemarten_0442.jpg,pinemarten,1
polecat_0808.jpg,polecat,2
pinemarten_0236.jpg,pinemarten,1
mink_0914.jpg,mink,0
mink_0824.jpg,mink,0
stoat_0155.jpg,stoat,3
pinemarten_0397.jpg,pinemarten,1
weasel_0283.jpg,weasel,4
weasel_0770.jpg,weasel,4
mink_0286.jpg,mink,0
pinemarten_0695.jpg,pinemarten,1
polecat_0206.jpg,polecat,2
mink_0178.jpg,mink,0
pinemarten_0897.jpg,pinemarten,1
polecat_0582.jpg,polecat,2
stoat_0108.jpg,stoat,3
weasel_0411.jpg,weasel,4
weasel_0567.jpg,weasel,4
weasel_0961.jpg,weasel,4
mink_0852.jpg,mink,0
pinemarten_0562.jpg,pinemarten,1
polecat_0198.jpg,polecat,2
weasel_0278.jpg,weasel,4
polecat_0558.jpg,polecat,2
stoat_0312.jpg,stoat,3
weasel_0350.jpg,weasel,4
mink_0112.jpg,mink,0
stoat_0330.jpg,stoat,3
stoat_0959.jpg,stoat,3
weasel_0663.jpg,weasel,4
pinemarten_0868.jpg,pinemarten,1
weasel_0012.jpg,weasel,4
mink_0092.jpg,mink,0
stoat_0830.jpg,stoat,3
pinemarten_0019.jpg,pinemarten,1
mink_0862.jpg,mink,0
pinemarten_0944.jpg,pinemarten,1
polecat_0983.jpg,polecat,2
polecat_0802.jpg,polecat,2
mink_0068.jpg,mink,0
polecat_0005.jpg,polecat,2
polecat_0300.jpg,polecat,2
polecat_0015.jpg,polecat,2
mink_0607.jpg,mink,0
pinemarten_0644.jpg,pinemarten,1
polecat_0147.jpg,polecat,2
polecat_0201.jpg,polecat,2
polecat_0504.jpg,polecat,2
mink_0542.jpg,mink,0
polecat_0494.jpg,polecat,2
mink_0099.jpg,mink,0
polecat_0033.jpg,polecat,2
stoat_0306.jpg,stoat,3
weasel_0849.jpg,weasel,4
stoat_0360.jpg,stoat,3
polecat_0397.jpg,polecat,2
weasel_0212.jpg,weasel,4
mink_0990.jpg,mink,0
polecat_0099.jpg,polecat,2
weasel_0531.jpg,weasel,4
mink_0903.jpg,mink,0
weasel_0415.jpg,weasel,4
stoat_0653.jpg,stoat,3
mink_0463.jpg,mink,0
pinemarten_0991.jpg,pinemarten,1
pinemarten_0365.jpg,pinemarten,1
stoat_0225.jpg,stoat,3
polecat_0925.jpg,polecat,2
pinemarten_0427.jpg,pinemarten,1
stoat_0628.jpg,stoat,3
stoat_0823.jpg,stoat,3
mink_0375.jpg,mink,0
polecat_0646.jpg,polecat,2
polecat_0713.jpg,polecat,2
weasel_0526.jpg,weasel,4
weasel_0633.jpg,weasel,4
weasel_0401.jpg,weasel,4
polecat_0803.jpg,polecat,2
pinemarten_0744.jpg,pinemarten,1
stoat_0765.jpg,stoat,3
mink_0500.jpg,mink,0
mink_0271.jpg,mink,0
polecat_0325.jpg,polecat,2
weasel_0294.jpg,weasel,4
pinemarten_0675.jpg,pinemarten,1
weasel_0370.jpg,weasel,4
pinemarten_0403.jpg,pinemarten,1
pinemarten_0204.jpg,pinemarten,1
stoat_0697.jpg,stoat,3
stoat_0247.jpg,stoat,3
stoat_0669.jpg,stoat,3
polecat_0041.jpg,polecat,2
pinemarten_0051.jpg,pinemarten,1
weasel_0257.jpg,weasel,4
weasel_0905.jpg,weasel,4
pinemarten_0526.jpg,pinemarten,1
pinemarten_0723.jpg,pinemarten,1
mink_0684.jpg,mink,0
weasel_0749.jpg,weasel,4
mink_0164.jpg,mink,0
weasel_0061.jpg,weasel,4
polecat_0496.jpg,polecat,2
mink_0754.jpg,mink,0
stoat_0229.jpg,stoat,3
weasel_0163.jpg,weasel,4
pinemarten_0316.jpg,pinemarten,1
pinemarten_0540.jpg,pinemarten,1
mink_0342.jpg,mink,0
mink_0392.jpg,mink,0
stoat_0060.jpg,stoat,3
stoat_0460.jpg,stoat,3
weasel_0842.jpg,weasel,4
polecat_0525.jpg,polecat,2
pinemarten_0038.jpg,pinemarten,1
weasel_0495.jpg,weasel,4
pinemarten_0672.jpg,pinemarten,1
weasel_0024.jpg,weasel,4
polecat_0562.jpg,polecat,2
polecat_0234.jpg,polecat,2
pinemarten_0702.jpg,pinemarten,1
polecat_0035.jpg,polecat,2
mink_0385.jpg,mink,0
mink_0801.jpg,mink,0
stoat_0953.jpg,stoat,3
weasel_0734.jpg,weasel,4
pinemarten_0060.jpg,pinemarten,1
stoat_0581.jpg,stoat,3
polecat_0025.jpg,polecat,2
pinemarten_0310.jpg,pinemarten,1
weasel_0352.jpg,weasel,4
stoat_0392.jpg,stoat,3
polecat_0819.jpg,polecat,2
pinemarten_0811.jpg,pinemarten,1
weasel_0170.jpg,weasel,4
mink_0560.jpg,mink,0
weasel_0655.jpg,weasel,4
mink_0893.jpg,mink,0
weasel_0662.jpg,weasel,4
stoat_0595.jpg,stoat,3
stoat_0545.jpg,stoat,3
pinemarten_0905.jpg,pinemarten,1
stoat_0280.jpg,stoat,3
stoat_0477.jpg,stoat,3
stoat_0681.jpg,stoat,3
stoat_0836.jpg,stoat,3
pinemarten_0438.jpg,pinemarten,1
polecat_0197.jpg,polecat,2
stoat_0706.jpg,stoat,3
mink_0989.jpg,mink,0
pinemarten_0261.jpg,pinemarten,1
mink_0111.jpg,mink,0
stoat_0992.jpg,stoat,3
stoat_0774.jpg,stoat,3
weasel_0577.jpg,weasel,4
pinemarten_0044.jpg,pinemarten,1
stoat_0451.jpg,stoat,3
polecat_0287.jpg,polecat,2
pinemarten_0484.jpg,pinemarten,1
stoat_0712.jpg,stoat,3
mink_0840.jpg,mink,0
polecat_0715.jpg,polecat,2
weasel_0325.jpg,weasel,4
weasel_0164.jpg,weasel,4
weasel_0304.jpg,weasel,4
mink_0732.jpg,mink,0
weasel_0641.jpg,weasel,4
stoat_0346.jpg,stoat,3
mink_0170.jpg,mink,0
pinemarten_0696.jpg,pinemarten,1
stoat_0153.jpg,stoat,3
polecat_0148.jpg,polecat,2
mink_0265.jpg,mink,0
pinemarten_0630.jpg,pinemarten,1
pinemarten_0228.jpg,pinemarten,1
weasel_0176.jpg,weasel,4
polecat_0210.jpg,polecat,2
mink_0501.jpg,mink,0
weasel_0968.jpg,weasel,4
polecat_0759.jpg,polecat,2
weasel_0587.jpg,weasel,4
pinemarten_0500.jpg,pinemarten,1
polecat_0511.jpg,polecat,2
polecat_0075.jpg,polecat,2
stoat_0869.jpg,stoat,3
weasel_0919.jpg,weasel,4
stoat_0970.jpg,stoat,3
stoat_0064.jpg,stoat,3
polecat_0389.jpg,polecat,2
polecat_0685.jpg,polecat,2
mink_0878.jpg,mink,0
mink_0920.jpg,mink,0
polecat_0251.jpg,polecat,2
mink_0869.jpg,mink,0
stoat_0001.jpg,stoat,3
pinemarten_0844.jpg,pinemarten,1
polecat_0760.jpg,polecat,2
mink_0694.jpg,mink,0
weasel_0245.jpg,weasel,4
weasel_0011.jpg,weasel,4
pinemarten_0513.jpg,pinemarten,1
polecat_0956.jpg,polecat,2
polecat_0555.jpg,polecat,2
polecat_0970.jpg,polecat,2
stoat_0768.jpg,stoat,3
pinemarten_0283.jpg,pinemarten,1
mink_0291.jpg,mink,0
weasel_0148.jpg,weasel,4
mink_0337.jpg,mink,0
polecat_0090.jpg,polecat,2
pinemarten_0020.jpg,pinemarten,1
pinemarten_0608.jpg,pinemarten,1
stoat_0337.jpg,stoat,3
stoat_0133.jpg,stoat,3
mink_0078.jpg,mink,0
polecat_0255.jpg,polecat,2
weasel_0205.jpg,weasel,4
stoat_0742.jpg,stoat,3
stoat_0879.jpg,stoat,3
polecat_0442.jpg,polecat,2
polecat_0538.jpg,polecat,2
mink_0036.jpg,mink,0
stoat_1000.jpg,stoat,3
polecat_0639.jpg,polecat,2
stoat_0833.jpg,stoat,3
pinemarten_0173.jpg,pinemarten,1
pinemarten_0806.jpg,pinemarten,1
weasel_0323.jpg,weasel,4
weasel_0560.jpg,weasel,4
stoat_0553.jpg,stoat,3
pinemarten_0248.jpg,pinemarten,1
pinemarten_0195.jpg,pinemarten,1
polecat_0969.jpg,polecat,2
polecat_0978.jpg,polecat,2
mink_0792.jpg,mink,0
weasel_0815.jpg,weasel,4
pinemarten_0240.jpg,pinemarten,1
weasel_0822.jpg,weasel,4
pinemarten_0713.jpg,pinemarten,1
stoat_0548.jpg,stoat,3
stoat_0928.jpg,stoat,3
polecat_0263.jpg,polecat,2
stoat_0003.jpg,stoat,3
polecat_0403.jpg,polecat,2
stoat_0187.jpg,stoat,3
polecat_0449.jpg,polecat,2
stoat_0734.jpg,stoat,3
polecat_0082.jpg,polecat,2
polecat_0688.jpg,polecat,2
pinemarten_0738.jpg,pinemarten,1
mink_0841.jpg,mink,0
stoat_0077.jpg,stoat,3
stoat_0275.jpg,stoat,3
stoat_0746.jpg,stoat,3
pinemarten_0566.jpg,pinemarten,1
polecat_0233.jpg,polecat,2
pinemarten_0201.jpg,pinemarten,1
pinemarten_0428.jpg,pinemarten,1
mink_0910.jpg,mink,0
stoat_0265.jpg,stoat,3
polecat_0226.jpg,polecat,2
polecat_0619.jpg,polecat,2
polecat_0038.jpg,polecat,2
pinemarten_0642.jpg,pinemarten,1
mink_0750.jpg,mink,0
pinemarten_0636.jpg,pinemarten,1
polecat_0903.jpg,polecat,2
weasel_0687.jpg,weasel,4
mink_0146.jpg,mink,0
pinemarten_0202.jpg,pinemarten,1
stoat_0036.jpg,stoat,3
mink_0646.jpg,mink,0
pinemarten_0268.jpg,pinemarten,1
polecat_0564.jpg,polecat,2
mink_0550.jpg,mink,0
pinemarten_0336.jpg,pinemarten,1
mink_0793.jpg,mink,0
polecat_0281.jpg,polecat,2
stoat_0882.jpg,stoat,3
weasel_0121.jpg,weasel,4
polecat_0429.jpg,polecat,2
mink_0034.jpg,mink,0
stoat_0904.jpg,stoat,3
stoat_0452.jpg,stoat,3
weasel_0113.jpg,weasel,4
mink_0331.jpg,mink,0
weasel_0224.jpg,weasel,4
pinemarten_0497.jpg,pinemarten,1
pinemarten_0214.jpg,pinemarten,1
polecat_0180.jpg,polecat,2
weasel_0385.jpg,weasel,4
mink_0788.jpg,mink,0
pinemarten_0867.jpg,pinemarten,1
weasel_0331.jpg,weasel,4
polecat_0453.jpg,polecat,2
mink_0658.jpg,mink,0
mink_0085.jpg,mink,0
polecat_0753.jpg,polecat,2
weasel_0211.jpg,weasel,4
mink_0887.jpg,mink,0
stoat_0550.jpg,stoat,3
weasel_0565.jpg,weasel,4
pinemarten_0153.jpg,pinemarten,1
stoat_0232.jpg,stoat,3
stoat_0920.jpg,stoat,3
polecat_0095.jpg,polecat,2
polecat_0094.jpg,polecat,2
weasel_0007.jpg,weasel,4
polecat_0111.jpg,polecat,2
stoat_0601.jpg,stoat,3
stoat_0487.jpg,stoat,3
mink_0064.jpg,mink,0
mink_0011.jpg,mink,0
pinemarten_0471.jpg,pinemarten,1
pinemarten_0591.jpg,pinemarten,1
mink_0411.jpg,mink,0
pinemarten_0904.jpg,pinemarten,1
weasel_0150.jpg,weasel,4
pinemarten_0353.jpg,pinemarten,1
weasel_0072.jpg,weasel,4
pinemarten_0662.jpg,pinemarten,1
stoat_0699.jpg,stoat,3
mink_0339.jpg,mink,0
weasel_0243.jpg,weasel,4
stoat_0708.jpg,stoat,3
polecat_0463.jpg,polecat,2
mink_0941.jpg,mink,0
pinemarten_0076.jpg,pinemarten,1
mink_0266.jpg,mink,0
mink_0553.jpg,mink,0
weasel_0085.jpg,weasel,4
mink_0188.jpg,mink,0
pinemarten_0077.jpg,pinemarten,1
weasel_0819.jpg,weasel,4
weasel_0553.jpg,weasel,4
pinemarten_0889.jpg,pinemarten,1
polecat_0439.jpg,polecat,2
pinemarten_0494.jpg,pinemarten,1
stoat_0415.jpg,stoat,3
stoat_0630.jpg,stoat,3
weasel_0505.jpg,weasel,4
polecat_0257.jpg,polecat,2
pinemarten_0809.jpg,pinemarten,1
stoat_0731.jpg,stoat,3
pinemarten_0222.jpg,pinemarten,1
mink_0423.jpg,mink,0
mink_0720.jpg,mink,0
stoat_0620.jpg,stoat,3
pinemarten_0382.jpg,pinemarten,1
mink_0919.jpg,mink,0
stoat_0166.jpg,stoat,3
pinemarten_0262.jpg,pinemarten,1
pinemarten_0232.jpg,pinemarten,1
polecat_0309.jpg,polecat,2
weasel_0972.jpg,weasel,4
stoat_0268.jpg,stoat,3
polecat_0440.jpg,polecat,2
pinemarten_0510.jpg,pinemarten,1
pinemarten_0819.jpg,pinemarten,1
weasel_0797.jpg,weasel,4
weasel_0979.jpg,weasel,4
stoat_0262.jpg,stoat,3
pinemarten_0874.jpg,pinemarten,1
weasel_0005.jpg,weasel,4
stoat_0256.jpg,stoat,3
stoat_0711.jpg,stoat,3
weasel_0065.jpg,weasel,4
polecat_0907.jpg,polecat,2
stoat_0454.jpg,stoat,3
pinemarten_0939.jpg,pinemarten,1
mink_0122.jpg,mink,0
stoat_0606.jpg,stoat,3
weasel_0654.jpg,weasel,4
pinemarten_0042.jpg,pinemarten,1
stoat_0375.jpg,stoat,3
mink_0706.jpg,mink,0
weasel_0704.jpg,weasel,4
polecat_0727.jpg,polecat,2
stoat_0644.jpg,stoat,3
mink_0753.jpg,mink,0
polecat_0780.jpg,polecat,2
pinemarten_0972.jpg,pinemarten,1
weasel_0602.jpg,weasel,4
polecat_0985.jpg,polecat,2
polecat_0754.jpg,polecat,2
pinemarten_0105.jpg,pinemarten,1
mink_0503.jpg,mink,0
weasel_0872.jpg,weasel,4
weasel_0030.jpg,weasel,4
polecat_0261.jpg,polecat,2
mink_0816.jpg,mink,0
stoat_0727.jpg,stoat,3
weasel_0033.jpg,weasel,4
pinemarten_0372.jpg,pinemarten,1
weasel_0275.jpg,weasel,4
polecat_0572.jpg,polecat,2
mink_0207.jpg,mink,0
stoat_0143.jpg,stoat,3
polecat_0506.jpg,polecat,2
weasel_0300.jpg,weasel,4
mink_0843.jpg,mink,0
polecat_0292.jpg,polecat,2
polecat_0158.jpg,polecat,2
pinemarten_0466.jpg,pinemarten,1
pinemarten_0011.jpg,pinemarten,1
mink_0039.jpg,mink,0
stoat_0715.jpg,stoat,3
polecat_0683.jpg,polecat,2
weasel_0189.jpg,weasel,4
pinemarten_0366.jpg,pinemarten,1
pinemarten_0774.jpg,pinemarten,1
polecat_0122.jpg,polecat,2
mink_0457.jpg,mink,0
polecat_0952.jpg,polecat,2
mink_0398.jpg,mink,0
pinemarten_0833.jpg,pinemarten,1
polecat_0217.jpg,polecat,2
weasel_0345.jpg,weasel,4
pinemarten_0408.jpg,pinemarten,1
weasel_0701.jpg,weasel,4
pinemarten_0291.jpg,pinemarten,1
polecat_0410.jpg,polecat,2
polecat_0007.jpg,polecat,2
polecat_0559.jpg,polecat,2
mink_0246.jpg,mink,0
mink_0180.jpg,mink,0
weasel_0038.jpg,weasel,4
polecat_0480.jpg,polecat,2
pinemarten_0454.jpg,pinemarten,1
pinemarten_0006.jpg,pinemarten,1
stoat_0909.jpg,stoat,3
stoat_0285.jpg,stoat,3
mink_0248.jpg,mink,0
polecat_0067.jpg,polecat,2
stoat_0326.jpg,stoat,3
mink_0721.jpg,mink,0
polecat_0799.jpg,polecat,2
pinemarten_0582.jpg,pinemarten,1
mink_0927.jpg,mink,0
mink_0870.jpg,mink,0
mink_0991.jpg,mink,0
mink_0743.jpg,mink,0
stoat_0173.jpg,stoat,3
stoat_0316.jpg,stoat,3
weasel_0803.jpg,weasel,4
mink_0007.jpg,mink,0
weasel_0750.jpg,weasel,4
polecat_0921.jpg,polecat,2
pinemarten_0145.jpg,pinemarten,1
pinemarten_0070.jpg,pinemarten,1
mink_0771.jpg,mink,0
polecat_0966.jpg,polecat,2
stoat_0416.jpg,stoat,3
polecat_0542.jpg,polecat,2
polecat_0344.jpg,polecat,2
pinemarten_0270.jpg,pinemarten,1
weasel_0388.jpg,weasel,4
stoat_0294.jpg,stoat,3
weasel_0924.jpg,weasel,4
polecat_0734.jpg,polecat,2
pinemarten_0937.jpg,pinemarten,1
polecat_0170.jpg,polecat,2
stoat_0009.jpg,stoat,3
mink_0074.jpg,mink,0
stoat_0707.jpg,stoat,3
polecat_0892.jpg,polecat,2
pinemarten_0746.jpg,pinemarten,1
stoat_0218.jpg,stoat,3
stoat_0072.jpg,stoat,3
pinemarten_0360.jpg,pinemarten,1
weasel_0481.jpg,weasel,4
stoat_0098.jpg,stoat,3
mink_0166.jpg,mink,0
polecat_0172.jpg,polecat,2
weasel_0532.jpg,weasel,4
stoat_0901.jpg,stoat,3
mink_0087.jpg,mink,0
polecat_0455.jpg,polecat,2
pinemarten_0003.jpg,pinemarten,1
polecat_0668.jpg,polecat,2
mink_0218.jpg,mink,0
mink_0056.jpg,mink,0
weasel_0976.jpg,weasel,4
mink_0479.jpg,mink,0
polecat_0606.jpg,polecat,2
pinemarten_0489.jpg,pinemarten,1
pinemarten_0101.jpg,pinemarten,1
weasel_0239.jpg,weasel,4
weasel_0773.jpg,weasel,4
polecat_0202.jpg,polecat,2
weasel_0031.jpg,weasel,4
mink_0260.jpg,mink,0
stoat_0099.jpg,stoat,3
polecat_0488.jpg,polecat,2
polecat_0423.jpg,polecat,2
pinemarten_0763.jpg,pinemarten,1
pinemarten_0127.jpg,pinemarten,1
stoat_0030.jpg,stoat,3
polecat_0461.jpg,polecat,2
polecat_0379.jpg,polecat,2
weasel_0174.jpg,weasel,4
pinemarten_0845.jpg,pinemarten,1
polecat_0378.jpg,polecat,2
pinemarten_0184.jpg,pinemarten,1
polecat_0620.jpg,polecat,2
pinemarten_0182.jpg,pinemarten,1
pinemarten_0081.jpg,pinemarten,1
polecat_0018.jpg,polecat,2
pinemarten_0071.jpg,pinemarten,1
weasel_0821.jpg,weasel,4
pinemarten_0371.jpg,pinemarten,1
polecat_0438.jpg,polecat,2
pinemarten_0485.jpg,pinemarten,1
stoat_0076.jpg,stoat,3
weasel_0779.jpg,weasel,4
stoat_0063.jpg,stoat,3
polecat_0185.jpg,polecat,2
polecat_0872.jpg,polecat,2
weasel_0001.jpg,weasel,4
polecat_0112.jpg,polecat,2
polecat_0414.jpg,polecat,2
stoat_0054.jpg,stoat,3
polecat_0949.jpg,polecat,2
polecat_0367.jpg,polecat,2
pinemarten_0869.jpg,pinemarten,1
polecat_0417.jpg,polecat,2
pinemarten_0882.jpg,pinemarten,1
pinemarten_0573.jpg,pinemarten,1
polecat_0387.jpg,polecat,2
pinemarten_0225.jpg,pinemarten,1
mink_0738.jpg,mink,0
mink_0648.jpg,mink,0
mink_0077.jpg,mink,0
pinemarten_0546.jpg,pinemarten,1
weasel_0886.jpg,weasel,4
mink_0881.jpg,mink,0
pinemarten_0909.jpg,pinemarten,1
pinemarten_0192.jpg,pinemarten,1
pinemarten_0898.jpg,pinemarten,1
weasel_0960.jpg,weasel,4
polecat_0699.jpg,polecat,2
weasel_0506.jpg,weasel,4
pinemarten_0574.jpg,pinemarten,1
weasel_0668.jpg,weasel,4
stoat_0899.jpg,stoat,3
polecat_0232.jpg,polecat,2
mink_0129.jpg,mink,0
weasel_0891.jpg,weasel,4
pinemarten_0548.jpg,pinemarten,1
stoat_0939.jpg,stoat,3
stoat_0633.jpg,stoat,3
polecat_0215.jpg,polecat,2
polecat_0971.jpg,polecat,2
polecat_0704.jpg,polecat,2
polecat_0697.jpg,polecat,2
polecat_0602.jpg,polecat,2
polecat_0604.jpg,polecat,2
polecat_0489.jpg,polecat,2
mink_0352.jpg,mink,0
weasel_0957.jpg,weasel,4
stoat_0933.jpg,stoat,3
stoat_0021.jpg,stoat,3
stoat_0936.jpg,stoat,3
pinemarten_0791.jpg,pinemarten,1
polecat_0437.jpg,polecat,2
pinemarten_0432.jpg,pinemarten,1
weasel_0187.jpg,weasel,4
mink_0195.jpg,mink,0
polecat_0532.jpg,polecat,2
stoat_0189.jpg,stoat,3
mink_0051.jpg,mink,0
mink_0276.jpg,mink,0
pinemarten_0655.jpg,pinemarten,1
weasel_0073.jpg,weasel,4
stoat_0943.jpg,stoat,3
stoat_0770.jpg,stoat,3
pinemarten_0968.jpg,pinemarten,1
polecat_0643.jpg,polecat,2
mink_0308.jpg,mink,0
pinemarten_0508.jpg,pinemarten,1
mink_0980.jpg,mink,0
polecat_0790.jpg,polecat,2
mink_0282.jpg,mink,0
stoat_0269.jpg,stoat,3
stoat_0386.jpg,stoat,3
pinemarten_0525.jpg,pinemarten,1
mink_0585.jpg,mink,0
weasel_0579.jpg,weasel,4
polecat_0580.jpg,polecat,2
pinemarten_0881.jpg,pinemarten,1
pinemarten_0023.jpg,pinemarten,1
stoat_0255.jpg,stoat,3
mink_0269.jpg,mink,0
pinemarten_0075.jpg,pinemarten,1
mink_0680.jpg,mink,0
mink_0977.jpg,mink,0
pinemarten_0132.jpg,pinemarten,1
pinemarten_0920.jpg,pinemarten,1
mink_0676.jpg,mink,0
stoat_0530.jpg,stoat,3
pinemarten_0807.jpg,pinemarten,1
mink_0584.jpg,mink,0
stoat_0438.jpg,stoat,3
weasel_0471.jpg,weasel,4
mink_0055.jpg,mink,0
pinemarten_0952.jpg,pinemarten,1
pinemarten_0170.jpg,pinemarten,1
pinemarten_0393.jpg,pinemarten,1
polecat_0297.jpg,polecat,2
mink_0175.jpg,mink,0
weasel_0867.jpg,weasel,4
pinemarten_0339.jpg,pinemarten,1
stoat_0463.jpg,stoat,3
weasel_0466.jpg,weasel,4
polecat_0982.jpg,polecat,2
weasel_0155.jpg,weasel,4
pinemarten_0449.jpg,pinemarten,1
polecat_0322.jpg,polecat,2
weasel_0874.jpg,weasel,4
mink_0634.jpg,mink,0
weasel_0101.jpg,weasel,4
weasel_0409.jpg,weasel,4
weasel_0252.jpg,weasel,4
weasel_0805.jpg,weasel,4
stoat_0634.jpg,stoat,3
stoat_0354.jpg,stoat,3
stoat_0011.jpg,stoat,3
weasel_0840.jpg,weasel,4
pinemarten_0161.jpg,pinemarten,1
stoat_0635.jpg,stoat,3
weasel_0917.jpg,weasel,4
stoat_0848.jpg,stoat,3
stoat_0197.jpg,stoat,3
weasel_0185.jpg,weasel,4
mink_0244.jpg,mink,0
pinemarten_0794.jpg,pinemarten,1
polecat_0701.jpg,polecat,2
weasel_0003.jpg,weasel,4
pinemarten_0367.jpg,pinemarten,1
stoat_0782.jpg,stoat,3
polecat_0837.jpg,polecat,2
weasel_0559.jpg,weasel,4
pinemarten_0761.jpg,pinemarten,1
polecat_0718.jpg,polecat,2
polecat_0812.jpg,polecat,2
stoat_0656.jpg,stoat,3
weasel_0853.jpg,weasel,4
pinemarten_0762.jpg,pinemarten,1
mink_0038.jpg,mink,0
weasel_0178.jpg,weasel,4
mink_0978.jpg,mink,0
mink_0430.jpg,mink,0
weasel_0906.jpg,weasel,4
pinemarten_0665.jpg,pinemarten,1
pinemarten_0832.jpg,pinemarten,1
stoat_0627.jpg,stoat,3
weasel_0831.jpg,weasel,4
mink_0827.jpg,mink,0
weasel_0421.jpg,weasel,4
weasel_0193.jpg,weasel,4
pinemarten_0453.jpg,pinemarten,1
mink_0453.jpg,mink,0
pinemarten_0231.jpg,pinemarten,1
weasel_0343.jpg,weasel,4
polecat_0942.jpg,polecat,2
weasel_0241.jpg,weasel,4
polecat_0707.jpg,polecat,2
mink_0973.jpg,mink,0
mink_0240.jpg,mink,0
weasel_0572.jpg,weasel,4
weasel_0400.jpg,weasel,4
stoat_0983.jpg,stoat,3
polecat_0299.jpg,polecat,2
pinemarten_0385.jpg,pinemarten,1
stoat_0599.jpg,stoat,3
mink_0307.jpg,mink,0
pinemarten_0784.jpg,pinemarten,1
mink_0783.jpg,mink,0
pinemarten_0167.jpg,pinemarten,1
weasel_0069.jpg,weasel,4
stoat_0412.jpg,stoat,3
weasel_0199.jpg,weasel,4
pinemarten_0162.jpg,pinemarten,1
mink_0992.jpg,mink,0
mink_0901.jpg,mink,0
polecat_0059.jpg,polecat,2
weasel_0027.jpg,weasel,4
weasel_0787.jpg,weasel,4
polecat_0386.jpg,polecat,2
mink_0894.jpg,mink,0
pinemarten_0491.jpg,pinemarten,1
mink_0766.jpg,mink,0
mink_0332.jpg,mink,0
mink_0993.jpg,mink,0
mink_0603.jpg,mink,0
mink_0144.jpg,mink,0
stoat_0462.jpg,stoat,3
polecat_0443.jpg,polecat,2
pinemarten_0342.jpg,pinemarten,1
mink_0421.jpg,mink,0
weasel_0112.jpg,weasel,4
mink_0336.jpg,mink,0
mink_0226.jpg,mink,0
pinemarten_0431.jpg,pinemarten,1
mink_0222.jpg,mink,0
polecat_0324.jpg,polecat,2
stoat_0986.jpg,stoat,3
polecat_0245.jpg,polecat,2
polecat_0004.jpg,polecat,2
stoat_0186.jpg,stoat,3
weasel_0454.jpg,weasel,4
polecat_0893.jpg,polecat,2
pinemarten_0971.jpg,pinemarten,1
weasel_0357.jpg,weasel,4
stoat_0246.jpg,stoat,3
weasel_0768.jpg,weasel,4
mink_0025.jpg,mink,0
pinemarten_0648.jpg,pinemarten,1
stoat_0947.jpg,stoat,3
mink_0171.jpg,mink,0
polecat_0888.jpg,polecat,2
stoat_0071.jpg,stoat,3
polecat_0081.jpg,polecat,2
stoat_0820.jpg,stoat,3
stoat_0390.jpg,stoat,3
polecat_0609.jpg,polecat,2
stoat_0351.jpg,stoat,3
weasel_0106.jpg,weasel,4
mink_0779.jpg,mink,0
pinemarten_0061.jpg,pinemarten,1
pinemarten_0616.jpg,pinemarten,1
polecat_0807.jpg,polecat,2
pinemarten_0401.jpg,pinemarten,1
stoat_0974.jpg,stoat,3
mink_0313.jpg,mink,0
mink_0255.jpg,mink,0
mink_0615.jpg,mink,0
pinemarten_0350.jpg,pinemarten,1
stoat_0152.jpg,stoat,3
polecat_0857.jpg,polecat,2
stoat_0597.jpg,stoat,3
weasel_0452.jpg,weasel,4
stoat_0141.jpg,stoat,3
stoat_0884.jpg,stoat,3
stoat_0638.jpg,stoat,3
mink_0719.jpg,mink,0
stoat_0037.jpg,stoat,3
polecat_0638.jpg,polecat,2
mink_0149.jpg,mink,0
polecat_0154.jpg,polecat,2
polecat_0464.jpg,polecat,2
mink_0609.jpg,mink,0
mink_0574.jpg,mink,0
weasel_0292.jpg,weasel,4
weasel_0845.jpg,weasel,4
weasel_0136.jpg,weasel,4
polecat_0842.jpg,polecat,2
polecat_0740.jpg,polecat,2
polecat_0393.jpg,polecat,2
pinemarten_0775.jpg,pinemarten,1
weasel_0295.jpg,weasel,4
mink_0185.jpg,mink,0
weasel_0289.jpg,weasel,4
pinemarten_0174.jpg,pinemarten,1
stoat_0528.jpg,stoat,3
weasel_0847.jpg,weasel,4
mink_0397.jpg,mink,0
weasel_0719.jpg,weasel,4
pinemarten_0594.jpg,pinemarten,1
mink_0344.jpg,mink,0
pinemarten_0732.jpg,pinemarten,1
stoat_0423.jpg,stoat,3
polecat_0934.jpg,polecat,2
weasel_0104.jpg,weasel,4
stoat_0142.jpg,stoat,3
polecat_0407.jpg,polecat,2
polecat_0001.jpg,polecat,2
stoat_0006.jpg,stoat,3
stoat_0661.jpg,stoat,3
mink_0544.jpg,mink,0
stoat_0082.jpg,stoat,3
stoat_0646.jpg,stoat,3
mink_0875.jpg,mink,0
polecat_0765.jpg,polecat,2
mink_0341.jpg,mink,0
mink_0577.jpg,mink,0
stoat_0844.jpg,stoat,3
weasel_0086.jpg,weasel,4
pinemarten_0627.jpg,pinemarten,1
weasel_0590.jpg,weasel,4
mink_0472.jpg,mink,0
pinemarten_0768.jpg,pinemarten,1
polecat_0735.jpg,polecat,2
stoat_0798.jpg,stoat,3
stoat_0131.jpg,stoat,3
mink_0806.jpg,mink,0
polecat_0466.jpg,polecat,2
pinemarten_0368.jpg,pinemarten,1
stoat_0907.jpg,stoat,3
polecat_0110.jpg,polecat,2
stoat_0473.jpg,stoat,3
stoat_0378.jpg,stoat,3
weasel_0611.jpg,weasel,4
pinemarten_0092.jpg,pinemarten,1
polecat_0373.jpg,polecat,2
pinemarten_0148.jpg,pinemarten,1
mink_0948.jpg,mink,0
pinemarten_0180.jpg,pinemarten,1
polecat_0199.jpg,polecat,2
stoat_0594.jpg,stoat,3
stoat_0180.jpg,stoat,3
pinemarten_0158.jpg,pinemarten,1
polecat_0157.jpg,polecat,2
stoat_0093.jpg,stoat,3
weasel_0249.jpg,weasel,4
stoat_0329.jpg,stoat,3
polecat_0693.jpg,polecat,2
polecat_0563.jpg,polecat,2
polecat_0880.jpg,polecat,2
stoat_0841.jpg,stoat,3
mink_0691.jpg,mink,0
mink_0239.jpg,mink,0
pinemarten_0496.jpg,pinemarten,1
weasel_0808.jpg,weasel,4
pinemarten_0134.jpg,pinemarten,1
stoat_0871.jpg,stoat,3
pinemarten_0169.jpg,pinemarten,1
weasel_0727.jpg,weasel,4
pinemarten_0196.jpg,pinemarten,1
polecat_0244.jpg,polecat,2
mink_0008.jpg,mink,0
polecat_0553.jpg,polecat,2
mink_0551.jpg,mink,0
mink_0970.jpg,mink,0
polecat_0800.jpg,polecat,2
weasel_0018.jpg,weasel,4
weasel_0351.jpg,weasel,4
weasel_0453.jpg,weasel,4
weasel_0537.jpg,weasel,4
polecat_0360.jpg,polecat,2
pinemarten_0712.jpg,pinemarten,1
mink_0963.jpg,mink,0
mink_0482.jpg,mink,0
stoat_0781.jpg,stoat,3
polecat_0916.jpg,polecat,2
stoat_0307.jpg,stoat,3
mink_0311.jpg,mink,0
stoat_0364.jpg,stoat,3
weasel_0521.jpg,weasel,4
stoat_0593.jpg,stoat,3
weasel_0202.jpg,weasel,4
mink_0782.jpg,mink,0
pinemarten_0113.jpg,pinemarten,1
pinemarten_0459.jpg,pinemarten,1
pinemarten_0545.jpg,pinemarten,1
stoat_0254.jpg,stoat,3
weasel_0832.jpg,weasel,4
stoat_0144.jpg,stoat,3
pinemarten_0446.jpg,pinemarten,1
stoat_0168.jpg,stoat,3
mink_0617.jpg,mink,0
pinemarten_0960.jpg,pinemarten,1
weasel_0426.jpg,weasel,4
polecat_0751.jpg,polecat,2
stoat_0880.jpg,stoat,3
weasel_0997.jpg,weasel,4
mink_0689.jpg,mink,0
polecat_0043.jpg,polecat,2
weasel_0344.jpg,weasel,4
stoat_0850.jpg,stoat,3
mink_0017.jpg,mink,0
mink_0651.jpg,mink,0
pinemarten_0520.jpg,pinemarten,1
polecat_0336.jpg,polecat,2
pinemarten_0826.jpg,pinemarten,1
mink_0190.jpg,mink,0
stoat_0147.jpg,stoat,3
pinemarten_0543.jpg,pinemarten,1
mink_0868.jpg,mink,0
pinemarten_0680.jpg,pinemarten,1
polecat_0567.jpg,polecat,2
mink_0625.jpg,mink,0
pinemarten_0358.jpg,pinemarten,1
mink_0086.jpg,mink,0
mink_0131.jpg,mink,0
polecat_0915.jpg,polecat,2
stoat_0042.jpg,stoat,3
weasel_0907.jpg,weasel,4
mink_0733.jpg,mink,0
weasel_0597.jpg,weasel,4
pinemarten_0104.jpg,pinemarten,1
polecat_0561.jpg,polecat,2
weasel_0612.jpg,weasel,4
mink_0446.jpg,mink,0
mink_0796.jpg,mink,0
weasel_0846.jpg,weasel,4
polecat_0566.jpg,polecat,2
weasel_0389.jpg,weasel,4
weasel_0092.jpg,weasel,4
polecat_0236.jpg,polecat,2
mink_0132.jpg,mink,0
pinemarten_0249.jpg,pinemarten,1
mink_0197.jpg,mink,0
weasel_1000.jpg,weasel,4
weasel_0194.jpg,weasel,4
pinemarten_0147.jpg,pinemarten,1
weasel_0222.jpg,weasel,4
polecat_0054.jpg,polecat,2
weasel_0142.jpg,weasel,4
stoat_0570.jpg,stoat,3
polecat_0879.jpg,polecat,2
pinemarten_0674.jpg,pinemarten,1
mink_0794.jpg,mink,0
polecat_0026.jpg,polecat,2
weasel_0291.jpg,weasel,4
weasel_0888.jpg,weasel,4
stoat_0342.jpg,stoat,3
mink_0330.jpg,mink,0
polecat_0666.jpg,polecat,2
polecat_0218.jpg,polecat,2
polecat_0057.jpg,polecat,2
mink_0558.jpg,mink,0
stoat_0580.jpg,stoat,3
stoat_0612.jpg,stoat,3
mink_0401.jpg,mink,0
weasel_0493.jpg,weasel,4
weasel_0790.jpg,weasel,4
pinemarten_0848.jpg,pinemarten,1
stoat_0397.jpg,stoat,3
stoat_0640.jpg,stoat,3
mink_0797.jpg,mink,0
polecat_0162.jpg,polecat,2
pinemarten_0285.jpg,pinemarten,1
weasel_0488.jpg,weasel,4
weasel_0398.jpg,weasel,4
pinemarten_0771.jpg,pinemarten,1
pinemarten_0900.jpg,pinemarten,1
mink_0536.jpg,mink,0
mink_0404.jpg,mink,0
weasel_0713.jpg,weasel,4
polecat_0194.jpg,polecat,2
polecat_0593.jpg,polecat,2
weasel_0251.jpg,weasel,4
pinemarten_0709.jpg,pinemarten,1
mink_0645.jpg,mink,0
pinemarten_0767.jpg,pinemarten,1
stoat_0500.jpg,stoat,3
pinemarten_0603.jpg,pinemarten,1
stoat_0292.jpg,stoat,3
pinemarten_0034.jpg,pinemarten,1
stoat_0963.jpg,stoat,3
weasel_0456.jpg,weasel,4
weasel_0020.jpg,weasel,4
weasel_0425.jpg,weasel,4
polecat_0003.jpg,polecat,2
polecat_0071.jpg,polecat,2
weasel_0535.jpg,weasel,4
stoat_0507.jpg,stoat,3
weasel_0647.jpg,weasel,4
stoat_0214.jpg,stoat,3
mink_0614.jpg,mink,0
mink_0118.jpg,mink,0
polecat_0183.jpg,polecat,2
polecat_0728.jpg,polecat,2
polecat_0478.jpg,polecat,2
polecat_0596.jpg,polecat,2
weasel_0393.jpg,weasel,4
mink_0846.jpg,mink,0
weasel_0271.jpg,weasel,4
stoat_0673.jpg,stoat,3
polecat_0677.jpg,polecat,2
pinemarten_0320.jpg,pinemarten,1
weasel_0232.jpg,weasel,4
stoat_0328.jpg,stoat,3
polecat_0052.jpg,polecat,2
pinemarten_0938.jpg,pinemarten,1
stoat_0810.jpg,stoat,3
pinemarten_0348.jpg,pinemarten,1
polecat_0770.jpg,polecat,2
mink_0787.jpg,mink,0
mink_0834.jpg,mink,0
pinemarten_0749.jpg,pinemarten,1
pinemarten_0615.jpg,pinemarten,1
mink_0595.jpg,mink,0
stoat_0923.jpg,stoat,3
polecat_0747.jpg,polecat,2
stoat_0321.jpg,stoat,3
pinemarten_0304.jpg,pinemarten,1
stoat_0442.jpg,stoat,3
mink_0564.jpg,mink,0
polecat_0349.jpg,polecat,2
weasel_0634.jpg,weasel,4
mink_0354.jpg,mink,0
stoat_0384.jpg,stoat,3
mink_0100.jpg,mink,0
weasel_0258.jpg,weasel,4
mink_0964.jpg,mink,0
pinemarten_0836.jpg,pinemarten,1
mink_0450.jpg,mink,0
mink_0865.jpg,mink,0
pinemarten_0948.jpg,pinemarten,1
polecat_0121.jpg,polecat,2
weasel_0287.jpg,weasel,4
mink_0570.jpg,mink,0
mink_0556.jpg,mink,0
mink_0091.jpg,mink,0
pinemarten_0722.jpg,pinemarten,1
stoat_0201.jpg,stoat,3
polecat_0150.jpg,polecat,2
pinemarten_0560.jpg,pinemarten,1
polecat_0806.jpg,polecat,2
stoat_0677.jpg,stoat,3
polecat_0976.jpg,polecat,2
stoat_0205.jpg,stoat,3
pinemarten_0309.jpg,pinemarten,1
stoat_0514.jpg,stoat,3
stoat_0785.jpg,stoat,3
weasel_0340.jpg,weasel,4
weasel_0644.jpg,weasel,4
stoat_0408.jpg,stoat,3
polecat_0096.jpg,polecat,2
pinemarten_0354.jpg,pinemarten,1
stoat_0276.jpg,stoat,3
weasel_0820.jpg,weasel,4
pinemarten_0697.jpg,pinemarten,1
weasel_0798.jpg,weasel,4
pinemarten_0085.jpg,pinemarten,1
mink_0139.jpg,mink,0
weasel_0767.jpg,weasel,4
weasel_0731.jpg,weasel,4
stoat_0944.jpg,stoat,3
mink_0953.jpg,mink,0
stoat_0682.jpg,stoat,3
polecat_0964.jpg,polecat,2
polecat_0946.jpg,polecat,2
stoat_0271.jpg,stoat,3
polecat_0125.jpg,polecat,2
weasel_0555.jpg,weasel,4
polecat_0339.jpg,polecat,2
stoat_0585.jpg,stoat,3
pinemarten_0698.jpg,pinemarten,1
mink_0693.jpg,mink,0
weasel_0326.jpg,weasel,4
pinemarten_0332.jpg,pinemarten,1
stoat_0055.jpg,stoat,3
polecat_0212.jpg,polecat,2
mink_0677.jpg,mink,0
mink_0735.jpg,mink,0
stoat_0843.jpg,stoat,3
weasel_0711.jpg,weasel,4
polecat_0364.jpg,polecat,2
weasel_0667.jpg,weasel,4
weasel_0700.jpg,weasel,4
weasel_0946.jpg,weasel,4
stoat_0403.jpg,stoat,3
polecat_0733.jpg,polecat,2
mink_0608.jpg,mink,0
stoat_0181.jpg,stoat,3
stoat_0930.jpg,stoat,3
polecat_0391.jpg,polecat,2
pinemarten_0671.jpg,pinemarten,1
weasel_0534.jpg,weasel,4
pinemarten_0701.jpg,pinemarten,1
pinemarten_0312.jpg,pinemarten,1
weasel_0988.jpg,weasel,4
weasel_0838.jpg,weasel,4
polecat_0841.jpg,polecat,2
mink_0807.jpg,mink,0
polecat_0955.jpg,polecat,2
mink_0473.jpg,mink,0
polecat_0471.jpg,polecat,2
mink_0425.jpg,mink,0
mink_0275.jpg,mink,0
weasel_0284.jpg,weasel,4
stoat_0499.jpg,stoat,3
polecat_0752.jpg,polecat,2
mink_0687.jpg,mink,0
polecat_0382.jpg,polecat,2
polecat_0551.jpg,polecat,2
weasel_0551.jpg,weasel,4
mink_0437.jpg,mink,0
weasel_0631.jpg,weasel,4
pinemarten_0250.jpg,pinemarten,1
weasel_0089.jpg,weasel,4
pinemarten_0841.jpg,pinemarten,1
pinemarten_0324.jpg,pinemarten,1
weasel_0476.jpg,weasel,4
mink_0050.jpg,mink,0
mink_0470.jpg,mink,0
pinemarten_0780.jpg,pinemarten,1
stoat_0563.jpg,stoat,3
stoat_0134.jpg,stoat,3
pinemarten_0183.jpg,pinemarten,1
mink_0652.jpg,mink,0
weasel_0596.jpg,weasel,4
pinemarten_0852.jpg,pinemarten,1
mink_0637.jpg,mink,0
weasel_0712.jpg,weasel,4
stoat_0160.jpg,stoat,3
pinemarten_0689.jpg,pinemarten,1
mink_0640.jpg,mink,0
stoat_0915.jpg,stoat,3
polecat_0418.jpg,polecat,2
stoat_0353.jpg,stoat,3
weasel_0250.jpg,weasel,4
stoat_0287.jpg,stoat,3
mink_0016.jpg,mink,0
mink_0835.jpg,mink,0
pinemarten_0557.jpg,pinemarten,1
mink_0451.jpg,mink,0
stoat_0643.jpg,stoat,3
stoat_0088.jpg,stoat,3
mink_0208.jpg,mink,0
stoat_0968.jpg,stoat,3
stoat_0730.jpg,stoat,3
stoat_0052.jpg,stoat,3
pinemarten_0052.jpg,pinemarten,1
polecat_0687.jpg,polecat,2
mink_0440.jpg,mink,0
weasel_0356.jpg,weasel,4
mink_0520.jpg,mink,0
pinemarten_0708.jpg,pinemarten,1
weasel_0447.jpg,weasel,4
stoat_0372.jpg,stoat,3
stoat_0632.jpg,stoat,3
mink_0709.jpg,mink,0
stoat_0130.jpg,stoat,3
polecat_0732.jpg,polecat,2
mink_0223.jpg,mink,0
stoat_0084.jpg,stoat,3
mink_0156.jpg,mink,0
weasel_0955.jpg,weasel,4
mink_0561.jpg,mink,0
mink_0656.jpg,mink,0
pinemarten_0817.jpg,pinemarten,1
polecat_0613.jpg,polecat,2
mink_0935.jpg,mink,0
polecat_0706.jpg,polecat,2
polecat_0612.jpg,polecat,2
stoat_0233.jpg,stoat,3
polecat_0535.jpg,polecat,2
mink_0347.jpg,mink,0
polecat_0276.jpg,polecat,2
mink_0571.jpg,mink,0
polecat_0383.jpg,polecat,2
polecat_0237.jpg,polecat,2
polecat_0702.jpg,polecat,2
weasel_0913.jpg,weasel,4
mink_0635.jpg,mink,0
mink_0443.jpg,mink,0
polecat_0178.jpg,polecat,2
mink_0145.jpg,mink,0
mink_0082.jpg,mink,0
mink_0785.jpg,mink,0
mink_0972.jpg,mink,0
pinemarten_0699.jpg,pinemarten,1
pinemarten_0973.jpg,pinemarten,1
polecat_0278.jpg,polecat,2
mink_0598.jpg,mink,0
polecat_0833.jpg,polecat,2
weasel_0259.jpg,weasel,4
mink_0565.jpg,mink,0
weasel_0878.jpg,weasel,4
pinemarten_0617.jpg,pinemarten,1
weasel_0117.jpg,weasel,4
polecat_0181.jpg,polecat,2
polecat_0104.jpg,polecat,2
stoat_0465.jpg,stoat,3
weasel_0642.jpg,weasel,4
mink_0880.jpg,mink,0
weasel_0436.jpg,weasel,4
pinemarten_0443.jpg,pinemarten,1
stoat_0022.jpg,stoat,3
polecat_0657.jpg,polecat,2
pinemarten_0711.jpg,pinemarten,1
mink_0238.jpg,mink,0
weasel_0684.jpg,weasel,4
weasel_0765.jpg,weasel,4
polecat_0528.jpg,polecat,2
weasel_0566.jpg,weasel,4
weasel_0248.jpg,weasel,4
mink_0184.jpg,mink,0
pinemarten_0901.jpg,pinemarten,1
mink_0837.jpg,mink,0
mink_0194.jpg,mink,0
mink_0081.jpg,mink,0
weasel_0848.jpg,weasel,4
mink_0057.jpg,mink,0
polecat_0536.jpg,polecat,2
stoat_0951.jpg,stoat,3
weasel_0600.jpg,weasel,4
weasel_0015.jpg,weasel,4
mink_0027.jpg,mink,0
polecat_0228.jpg,polecat,2
polecat_0682.jpg,polecat,2
stoat_0496.jpg,stoat,3
pinemarten_0294.jpg,pinemarten,1
polecat_0273.jpg,polecat,2
pinemarten_0976.jpg,pinemarten,1
pinemarten_0714.jpg,pinemarten,1
mink_0885.jpg,mink,0
stoat_0701.jpg,stoat,3
stoat_0304.jpg,stoat,3
polecat_0672.jpg,polecat,2
polecat_0078.jpg,polecat,2
stoat_0716.jpg,stoat,3
polecat_0961.jpg,polecat,2
stoat_0013.jpg,stoat,3
pinemarten_0813.jpg,pinemarten,1
pinemarten_0430.jpg,pinemarten,1
pinemarten_0753.jpg,pinemarten,1
mink_0998.jpg,mink,0
weasel_0810.jpg,weasel,4
pinemarten_0033.jpg,pinemarten,1
pinemarten_0718.jpg,pinemarten,1
polecat_0056.jpg,polecat,2
polecat_0721.jpg,polecat,2
polecat_0338.jpg,polecat,2
weasel_0474.jpg,weasel,4
polecat_0822.jpg,polecat,2
stoat_0455.jpg,stoat,3
weasel_0124.jpg,weasel,4
polecat_0080.jpg,polecat,2
polecat_0848.jpg,polecat,2
stoat_0410.jpg,stoat,3
stoat_0866.jpg,stoat,3
mink_0791.jpg,mink,0
weasel_0561.jpg,weasel,4
weasel_0190.jpg,weasel,4
stoat_0802.jpg,stoat,3
polecat_0922.jpg,polecat,2
weasel_0040.jpg,weasel,4
weasel_0679.jpg,weasel,4
weasel_0226.jpg,weasel,4
polecat_0972.jpg,polecat,2
weasel_0640.jpg,weasel,4
stoat_0534.jpg,stoat,3
mink_0242.jpg,mink,0
pinemarten_0206.jpg,pinemarten,1
weasel_0925.jpg,weasel,4
weasel_0290.jpg,weasel,4
pinemarten_0334.jpg,pinemarten,1
mink_0254.jpg,mink,0
polecat_0372.jpg,polecat,2
stoat_0592.jpg,stoat,3
polecat_0136.jpg,polecat,2
mink_0751.jpg,mink,0
stoat_0478.jpg,stoat,3
mink_0982.jpg,mink,0
weasel_0111.jpg,weasel,4
weasel_0293.jpg,weasel,4
weasel_0959.jpg,weasel,4
polecat_0797.jpg,polecat,2
mink_0245.jpg,mink,0
weasel_0424.jpg,weasel,4
weasel_0333.jpg,weasel,4
polecat_0724.jpg,polecat,2
mink_0836.jpg,mink,0
mink_0883.jpg,mink,0
stoat_0420.jpg,stoat,3
stoat_0092.jpg,stoat,3
polecat_0891.jpg,polecat,2
pinemarten_0223.jpg,pinemarten,1
stoat_0020.jpg,stoat,3
polecat_0305.jpg,polecat,2
mink_0096.jpg,mink,0
stoat_0942.jpg,stoat,3
pinemarten_0544.jpg,pinemarten,1
stoat_0277.jpg,stoat,3
weasel_0645.jpg,weasel,4
stoat_0878.jpg,stoat,3
pinemarten_0752.jpg,pinemarten,1
mink_0040.jpg,mink,0
stoat_0050.jpg,stoat,3
mink_0906.jpg,mink,0
polecat_0184.jpg,polecat,2
polecat_0087.jpg,polecat,2
weasel_0437.jpg,weasel,4
weasel_0852.jpg,weasel,4
polecat_0173.jpg,polecat,2
mink_0483.jpg,mink,0
pinemarten_0716.jpg,pinemarten,1
mink_0495.jpg,mink,0
stoat_0675.jpg,stoat,3
mink_0736.jpg,mink,0
polecat_0991.jpg,polecat,2
pinemarten_0460.jpg,pinemarten,1
mink_0181.jpg,mink,0
stoat_0542.jpg,stoat,3
pinemarten_0802.jpg,pinemarten,1
weasel_0599.jpg,weasel,4
stoat_0788.jpg,stoat,3
polecat_0242.jpg,polecat,2
stoat_0560.jpg,stoat,3
weasel_0609.jpg,weasel,4
mink_0029.jpg,mink,0
weasel_0402.jpg,weasel,4
polecat_0595.jpg,polecat,2
mink_0368.jpg,mink,0
weasel_0109.jpg,weasel,4
mink_0620.jpg,mink,0
stoat_0422.jpg,stoat,3
polecat_0412.jpg,polecat,2
pinemarten_0568.jpg,pinemarten,1
stoat_0239.jpg,stoat,3
pinemarten_0463.jpg,pinemarten,1
mink_0546.jpg,mink,0
weasel_0761.jpg,weasel,4
pinemarten_0509.jpg,pinemarten,1
mink_0506.jpg,mink,0
stoat_0573.jpg,stoat,3
pinemarten_0993.jpg,pinemarten,1
stoat_0977.jpg,stoat,3
polecat_0805.jpg,polecat,2
mink_0979.jpg,mink,0
polecat_0433.jpg,polecat,2
pinemarten_0861.jpg,pinemarten,1
polecat_0592.jpg,polecat,2
mink_0723.jpg,mink,0
pinemarten_0111.jpg,pinemarten,1
weasel_0327.jpg,weasel,4
pinemarten_0322.jpg,pinemarten,1
polecat_0492.jpg,polecat,2
polecat_0676.jpg,polecat,2
stoat_0475.jpg,stoat,3
stoat_0766.jpg,stoat,3
polecat_0948.jpg,polecat,2
pinemarten_0374.jpg,pinemarten,1
weasel_0608.jpg,weasel,4
pinemarten_0280.jpg,pinemarten,1
mink_0884.jpg,mink,0
weasel_0473.jpg,weasel,4
mink_0968.jpg,mink,0
stoat_0107.jpg,stoat,3
polecat_0134.jpg,polecat,2
stoat_0453.jpg,stoat,3
pinemarten_0921.jpg,pinemarten,1
pinemarten_0087.jpg,pinemarten,1
polecat_0143.jpg,polecat,2
stoat_0136.jpg,stoat,3
polecat_0832.jpg,polecat,2
weasel_0975.jpg,weasel,4
pinemarten_0018.jpg,pinemarten,1
weasel_0116.jpg,weasel,4
polecat_0661.jpg,polecat,2
stoat_0019.jpg,stoat,3
stoat_0464.jpg,stoat,3
weasel_0607.jpg,weasel,4
weasel_0318.jpg,weasel,4
weasel_0945.jpg,weasel,4
pinemarten_0488.jpg,pinemarten,1
pinemarten_0805.jpg,pinemarten,1
weasel_0014.jpg,weasel,4
weasel_0098.jpg,weasel,4
mink_0125.jpg,mink,0
stoat_0091.jpg,stoat,3
stoat_0241.jpg,stoat,3
polecat_0815.jpg,polecat,2
pinemarten_0239.jpg,pinemarten,1
polecat_0589.jpg,polecat,2
weasel_0653.jpg,weasel,4
pinemarten_0966.jpg,pinemarten,1
pinemarten_0628.jpg,pinemarten,1
weasel_0019.jpg,weasel,4
mink_0763.jpg,mink,0
mink_0003.jpg,mink,0
stoat_0622.jpg,stoat,3
pinemarten_0026.jpg,pinemarten,1
polecat_0830.jpg,polecat,2
weasel_0656.jpg,weasel,4
weasel_0541.jpg,weasel,4
pinemarten_0743.jpg,pinemarten,1
stoat_0752.jpg,stoat,3
pinemarten_0434.jpg,pinemarten,1
stoat_0625.jpg,stoat,3
stoat_0531.jpg,stoat,3
pinemarten_0149.jpg,pinemarten,1
polecat_0554.jpg,polecat,2
mink_0433.jpg,mink,0
weasel_0461.jpg,weasel,4
pinemarten_0220.jpg,pinemarten,1
weasel_0850.jpg,weasel,4
weasel_0740.jpg,weasel,4
pinemarten_0989.jpg,pinemarten,1
stoat_0103.jpg,stoat,3
polecat_0999.jpg,polecat,2
pinemarten_0437.jpg,pinemarten,1
stoat_0686.jpg,stoat,3
mink_0013.jpg,mink,0
weasel_0143.jpg,weasel,4
stoat_0587.jpg,stoat,3
mink_0819.jpg,mink,0
pinemarten_0831.jpg,pinemarten,1
weasel_0442.jpg,weasel,4
mink_0971.jpg,mink,0
weasel_0703.jpg,weasel,4
mink_0569.jpg,mink,0
stoat_0227.jpg,stoat,3
mink_0950.jpg,mink,0
pinemarten_0527.jpg,pinemarten,1
pinemarten_0792.jpg,pinemarten,1
stoat_0511.jpg,stoat,3
polecat_0126.jpg,polecat,2
pinemarten_0565.jpg,pinemarten,1
polecat_0660.jpg,polecat,2
pinemarten_0522.jpg,pinemarten,1
mink_0231.jpg,mink,0
weasel_0824.jpg,weasel,4
mink_0083.jpg,mink,0
pinemarten_0490.jpg,pinemarten,1
mink_0541.jpg,mink,0
stoat_0165.jpg,stoat,3
mink_0611.jpg,mink,0
mink_0041.jpg,mink,0
polecat_0877.jpg,polecat,2
mink_0631.jpg,mink,0
polecat_0152.jpg,polecat,2
polecat_0863.jpg,polecat,2
weasel_0557.jpg,weasel,4
mink_0289.jpg,mink,0
stoat_0536.jpg,stoat,3
polecat_0630.jpg,polecat,2
mink_0714.jpg,mink,0
mink_0518.jpg,mink,0
stoat_0407.jpg,stoat,3
stoat_0206.jpg,stoat,3
weasel_0472.jpg,weasel,4
mink_0682.jpg,mink,0
weasel_0725.jpg,weasel,4
weasel_0225.jpg,weasel,4
weasel_0054.jpg,weasel,4
polecat_0591.jpg,polecat,2
stoat_0446.jpg,stoat,3
weasel_0234.jpg,weasel,4
stoat_0551.jpg,stoat,3
pinemarten_0899.jpg,pinemarten,1
weasel_0419.jpg,weasel,4
pinemarten_0074.jpg,pinemarten,1
mink_0032.jpg,mink,0
mink_0370.jpg,mink,0
pinemarten_0392.jpg,pinemarten,1
mink_0675.jpg,mink,0
stoat_0100.jpg,stoat,3
mink_0298.jpg,mink,0
pinemarten_0618.jpg,pinemarten,1
stoat_0950.jpg,stoat,3
polecat_0368.jpg,polecat,2
mink_0059.jpg,mink,0
weasel_0207.jpg,weasel,4
weasel_0908.jpg,weasel,4
polecat_0882.jpg,polecat,2
stoat_0670.jpg,stoat,3
weasel_0064.jpg,weasel,4
weasel_0717.jpg,weasel,4
mink_0969.jpg,mink,0
polecat_0861.jpg,polecat,2
polecat_0469.jpg,polecat,2
weasel_0876.jpg,weasel,4
polecat_0520.jpg,polecat,2
mink_0322.jpg,mink,0
polecat_0597.jpg,polecat,2
stoat_0456.jpg,stoat,3
mink_0688.jpg,mink,0
pinemarten_0017.jpg,pinemarten,1
weasel_0915.jpg,weasel,4
stoat_0235.jpg,stoat,3
weasel_0683.jpg,weasel,4
mink_0492.jpg,mink,0
pinemarten_0123.jpg,pinemarten,1
weasel_0728.jpg,weasel,4
pinemarten_0537.jpg,pinemarten,1
pinemarten_0398.jpg,pinemarten,1
stoat_0437.jpg,stoat,3
mink_0882.jpg,mink,0
polecat_0247.jpg,polecat,2
stoat_0856.jpg,stoat,3
weasel_0353.jpg,weasel,4
pinemarten_0710.jpg,pinemarten,1
mink_0294.jpg,mink,0
pinemarten_0296.jpg,pinemarten,1
polecat_0405.jpg,polecat,2
stoat_0655.jpg,stoat,3
mink_0923.jpg,mink,0
mink_0602.jpg,mink,0
pinemarten_0985.jpg,pinemarten,1
mink_0402.jpg,mink,0
stoat_0149.jpg,stoat,3
mink_0745.jpg,mink,0
stoat_0564.jpg,stoat,3
pinemarten_0242.jpg,pinemarten,1
stoat_0608.jpg,stoat,3
polecat_0864.jpg,polecat,2
polecat_0865.jpg,polecat,2
stoat_0467.jpg,stoat,3
pinemarten_0946.jpg,pinemarten,1
polecat_0884.jpg,polecat,2
mink_0010.jpg,mink,0
weasel_0094.jpg,weasel,4
weasel_0216.jpg,weasel,4
mink_0899.jpg,mink,0
polecat_0070.jpg,polecat,2
stoat_0344.jpg,stoat,3
stoat_0203.jpg,stoat,3
pinemarten_0212.jpg,pinemarten,1
mink_0355.jpg,mink,0
weasel_0696.jpg,weasel,4
mink_0320.jpg,mink,0
stoat_0605.jpg,stoat,3
pinemarten_0276.jpg,pinemarten,1
stoat_0430.jpg,stoat,3
mink_0009.jpg,mink,0
pinemarten_0286.jpg,pinemarten,1
mink_0633.jpg,mink,0
polecat_0616.jpg,polecat,2
pinemarten_0593.jpg,pinemarten,1
weasel_0335.jpg,weasel,4
stoat_0912.jpg,stoat,3
stoat_0881.jpg,stoat,3
stoat_0557.jpg,stoat,3
weasel_0075.jpg,weasel,4
pinemarten_0478.jpg,pinemarten,1
stoat_0314.jpg,stoat,3
mink_0431.jpg,mink,0
stoat_0238.jpg,stoat,3
stoat_0784.jpg,stoat,3
polecat_0250.jpg,polecat,2
pinemarten_0528.jpg,pinemarten,1
mink_0379.jpg,mink,0
mink_0828.jpg,mink,0
stoat_0352.jpg,stoat,3
polecat_0457.jpg,polecat,2
polecat_0748.jpg,polecat,2
pinemarten_0658.jpg,pinemarten,1
mink_0984.jpg,mink,0
mink_0538.jpg,mink,0
pinemarten_0963.jpg,pinemarten,1
polecat_0899.jpg,polecat,2
polecat_0335.jpg,polecat,2
weasel_0710.jpg,weasel,4
pinemarten_0097.jpg,pinemarten,1
weasel_0538.jpg,weasel,4
pinemarten_0895.jpg,pinemarten,1
polecat_0458.jpg,polecat,2
stoat_0739.jpg,stoat,3
polecat_0625.jpg,polecat,2
weasel_0658.jpg,weasel,4
mink_0659.jpg,mink,0
polecat_0890.jpg,polecat,2
polecat_0260.jpg,polecat,2
stoat_0978.jpg,stoat,3
pinemarten_0534.jpg,pinemarten,1
polecat_0898.jpg,polecat,2
mink_0475.jpg,mink,0
mink_0573.jpg,mink,0
stoat_0281.jpg,stoat,3
weasel_0755.jpg,weasel,4
polecat_0603.jpg,polecat,2
mink_0674.jpg,mink,0
polecat_0014.jpg,polecat,2
weasel_0716.jpg,weasel,4
mink_0623.jpg,mink,0
pinemarten_0219.jpg,pinemarten,1
mink_0821.jpg,mink,0
mink_0772.jpg,mink,0
weasel_0648.jpg,weasel,4
weasel_0792.jpg,weasel,4
mink_0183.jpg,mink,0
pinemarten_0851.jpg,pinemarten,1
polecat_0804.jpg,polecat,2
stoat_0890.jpg,stoat,3
polecat_0046.jpg,polecat,2
pinemarten_0840.jpg,pinemarten,1
pinemarten_0584.jpg,pinemarten,1
stoat_0395.jpg,stoat,3
weasel_0664.jpg,weasel,4
mink_0350.jpg,mink,0
mink_0363.jpg,mink,0
weasel_0362.jpg,weasel,4
weasel_0854.jpg,weasel,4
stoat_0832.jpg,stoat,3
polecat_0235.jpg,polecat,2
stoat_0184.jpg,stoat,3
mink_0295.jpg,mink,0
pinemarten_0700.jpg,pinemarten,1
stoat_0190.jpg,stoat,3
stoat_0257.jpg,stoat,3
stoat_0761.jpg,stoat,3
stoat_0400.jpg,stoat,3
mink_0879.jpg,mink,0
polecat_0140.jpg,polecat,2
polecat_0798.jpg,polecat,2
pinemarten_0349.jpg,pinemarten,1
weasel_0188.jpg,weasel,4
pinemarten_0777.jpg,pinemarten,1
stoat_0327.jpg,stoat,3
mink_0669.jpg,mink,0
polecat_0587.jpg,polecat,2
pinemarten_0100.jpg,pinemarten,1
mink_0746.jpg,mink,0
polecat_0290.jpg,polecat,2
pinemarten_0265.jpg,pinemarten,1
stoat_0494.jpg,stoat,3
pinemarten_0233.jpg,pinemarten,1
polecat_0585.jpg,polecat,2
polecat_0238.jpg,polecat,2
polecat_0502.jpg,polecat,2
weasel_0349.jpg,weasel,4
weasel_0882.jpg,weasel,4
pinemarten_0221.jpg,pinemarten,1
mink_0586.jpg,mink,0
weasel_0229.jpg,weasel,4
pinemarten_0847.jpg,pinemarten,1
weasel_0956.jpg,weasel,4
polecat_0545.jpg,polecat,2
mink_0932.jpg,mink,0
mink_0580.jpg,mink,0
stoat_0179.jpg,stoat,3
stoat_0450.jpg,stoat,3
stoat_0671.jpg,stoat,3
polecat_0063.jpg,polecat,2
weasel_0297.jpg,weasel,4
stoat_0237.jpg,stoat,3
stoat_0578.jpg,stoat,3
pinemarten_0681.jpg,pinemarten,1
pinemarten_0056.jpg,pinemarten,1
pinemarten_0246.jpg,pinemarten,1
mink_0641.jpg,mink,0
polecat_0008.jpg,polecat,2
weasel_0811.jpg,weasel,4
polecat_0030.jpg,polecat,2
mink_0768.jpg,mink,0
weasel_0330.jpg,weasel,4
pinemarten_0523.jpg,pinemarten,1
polecat_0975.jpg,polecat,2
mink_0729.jpg,mink,0
mink_0765.jpg,mink,0
pinemarten_0669.jpg,pinemarten,1
polecat_0936.jpg,polecat,2
stoat_0750.jpg,stoat,3
polecat_0422.jpg,polecat,2
polecat_0023.jpg,polecat,2
stoat_0080.jpg,stoat,3
polecat_0640.jpg,polecat,2
weasel_0129.jpg,weasel,4
weasel_0786.jpg,weasel,4
weasel_0556.jpg,weasel,4
weasel_0312.jpg,weasel,4
pinemarten_0064.jpg,pinemarten,1
stoat_0043.jpg,stoat,3
pinemarten_0107.jpg,pinemarten,1
pinemarten_0482.jpg,pinemarten,1
mink_0333.jpg,mink,0
pinemarten_0907.jpg,pinemarten,1
polecat_0009.jpg,polecat,2
polecat_0736.jpg,polecat,2
polecat_0789.jpg,polecat,2
polecat_0392.jpg,polecat,2
stoat_0872.jpg,stoat,3
weasel_0625.jpg,weasel,4
stoat_0106.jpg,stoat,3
mink_0616.jpg,mink,0
pinemarten_0424.jpg,pinemarten,1
weasel_0270.jpg,weasel,4
polecat_0965.jpg,polecat,2
mink_0808.jpg,mink,0
weasel_0311.jpg,weasel,4
polecat_0240.jpg,polecat,2
mink_0137.jpg,mink,0
pinemarten_0287.jpg,pinemarten,1
polecat_0270.jpg,polecat,2
polecat_0776.jpg,polecat,2
pinemarten_0406.jpg,pinemarten,1
pinemarten_0532.jpg,pinemarten,1
stoat_0641.jpg,stoat,3
stoat_0561.jpg,stoat,3
mink_0590.jpg,mink,0
polecat_0097.jpg,polecat,2
pinemarten_0516.jpg,pinemarten,1
mink_0321.jpg,mink,0
stoat_0200.jpg,stoat,3
weasel_0034.jpg,weasel,4
mink_0786.jpg,mink,0
stoat_0122.jpg,stoat,3
stoat_0224.jpg,stoat,3
mink_0490.jpg,mink,0
stoat_0427.jpg,stoat,3
mink_0270.jpg,mink,0
pinemarten_0996.jpg,pinemarten,1
weasel_0681.jpg,weasel,4
stoat_0002.jpg,stoat,3
mink_0441.jpg,mink,0
polecat_0168.jpg,polecat,2
mink_0394.jpg,mink,0
polecat_0091.jpg,polecat,2
mink_0752.jpg,mink,0
polecat_0515.jpg,polecat,2
mink_0151.jpg,mink,0
stoat_0401.jpg,stoat,3
stoat_0150.jpg,stoat,3
mink_0938.jpg,mink,0
mink_0202.jpg,mink,0
pinemarten_0622.jpg,pinemarten,1
pinemarten_0607.jpg,pinemarten,1
weasel_0536.jpg,weasel,4
stoat_0183.jpg,stoat,3
polecat_0323.jpg,polecat,2
pinemarten_0197.jpg,pinemarten,1
polecat_0221.jpg,polecat,2
polecat_0477.jpg,polecat,2
mink_0803.jpg,mink,0
stoat_0459.jpg,stoat,3
pinemarten_0538.jpg,pinemarten,1
pinemarten_0635.jpg,pinemarten,1
pinemarten_0834.jpg,pinemarten,1
weasel_0186.jpg,weasel,4
mink_0458.jpg,mink,0
stoat_0525.jpg,stoat,3
weasel_0993.jpg,weasel,4
weasel_0593.jpg,weasel,4
stoat_0818.jpg,stoat,3
stoat_0858.jpg,stoat,3
stoat_0230.jpg,stoat,3
polecat_0584.jpg,polecat,2
stoat_0288.jpg,stoat,3
weasel_0256.jpg,weasel,4
polecat_0065.jpg,polecat,2
weasel_0099.jpg,weasel,4
stoat_0236.jpg,stoat,3
polecat_0384.jpg,polecat,2
weasel_0158.jpg,weasel,4
weasel_0449.jpg,weasel,4
weasel_0796.jpg,weasel,4
weasel_0464.jpg,weasel,4
mink_0049.jpg,mink,0
weasel_0799.jpg,weasel,4
pinemarten_0136.jpg,pinemarten,1
polecat_0262.jpg,polecat,2
stoat_0705.jpg,stoat,3
mink_0711.jpg,mink,0
weasel_0818.jpg,weasel,4
mink_0662.jpg,mink,0
stoat_0447.jpg,stoat,3
mink_0700.jpg,mink,0
polecat_0498.jpg,polecat,2
stoat_0786.jpg,stoat,3
pinemarten_0164.jpg,pinemarten,1
polecat_0549.jpg,polecat,2
stoat_0897.jpg,stoat,3
pinemarten_0995.jpg,pinemarten,1
polecat_0720.jpg,polecat,2
stoat_0738.jpg,stoat,3
polecat_0074.jpg,polecat,2
weasel_0077.jpg,weasel,4
polecat_0820.jpg,polecat,2
mink_0829.jpg,mink,0
weasel_0661.jpg,weasel,4
mink_0830.jpg,mink,0
pinemarten_0725.jpg,pinemarten,1
stoat_0087.jpg,stoat,3
weasel_0833.jpg,weasel,4
mink_0533.jpg,mink,0
stoat_0373.jpg,stoat,3
mink_0872.jpg,mink,0
weasel_0058.jpg,weasel,4
weasel_0247.jpg,weasel,4
weasel_0982.jpg,weasel,4
mink_0708.jpg,mink,0
mink_0744.jpg,mink,0
weasel_0816.jpg,weasel,4
polecat_0583.jpg,polecat,2
mink_0844.jpg,mink,0
pinemarten_0759.jpg,pinemarten,1
weasel_0638.jpg,weasel,4
polecat_0394.jpg,polecat,2
pinemarten_0436.jpg,pinemarten,1
stoat_0720.jpg,stoat,3
stoat_0486.jpg,stoat,3
pinemarten_0719.jpg,pinemarten,1
polecat_0855.jpg,polecat,2
weasel_0110.jpg,weasel,4
weasel_0665.jpg,weasel,4
pinemarten_0429.jpg,pinemarten,1
mink_0391.jpg,mink,0
pinemarten_0058.jpg,pinemarten,1
mink_0127.jpg,mink,0
polecat_0700.jpg,polecat,2
pinemarten_0396.jpg,pinemarten,1
weasel_0055.jpg,weasel,4
stoat_0240.jpg,stoat,3
stoat_0602.jpg,stoat,3
polecat_0361.jpg,polecat,2
polecat_0531.jpg,polecat,2
mink_0962.jpg,mink,0
mink_0995.jpg,mink,0
stoat_0324.jpg,stoat,3
pinemarten_0047.jpg,pinemarten,1
weasel_0690.jpg,weasel,4
mink_0643.jpg,mink,0
weasel_0806.jpg,weasel,4
mink_0639.jpg,mink,0
polecat_0539.jpg,polecat,2
polecat_0809.jpg,polecat,2
polecat_0107.jpg,polecat,2
pinemarten_0217.jpg,pinemarten,1
polecat_0599.jpg,polecat,2
mink_0812.jpg,mink,0
weasel_0783.jpg,weasel,4
weasel_0047.jpg,weasel,4
weasel_0581.jpg,weasel,4
mink_0890.jpg,mink,0
pinemarten_0705.jpg,pinemarten,1
polecat_0129.jpg,polecat,2
weasel_0372.jpg,weasel,4
stoat_0051.jpg,stoat,3
stoat_0504.jpg,stoat,3
polecat_0598.jpg,polecat,2
polecat_0400.jpg,polecat,2
pinemarten_0404.jpg,pinemarten,1
weasel_0636.jpg,weasel,4
polecat_0601.jpg,polecat,2
pinemarten_0386.jpg,pinemarten,1
weasel_0475.jpg,weasel,4
pinemarten_0425.jpg,pinemarten,1
stoat_0572.jpg,stoat,3
polecat_0769.jpg,polecat,2
polecat_0900.jpg,polecat,2
weasel_0747.jpg,weasel,4
polecat_0878.jpg,polecat,2
mink_0136.jpg,mink,0
mink_0251.jpg,mink,0
weasel_0592.jpg,weasel,4
mink_0163.jpg,mink,0
mink_0189.jpg,mink,0
weasel_0482.jpg,weasel,4
weasel_0953.jpg,weasel,4
mink_0359.jpg,mink,0
polecat_0179.jpg,polecat,2
weasel_0093.jpg,weasel,4
mink_0161.jpg,mink,0
stoat_0102.jpg,stoat,3
mink_0318.jpg,mink,0
weasel_0751.jpg,weasel,4
pinemarten_0364.jpg,pinemarten,1
pinemarten_0950.jpg,pinemarten,1
polecat_0635.jpg,polecat,2
stoat_0657.jpg,stoat,3
weasel_0801.jpg,weasel,4
stoat_0512.jpg,stoat,3
pinemarten_0186.jpg,pinemarten,1
stoat_0078.jpg,stoat,3
polecat_0345.jpg,polecat,2
polecat_0282.jpg,polecat,2
weasel_0504.jpg,weasel,4
stoat_0615.jpg,stoat,3
pinemarten_0114.jpg,pinemarten,1
polecat_0472.jpg,polecat,2
polecat_0709.jpg,polecat,2
weasel_0115.jpg,weasel,4
pinemarten_0736.jpg,pinemarten,1
mink_0534.jpg,mink,0
mink_0589.jpg,mink,0
mink_0554.jpg,mink,0
mink_0804.jpg,mink,0
weasel_0342.jpg,weasel,4
stoat_0839.jpg,stoat,3
mink_0253.jpg,mink,0
mink_0272.jpg,mink,0
weasel_0328.jpg,weasel,4
polecat_0371.jpg,polecat,2
stoat_0535.jpg,stoat,3
stoat_0918.jpg,stoat,3
weasel_0691.jpg,weasel,4
weasel_0274.jpg,weasel,4
pinemarten_0458.jpg,pinemarten,1
pinemarten_0787.jpg,pinemarten,1
stoat_0997.jpg,stoat,3
stoat_0722.jpg,stoat,3
polecat_0016.jpg,polecat,2
stoat_0097.jpg,stoat,3
pinemarten_0536.jpg,pinemarten,1
pinemarten_0726.jpg,pinemarten,1
mink_0303.jpg,mink,0
mink_0604.jpg,mink,0
mink_0683.jpg,mink,0
weasel_0562.jpg,weasel,4
pinemarten_0198.jpg,pinemarten,1
pinemarten_0611.jpg,pinemarten,1
weasel_0152.jpg,weasel,4
weasel_0528.jpg,weasel,4
polecat_0741.jpg,polecat,2
mink_0667.jpg,mink,0
mink_0305.jpg,mink,0
pinemarten_0631.jpg,pinemarten,1
stoat_0649.jpg,stoat,3
weasel_0861.jpg,weasel,4
polecat_0794.jpg,polecat,2
mink_0438.jpg,mink,0
mink_0805.jpg,mink,0
stoat_0365.jpg,stoat,3
mink_0445.jpg,mink,0
pinemarten_0782.jpg,pinemarten,1
weasel_0285.jpg,weasel,4
weasel_0508.jpg,weasel,4
pinemarten_0875.jpg,pinemarten,1
polecat_0648.jpg,polecat,2
mink_0329.jpg,mink,0
polecat_0171.jpg,polecat,2
mink_0261.jpg,mink,0
mink_0384.jpg,mink,0
polecat_0574.jpg,polecat,2
stoat_0569.jpg,stoat,3
mink_0795.jpg,mink,0
mink_0071.jpg,mink,0
weasel_0676.jpg,weasel,4
stoat_0809.jpg,stoat,3
weasel_0322.jpg,weasel,4
polecat_0188.jpg,polecat,2
weasel_0468.jpg,weasel,4
stoat_0349.jpg,stoat,3
polecat_0252.jpg,polecat,2
weasel_0301.jpg,weasel,4
stoat_0558.jpg,stoat,3
stoat_0790.jpg,stoat,3
stoat_0952.jpg,stoat,3
stoat_0363.jpg,stoat,3
weasel_0215.jpg,weasel,4
mink_0095.jpg,mink,0
pinemarten_0495.jpg,pinemarten,1
stoat_0621.jpg,stoat,3
mink_0724.jpg,mink,0
pinemarten_0893.jpg,pinemarten,1
polecat_0031.jpg,polecat,2
stoat_0895.jpg,stoat,3
mink_0377.jpg,mink,0
pinemarten_0684.jpg,pinemarten,1
mink_0524.jpg,mink,0
polecat_0484.jpg,polecat,2
pinemarten_0021.jpg,pinemarten,1
weasel_0914.jpg,weasel,4
stoat_0113.jpg,stoat,3
pinemarten_0578.jpg,pinemarten,1
mink_0072.jpg,mink,0
stoat_0432.jpg,stoat,3
pinemarten_0739.jpg,pinemarten,1
pinemarten_0769.jpg,pinemarten,1
stoat_0870.jpg,stoat,3
polecat_0691.jpg,polecat,2
pinemarten_0095.jpg,pinemarten,1
stoat_0096.jpg,stoat,3
weasel_0926.jpg,weasel,4
polecat_0852.jpg,polecat,2
mink_0357.jpg,mink,0
pinemarten_0199.jpg,pinemarten,1
mink_0678.jpg,mink,0
mink_0054.jpg,mink,0
weasel_0828.jpg,weasel,4
weasel_0269.jpg,weasel,4
polecat_0406.jpg,polecat,2
polecat_0703.jpg,polecat,2
pinemarten_0978.jpg,pinemarten,1
pinemarten_0555.jpg,pinemarten,1
polecat_0213.jpg,polecat,2
weasel_0296.jpg,weasel,4
stoat_0815.jpg,stoat,3
pinemarten_0756.jpg,pinemarten,1
weasel_0837.jpg,weasel,4
mink_0205.jpg,mink,0
mink_0187.jpg,mink,0
mink_0876.jpg,mink,0
weasel_0865.jpg,weasel,4
mink_0358.jpg,mink,0
pinemarten_0850.jpg,pinemarten,1
weasel_0682.jpg,weasel,4
stoat_0515.jpg,stoat,3
weasel_0784.jpg,weasel,4
polecat_0947.jpg,polecat,2
polecat_0421.jpg,polecat,2
pinemarten_0338.jpg,pinemarten,1
pinemarten_0576.jpg,pinemarten,1
stoat_0167.jpg,stoat,3
pinemarten_0341.jpg,pinemarten,1
stoat_0668.jpg,stoat,3
polecat_0083.jpg,polecat,2
stoat_0969.jpg,stoat,3
mink_0198.jpg,mink,0
mink_0539.jpg,mink,0
pinemarten_0078.jpg,pinemarten,1
polecat_0631.jpg,polecat,2
weasel_0016.jpg,weasel,4
mink_0776.jpg,mink,0
polecat_0230.jpg,polecat,2
stoat_0698.jpg,stoat,3
stoat_0138.jpg,stoat,3
stoat_0049.jpg,stoat,3
polecat_0935.jpg,polecat,2
polecat_0357.jpg,polecat,2
polecat_0853.jpg,polecat,2
pinemarten_0498.jpg,pinemarten,1
stoat_0922.jpg,stoat,3
stoat_0075.jpg,stoat,3
pinemarten_0606.jpg,pinemarten,1
stoat_0157.jpg,stoat,3
stoat_0417.jpg,stoat,3
stoat_0566.jpg,stoat,3
stoat_0409.jpg,stoat,3
pinemarten_0094.jpg,pinemarten,1
pinemarten_0272.jpg,pinemarten,1
pinemarten_0474.jpg,pinemarten,1
mink_0048.jpg,mink,0
stoat_0290.jpg,stoat,3
pinemarten_0361.jpg,pinemarten,1
stoat_0960.jpg,stoat,3
mink_0507.jpg,mink,0
polecat_0795.jpg,polecat,2
mink_0162.jpg,mink,0
weasel_0986.jpg,weasel,4
pinemarten_0715.jpg,pinemarten,1
polecat_0645.jpg,polecat,2
weasel_0457.jpg,weasel,4
weasel_0308.jpg,weasel,4
pinemarten_0878.jpg,pinemarten,1
mink_0258.jpg,mink,0
stoat_0243.jpg,stoat,3
mink_0912.jpg,mink,0
pinemarten_0580.jpg,pinemarten,1
mink_0510.jpg,mink,0
polecat_0945.jpg,polecat,2
weasel_0173.jpg,weasel,4
polecat_0223.jpg,polecat,2
weasel_0958.jpg,weasel,4
mink_0757.jpg,mink,0
pinemarten_0004.jpg,pinemarten,1
weasel_0929.jpg,weasel,4
stoat_0837.jpg,stoat,3
polecat_0997.jpg,polecat,2
mink_0142.jpg,mink,0
polecat_0980.jpg,polecat,2
mink_0315.jpg,mink,0
polecat_0950.jpg,polecat,2
weasel_0794.jpg,weasel,4
stoat_0177.jpg,stoat,3
stoat_0835.jpg,stoat,3
stoat_0749.jpg,stoat,3
pinemarten_0923.jpg,pinemarten,1
weasel_0987.jpg,weasel,4
mink_0243.jpg,mink,0
weasel_0434.jpg,weasel,4
stoat_0110.jpg,stoat,3
weasel_0496.jpg,weasel,4
stoat_0211.jpg,stoat,3
mink_0789.jpg,mink,0
weasel_0037.jpg,weasel,4
weasel_0131.jpg,weasel,4
weasel_0079.jpg,weasel,4
polecat_0546.jpg,polecat,2
pinemarten_0499.jpg,pinemarten,1
pinemarten_0073.jpg,pinemarten,1
stoat_0490.jpg,stoat,3
polecat_0684.jpg,polecat,2
stoat_0109.jpg,stoat,3
pinemarten_0014.jpg,pinemarten,1
mink_0405.jpg,mink,0
polecat_0846.jpg,polecat,2
pinemarten_0168.jpg,pinemarten,1
pinemarten_0563.jpg,pinemarten,1
pinemarten_0992.jpg,pinemarten,1
weasel_0693.jpg,weasel,4
pinemarten_0569.jpg,pinemarten,1
mink_0627.jpg,mink,0
weasel_0090.jpg,weasel,4
polecat_0047.jpg,polecat,2
pinemarten_0561.jpg,pinemarten,1
stoat_0079.jpg,stoat,3
weasel_0337.jpg,weasel,4
mink_0420.jpg,mink,0
mink_0618.jpg,mink,0
pinemarten_0982.jpg,pinemarten,1
pinemarten_0284.jpg,pinemarten,1
polecat_0990.jpg,polecat,2
stoat_0483.jpg,stoat,3
weasel_0309.jpg,weasel,4
pinemarten_0226.jpg,pinemarten,1
polecat_0302.jpg,polecat,2
stoat_0340.jpg,stoat,3
weasel_0920.jpg,weasel,4
stoat_0554.jpg,stoat,3
polecat_0106.jpg,polecat,2
pinemarten_0093.jpg,pinemarten,1
stoat_0501.jpg,stoat,3
polecat_0763.jpg,polecat,2
weasel_0825.jpg,weasel,4
polecat_0475.jpg,polecat,2
stoat_0393.jpg,stoat,3
pinemarten_0678.jpg,pinemarten,1
polecat_0456.jpg,polecat,2
pinemarten_0860.jpg,pinemarten,1
weasel_0973.jpg,weasel,4
stoat_0457.jpg,stoat,3
polecat_0055.jpg,polecat,2
stoat_0146.jpg,stoat,3
polecat_0432.jpg,polecat,2
pinemarten_0530.jpg,pinemarten,1
mink_0621.jpg,mink,0
pinemarten_0745.jpg,pinemarten,1
stoat_0070.jpg,stoat,3
weasel_0404.jpg,weasel,4
pinemarten_0796.jpg,pinemarten,1
weasel_0714.jpg,weasel,4
polecat_0295.jpg,polecat,2
stoat_0498.jpg,stoat,3
mink_0301.jpg,mink,0
pinemarten_0760.jpg,pinemarten,1
stoat_0513.jpg,stoat,3
weasel_0871.jpg,weasel,4
weasel_0620.jpg,weasel,4
polecat_0352.jpg,polecat,2
weasel_0439.jpg,weasel,4
pinemarten_0470.jpg,pinemarten,1
mink_0134.jpg,mink,0
polecat_0791.jpg,polecat,2
stoat_0023.jpg,stoat,3
weasel_0197.jpg,weasel,4
stoat_0358.jpg,stoat,3
pinemarten_0120.jpg,pinemarten,1
stoat_0787.jpg,stoat,3
polecat_0675.jpg,polecat,2
polecat_0176.jpg,polecat,2
weasel_0984.jpg,weasel,4
mink_0390.jpg,mink,0
pinemarten_0823.jpg,pinemarten,1
mink_0219.jpg,mink,0
polecat_0326.jpg,polecat,2
pinemarten_0046.jpg,pinemarten,1
weasel_0893.jpg,weasel,4
polecat_0313.jpg,polecat,2
weasel_0525.jpg,weasel,4
mink_0489.jpg,mink,0
polecat_0115.jpg,polecat,2
mink_0820.jpg,mink,0
polecat_0823.jpg,polecat,2
mink_0052.jpg,mink,0
stoat_0778.jpg,stoat,3
stoat_0264.jpg,stoat,3
pinemarten_0480.jpg,pinemarten,1
stoat_0840.jpg,stoat,3
polecat_0977.jpg,polecat,2
weasel_0688.jpg,weasel,4
polecat_0758.jpg,polecat,2
stoat_0791.jpg,stoat,3
mink_0280.jpg,mink,0
stoat_0799.jpg,stoat,3
mink_0628.jpg,mink,0
mink_0061.jpg,mink,0
pinemarten_0400.jpg,pinemarten,1
mink_0148.jpg,mink,0
stoat_0854.jpg,stoat,3
weasel_0128.jpg,weasel,4
stoat_0369.jpg,stoat,3
stoat_0693.jpg,stoat,3
pinemarten_0278.jpg,pinemarten,1
pinemarten_0858.jpg,pinemarten,1
mink_0428.jpg,mink,0
polecat_0409.jpg,polecat,2
mink_0650.jpg,mink,0
pinemarten_0870.jpg,pinemarten,1
mink_0004.jpg,mink,0
pinemarten_0109.jpg,pinemarten,1
pinemarten_0551.jpg,pinemarten,1
mink_0764.jpg,mink,0
polecat_0681.jpg,polecat,2
stoat_0822.jpg,stoat,3
stoat_0382.jpg,stoat,3
weasel_0887.jpg,weasel,4
stoat_0334.jpg,stoat,3
stoat_0198.jpg,stoat,3
weasel_0735.jpg,weasel,4
mink_0364.jpg,mink,0
weasel_0363.jpg,weasel,4
polecat_0941.jpg,polecat,2
pinemarten_0082.jpg,pinemarten,1
polecat_0850.jpg,polecat,2
mink_0221.jpg,mink,0
mink_0031.jpg,mink,0
stoat_0474.jpg,stoat,3
mink_0809.jpg,mink,0
pinemarten_0318.jpg,pinemarten,1
stoat_0576.jpg,stoat,3
polecat_0017.jpg,polecat,2
pinemarten_0210.jpg,pinemarten,1
stoat_0202.jpg,stoat,3
weasel_0859.jpg,weasel,4
pinemarten_0178.jpg,pinemarten,1
weasel_0105.jpg,weasel,4
weasel_0032.jpg,weasel,4
stoat_0031.jpg,stoat,3
stoat_0282.jpg,stoat,3
stoat_0924.jpg,stoat,3
stoat_0120.jpg,stoat,3
polecat_0341.jpg,polecat,2
stoat_0825.jpg,stoat,3
polecat_0586.jpg,polecat,2
pinemarten_0990.jpg,pinemarten,1
weasel_0227.jpg,weasel,4
polecat_0614.jpg,polecat,2
weasel_0884.jpg,weasel,4
polecat_0992.jpg,polecat,2
pinemarten_0812.jpg,pinemarten,1
mink_0018.jpg,mink,0
mink_0227.jpg,mink,0
weasel_0520.jpg,weasel,4
stoat_0286.jpg,stoat,3
mink_0591.jpg,mink,0
polecat_0359.jpg,polecat,2
weasel_0864.jpg,weasel,4
weasel_0299.jpg,weasel,4
stoat_0598.jpg,stoat,3
stoat_0611.jpg,stoat,3
mink_0916.jpg,mink,0
polecat_0849.jpg,polecat,2
weasel_0744.jpg,weasel,4
pinemarten_0785.jpg,pinemarten,1
polecat_0696.jpg,polecat,2
stoat_0350.jpg,stoat,3
pinemarten_0359.jpg,pinemarten,1
weasel_0989.jpg,weasel,4
mink_0259.jpg,mink,0
pinemarten_0370.jpg,pinemarten,1
pinemarten_0187.jpg,pinemarten,1
stoat_0945.jpg,stoat,3
weasel_0298.jpg,weasel,4
weasel_0440.jpg,weasel,4
weasel_0431.jpg,weasel,4
polecat_0516.jpg,polecat,2
stoat_0868.jpg,stoat,3
weasel_0615.jpg,weasel,4
pinemarten_0597.jpg,pinemarten,1
polecat_0875.jpg,polecat,2
stoat_0911.jpg,stoat,3
mink_0343.jpg,mink,0
pinemarten_0599.jpg,pinemarten,1
mink_0022.jpg,mink,0
pinemarten_0757.jpg,pinemarten,1
stoat_0223.jpg,stoat,3
mink_0105.jpg,mink,0
polecat_0901.jpg,polecat,2
weasel_0851.jpg,weasel,4
polecat_0490.jpg,polecat,2
weasel_0616.jpg,weasel,4
polecat_0205.jpg,polecat,2
weasel_0951.jpg,weasel,4
stoat_0864.jpg,stoat,3
weasel_0730.jpg,weasel,4
mink_0790.jpg,mink,0
pinemarten_0068.jpg,pinemarten,1
polecat_0963.jpg,polecat,2
weasel_0775.jpg,weasel,4
pinemarten_0827.jpg,pinemarten,1
weasel_0377.jpg,weasel,4
stoat_0044.jpg,stoat,3
mink_0477.jpg,mink,0
mink_0015.jpg,mink,0
mink_0622.jpg,mink,0
weasel_0827.jpg,weasel,4
pinemarten_0925.jpg,pinemarten,1
pinemarten_0333.jpg,pinemarten,1
polecat_0667.jpg,polecat,2
stoat_0398.jpg,stoat,3
stoat_0217.jpg,stoat,3
polecat_0203.jpg,polecat,2
weasel_0483.jpg,weasel,4
weasel_0416.jpg,weasel,4
weasel_0657.jpg,weasel,4
pinemarten_0647.jpg,pinemarten,1
pinemarten_0351.jpg,pinemarten,1
pinemarten_0447.jpg,pinemarten,1
stoat_0888.jpg,stoat,3
mink_0186.jpg,mink,0
stoat_0383.jpg,stoat,3
polecat_0524.jpg,polecat,2
polecat_0881.jpg,polecat,2
stoat_0664.jpg,stoat,3
stoat_0886.jpg,stoat,3
polecat_0793.jpg,polecat,2
mink_0673.jpg,mink,0
polecat_0444.jpg,polecat,2
weasel_0050.jpg,weasel,4
polecat_0933.jpg,polecat,2
stoat_0582.jpg,stoat,3
weasel_0511.jpg,weasel,4
mink_0822.jpg,mink,0
polecat_0710.jpg,polecat,2
pinemarten_0706.jpg,pinemarten,1
weasel_0302.jpg,weasel,4
mink_0762.jpg,mink,0
pinemarten_0457.jpg,pinemarten,1
pinemarten_0957.jpg,pinemarten,1
mink_0237.jpg,mink,0
polecat_0897.jpg,polecat,2
polecat_0092.jpg,polecat,2
weasel_0008.jpg,weasel,4
stoat_0821.jpg,stoat,3
stoat_0193.jpg,stoat,3
pinemarten_0969.jpg,pinemarten,1
pinemarten_0541.jpg,pinemarten,1
weasel_0433.jpg,weasel,4
polecat_0103.jpg,polecat,2
polecat_0647.jpg,polecat,2
mink_0951.jpg,mink,0
weasel_0804.jpg,weasel,4
stoat_0260.jpg,stoat,3
mink_0579.jpg,mink,0
mink_0716.jpg,mink,0
polecat_0450.jpg,polecat,2
weasel_0307.jpg,weasel,4
stoat_0516.jpg,stoat,3
mink_0232.jpg,mink,0
pinemarten_0910.jpg,pinemarten,1
weasel_0277.jpg,weasel,4
pinemarten_0501.jpg,pinemarten,1
stoat_0751.jpg,stoat,3
stoat_0940.jpg,stoat,3
polecat_0486.jpg,polecat,2
pinemarten_0524.jpg,pinemarten,1
stoat_0480.jpg,stoat,3
weasel_0741.jpg,weasel,4
polecat_0441.jpg,polecat,2
stoat_0040.jpg,stoat,3
polecat_0783.jpg,polecat,2
stoat_0674.jpg,stoat,3
weasel_0548.jpg,weasel,4
pinemarten_0559.jpg,pinemarten,1
weasel_0200.jpg,weasel,4
weasel_0550.jpg,weasel,4
stoat_0126.jpg,stoat,3
polecat_0919.jpg,polecat,2
polecat_0512.jpg,polecat,2
pinemarten_0864.jpg,pinemarten,1
stoat_0549.jpg,stoat,3
mink_0811.jpg,mink,0
polecat_0145.jpg,polecat,2
pinemarten_0567.jpg,pinemarten,1
weasel_0814.jpg,weasel,4
pinemarten_0146.jpg,pinemarten,1
stoat_0061.jpg,stoat,3
polecat_0826.jpg,polecat,2
polecat_0749.jpg,polecat,2
mink_0469.jpg,mink,0
weasel_0857.jpg,weasel,4
pinemarten_0452.jpg,pinemarten,1
pinemarten_0138.jpg,pinemarten,1
polecat_0669.jpg,polecat,2
stoat_0717.jpg,stoat,3
pinemarten_0924.jpg,pinemarten,1
polecat_0858.jpg,polecat,2
stoat_0568.jpg,stoat,3
pinemarten_0473.jpg,pinemarten,1
stoat_0348.jpg,stoat,3
pinemarten_0108.jpg,pinemarten,1
polecat_0053.jpg,polecat,2
mink_0588.jpg,mink,0
polecat_0519.jpg,polecat,2
mink_0106.jpg,mink,0
pinemarten_0122.jpg,pinemarten,1
weasel_0314.jpg,weasel,4
polecat_0981.jpg,polecat,2
weasel_0223.jpg,weasel,4
weasel_0726.jpg,weasel,4
stoat_0047.jpg,stoat,3
weasel_0165.jpg,weasel,4
polecat_0731.jpg,polecat,2
weasel_0618.jpg,weasel,4
pinemarten_0264.jpg,pinemarten,1
polecat_0782.jpg,polecat,2
polecat_0847.jpg,polecat,2
pinemarten_0306.jpg,pinemarten,1
polecat_0813.jpg,polecat,2
stoat_0355.jpg,stoat,3
polecat_0042.jpg,polecat,2
weasel_0280.jpg,weasel,4
polecat_0663.jpg,polecat,2
pinemarten_0549.jpg,pinemarten,1
polecat_0298.jpg,polecat,2
polecat_0698.jpg,polecat,2
stoat_0725.jpg,stoat,3
weasel_0160.jpg,weasel,4
polecat_0575.jpg,polecat,2
stoat_0814.jpg,stoat,3
pinemarten_0110.jpg,pinemarten,1
mink_0310.jpg,mink,0
mink_0943.jpg,mink,0
mink_0863.jpg,mink,0
polecat_0501.jpg,polecat,2
weasel_0455.jpg,weasel,4
mink_0069.jpg,mink,0
mink_0412.jpg,mink,0
weasel_0179.jpg,weasel,4
weasel_0107.jpg,weasel,4
mink_0455.jpg,mink,0
pinemarten_0086.jpg,pinemarten,1
mink_0655.jpg,mink,0
mink_0006.jpg,mink,0
polecat_0294.jpg,polecat,2
stoat_0543.jpg,stoat,3
stoat_0801.jpg,stoat,3
pinemarten_0028.jpg,pinemarten,1
stoat_0849.jpg,stoat,3
polecat_0655.jpg,polecat,2
weasel_0137.jpg,weasel,4
pinemarten_0423.jpg,pinemarten,1
pinemarten_0292.jpg,pinemarten,1
stoat_0418.jpg,stoat,3
pinemarten_0956.jpg,pinemarten,1
polecat_0821.jpg,polecat,2
weasel_0817.jpg,weasel,4
weasel_0795.jpg,weasel,4
pinemarten_0399.jpg,pinemarten,1
mink_0468.jpg,mink,0
mink_0247.jpg,mink,0
weasel_0591.jpg,weasel,4
weasel_0921.jpg,weasel,4
weasel_0450.jpg,weasel,4
stoat_0389.jpg,stoat,3
pinemarten_0554.jpg,pinemarten,1
stoat_0883.jpg,stoat,3
polecat_0301.jpg,polecat,2
stoat_0721.jpg,stoat,3
polecat_0159.jpg,polecat,2
weasel_0589.jpg,weasel,4
stoat_0162.jpg,stoat,3
weasel_0460.jpg,weasel,4
polecat_0817.jpg,polecat,2
weasel_0485.jpg,weasel,4
weasel_0619.jpg,weasel,4
polecat_0036.jpg,polecat,2
polecat_0998.jpg,polecat,2
weasel_0380.jpg,weasel,4
pinemarten_0918.jpg,pinemarten,1
weasel_0940.jpg,weasel,4
weasel_0303.jpg,weasel,4
stoat_0083.jpg,stoat,3
stoat_0723.jpg,stoat,3
weasel_0336.jpg,weasel,4
weasel_0181.jpg,weasel,4
stoat_0385.jpg,stoat,3
stoat_0502.jpg,stoat,3
stoat_0318.jpg,stoat,3
polecat_0413.jpg,polecat,2
pinemarten_0037.jpg,pinemarten,1
polecat_0258.jpg,polecat,2
mink_0317.jpg,mink,0
mink_0974.jpg,mink,0
pinemarten_0088.jpg,pinemarten,1
weasel_0903.jpg,weasel,4
mink_0905.jpg,mink,0
weasel_0900.jpg,weasel,4
polecat_0744.jpg,polecat,2
stoat_0965.jpg,stoat,3
pinemarten_0476.jpg,pinemarten,1
pinemarten_0838.jpg,pinemarten,1
polecat_0040.jpg,polecat,2
weasel_0053.jpg,weasel,4
weasel_0477.jpg,weasel,4
stoat_0758.jpg,stoat,3
pinemarten_0863.jpg,pinemarten,1
mink_0521.jpg,mink,0
weasel_0479.jpg,weasel,4
pinemarten_0176.jpg,pinemarten,1
polecat_0499.jpg,polecat,2
polecat_0286.jpg,polecat,2
pinemarten_0241.jpg,pinemarten,1
pinemarten_0877.jpg,pinemarten,1
pinemarten_0269.jpg,pinemarten,1
weasel_0588.jpg,weasel,4
weasel_0120.jpg,weasel,4
mink_0396.jpg,mink,0
stoat_0391.jpg,stoat,3
pinemarten_0116.jpg,pinemarten,1
stoat_0058.jpg,stoat,3
mink_0942.jpg,mink,0
weasel_0931.jpg,weasel,4
mink_0426.jpg,mink,0
polecat_0048.jpg,polecat,2
pinemarten_0130.jpg,pinemarten,1
mink_0416.jpg,mink,0
mink_0504.jpg,mink,0
stoat_0898.jpg,stoat,3
stoat_0258.jpg,stoat,3
polecat_0801.jpg,polecat,2
polecat_0745.jpg,polecat,2
weasel_0629.jpg,weasel,4
pinemarten_0418.jpg,pinemarten,1
pinemarten_0602.jpg,pinemarten,1
stoat_0588.jpg,stoat,3
weasel_0788.jpg,weasel,4
mink_0182.jpg,mink,0
pinemarten_0677.jpg,pinemarten,1
weasel_0334.jpg,weasel,4
polecat_0775.jpg,polecat,2
stoat_0533.jpg,stoat,3
stoat_0027.jpg,stoat,3
pinemarten_0621.jpg,pinemarten,1
stoat_0813.jpg,stoat,3
pinemarten_0325.jpg,pinemarten,1
mink_0012.jpg,mink,0
polecat_0044.jpg,polecat,2
weasel_0879.jpg,weasel,4
stoat_0402.jpg,stoat,3
polecat_0269.jpg,polecat,2
polecat_0796.jpg,polecat,2
mink_0316.jpg,mink,0
weasel_0809.jpg,weasel,4
polecat_0617.jpg,polecat,2
pinemarten_0934.jpg,pinemarten,1
mink_0389.jpg,mink,0
polecat_0870.jpg,polecat,2
weasel_0060.jpg,weasel,4
stoat_0117.jpg,stoat,3
polecat_0670.jpg,polecat,2
pinemarten_0152.jpg,pinemarten,1
mink_0073.jpg,mink,0
mink_0193.jpg,mink,0
stoat_0934.jpg,stoat,3
mink_0094.jpg,mink,0
weasel_0162.jpg,weasel,4
pinemarten_0383.jpg,pinemarten,1
pinemarten_0203.jpg,pinemarten,1
pinemarten_0570.jpg,pinemarten,1
polecat_0844.jpg,polecat,2
stoat_0336.jpg,stoat,3
mink_0921.jpg,mink,0
pinemarten_0185.jpg,pinemarten,1
polecat_0161.jpg,polecat,2
stoat_0221.jpg,stoat,3
stoat_0045.jpg,stoat,3
pinemarten_0694.jpg,pinemarten,1
mink_0485.jpg,mink,0
pinemarten_0154.jpg,pinemarten,1
weasel_0071.jpg,weasel,4
mink_0712.jpg,mink,0
pinemarten_0189.jpg,pinemarten,1
stoat_0859.jpg,stoat,3
polecat_0108.jpg,polecat,2
mink_0767.jpg,mink,0
mink_0274.jpg,mink,0
mink_0256.jpg,mink,0
stoat_0905.jpg,stoat,3
pinemarten_0450.jpg,pinemarten,1
mink_0619.jpg,mink,0
stoat_0703.jpg,stoat,3
stoat_0309.jpg,stoat,3
pinemarten_0440.jpg,pinemarten,1
stoat_0118.jpg,stoat,3
mink_0769.jpg,mink,0
polecat_0692.jpg,polecat,2
stoat_0367.jpg,stoat,3
weasel_0067.jpg,weasel,4
weasel_0196.jpg,weasel,4
stoat_0857.jpg,stoat,3
weasel_0391.jpg,weasel,4
mink_0713.jpg,mink,0
mink_0287.jpg,mink,0
polecat_0426.jpg,polecat,2
weasel_0017.jpg,weasel,4
pinemarten_0066.jpg,pinemarten,1
pinemarten_0238.jpg,pinemarten,1
mink_0419.jpg,mink,0
mink_0367.jpg,mink,0
stoat_0151.jpg,stoat,3
mink_0915.jpg,mink,0
mink_0707.jpg,mink,0
stoat_0724.jpg,stoat,3
polecat_0527.jpg,polecat,2
weasel_0220.jpg,weasel,4
stoat_0012.jpg,stoat,3
weasel_0422.jpg,weasel,4
mink_0593.jpg,mink,0
polecat_0388.jpg,polecat,2
polecat_0694.jpg,polecat,2
pinemarten_0025.jpg,pinemarten,1
pinemarten_0456.jpg,pinemarten,1
mink_0537.jpg,mink,0
polecat_0690.jpg,polecat,2
mink_0462.jpg,mink,0
mink_0761.jpg,mink,0
mink_0698.jpg,mink,0
weasel_0057.jpg,weasel,4
polecat_0460.jpg,polecat,2
stoat_0741.jpg,stoat,3
mink_0666.jpg,mink,0
mink_0858.jpg,mink,0
pinemarten_0592.jpg,pinemarten,1
polecat_0722.jpg,polecat,2
stoat_0979.jpg,stoat,3
polecat_0541.jpg,polecat,2
polecat_0243.jpg,polecat,2
polecat_0192.jpg,polecat,2
stoat_0059.jpg,stoat,3
mink_0133.jpg,mink,0
mink_0833.jpg,mink,0
stoat_0842.jpg,stoat,3
polecat_0570.jpg,polecat,2
stoat_0623.jpg,stoat,3
pinemarten_0379.jpg,pinemarten,1
weasel_0583.jpg,weasel,4
pinemarten_0008.jpg,pinemarten,1
polecat_0960.jpg,polecat,2
pinemarten_0143.jpg,pinemarten,1
pinemarten_0260.jpg,pinemarten,1
mink_0434.jpg,mink,0
stoat_0461.jpg,stoat,3
weasel_0348.jpg,weasel,4
stoat_0651.jpg,stoat,3
mink_0832.jpg,mink,0
stoat_0178.jpg,stoat,3
mink_0267.jpg,mink,0
pinemarten_0927.jpg,pinemarten,1
stoat_0517.jpg,stoat,3
weasel_0626.jpg,weasel,4
weasel_0623.jpg,weasel,4
weasel_0763.jpg,weasel,4
weasel_0435.jpg,weasel,4
stoat_0169.jpg,stoat,3
weasel_0954.jpg,weasel,4
mink_0466.jpg,mink,0
stoat_0659.jpg,stoat,3
pinemarten_0964.jpg,pinemarten,1
weasel_0288.jpg,weasel,4
pinemarten_0055.jpg,pinemarten,1
mink_0002.jpg,mink,0
pinemarten_0144.jpg,pinemarten,1
stoat_0896.jpg,stoat,3
pinemarten_0118.jpg,pinemarten,1
polecat_0314.jpg,polecat,2
polecat_0973.jpg,polecat,2
weasel_0519.jpg,weasel,4
polecat_0680.jpg,polecat,2
weasel_0062.jpg,weasel,4
polecat_0517.jpg,polecat,2
pinemarten_0625.jpg,pinemarten,1
pinemarten_0998.jpg,pinemarten,1
stoat_0957.jpg,stoat,3
weasel_0396.jpg,weasel,4
mink_0778.jpg,mink,0
weasel_0004.jpg,weasel,4
stoat_0757.jpg,stoat,3
mink_0959.jpg,mink,0
polecat_0130.jpg,polecat,2
polecat_0887.jpg,polecat,2
weasel_0168.jpg,weasel,4
polecat_0473.jpg,polecat,2
weasel_0522.jpg,weasel,4
pinemarten_0645.jpg,pinemarten,1
stoat_0303.jpg,stoat,3
weasel_0010.jpg,weasel,4
weasel_0514.jpg,weasel,4
polecat_0060.jpg,polecat,2
pinemarten_0444.jpg,pinemarten,1
polecat_0518.jpg,polecat,2
mink_0671.jpg,mink,0
weasel_0490.jpg,weasel,4
mink_0102.jpg,mink,0
polecat_0293.jpg,polecat,2
weasel_0082.jpg,weasel,4
weasel_0088.jpg,weasel,4
polecat_0066.jpg,polecat,2
weasel_0766.jpg,weasel,4
pinemarten_0887.jpg,pinemarten,1
weasel_0191.jpg,weasel,4
stoat_0405.jpg,stoat,3
polecat_0828.jpg,polecat,2
stoat_0414.jpg,stoat,3
pinemarten_0740.jpg,pinemarten,1
mink_0987.jpg,mink,0
polecat_0149.jpg,polecat,2
weasel_0723.jpg,weasel,4
weasel_0175.jpg,weasel,4
mink_0644.jpg,mink,0
weasel_0310.jpg,weasel,4
stoat_0579.jpg,stoat,3
stoat_0729.jpg,stoat,3
mink_0695.jpg,mink,0
pinemarten_0209.jpg,pinemarten,1
polecat_0019.jpg,polecat,2
polecat_0505.jpg,polecat,2
weasel_0547.jpg,weasel,4
mink_0176.jpg,mink,0
polecat_0141.jpg,polecat,2
polecat_0712.jpg,polecat,2
stoat_0927.jpg,stoat,3
weasel_0210.jpg,weasel,4
weasel_0542.jpg,weasel,4
polecat_0656.jpg,polecat,2
pinemarten_0313.jpg,pinemarten,1
mink_0853.jpg,mink,0
mink_0850.jpg,mink,0
mink_0084.jpg,mink,0
weasel_0341.jpg,weasel,4
weasel_0507.jpg,weasel,4
pinemarten_0891.jpg,pinemarten,1
mink_0600.jpg,mink,0
pinemarten_0237.jpg,pinemarten,1
stoat_0607.jpg,stoat,3
polecat_0280.jpg,polecat,2
stoat_0263.jpg,stoat,3
mink_0312.jpg,mink,0
mink_0210.jpg,mink,0
polecat_0579.jpg,polecat,2
mink_0382.jpg,mink,0
weasel_0147.jpg,weasel,4
stoat_0954.jpg,stoat,3
pinemarten_0327.jpg,pinemarten,1
mink_0679.jpg,mink,0
pinemarten_0673.jpg,pinemarten,1
polecat_0818.jpg,polecat,2
polecat_0165.jpg,polecat,2
polecat_0679.jpg,polecat,2
pinemarten_0335.jpg,pinemarten,1
pinemarten_0091.jpg,pinemarten,1
stoat_0222.jpg,stoat,3
weasel_0087.jpg,weasel,4
polecat_0787.jpg,polecat,2
weasel_0321.jpg,weasel,4
stoat_0429.jpg,stoat,3
weasel_0513.jpg,weasel,4
pinemarten_0949.jpg,pinemarten,1
weasel_0694.jpg,weasel,4
pinemarten_0483.jpg,pinemarten,1
mink_0957.jpg,mink,0
mink_0154.jpg,mink,0
mink_0653.jpg,mink,0
weasel_0002.jpg,weasel,4
weasel_0558.jpg,weasel,4
stoat_0411.jpg,stoat,3
mink_0997.jpg,mink,0
stoat_0663.jpg,stoat,3
stoat_0032.jpg,stoat,3
mink_0928.jpg,mink,0
pinemarten_0656.jpg,pinemarten,1
stoat_0244.jpg,stoat,3
polecat_0577.jpg,polecat,2
pinemarten_0885.jpg,pinemarten,1
polecat_0006.jpg,polecat,2
weasel_0894.jpg,weasel,4
pinemarten_0984.jpg,pinemarten,1
polecat_0746.jpg,polecat,2
pinemarten_0029.jpg,pinemarten,1
mink_0454.jpg,mink,0
polecat_0730.jpg,polecat,2
weasel_0282.jpg,weasel,4
weasel_0386.jpg,weasel,4
polecat_0513.jpg,polecat,2
polecat_0468.jpg,polecat,2
stoat_0700.jpg,stoat,3
stoat_0852.jpg,stoat,3
mink_0212.jpg,mink,0
weasel_0118.jpg,weasel,4
polecat_0743.jpg,polecat,2
stoat_0125.jpg,stoat,3
stoat_0291.jpg,stoat,3
mink_0823.jpg,mink,0
pinemarten_0613.jpg,pinemarten,1
mink_0407.jpg,mink,0
polecat_0077.jpg,polecat,2
stoat_0493.jpg,stoat,3
weasel_0171.jpg,weasel,4
weasel_0582.jpg,weasel,4
pinemarten_0755.jpg,pinemarten,1
weasel_0406.jpg,weasel,4
mink_0172.jpg,mink,0
mink_0523.jpg,mink,0
mink_0817.jpg,mink,0
weasel_0049.jpg,weasel,4
stoat_0252.jpg,stoat,3
stoat_0949.jpg,stoat,3
mink_0831.jpg,mink,0
mink_0299.jpg,mink,0
stoat_0156.jpg,stoat,3
mink_0509.jpg,mink,0
weasel_0675.jpg,weasel,4
stoat_0518.jpg,stoat,3
pinemarten_0235.jpg,pinemarten,1
weasel_0778.jpg,weasel,4
mink_0211.jpg,mink,0
pinemarten_0866.jpg,pinemarten,1
pinemarten_0731.jpg,pinemarten,1
weasel_0184.jpg,weasel,4
stoat_0988.jpg,stoat,3
mink_0447.jpg,mink,0
mink_0345.jpg,mink,0
weasel_0743.jpg,weasel,4
weasel_0715.jpg,weasel,4
mink_0300.jpg,mink,0
polecat_0674.jpg,polecat,2
mink_0715.jpg,mink,0
pinemarten_0079.jpg,pinemarten,1
pinemarten_0005.jpg,pinemarten,1
weasel_0214.jpg,weasel,4
weasel_0221.jpg,weasel,4
polecat_0474.jpg,polecat,2
weasel_0515.jpg,weasel,4
mink_0649.jpg,mink,0
mink_0201.jpg,mink,0
mink_0297.jpg,mink,0
pinemarten_0717.jpg,pinemarten,1
weasel_0934.jpg,weasel,4
weasel_0182.jpg,weasel,4
weasel_0912.jpg,weasel,4
polecat_0662.jpg,polecat,2
mink_0654.jpg,mink,0
polecat_0434.jpg,polecat,2
stoat_0014.jpg,stoat,3
stoat_0826.jpg,stoat,3
stoat_0018.jpg,stoat,3
weasel_0052.jpg,weasel,4
mink_0273.jpg,mink,0
stoat_0736.jpg,stoat,3
weasel_0408.jpg,weasel,4
pinemarten_0015.jpg,pinemarten,1
stoat_0101.jpg,stoat,3
stoat_0479.jpg,stoat,3
pinemarten_0999.jpg,pinemarten,1
weasel_0138.jpg,weasel,4
pinemarten_0156.jpg,pinemarten,1
stoat_0248.jpg,stoat,3
stoat_0320.jpg,stoat,3
stoat_0119.jpg,stoat,3
mink_0120.jpg,mink,0
mink_0306.jpg,mink,0
pinemarten_0067.jpg,pinemarten,1
weasel_0029.jpg,weasel,4
pinemarten_0414.jpg,pinemarten,1
mink_0140.jpg,mink,0
pinemarten_0962.jpg,pinemarten,1
polecat_0408.jpg,polecat,2
mink_0179.jpg,mink,0
weasel_0823.jpg,weasel,4
pinemarten_0835.jpg,pinemarten,1
polecat_0256.jpg,polecat,2
pinemarten_0389.jpg,pinemarten,1
mink_0053.jpg,mink,0
stoat_0017.jpg,stoat,3
mink_0954.jpg,mink,0
mink_0860.jpg,mink,0
polecat_0953.jpg,polecat,2
polecat_0649.jpg,polecat,2
polecat_0914.jpg,polecat,2
mink_0696.jpg,mink,0
pinemarten_0943.jpg,pinemarten,1
polecat_0867.jpg,polecat,2
stoat_0994.jpg,stoat,3
weasel_0390.jpg,weasel,4
weasel_0733.jpg,weasel,4
weasel_0646.jpg,weasel,4
stoat_0505.jpg,stoat,3
pinemarten_0825.jpg,pinemarten,1
weasel_0206.jpg,weasel,4
pinemarten_0356.jpg,pinemarten,1
polecat_0651.jpg,polecat,2
stoat_0748.jpg,stoat,3
weasel_0753.jpg,weasel,4
mink_0517.jpg,mink,0
pinemarten_0837.jpg,pinemarten,1
stoat_0847.jpg,stoat,3
mink_0442.jpg,mink,0
pinemarten_0274.jpg,pinemarten,1
mink_0414.jpg,mink,0
polecat_0926.jpg,polecat,2
weasel_0639.jpg,weasel,4
stoat_0987.jpg,stoat,3
weasel_0359.jpg,weasel,4
polecat_0768.jpg,polecat,2
stoat_0998.jpg,stoat,3
weasel_0516.jpg,weasel,4
polecat_0766.jpg,polecat,2
weasel_0855.jpg,weasel,4
weasel_0432.jpg,weasel,4
stoat_0919.jpg,stoat,3
polecat_0343.jpg,polecat,2
weasel_0095.jpg,weasel,4
polecat_0623.jpg,polecat,2
mink_0937.jpg,mink,0
pinemarten_0409.jpg,pinemarten,1
pinemarten_0224.jpg,pinemarten,1
mink_0704.jpg,mink,0
stoat_0251.jpg,stoat,3
polecat_0253.jpg,polecat,2
stoat_0618.jpg,stoat,3
weasel_0102.jpg,weasel,4
weasel_0875.jpg,weasel,4
weasel_0320.jpg,weasel,4
pinemarten_0411.jpg,pinemarten,1
weasel_0134.jpg,weasel,4
mink_0373.jpg,mink,0
stoat_0695.jpg,stoat,3
polecat_0937.jpg,polecat,2
polecat_0342.jpg,polecat,2
polecat_0135.jpg,polecat,2
weasel_0947.jpg,weasel,4
stoat_0524.jpg,stoat,3
polecat_0843.jpg,polecat,2
weasel_0729.jpg,weasel,4
polecat_0644.jpg,polecat,2
mink_0799.jpg,mink,0
pinemarten_0703.jpg,pinemarten,1
stoat_0159.jpg,stoat,3
stoat_0299.jpg,stoat,3
mink_0582.jpg,mink,0
stoat_0441.jpg,stoat,3
pinemarten_0035.jpg,pinemarten,1
pinemarten_0842.jpg,pinemarten,1
pinemarten_0384.jpg,pinemarten,1
stoat_0406.jpg,stoat,3
polecat_0011.jpg,polecat,2
mink_0378.jpg,mink,0
stoat_0005.jpg,stoat,3
polecat_0476.jpg,polecat,2
polecat_0911.jpg,polecat,2
mink_0781.jpg,mink,0
mink_0592.jpg,mink,0
mink_0090.jpg,mink,0
pinemarten_0854.jpg,pinemarten,1
mink_0424.jpg,mink,0
mink_0217.jpg,mink,0
stoat_0335.jpg,stoat,3
pinemarten_0323.jpg,pinemarten,1
weasel_0948.jpg,weasel,4
weasel_0487.jpg,weasel,4
pinemarten_0983.jpg,pinemarten,1
polecat_0810.jpg,polecat,2
stoat_0743.jpg,stoat,3
weasel_0006.jpg,weasel,4
stoat_0596.jpg,stoat,3
polecat_0778.jpg,polecat,2
mink_0387.jpg,mink,0
stoat_0824.jpg,stoat,3
stoat_0925.jpg,stoat,3
weasel_0996.jpg,weasel,4
weasel_0429.jpg,weasel,4
polecat_0304.jpg,polecat,2
mink_0216.jpg,mink,0
weasel_0427.jpg,weasel,4
polecat_0072.jpg,polecat,2
mink_0874.jpg,mink,0
weasel_0670.jpg,weasel,4
mink_0939.jpg,mink,0
weasel_0540.jpg,weasel,4
mink_0665.jpg,mink,0
polecat_0222.jpg,polecat,2
mink_0681.jpg,mink,0
polecat_0369.jpg,polecat,2
pinemarten_0659.jpg,pinemarten,1
stoat_0772.jpg,stoat,3
weasel_0994.jpg,weasel,4
polecat_0248.jpg,polecat,2
polecat_0996.jpg,polecat,2
stoat_0249.jpg,stoat,3
polecat_0816.jpg,polecat,2
mink_0324.jpg,mink,0
polecat_0002.jpg,polecat,2
weasel_0635.jpg,weasel,4
stoat_0399.jpg,stoat,3
polecat_0366.jpg,polecat,2
stoat_0315.jpg,stoat,3
polecat_0211.jpg,polecat,2
pinemarten_0139.jpg,pinemarten,1
mink_0196.jpg,mink,0
polecat_0430.jpg,polecat,2
polecat_0330.jpg,polecat,2
mink_0699.jpg,mink,0
mink_0825.jpg,mink,0
mink_0327.jpg,mink,0
pinemarten_0916.jpg,pinemarten,1
weasel_0835.jpg,weasel,4
polecat_0954.jpg,polecat,2
stoat_0891.jpg,stoat,3
weasel_0407.jpg,weasel,4
weasel_0862.jpg,weasel,4
pinemarten_0245.jpg,pinemarten,1
mink_0559.jpg,mink,0
stoat_0709.jpg,stoat,3
polecat_0658.jpg,polecat,2
mink_0986.jpg,mink,0
mink_0279.jpg,mink,0
pinemarten_0830.jpg,pinemarten,1
stoat_0719.jpg,stoat,3
polecat_0045.jpg,polecat,2
pinemarten_0856.jpg,pinemarten,1
pinemarten_0175.jpg,pinemarten,1
polecat_0329.jpg,polecat,2
stoat_0805.jpg,stoat,3
polecat_0962.jpg,polecat,2
polecat_0994.jpg,polecat,2
stoat_0267.jpg,stoat,3
weasel_0950.jpg,weasel,4
weasel_0843.jpg,weasel,4
weasel_0081.jpg,weasel,4
mink_0664.jpg,mink,0
stoat_0982.jpg,stoat,3
polecat_0989.jpg,polecat,2
weasel_0167.jpg,weasel,4
pinemarten_0049.jpg,pinemarten,1
polecat_0771.jpg,polecat,2
polecat_0146.jpg,polecat,2
polecat_0114.jpg,polecat,2
mink_0670.jpg,mink,0
pinemarten_0531.jpg,pinemarten,1
pinemarten_0191.jpg,pinemarten,1
weasel_0228.jpg,weasel,4
weasel_0518.jpg,weasel,4
weasel_0198.jpg,weasel,4
weasel_0273.jpg,weasel,4
pinemarten_0102.jpg,pinemarten,1
weasel_0260.jpg,weasel,4
mink_0124.jpg,mink,0
polecat_0523.jpg,polecat,2
weasel_0789.jpg,weasel,4
mink_0436.jpg,mink,0
weasel_0873.jpg,weasel,4
polecat_0509.jpg,polecat,2
stoat_0154.jpg,stoat,3
polecat_0315.jpg,polecat,2
mink_0281.jpg,mink,0
polecat_0943.jpg,polecat,2
pinemarten_0997.jpg,pinemarten,1
stoat_0090.jpg,stoat,3
stoat_0261.jpg,stoat,3
pinemarten_0765.jpg,pinemarten,1
mink_0563.jpg,mink,0
pinemarten_0729.jpg,pinemarten,1
mink_0491.jpg,mink,0
polecat_0626.jpg,polecat,2
pinemarten_0779.jpg,pinemarten,1
polecat_0785.jpg,polecat,2
polecat_0909.jpg,polecat,2
pinemarten_0604.jpg,pinemarten,1
mink_0578.jpg,mink,0
mink_0484.jpg,mink,0
polecat_0557.jpg,polecat,2
pinemarten_0902.jpg,pinemarten,1
pinemarten_0289.jpg,pinemarten,1
weasel_0678.jpg,weasel,4
stoat_0931.jpg,stoat,3
pinemarten_0405.jpg,pinemarten,1
mink_0985.jpg,mink,0
stoat_0948.jpg,stoat,3
polecat_0529.jpg,polecat,2
polecat_0839.jpg,polecat,2
pinemarten_0641.jpg,pinemarten,1
stoat_0176.jpg,stoat,3
mink_0257.jpg,mink,0
weasel_0706.jpg,weasel,4
weasel_0764.jpg,weasel,4
pinemarten_0634.jpg,pinemarten,1
weasel_0570.jpg,weasel,4
pinemarten_0502.jpg,pinemarten,1
pinemarten_0626.jpg,pinemarten,1
weasel_0233.jpg,weasel,4
stoat_0085.jpg,stoat,3
pinemarten_0329.jpg,pinemarten,1
pinemarten_0974.jpg,pinemarten,1
stoat_0210.jpg,stoat,3
pinemarten_0421.jpg,pinemarten,1
weasel_0738.jpg,weasel,4
stoat_0893.jpg,stoat,3
stoat_0492.jpg,stoat,3
weasel_0438.jpg,weasel,4
pinemarten_0821.jpg,pinemarten,1
pinemarten_0507.jpg,pinemarten,1
polecat_0193.jpg,polecat,2
mink_0543.jpg,mink,0
mink_0302.jpg,mink,0
weasel_0378.jpg,weasel,4
weasel_0923.jpg,weasel,4
weasel_0575.jpg,weasel,4
polecat_0540.jpg,polecat,2
mink_0388.jpg,mink,0
weasel_0981.jpg,weasel,4
stoat_0062.jpg,stoat,3
stoat_0565.jpg,stoat,3
stoat_0419.jpg,stoat,3
stoat_0562.jpg,stoat,3
stoat_0035.jpg,stoat,3
polecat_0318.jpg,polecat,2
polecat_0764.jpg,polecat,2
stoat_0547.jpg,stoat,3
mink_0513.jpg,mink,0
stoat_0591.jpg,stoat,3
polecat_0396.jpg,polecat,2
weasel_0604.jpg,weasel,4
stoat_0780.jpg,stoat,3
mink_0459.jpg,mink,0
stoat_0990.jpg,stoat,3
pinemarten_0259.jpg,pinemarten,1
stoat_0747.jpg,stoat,3
mink_0024.jpg,mink,0
pinemarten_0690.jpg,pinemarten,1
stoat_0604.jpg,stoat,3
stoat_0863.jpg,stoat,3
pinemarten_0886.jpg,pinemarten,1
pinemarten_0793.jpg,pinemarten,1
mink_0756.jpg,mink,0
stoat_0123.jpg,stoat,3
pinemarten_0577.jpg,pinemarten,1
stoat_0794.jpg,stoat,3
pinemarten_0413.jpg,pinemarten,1
pinemarten_0535.jpg,pinemarten,1
weasel_0417.jpg,weasel,4
polecat_0716.jpg,polecat,2
mink_0113.jpg,mink,0
mink_0722.jpg,mink,0
mink_0108.jpg,mink,0
mink_0512.jpg,mink,0
mink_0924.jpg,mink,0
pinemarten_0032.jpg,pinemarten,1
pinemarten_0589.jpg,pinemarten,1
polecat_0811.jpg,polecat,2
pinemarten_0279.jpg,pinemarten,1
stoat_0676.jpg,stoat,3
weasel_0544.jpg,weasel,4
weasel_0237.jpg,weasel,4
pinemarten_0929.jpg,pinemarten,1
polecat_0347.jpg,polecat,2
weasel_0776.jpg,weasel,4
weasel_0041.jpg,weasel,4
weasel_0263.jpg,weasel,4
pinemarten_0227.jpg,pinemarten,1
polecat_0605.jpg,polecat,2
weasel_0813.jpg,weasel,4
mink_0476.jpg,mink,0
stoat_0293.jpg,stoat,3
polecat_0446.jpg,polecat,2
stoat_0962.jpg,stoat,3
pinemarten_0407.jpg,pinemarten,1
stoat_0797.jpg,stoat,3
weasel_0044.jpg,weasel,4
weasel_0709.jpg,weasel,4
pinemarten_0190.jpg,pinemarten,1
stoat_0284.jpg,stoat,3
pinemarten_0515.jpg,pinemarten,1
pinemarten_0297.jpg,pinemarten,1
stoat_0777.jpg,stoat,3
mink_0088.jpg,mink,0
stoat_0388.jpg,stoat,3
pinemarten_0115.jpg,pinemarten,1
weasel_0418.jpg,weasel,4
polecat_0590.jpg,polecat,2
polecat_0556.jpg,polecat,2
mink_0374.jpg,mink,0
polecat_0177.jpg,polecat,2
polecat_0548.jpg,polecat,2
polecat_0491.jpg,polecat,2
polecat_0153.jpg,polecat,2
weasel_0204.jpg,weasel,4
weasel_0935.jpg,weasel,4
stoat_0066.jpg,stoat,3
pinemarten_0352.jpg,pinemarten,1
stoat_0917.jpg,stoat,3
mink_0929.jpg,mink,0
mink_0241.jpg,mink,0
stoat_0540.jpg,stoat,3
mink_0661.jpg,mink,0
weasel_0927.jpg,weasel,4
stoat_0466.jpg,stoat,3
polecat_0086.jpg,polecat,2
pinemarten_0610.jpg,pinemarten,1
mink_0838.jpg,mink,0
pinemarten_0660.jpg,pinemarten,1
stoat_0046.jpg,stoat,3
pinemarten_0157.jpg,pinemarten,1
polecat_0889.jpg,polecat,2
mink_0749.jpg,mink,0
pinemarten_0688.jpg,pinemarten,1
stoat_0617.jpg,stoat,3
mink_0141.jpg,mink,0
weasel_0387.jpg,weasel,4
pinemarten_0080.jpg,pinemarten,1
stoat_0684.jpg,stoat,3
polecat_0266.jpg,polecat,2
polecat_0565.jpg,polecat,2
weasel_0156.jpg,weasel,4
mink_0461.jpg,mink,0
weasel_0083.jpg,weasel,4
pinemarten_0663.jpg,pinemarten,1
mink_0215.jpg,mink,0
weasel_0491.jpg,weasel,4
stoat_0552.jpg,stoat,3
pinemarten_0624.jpg,pinemarten,1
pinemarten_0637.jpg,pinemarten,1
stoat_0726.jpg,stoat,3
polecat_0374.jpg,polecat,2
mink_0702.jpg,mink,0
mink_0167.jpg,mink,0
weasel_0530.jpg,weasel,4
weasel_0376.jpg,weasel,4
weasel_0217.jpg,weasel,4
mink_0913.jpg,mink,0
stoat_0958.jpg,stoat,3
mink_0361.jpg,mink,0
mink_0902.jpg,mink,0
mink_0522.jpg,mink,0
weasel_0922.jpg,weasel,4
weasel_0826.jpg,weasel,4
mink_0900.jpg,mink,0
polecat_0904.jpg,polecat,2
stoat_0488.jpg,stoat,3
polecat_0923.jpg,polecat,2
mink_0362.jpg,mink,0
polecat_0289.jpg,polecat,2
stoat_0242.jpg,stoat,3
polecat_0653.jpg,polecat,2
pinemarten_0686.jpg,pinemarten,1
polecat_0452.jpg,polecat,2
stoat_0908.jpg,stoat,3
mink_0093.jpg,mink,0
mink_0773.jpg,mink,0
pinemarten_0461.jpg,pinemarten,1
pinemarten_0980.jpg,pinemarten,1
mink_0067.jpg,mink,0
pinemarten_0652.jpg,pinemarten,1
stoat_0779.jpg,stoat,3
weasel_0720.jpg,weasel,4
mink_0152.jpg,mink,0
stoat_0631.jpg,stoat,3
polecat_0671.jpg,polecat,2
polecat_0167.jpg,polecat,2
mink_0035.jpg,mink,0
mink_0471.jpg,mink,0
weasel_0166.jpg,weasel,4
weasel_0470.jpg,weasel,4
polecat_0927.jpg,polecat,2
stoat_0278.jpg,stoat,3
pinemarten_0326.jpg,pinemarten,1
stoat_0468.jpg,stoat,3
weasel_0068.jpg,weasel,4
mink_0323.jpg,mink,0
weasel_0023.jpg,weasel,4
weasel_0949.jpg,weasel,4
stoat_0665.jpg,stoat,3
mink_0956.jpg,mink,0
stoat_0338.jpg,stoat,3
mink_0464.jpg,mink,0
mink_0168.jpg,mink,0
pinemarten_0065.jpg,pinemarten,1
stoat_0683.jpg,stoat,3
pinemarten_0790.jpg,pinemarten,1
pinemarten_0888.jpg,pinemarten,1
polecat_0069.jpg,polecat,2
polecat_0279.jpg,polecat,2
pinemarten_0776.jpg,pinemarten,1
weasel_0739.jpg,weasel,4
polecat_0678.jpg,polecat,2
pinemarten_0770.jpg,pinemarten,1
polecat_0277.jpg,polecat,2
weasel_0254.jpg,weasel,4
polecat_0967.jpg,polecat,2
polecat_0283.jpg,polecat,2
stoat_0704.jpg,stoat,3
polecat_0275.jpg,polecat,2
weasel_0584.jpg,weasel,4
pinemarten_0415.jpg,pinemarten,1
stoat_0645.jpg,stoat,3
pinemarten_0022.jpg,pinemarten,1
mink_0988.jpg,mink,0
weasel_0276.jpg,weasel,4
pinemarten_0822.jpg,pinemarten,1
weasel_0985.jpg,weasel,4
mink_0250.jpg,mink,0
weasel_0650.jpg,weasel,4
stoat_0495.jpg,stoat,3
mink_0527.jpg,mink,0
polecat_0984.jpg,polecat,2
weasel_0430.jpg,weasel,4
polecat_0931.jpg,polecat,2
polecat_0767.jpg,polecat,2
weasel_0512.jpg,weasel,4
mink_0356.jpg,mink,0
mink_0283.jpg,mink,0
stoat_0148.jpg,stoat,3
pinemarten_0865.jpg,pinemarten,1
weasel_0892.jpg,weasel,4
mink_0224.jpg,mink,0
polecat_0462.jpg,polecat,2
weasel_0114.jpg,weasel,4
polecat_0155.jpg,polecat,2
weasel_0652.jpg,weasel,4
polecat_0497.jpg,polecat,2
pinemarten_0862.jpg,pinemarten,1
stoat_0095.jpg,stoat,3
mink_0160.jpg,mink,0
mink_0526.jpg,mink,0
weasel_0944.jpg,weasel,4
mink_0107.jpg,mink,0
polecat_0552.jpg,polecat,2
mink_0907.jpg,mink,0
pinemarten_0493.jpg,pinemarten,1
weasel_0279.jpg,weasel,4
weasel_0141.jpg,weasel,4
pinemarten_0758.jpg,pinemarten,1
stoat_0471.jpg,stoat,3
polecat_0447.jpg,polecat,2
stoat_0714.jpg,stoat,3
pinemarten_0764.jpg,pinemarten,1
pinemarten_0373.jpg,pinemarten,1
stoat_0371.jpg,stoat,3
stoat_0827.jpg,stoat,3
pinemarten_0377.jpg,pinemarten,1
pinemarten_0059.jpg,pinemarten,1
pinemarten_0205.jpg,pinemarten,1
stoat_0626.jpg,stoat,3
mink_0855.jpg,mink,0
weasel_0836.jpg,weasel,4
polecat_0588.jpg,polecat,2
polecat_0862.jpg,polecat,2
pinemarten_0553.jpg,pinemarten,1
polecat_0530.jpg,polecat,2
stoat_0132.jpg,stoat,3
pinemarten_0820.jpg,pinemarten,1
weasel_0932.jpg,weasel,4
pinemarten_0800.jpg,pinemarten,1
pinemarten_0140.jpg,pinemarten,1
pinemarten_0445.jpg,pinemarten,1
mink_0966.jpg,mink,0
weasel_0685.jpg,weasel,4
mink_0730.jpg,mink,0
polecat_0824.jpg,polecat,2
pinemarten_0987.jpg,pinemarten,1
mink_0999.jpg,mink,0
stoat_0112.jpg,stoat,3
polecat_0353.jpg,polecat,2
polecat_0959.jpg,polecat,2
mink_0632.jpg,mink,0
weasel_0901.jpg,weasel,4
pinemarten_0317.jpg,pinemarten,1
mink_0531.jpg,mink,0
stoat_0497.jpg,stoat,3
mink_0366.jpg,mink,0
stoat_0313.jpg,stoat,3
polecat_0020.jpg,polecat,2
polecat_0544.jpg,polecat,2
weasel_0035.jpg,weasel,4
mink_0104.jpg,mink,0
mink_0958.jpg,mink,0
pinemarten_0605.jpg,pinemarten,1
mink_0304.jpg,mink,0
stoat_0310.jpg,stoat,3
stoat_0981.jpg,stoat,3
weasel_0332.jpg,weasel,4
polecat_0337.jpg,polecat,2
pinemarten_0664.jpg,pinemarten,1
pinemarten_0783.jpg,pinemarten,1
mink_0346.jpg,mink,0
weasel_0459.jpg,weasel,4
stoat_0926.jpg,stoat,3
weasel_0909.jpg,weasel,4
pinemarten_0917.jpg,pinemarten,1
pinemarten_0330.jpg,pinemarten,1
weasel_0610.jpg,weasel,4
stoat_0226.jpg,stoat,3
stoat_0685.jpg,stoat,3
stoat_0033.jpg,stoat,3
stoat_0323.jpg,stoat,3
pinemarten_0040.jpg,pinemarten,1
polecat_0119.jpg,polecat,2
stoat_0851.jpg,stoat,3
mink_0047.jpg,mink,0
stoat_0538.jpg,stoat,3
stoat_0029.jpg,stoat,3
pinemarten_0623.jpg,pinemarten,1
stoat_0379.jpg,stoat,3
weasel_0066.jpg,weasel,4
mink_0717.jpg,mink,0
weasel_0262.jpg,weasel,4
mink_0668.jpg,mink,0
mink_0758.jpg,mink,0
pinemarten_0572.jpg,pinemarten,1
stoat_0111.jpg,stoat,3
stoat_0654.jpg,stoat,3
mink_0292.jpg,mink,0
pinemarten_0773.jpg,pinemarten,1
stoat_0916.jpg,stoat,3
stoat_0834.jpg,stoat,3
stoat_0980.jpg,stoat,3
stoat_0619.jpg,stoat,3
mink_0427.jpg,mink,0
polecat_0673.jpg,polecat,2
pinemarten_0857.jpg,pinemarten,1
mink_0826.jpg,mink,0
weasel_0881.jpg,weasel,4
polecat_0132.jpg,polecat,2
polecat_0385.jpg,polecat,2
pinemarten_0089.jpg,pinemarten,1
polecat_0296.jpg,polecat,2
pinemarten_0469.jpg,pinemarten,1
polecat_0454.jpg,polecat,2
pinemarten_0914.jpg,pinemarten,1
stoat_0613.jpg,stoat,3
pinemarten_0666.jpg,pinemarten,1
pinemarten_0234.jpg,pinemarten,1
stoat_0796.jpg,stoat,3
pinemarten_0512.jpg,pinemarten,1
weasel_0603.jpg,weasel,4
weasel_0195.jpg,weasel,4
pinemarten_0922.jpg,pinemarten,1
polecat_0995.jpg,polecat,2
weasel_0428.jpg,weasel,4
polecat_0600.jpg,polecat,2
weasel_0306.jpg,weasel,4
weasel_0759.jpg,weasel,4
weasel_0545.jpg,weasel,4
mink_0406.jpg,mink,0
stoat_0434.jpg,stoat,3
pinemarten_0552.jpg,pinemarten,1
pinemarten_0475.jpg,pinemarten,1
weasel_0624.jpg,weasel,4
weasel_0253.jpg,weasel,4
pinemarten_0039.jpg,pinemarten,1
mink_0290.jpg,mink,0
polecat_0268.jpg,polecat,2
mink_0174.jpg,mink,0
weasel_0509.jpg,weasel,4
polecat_0013.jpg,polecat,2
mink_0076.jpg,mink,0
pinemarten_0142.jpg,pinemarten,1
pinemarten_0121.jpg,pinemarten,1
stoat_0767.jpg,stoat,3
weasel_0208.jpg,weasel,4
pinemarten_0394.jpg,pinemarten,1
stoat_0158.jpg,stoat,3
polecat_0445.jpg,polecat,2
pinemarten_0422.jpg,pinemarten,1
weasel_0265.jpg,weasel,4
polecat_0493.jpg,polecat,2
pinemarten_0024.jpg,pinemarten,1
polecat_0883.jpg,polecat,2
pinemarten_0808.jpg,pinemarten,1
mink_0264.jpg,mink,0
weasel_0598.jpg,weasel,4
mink_0277.jpg,mink,0
mink_0043.jpg,mink,0
pinemarten_0633.jpg,pinemarten,1
mink_0813.jpg,mink,0
mink_0381.jpg,mink,0
pinemarten_0632.jpg,pinemarten,1
weasel_0748.jpg,weasel,4
mink_0897.jpg,mink,0
polecat_0979.jpg,polecat,2
mink_0747.jpg,mink,0
stoat_0228.jpg,stoat,3
stoat_0431.jpg,stoat,3
weasel_0941.jpg,weasel,4
polecat_0719.jpg,polecat,2
stoat_0996.jpg,stoat,3
stoat_0182.jpg,stoat,3
mink_0335.jpg,mink,0
pinemarten_0601.jpg,pinemarten,1
stoat_0937.jpg,stoat,3
weasel_0492.jpg,weasel,4
polecat_0365.jpg,polecat,2
pinemarten_0564.jpg,pinemarten,1
pinemarten_0009.jpg,pinemarten,1
weasel_0614.jpg,weasel,4
polecat_0508.jpg,polecat,2
weasel_0360.jpg,weasel,4
stoat_0971.jpg,stoat,3
pinemarten_0277.jpg,pinemarten,1
weasel_0056.jpg,weasel,4
stoat_0007.jpg,stoat,3
weasel_0539.jpg,weasel,4
pinemarten_0930.jpg,pinemarten,1
polecat_0028.jpg,polecat,2
polecat_0500.jpg,polecat,2
pinemarten_0388.jpg,pinemarten,1
pinemarten_0151.jpg,pinemarten,1
polecat_0871.jpg,polecat,2
stoat_0127.jpg,stoat,3
pinemarten_0653.jpg,pinemarten,1
stoat_0999.jpg,stoat,3
pinemarten_0098.jpg,pinemarten,1
polecat_0905.jpg,polecat,2
stoat_0272.jpg,stoat,3
polecat_0398.jpg,polecat,2
polecat_0773.jpg,polecat,2
mink_0908.jpg,mink,0
stoat_0522.jpg,stoat,3
polecat_0272.jpg,polecat,2
stoat_0041.jpg,stoat,3
stoat_0048.jpg,stoat,3
mink_0854.jpg,mink,0
stoat_0317.jpg,stoat,3
weasel_0268.jpg,weasel,4
stoat_0526.jpg,stoat,3
weasel_0315.jpg,weasel,4
pinemarten_0679.jpg,pinemarten,1
mink_0642.jpg,mink,0
stoat_0811.jpg,stoat,3
pinemarten_0200.jpg,pinemarten,1
stoat_0396.jpg,stoat,3
weasel_0870.jpg,weasel,4
pinemarten_0804.jpg,pinemarten,1
polecat_0415.jpg,polecat,2
stoat_0440.jpg,stoat,3
stoat_0680.jpg,stoat,3
polecat_0123.jpg,polecat,2
pinemarten_0002.jpg,pinemarten,1
stoat_0574.jpg,stoat,3
weasel_0742.jpg,weasel,4
weasel_0462.jpg,weasel,4
weasel_0497.jpg,weasel,4
polecat_0116.jpg,polecat,2
mink_0575.jpg,mink,0
weasel_0568.jpg,weasel,4
weasel_0366.jpg,weasel,4
pinemarten_0487.jpg,pinemarten,1
weasel_0576.jpg,weasel,4
pinemarten_0053.jpg,pinemarten,1
weasel_0048.jpg,weasel,4
mink_0429.jpg,mink,0
weasel_0671.jpg,weasel,4
stoat_0073.jpg,stoat,3
pinemarten_0789.jpg,pinemarten,1
weasel_0991.jpg,weasel,4
polecat_0246.jpg,polecat,2
pinemarten_0252.jpg,pinemarten,1
mink_0933.jpg,mink,0
pinemarten_0215.jpg,pinemarten,1
weasel_0897.jpg,weasel,4
mink_0755.jpg,mink,0
stoat_0174.jpg,stoat,3
pinemarten_0884.jpg,pinemarten,1
weasel_0410.jpg,weasel,4
mink_0857.jpg,mink,0
polecat_0089.jpg,polecat,2
mink_0383.jpg,mink,0
weasel_0135.jpg,weasel,4
mink_0494.jpg,mink,0
polecat_0487.jpg,polecat,2
polecat_0073.jpg,polecat,2
pinemarten_0646.jpg,pinemarten,1
stoat_0219.jpg,stoat,3
weasel_0977.jpg,weasel,4
polecat_0189.jpg,polecat,2
pinemarten_0778.jpg,pinemarten,1
mink_0309.jpg,mink,0
stoat_0556.jpg,stoat,3
polecat_0465.jpg,polecat,2
mink_0252.jpg,mink,0
stoat_0380.jpg,stoat,3
stoat_0361.jpg,stoat,3
mink_0740.jpg,mink,0
stoat_0164.jpg,stoat,3
stoat_0356.jpg,stoat,3
weasel_0013.jpg,weasel,4
mink_0478.jpg,mink,0
stoat_0710.jpg,stoat,3
weasel_0369.jpg,weasel,4
mink_0660.jpg,mink,0
weasel_0246.jpg,weasel,4
polecat_0912.jpg,polecat,2
stoat_0089.jpg,stoat,3
mink_0415.jpg,mink,0
mink_0818.jpg,mink,0
polecat_0537.jpg,polecat,2
polecat_0435.jpg,polecat,2
pinemarten_0211.jpg,pinemarten,1
weasel_0122.jpg,weasel,4
mink_0557.jpg,mink,0
pinemarten_0007.jpg,pinemarten,1
mink_0647.jpg,mink,0
polecat_0974.jpg,polecat,2
pinemarten_0511.jpg,pinemarten,1
pinemarten_0106.jpg,pinemarten,1
stoat_0297.jpg,stoat,3
mink_0815.jpg,mink,0
polecat_0034.jpg,polecat,2
mink_0135.jpg,mink,0
stoat_0876.jpg,stoat,3
weasel_0445.jpg,weasel,4
pinemarten_0251.jpg,pinemarten,1
pinemarten_0781.jpg,pinemarten,1
polecat_0401.jpg,polecat,2
polecat_0303.jpg,polecat,2
polecat_0195.jpg,polecat,2
mink_0334.jpg,mink,0
polecat_0533.jpg,polecat,2
stoat_0188.jpg,stoat,3
stoat_0853.jpg,stoat,3
stoat_0449.jpg,stoat,3
stoat_0946.jpg,stoat,3
mink_0967.jpg,mink,0
mink_0587.jpg,mink,0
stoat_0279.jpg,stoat,3
stoat_0433.jpg,stoat,3
pinemarten_0579.jpg,pinemarten,1
polecat_0902.jpg,polecat,2
weasel_0902.jpg,weasel,4
pinemarten_0871.jpg,pinemarten,1
polecat_0164.jpg,polecat,2
mink_0947.jpg,mink,0
mink_0849.jpg,mink,0
polecat_0346.jpg,polecat,2
pinemarten_0045.jpg,pinemarten,1
weasel_0346.jpg,weasel,4
stoat_0008.jpg,stoat,3
weasel_0990.jpg,weasel,4
polecat_0166.jpg,polecat,2
stoat_0521.jpg,stoat,3
pinemarten_0378.jpg,pinemarten,1
pinemarten_0883.jpg,pinemarten,1
polecat_0051.jpg,polecat,2
weasel_0042.jpg,weasel,4
mink_0403.jpg,mink,0
polecat_0216.jpg,polecat,2
mink_0075.jpg,mink,0
polecat_0144.jpg,polecat,2
polecat_0436.jpg,polecat,2
pinemarten_0129.jpg,pinemarten,1
polecat_0308.jpg,polecat,2
pinemarten_0281.jpg,pinemarten,1
pinemarten_0125.jpg,pinemarten,1
pinemarten_0257.jpg,pinemarten,1
polecat_0774.jpg,polecat,2
pinemarten_0734.jpg,pinemarten,1
stoat_0648.jpg,stoat,3
polecat_0084.jpg,polecat,2
stoat_0555.jpg,stoat,3
stoat_0995.jpg,stoat,3
polecat_0594.jpg,polecat,2
polecat_0652.jpg,polecat,2
mink_0610.jpg,mink,0
polecat_0772.jpg,polecat,2
weasel_0841.jpg,weasel,4
stoat_0812.jpg,stoat,3
stoat_0993.jpg,stoat,3
mink_0727.jpg,mink,0
mink_0204.jpg,mink,0
stoat_0094.jpg,stoat,3
pinemarten_0504.jpg,pinemarten,1
stoat_0171.jpg,stoat,3
pinemarten_0230.jpg,pinemarten,1
stoat_0867.jpg,stoat,3
weasel_0169.jpg,weasel,4
mink_0798.jpg,mink,0
polecat_0920.jpg,polecat,2
polecat_0340.jpg,polecat,2
pinemarten_0926.jpg,pinemarten,1
pinemarten_0687.jpg,pinemarten,1
stoat_0964.jpg,stoat,3
weasel_0895.jpg,weasel,4
weasel_0043.jpg,weasel,4
mink_0839.jpg,mink,0
stoat_0874.jpg,stoat,3
stoat_0506.jpg,stoat,3
stoat_0892.jpg,stoat,3
weasel_0242.jpg,weasel,4
mink_0033.jpg,mink,0
pinemarten_0433.jpg,pinemarten,1
stoat_0065.jpg,stoat,3
polecat_0910.jpg,polecat,2
pinemarten_0419.jpg,pinemarten,1
weasel_0423.jpg,weasel,4
pinemarten_0670.jpg,pinemarten,1
pinemarten_0311.jpg,pinemarten,1
pinemarten_0727.jpg,pinemarten,1
weasel_0213.jpg,weasel,4
mink_0348.jpg,mink,0
mink_0060.jpg,mink,0
pinemarten_0193.jpg,pinemarten,1
weasel_0910.jpg,weasel,4
mink_0209.jpg,mink,0
mink_0101.jpg,mink,0
polecat_0571.jpg,polecat,2
polecat_0924.jpg,polecat,2
polecat_0737.jpg,polecat,2
pinemarten_0083.jpg,pinemarten,1
pinemarten_0880.jpg,pinemarten,1
weasel_0962.jpg,weasel,4
pinemarten_0295.jpg,pinemarten,1
stoat_0124.jpg,stoat,3
weasel_0772.jpg,weasel,4
stoat_0737.jpg,stoat,3
weasel_0890.jpg,weasel,4
pinemarten_0177.jpg,pinemarten,1
pinemarten_0682.jpg,pinemarten,1
polecat_0049.jpg,polecat,2
stoat_0735.jpg,stoat,3
polecat_0636.jpg,polecat,2
weasel_0319.jpg,weasel,4
polecat_0076.jpg,polecat,2
polecat_0940.jpg,polecat,2
weasel_0745.jpg,weasel,4
pinemarten_0096.jpg,pinemarten,1
pinemarten_0913.jpg,pinemarten,1
mink_0340.jpg,mink,0
polecat_0142.jpg,polecat,2
stoat_0537.jpg,stoat,3
weasel_0529.jpg,weasel,4
polecat_0138.jpg,polecat,2
weasel_0347.jpg,weasel,4
polecat_0993.jpg,polecat,2
mink_0770.jpg,mink,0
weasel_0261.jpg,weasel,4
mink_0467.jpg,mink,0
weasel_0830.jpg,weasel,4
stoat_0764.jpg,stoat,3
weasel_0127.jpg,weasel,4
weasel_0108.jpg,weasel,4
polecat_0641.jpg,polecat,2
stoat_0175.jpg,stoat,3
mink_0996.jpg,mink,0
polecat_0316.jpg,polecat,2
pinemarten_0410.jpg,pinemarten,1
weasel_0659.jpg,weasel,4
weasel_0465.jpg,weasel,4
stoat_0283.jpg,stoat,3
polecat_0239.jpg,polecat,2
mink_0552.jpg,mink,0
pinemarten_0165.jpg,pinemarten,1
mink_0760.jpg,mink,0
weasel_0569.jpg,weasel,4
stoat_0289.jpg,stoat,3
weasel_0123.jpg,weasel,4
mink_0153.jpg,mink,0
mink_0535.jpg,mink,0
pinemarten_0958.jpg,pinemarten,1
stoat_0759.jpg,stoat,3
pinemarten_0786.jpg,pinemarten,1
pinemarten_0369.jpg,pinemarten,1
pinemarten_0290.jpg,pinemarten,1
mink_0519.jpg,mink,0
mink_0871.jpg,mink,0
polecat_0568.jpg,polecat,2
mink_0230.jpg,mink,0
polecat_0062.jpg,polecat,2
polecat_0929.jpg,polecat,2
mink_0435.jpg,mink,0
weasel_0812.jpg,weasel,4
mink_0021.jpg,mink,0
polecat_0762.jpg,polecat,2
polecat_0624.jpg,polecat,2
weasel_0140.jpg,weasel,4
weasel_0899.jpg,weasel,4
stoat_0846.jpg,stoat,3
stoat_0769.jpg,stoat,3
mink_0460.jpg,mink,0
mink_0229.jpg,mink,0
stoat_0273.jpg,stoat,3
pinemarten_0750.jpg,pinemarten,1
stoat_0231.jpg,stoat,3
weasel_0444.jpg,weasel,4
mink_0449.jpg,mink,0
weasel_0392.jpg,weasel,4
mink_0548.jpg,mink,0
polecat_0190.jpg,polecat,2
stoat_0972.jpg,stoat,3
stoat_0266.jpg,stoat,3
pinemarten_0467.jpg,pinemarten,1
polecat_0885.jpg,polecat,2
stoat_0509.jpg,stoat,3
pinemarten_0218.jpg,pinemarten,1
mink_0867.jpg,mink,0
polecat_0267.jpg,polecat,2
pinemarten_0754.jpg,pinemarten,1
weasel_0451.jpg,weasel,4
stoat_0584.jpg,stoat,3
stoat_0128.jpg,stoat,3
weasel_0403.jpg,weasel,4
weasel_0371.jpg,weasel,4
weasel_0446.jpg,weasel,4
polecat_0362.jpg,polecat,2
pinemarten_0798.jpg,pinemarten,1
weasel_0151.jpg,weasel,4
stoat_0491.jpg,stoat,3
polecat_0987.jpg,polecat,2
stoat_0250.jpg,stoat,3
weasel_0732.jpg,weasel,4
pinemarten_0650.jpg,pinemarten,1
stoat_0435.jpg,stoat,3
pinemarten_0412.jpg,pinemarten,1
weasel_0533.jpg,weasel,4
stoat_0691.jpg,stoat,3
stoat_0989.jpg,stoat,3
weasel_0255.jpg,weasel,4
polecat_0485.jpg,polecat,2
mink_0508.jpg,mink,0
pinemarten_0940.jpg,pinemarten,1
polecat_0742.jpg,polecat,2
polecat_0576.jpg,polecat,2
mink_0864.jpg,mink,0
stoat_0932.jpg,stoat,3
pinemarten_0747.jpg,pinemarten,1
pinemarten_0112.jpg,pinemarten,1
weasel_0486.jpg,weasel,4
polecat_0311.jpg,polecat,2
weasel_0448.jpg,weasel,4
pinemarten_0581.jpg,pinemarten,1
polecat_0825.jpg,polecat,2
pinemarten_0448.jpg,pinemarten,1
pinemarten_0667.jpg,pinemarten,1
pinemarten_0970.jpg,pinemarten,1
pinemarten_0479.jpg,pinemarten,1
stoat_0034.jpg,stoat,3
pinemarten_0975.jpg,pinemarten,1
stoat_0056.jpg,stoat,3
polecat_0416.jpg,polecat,2
pinemarten_0315.jpg,pinemarten,1
pinemarten_0273.jpg,pinemarten,1
pinemarten_0815.jpg,pinemarten,1
stoat_0510.jpg,stoat,3
mink_0859.jpg,mink,0
polecat_0321.jpg,polecat,2
mink_0516.jpg,mink,0
weasel_0952.jpg,weasel,4
pinemarten_0583.jpg,pinemarten,1
stoat_0887.jpg,stoat,3
mink_0296.jpg,mink,0
pinemarten_0301.jpg,pinemarten,1
stoat_0444.jpg,stoat,3
stoat_0270.jpg,stoat,3
weasel_0501.jpg,weasel,4
weasel_0669.jpg,weasel,4
polecat_0328.jpg,polecat,2
stoat_0413.jpg,stoat,3
polecat_0058.jpg,polecat,2
weasel_0601.jpg,weasel,4
weasel_0368.jpg,weasel,4
weasel_0329.jpg,weasel,4
weasel_0458.jpg,weasel,4
stoat_0025.jpg,stoat,3
pinemarten_0305.jpg,pinemarten,1
pinemarten_0818.jpg,pinemarten,1
polecat_0050.jpg,polecat,2
stoat_0792.jpg,stoat,3
mink_0891.jpg,mink,0
pinemarten_0721.jpg,pinemarten,1
mink_0159.jpg,mink,0
weasel_0839.jpg,weasel,4
weasel_0384.jpg,weasel,4
stoat_0754.jpg,stoat,3
polecat_0723.jpg,polecat,2
weasel_0028.jpg,weasel,4
mink_0514.jpg,mink,0
pinemarten_0163.jpg,pinemarten,1
pinemarten_0979.jpg,pinemarten,1
mink_0116.jpg,mink,0
mink_0380.jpg,mink,0
pinemarten_0766.jpg,pinemarten,1
stoat_0426.jpg,stoat,3
mink_0177.jpg,mink,0
